age,workclass,education_num,marital_status,occupation,relationship,race,sex,capital_gain,capital_loss,hours_per_week,income
39,6,13,4,0,1,4,1,2174,0,40,
50,5,13,2,3,0,4,1,0,0,13,
38,3,9,0,5,1,4,1,0,0,40,
53,3,7,2,5,0,2,1,0,0,40,
28,3,13,2,9,5,2,0,0,0,40,
37,3,14,2,3,5,4,0,0,0,40,
49,3,5,3,7,1,2,0,0,0,16,
52,5,9,2,3,0,4,1,0,0,45,
31,3,14,4,9,1,4,0,14084,0,50,
42,3,13,2,3,0,4,1,5178,0,40,
37,3,10,2,3,0,2,1,0,0,80,
30,6,13,2,9,0,1,1,0,0,40,
23,3,13,4,0,3,4,0,0,0,30,
32,3,12,4,11,1,2,1,0,0,50,
40,3,11,2,2,0,1,1,0,0,40,
34,3,4,2,13,0,0,1,0,0,45,
25,5,9,4,4,3,4,1,0,0,35,
32,3,9,4,6,4,4,1,0,0,40,
38,3,7,2,11,0,4,1,0,0,50,
43,5,14,0,3,4,4,0,0,0,45,
40,3,16,2,9,0,4,1,0,0,60,
54,3,9,5,7,4,2,0,0,0,20,
35,0,5,2,4,0,2,1,0,0,40,
43,3,7,2,13,0,4,1,0,2042,40,
59,3,9,0,12,4,4,0,0,0,40,
56,1,13,2,12,0,4,1,0,0,40,
19,3,9,4,2,3,4,1,0,0,40,
54,8,10,2,14,0,1,1,0,0,60,
39,3,9,0,3,1,4,1,0,0,80,
49,3,9,2,2,0,4,1,0,0,40,
23,1,12,4,10,1,4,1,0,0,52,
20,3,10,4,11,3,2,1,0,0,44,
45,3,13,0,3,3,4,1,0,1408,40,
30,0,10,2,0,3,4,1,0,0,40,
22,6,10,2,7,0,2,1,0,0,15,
48,3,7,4,6,4,4,1,0,0,40,
21,3,10,4,6,3,4,1,0,0,40,
19,3,9,1,0,5,4,0,0,0,25,
31,3,10,2,11,0,4,1,0,0,38,
48,5,12,2,9,0,4,1,0,0,40,
31,3,5,2,6,0,4,1,0,0,43,
53,5,13,2,9,0,4,1,0,0,40,
24,3,13,2,12,0,4,1,0,0,50,
49,3,9,5,0,4,4,0,0,0,40,
25,3,9,4,5,1,4,1,0,0,35,
57,0,13,2,9,0,2,1,0,0,40,
53,3,9,2,6,0,4,1,0,0,38,
44,3,14,0,3,4,4,0,0,0,40,
41,6,11,2,2,0,4,1,0,0,40,
29,3,11,4,9,1,4,1,0,0,43,
25,3,10,2,3,5,3,0,0,0,40,
18,3,9,4,7,3,4,0,0,0,30,
47,3,15,2,9,5,4,0,0,1902,60,
50,0,13,0,3,1,4,1,0,0,55,
47,4,9,0,3,1,4,1,0,0,60,
43,3,10,2,12,0,4,1,0,0,40,
46,3,3,2,6,0,4,1,0,0,40,
35,3,11,2,7,0,4,1,0,0,40,
41,3,9,2,0,0,4,1,0,0,48,
30,3,9,2,6,0,4,1,5013,0,40,
30,3,13,2,11,0,4,1,2407,0,40,
32,8,4,3,14,1,4,1,0,0,40,
48,3,9,2,13,0,4,1,0,0,40,
42,3,16,2,9,0,4,1,0,0,45,
29,3,10,0,12,1,4,1,0,0,58,
36,3,9,2,2,0,4,1,0,0,40,
28,3,10,0,0,1,4,0,0,0,40,
53,3,9,2,0,5,4,0,0,0,40,
49,4,10,2,3,0,4,1,0,0,50,
25,8,10,4,14,3,4,1,0,0,40,
19,3,10,4,9,3,4,1,0,0,32,
31,3,13,5,11,3,2,0,0,0,40,
29,5,13,2,11,0,4,1,0,0,70,
23,3,10,4,6,1,4,1,0,0,40,
79,3,10,2,9,2,4,1,0,0,20,
27,3,9,4,7,3,4,1,0,0,40,
40,3,12,2,0,0,4,1,0,0,40,
67,8,6,2,14,0,4,1,0,0,2,
18,3,7,4,7,3,4,0,0,0,22,
31,1,4,2,4,0,4,1,0,0,40,
18,3,9,4,11,1,4,1,0,0,30,
52,3,13,2,7,0,4,1,0,0,40,
46,3,9,2,7,5,4,0,0,0,40,
59,3,9,2,11,0,4,1,0,0,48,
44,3,9,0,2,1,4,0,14344,0,40,
53,3,9,0,11,3,4,0,0,0,35,
49,1,9,2,10,0,4,1,0,0,40,
33,3,14,2,9,0,4,1,0,0,50,
30,3,5,4,11,1,4,1,0,0,40,
43,0,16,4,9,1,4,0,0,0,50,
57,3,11,2,9,0,4,1,0,0,40,
37,3,10,0,2,4,4,0,0,0,40,
28,3,10,0,6,4,2,0,0,0,25,
30,3,9,2,11,5,1,0,0,1573,35,
34,1,13,2,10,0,4,1,0,0,40,
29,1,10,4,5,1,4,1,0,0,50,
48,5,16,2,9,0,4,1,0,1902,60,
37,3,10,2,11,0,4,1,0,0,48,
48,3,12,0,3,4,4,0,0,0,40,
32,0,9,4,7,3,2,1,0,0,40,
76,3,14,2,3,0,4,1,0,0,40,
44,3,13,2,3,0,4,1,15024,0,60,
47,5,14,4,9,1,4,0,0,0,50,
20,3,10,4,12,3,4,0,0,0,40,
29,3,9,4,2,1,4,1,0,0,40,
32,4,9,2,2,0,4,1,7688,0,40,
17,8,6,4,14,3,4,0,34095,0,32,
30,3,7,4,5,3,4,1,0,0,40,
31,1,9,4,0,1,4,0,0,0,40,
42,3,9,2,5,0,4,1,0,0,40,
24,3,13,4,11,2,4,1,0,0,40,
38,3,15,2,9,0,4,1,0,0,40,
56,5,9,2,7,0,4,1,0,1887,50,
28,3,10,2,11,5,4,0,4064,0,25,
36,3,9,4,6,3,4,0,0,0,40,
53,3,5,2,5,0,4,1,0,0,50,
56,4,10,2,11,0,4,1,0,0,50,
49,1,11,2,2,0,2,1,0,0,40,
55,3,10,2,11,0,4,1,0,0,56,
22,3,9,4,2,1,4,1,0,0,41,
21,3,10,4,7,3,4,0,0,0,40,
40,3,13,2,3,0,4,1,0,0,60,
30,3,13,4,3,3,2,1,0,0,40,
29,6,13,2,9,0,4,1,0,0,50,
19,3,10,4,7,3,2,1,0,0,35,
47,3,13,2,3,5,4,0,0,0,40,
20,3,10,4,0,3,4,0,0,1719,28,
31,3,12,2,0,0,4,1,0,0,40,
35,8,9,2,14,0,4,1,0,0,40,
39,3,10,0,2,1,4,1,0,0,40,
28,3,12,4,11,1,4,0,0,0,60,
24,3,9,4,7,1,4,0,0,1762,40,
38,5,9,2,2,0,4,1,4386,0,35,
37,3,13,2,11,0,4,1,0,0,50,
46,3,12,0,12,1,2,0,0,0,36,
38,0,14,2,9,0,4,1,0,0,40,
43,5,9,2,2,0,4,1,0,0,60,
27,3,11,2,0,5,4,0,0,0,35,
20,3,10,4,11,3,4,1,0,0,20,
49,3,10,2,2,0,1,1,0,0,40,
61,4,9,2,2,0,4,1,0,0,40,
27,3,10,4,11,3,4,0,0,0,40,
19,3,10,4,7,3,4,1,0,0,30,
45,3,11,4,9,1,4,0,0,1564,40,
70,3,10,4,12,2,4,1,0,0,40,
31,3,9,4,13,4,2,0,0,0,30,
22,3,10,2,7,0,4,1,0,0,24,
36,3,9,6,7,4,4,0,0,0,24,
64,3,7,2,2,0,4,1,0,2179,40,
43,8,10,0,14,1,4,0,0,0,40,
47,1,10,0,0,4,4,0,0,0,38,
34,3,9,4,0,1,4,0,0,0,40,
33,3,13,4,3,2,1,0,0,0,40,
21,3,9,4,2,3,4,1,0,0,35,
52,8,9,0,14,1,4,1,0,0,45,
48,3,9,2,2,0,4,1,0,0,46,
23,3,13,4,5,1,4,1,0,0,40,
71,5,10,5,11,4,2,1,0,1816,2,
29,3,9,0,2,1,4,1,0,0,60,
42,3,13,5,7,2,2,1,0,0,50,
68,8,2,0,14,1,4,0,0,0,20,
25,3,9,4,7,4,4,0,0,0,40,
44,4,14,0,3,4,1,0,0,0,40,
28,3,9,4,3,1,1,0,0,0,40,
45,5,14,2,11,0,4,1,0,0,40,
36,3,10,0,7,4,4,0,0,0,40,
39,0,12,4,3,1,4,1,0,0,42,
46,6,14,6,10,4,4,1,0,0,40,
18,3,7,4,5,3,4,1,0,0,16,
66,1,11,6,9,1,4,0,0,0,20,
27,3,9,4,7,1,4,1,0,1980,40,
28,6,9,2,10,0,4,1,0,0,40,
51,3,10,2,11,0,4,1,0,1977,40,
27,3,13,4,2,1,4,1,0,0,50,
28,6,13,2,9,0,4,1,0,0,40,
27,3,9,3,11,4,4,0,0,0,25,
21,3,9,4,2,3,2,1,0,0,40,
34,3,9,4,5,1,2,1,0,0,40,
18,3,9,4,7,3,4,1,0,0,12,
33,3,13,2,9,0,4,1,0,0,65,
44,1,10,2,3,0,2,1,0,0,38,
43,3,10,0,0,1,4,0,0,0,40,
30,3,10,4,2,1,2,1,0,0,45,
40,3,4,2,6,0,4,1,0,0,40,
37,0,10,2,0,0,4,1,0,0,42,
34,3,9,2,0,0,2,1,0,0,40,
41,5,13,0,3,1,4,0,0,0,40,
53,8,13,0,14,1,4,0,0,0,50,
31,3,14,2,9,5,4,0,0,0,50,
58,6,16,2,9,0,4,1,0,0,1,
38,3,10,0,6,1,2,0,0,0,28,
24,3,10,2,6,0,4,1,0,0,40,
41,1,13,2,2,0,2,1,0,0,40,
47,3,10,2,12,0,4,1,0,0,45,
41,0,13,2,12,0,4,1,0,0,24,
23,3,3,2,13,2,4,1,0,0,40,
36,3,10,0,2,1,4,1,0,0,40,
40,0,14,4,3,1,4,0,14084,0,55,
35,3,14,2,9,2,4,1,7298,0,40,
24,5,9,4,11,1,4,1,0,0,40,
26,3,14,4,9,1,4,0,0,1876,40,
19,8,9,4,14,3,4,1,0,0,40,
51,3,13,2,3,0,4,1,0,0,50,
42,1,10,4,9,1,4,0,0,1340,40,
37,6,9,0,0,4,4,0,0,0,35,
18,3,7,4,11,3,4,0,0,0,40,
36,3,13,2,7,0,2,1,7298,0,36,
35,3,9,0,2,1,4,1,0,0,60,
58,4,9,2,11,5,4,0,15024,0,35,
17,3,7,4,11,3,4,0,0,0,12,
44,1,9,2,13,0,2,1,0,0,40,
37,3,9,2,2,0,4,1,0,0,40,
35,3,10,4,11,1,0,0,0,0,40,
60,3,9,2,2,0,1,1,0,0,40,
54,4,4,2,6,0,4,1,0,0,40,
37,3,13,4,3,1,2,1,0,0,60,
50,3,12,0,11,1,4,0,0,0,40,
38,3,13,2,11,0,4,1,0,0,50,
45,3,13,2,9,0,4,1,0,0,55,
25,3,6,4,2,1,4,1,0,0,40,
31,3,10,2,5,0,4,1,0,0,40,
64,8,2,0,14,1,4,1,0,0,40,
90,3,9,4,7,1,2,1,0,2206,40,
54,3,9,2,0,0,2,1,0,0,20,
53,1,1,4,6,1,4,0,0,0,35,
18,3,9,4,11,3,4,0,0,0,40,
60,8,6,0,14,1,0,0,0,0,10,
66,5,9,2,4,0,4,1,1409,0,50,
75,3,11,6,0,1,4,0,0,0,20,
65,3,9,0,0,1,4,0,0,0,40,
35,3,7,5,13,1,2,1,3674,0,40,
41,3,9,0,11,4,2,0,0,0,38,
25,3,10,4,0,1,4,1,0,0,42,
33,3,10,0,2,2,3,0,0,0,40,
28,3,15,4,9,1,4,1,0,0,55,
59,6,9,2,7,0,4,1,0,0,40,
40,6,10,4,0,1,4,0,0,0,38,
41,3,13,2,3,0,4,1,0,0,50,
38,1,14,2,3,0,4,1,0,0,70,
23,3,9,4,13,3,4,1,0,0,40,
40,3,13,2,9,0,4,1,0,0,40,
41,5,9,2,7,5,4,0,0,0,20,
24,6,12,2,10,0,4,1,0,0,50,
20,8,10,4,14,3,4,1,0,0,20,
38,3,10,0,2,1,4,1,0,1741,40,
56,3,9,2,0,0,4,1,0,0,35,
58,3,9,2,0,0,4,1,0,0,45,
32,3,9,4,7,1,4,0,0,0,34,
40,3,12,2,12,0,4,1,0,1977,60,
45,3,9,2,0,0,4,1,0,0,40,
41,3,15,2,9,5,4,0,0,0,40,
42,3,13,2,0,5,2,0,0,0,40,
59,1,6,6,7,4,2,0,0,0,30,
19,1,10,4,0,3,4,1,0,0,40,
58,3,10,4,13,1,4,1,0,0,20,
42,5,9,2,4,0,1,1,0,0,40,
20,3,9,4,7,3,4,0,0,0,40,
32,3,9,5,7,1,4,0,0,0,30,
45,3,11,6,3,1,4,0,0,0,45,
50,3,4,0,2,1,4,1,0,0,40,
36,3,13,0,9,3,4,0,0,0,40,
45,3,9,2,11,0,4,1,0,0,60,
17,3,7,4,7,3,4,1,0,0,12,
59,3,10,2,11,0,4,1,4064,0,40,
26,3,7,2,2,0,4,1,0,0,40,
37,4,10,2,3,0,1,1,0,0,75,
19,8,10,4,14,3,4,1,0,0,24,
64,3,9,2,3,0,4,1,0,0,40,
33,3,13,4,9,1,4,0,0,0,45,
33,3,9,2,2,5,4,0,0,0,40,
61,3,9,2,3,0,4,1,0,0,40,
17,3,5,4,7,3,4,1,1055,0,24,
50,5,14,2,4,0,4,1,2407,0,98,
27,1,14,4,9,3,4,1,0,0,35,
30,3,9,0,9,3,4,0,0,0,40,
43,3,9,2,5,0,2,1,0,0,40,
44,3,10,2,2,0,4,1,7298,0,40,
35,3,10,4,3,1,4,0,0,0,40,
25,3,10,4,12,3,4,0,0,0,40,
24,3,10,2,6,5,4,0,7298,0,48,
22,3,13,4,9,1,4,0,0,0,15,
42,1,10,2,2,0,4,1,5178,0,40,
34,3,12,0,11,4,2,0,0,0,45,
60,3,13,0,9,1,4,0,0,0,42,
21,3,9,4,5,3,4,1,0,0,40,
57,0,14,2,11,0,4,1,15024,0,40,
41,3,15,2,9,0,4,1,0,0,60,
50,3,10,0,7,1,4,1,0,0,45,
25,3,13,4,3,1,4,0,0,0,40,
50,3,4,2,2,0,4,1,0,0,40,
36,3,13,2,9,0,4,1,0,0,45,
31,3,9,0,9,1,4,0,0,0,40,
29,1,13,4,10,1,4,1,0,0,56,
21,3,10,4,11,3,4,1,0,0,45,
27,3,13,4,12,4,2,0,0,0,40,
65,3,9,2,13,0,4,1,0,0,16,
37,4,13,0,11,1,4,0,0,0,60,
39,8,14,2,14,5,1,0,3464,0,40,
24,3,9,4,2,3,4,1,0,0,40,
38,3,9,0,11,1,4,1,0,0,80,
48,3,13,2,0,0,4,1,7688,0,40,
21,3,10,4,7,1,1,0,0,0,25,
31,3,9,2,13,0,4,1,0,0,45,
55,3,9,2,11,0,4,1,4386,0,40,
24,3,10,2,0,5,1,0,0,0,40,
43,3,9,0,0,1,4,0,0,0,40,
26,3,12,4,12,1,4,1,0,0,45,
46,3,12,4,9,1,4,0,0,0,33,
35,3,12,2,0,0,4,1,0,0,40,
41,4,10,2,4,0,4,1,0,0,54,
26,3,13,4,11,1,4,1,0,0,40,
34,3,14,2,3,0,1,1,7298,0,35,
19,8,10,4,14,3,2,0,0,0,25,
36,5,13,0,9,1,2,0,0,0,40,
22,3,10,4,11,3,4,1,0,0,15,
24,3,10,4,6,1,4,1,0,0,40,
77,5,10,2,11,0,4,1,0,0,40,
22,3,3,2,6,2,4,0,0,0,40,
29,3,10,4,12,1,4,0,0,0,40,
62,3,9,6,7,1,4,0,0,0,24,
39,5,9,2,3,0,4,1,0,0,40,
43,3,10,2,2,0,4,1,0,1485,50,
35,3,9,0,13,1,4,1,0,0,45,
29,3,7,4,3,1,4,0,0,0,40,
76,5,14,2,2,0,4,1,0,0,10,
63,5,9,2,4,0,4,1,0,0,45,
23,8,11,4,14,3,2,0,0,0,15,
43,3,10,2,9,5,4,0,0,1887,50,
58,5,9,2,5,0,4,1,0,0,40,
66,3,9,4,13,1,4,1,2050,0,55,
41,3,10,4,2,1,2,1,0,0,45,
26,3,13,4,0,1,4,1,0,0,40,
47,3,11,4,7,1,4,1,0,0,40,
55,1,6,2,0,0,4,1,0,0,40,
53,3,9,2,13,0,4,1,0,0,40,
17,3,3,4,7,2,4,1,0,0,48,
30,3,9,4,2,2,4,1,0,0,40,
49,3,14,4,9,1,4,1,0,0,60,
19,3,9,4,11,4,2,1,0,0,30,
45,3,9,2,7,0,2,1,0,0,40,
26,3,12,4,11,1,4,1,0,0,40,
38,3,11,2,2,0,4,1,7298,0,40,
36,6,9,2,10,0,4,1,7298,0,40,
33,3,9,4,4,1,4,1,0,0,20,
22,6,10,4,10,3,2,0,0,0,40,
43,5,13,4,11,1,4,1,0,0,42,
67,8,7,2,14,0,4,1,0,0,8,
30,8,11,0,14,4,4,0,0,0,40,
56,3,12,3,7,1,4,1,0,0,25,
31,3,13,4,9,3,4,1,0,0,25,
33,3,13,2,3,0,4,1,0,0,40,
26,3,9,2,7,0,4,1,0,0,40,
33,3,13,2,3,0,4,1,0,0,40,
46,1,7,2,13,0,4,1,0,0,30,
59,8,13,2,14,0,4,1,0,0,40,
38,0,9,2,0,0,4,1,0,0,40,
65,3,7,6,7,4,3,1,0,0,40,
40,3,11,2,12,0,4,1,0,0,40,
42,3,9,2,0,5,4,0,0,0,35,
26,5,5,2,2,0,4,1,0,0,40,
36,3,6,2,7,5,4,0,0,0,24,
62,3,14,2,9,0,4,1,0,0,40,
43,3,13,2,13,0,4,1,0,0,45,
43,3,13,0,3,1,4,1,0,1564,45,
22,3,9,3,11,1,4,1,0,0,55,
28,3,9,2,2,0,4,1,0,0,40,
56,5,10,2,11,0,4,1,0,0,45,
22,3,12,4,11,1,4,0,0,0,15,
57,3,13,0,3,1,4,0,0,0,45,
39,3,9,0,11,4,4,0,0,0,40,
26,0,10,4,0,4,4,0,0,0,15,
17,3,7,4,7,3,4,1,0,0,10,
40,6,11,2,6,0,4,1,0,0,38,
45,3,9,2,6,0,2,1,0,0,40,
44,3,9,4,2,1,2,1,0,0,40,
20,1,10,4,0,3,4,0,0,0,10,
33,3,9,2,2,5,4,0,0,0,40,
23,3,10,4,11,1,4,1,0,0,40,
46,5,14,0,3,1,4,1,0,0,30,
38,3,9,2,11,0,4,1,0,0,50,
54,3,9,0,13,1,4,1,0,0,40,
46,3,3,0,2,1,4,0,0,2339,45,
25,3,10,2,2,0,4,1,0,0,40,
46,3,10,0,11,1,4,0,0,0,40,
36,1,10,2,13,5,4,0,0,0,40,
23,3,9,4,7,1,4,0,0,0,25,
29,3,9,5,6,1,4,1,0,0,40,
44,3,10,2,0,5,4,0,0,2415,6,
19,3,10,4,0,3,4,0,0,0,16,
19,3,9,4,7,2,4,0,0,0,40,
35,3,9,2,7,5,4,0,0,0,40,
27,3,13,4,2,1,4,1,0,0,50,
46,5,12,5,2,1,4,1,0,0,40,
34,6,13,2,3,0,4,1,7688,0,45,
34,3,9,4,7,1,4,0,0,0,35,
44,3,10,2,12,0,4,1,0,0,40,
45,3,10,0,5,4,4,0,0,0,40,
20,8,9,4,14,2,4,0,0,0,35,
25,3,13,2,3,0,4,1,0,0,55,
52,4,13,2,3,0,4,1,0,0,50,
20,3,10,4,5,3,4,1,0,0,40,
28,3,10,4,7,1,4,0,0,0,40,
50,6,13,2,10,0,4,1,0,0,40,
34,3,11,0,12,1,4,0,0,0,64,
28,3,4,2,5,0,3,1,0,2179,40,
41,3,14,2,3,0,4,1,0,1977,65,
28,3,9,2,0,0,4,1,0,0,40,
46,5,9,2,2,0,4,1,0,0,25,
28,8,10,2,14,5,4,0,0,1887,40,
32,3,10,2,3,0,4,1,0,0,50,
41,1,10,0,7,1,2,0,0,0,24,
24,3,9,4,5,4,2,0,0,0,40,
33,3,10,0,3,4,4,0,0,0,40,
46,3,16,2,3,0,4,1,15024,0,60,
31,6,10,2,6,0,4,1,0,0,40,
35,3,8,0,2,1,4,1,0,0,50,
52,3,2,2,6,0,4,1,0,0,40,
30,3,7,4,7,3,4,0,0,0,19,
34,1,7,5,6,1,2,1,0,0,40,
34,6,9,0,13,4,4,0,0,0,40,
20,3,10,2,11,0,4,1,0,0,30,
17,3,7,4,5,3,4,1,2176,0,18,
32,6,13,2,3,5,4,0,0,0,40,
29,3,9,0,4,1,4,1,0,0,40,
33,3,6,4,2,4,4,0,0,0,35,
25,3,9,2,13,0,4,1,0,0,60,
36,0,14,4,9,1,4,1,0,1408,40,
23,3,9,4,5,1,4,1,0,0,72,
63,4,9,2,3,0,4,1,0,0,40,
47,1,14,2,9,0,4,1,0,0,40,
80,8,9,6,14,1,4,1,0,0,24,
17,8,7,4,14,3,4,1,0,0,40,
40,5,13,3,9,1,4,0,2174,0,40,
30,3,12,2,7,5,4,0,0,0,25,
27,3,10,4,2,3,1,1,0,1980,40,
33,3,14,2,9,0,4,1,0,0,50,
34,1,9,4,4,1,2,1,594,0,60,
34,1,10,4,10,1,4,0,0,0,40,
23,3,10,2,0,0,4,1,0,0,40,
42,1,10,2,0,5,4,0,0,0,40,
29,3,13,4,9,1,4,1,0,0,40,
45,3,9,0,0,1,4,0,0,0,28,
24,0,9,4,1,3,4,1,0,0,40,
44,3,10,2,9,0,4,1,0,0,40,
27,3,5,4,2,2,4,1,0,0,40,
20,3,10,4,11,1,4,1,0,0,35,
44,3,9,6,3,4,2,0,0,0,40,
51,3,9,2,2,0,0,1,0,0,40,
20,3,9,2,6,0,4,1,0,0,40,
17,8,7,4,14,3,4,0,0,0,5,
19,3,9,4,6,3,2,0,0,0,40,
45,4,10,2,2,0,4,1,0,0,55,
60,3,9,2,2,0,4,1,0,0,40,
42,3,12,2,3,0,2,1,0,0,40,
44,5,9,2,11,5,4,0,0,0,40,
40,3,11,2,6,0,1,1,0,0,40,
30,3,9,2,3,5,4,0,0,0,40,
38,3,10,2,13,0,2,1,0,0,50,
23,3,9,2,13,0,4,1,0,0,60,
32,8,10,2,14,0,4,1,0,0,40,
44,3,12,4,4,3,4,1,0,0,40,
54,1,9,2,13,0,2,1,0,0,40,
32,3,13,2,9,0,4,1,0,0,50,
50,3,2,3,2,4,4,1,0,0,40,
24,3,13,4,12,1,4,0,0,0,20,
37,3,9,2,0,5,4,0,0,0,60,
52,3,9,0,13,4,4,1,0,0,40,
38,3,10,2,13,0,4,1,0,0,40,
49,3,14,2,3,0,4,1,0,1977,45,
30,3,13,2,12,5,4,0,0,0,16,
60,3,10,4,9,4,4,1,0,0,40,
22,8,10,4,14,3,4,1,0,0,40,
35,3,9,4,2,1,4,1,0,0,40,
30,3,9,4,13,1,4,1,0,0,60,
67,3,11,0,7,1,4,0,0,0,24,
46,3,13,4,2,1,4,0,0,0,40,
17,3,5,4,7,1,4,1,0,0,6,
22,3,10,4,5,3,4,1,0,0,30,
27,3,6,4,7,1,4,1,0,0,40,
23,3,9,4,7,4,4,0,0,0,35,
33,3,12,2,2,0,4,1,0,0,45,
43,5,10,2,2,0,4,1,0,0,20,
28,6,13,4,9,1,4,1,0,0,20,
41,3,9,3,2,4,4,0,0,0,40,
52,8,8,4,14,2,2,1,594,0,40,
25,3,10,3,0,3,2,0,0,0,20,
63,8,2,2,14,0,4,1,0,0,35,
59,1,9,2,13,0,4,1,0,0,45,
45,1,13,0,9,4,4,0,0,0,40,
38,3,13,2,11,0,4,1,15024,0,60,
40,3,9,4,7,1,4,0,0,0,35,
46,0,9,0,0,1,4,1,0,0,40,
35,3,12,4,3,1,4,0,0,0,60,
34,3,9,0,9,4,4,0,0,0,25,
33,3,13,4,2,3,4,1,0,0,20,
41,3,9,0,0,4,4,0,0,0,36,
20,3,10,4,6,3,4,1,0,0,40,
23,3,3,4,7,3,4,1,0,0,40,
26,3,10,4,9,1,4,0,0,0,35,
72,8,9,2,14,0,4,1,0,0,20,
23,1,9,4,4,1,4,1,0,0,40,
62,1,9,2,13,0,4,1,0,0,40,
52,3,10,2,0,0,4,1,0,0,40,
58,3,10,0,7,4,4,0,0,0,42,
25,3,13,4,11,1,4,0,0,0,40,
24,3,13,4,3,1,2,1,0,0,40,
19,3,10,4,10,3,4,1,0,0,8,
43,3,10,2,3,0,4,1,0,0,40,
47,1,9,5,0,4,2,0,0,0,40,
39,3,9,0,7,4,4,0,0,0,40,
49,3,11,3,5,4,4,1,0,1380,42,
53,8,3,6,14,4,2,0,0,0,30,
32,3,11,4,2,1,4,1,0,0,45,
34,3,10,2,9,0,4,1,0,0,50,
28,3,9,0,2,1,4,1,0,0,45,
57,8,11,6,14,4,4,0,0,0,38,
25,3,10,4,0,1,0,0,0,0,20,
20,8,10,4,14,3,4,1,0,0,24,
21,8,10,4,14,4,4,0,0,0,35,
34,3,13,2,9,0,4,1,0,0,50,
38,4,13,2,3,0,4,1,15024,0,80,
50,3,9,2,3,0,4,1,7688,0,50,
24,1,10,0,5,1,2,1,0,0,50,
37,1,10,2,12,0,4,1,0,0,45,
44,3,10,0,6,4,4,1,0,0,58,
28,3,10,2,11,5,4,0,0,0,40,
42,3,13,2,3,0,4,1,0,0,40,
74,3,10,0,0,1,4,0,0,0,9,
38,5,9,2,2,0,4,1,0,0,50,
44,5,14,2,9,0,4,1,0,0,40,
44,3,7,0,6,4,3,0,0,0,46,
26,3,9,4,6,1,4,1,0,0,40,
36,3,9,2,7,0,2,1,0,0,40,
41,3,12,2,3,5,4,0,0,0,50,
67,3,15,2,9,0,4,1,20051,0,48,
39,1,8,2,12,0,4,1,0,0,50,
57,3,2,6,8,1,2,0,0,0,30,
29,3,11,5,2,1,4,1,0,0,40,
31,4,13,4,4,1,4,0,0,0,45,
34,8,9,4,14,4,2,0,0,0,40,
44,3,10,2,13,0,4,1,0,0,40,
29,3,16,4,9,3,4,1,0,0,40,
30,3,10,4,5,4,4,0,0,0,40,
27,3,9,4,13,1,4,1,0,0,40,
27,3,10,2,11,0,4,1,0,0,50,
32,3,9,4,5,1,4,0,0,0,45,
58,3,6,2,7,5,4,0,0,0,8,
35,1,10,2,10,0,4,1,0,0,40,
21,3,9,4,5,3,4,1,0,0,36,
28,3,10,4,2,4,4,1,0,0,40,
46,5,10,0,3,1,4,1,0,0,50,
36,5,9,5,7,4,4,0,0,0,40,
72,3,7,6,0,4,4,0,0,0,40,
35,3,9,2,6,5,2,0,0,0,40,
33,0,11,0,2,4,2,0,0,0,40,
69,3,7,4,6,1,4,0,0,0,40,
35,3,9,2,6,0,4,1,0,0,40,
31,3,9,5,0,4,4,0,0,0,20,
34,3,9,2,12,5,4,0,0,0,32,
30,3,7,2,7,0,4,1,0,0,40,
28,3,13,4,13,1,4,1,0,0,55,
54,3,13,2,11,0,4,1,0,0,35,
47,3,10,2,9,0,4,1,0,0,50,
24,3,9,4,5,4,2,0,0,0,40,
52,5,13,2,9,0,4,1,0,0,60,
20,3,9,4,5,3,0,1,0,0,48,
43,4,14,2,3,0,4,1,5013,0,45,
45,3,4,5,7,4,4,0,0,0,40,
29,5,9,5,2,1,4,1,0,0,35,
47,3,14,0,3,4,4,1,0,0,42,
24,3,9,4,2,3,4,1,0,0,40,
51,3,9,2,9,0,4,1,0,0,40,
17,3,7,4,11,3,4,1,0,0,12,
37,3,11,2,2,0,4,1,0,1977,40,
27,3,16,4,9,1,4,0,0,0,70,
29,3,13,2,3,5,4,1,0,0,40,
18,8,8,4,14,3,4,1,0,0,25,
36,5,12,0,11,4,4,0,0,0,35,
58,1,13,4,9,1,4,0,0,0,40,
26,5,10,2,2,0,4,1,0,0,45,
65,8,10,2,14,0,4,1,0,0,30,
57,3,9,2,11,0,4,1,0,0,40,
59,3,9,2,2,0,4,1,0,0,40,
27,3,9,2,6,0,4,1,0,0,40,
31,5,13,4,12,1,4,1,0,0,40,
21,3,10,4,11,3,4,0,0,0,24,
29,3,10,4,0,1,4,1,0,0,60,
18,3,7,4,7,3,4,1,0,0,40,
52,3,6,2,2,0,4,1,0,1887,47,
57,4,13,0,9,1,4,1,0,0,80,
42,8,9,2,14,0,4,1,0,0,40,
55,8,9,2,14,5,1,0,0,0,40,
60,3,4,4,13,1,4,1,0,0,48,
31,3,13,2,9,0,4,1,7688,0,40,
23,3,13,4,0,3,4,0,0,0,40,
27,3,9,4,11,3,4,1,0,0,40,
23,8,10,4,14,4,0,0,0,0,25,
42,5,15,2,9,0,4,1,0,1902,50,
25,3,10,4,12,1,4,1,2174,0,40,
49,3,13,4,9,1,4,0,0,0,45,
32,3,13,4,12,1,4,1,0,0,40,
19,3,10,4,0,3,4,1,0,0,28,
60,3,4,0,7,1,4,0,0,0,40,
42,1,5,2,7,0,4,1,0,0,40,
35,5,12,4,4,1,4,1,0,0,40,
48,3,9,4,0,4,2,0,0,0,37,
51,3,14,2,2,0,4,1,0,0,40,
29,3,9,4,2,1,0,1,0,0,40,
36,1,9,5,3,1,2,1,0,0,40,
17,3,6,4,7,3,4,0,0,0,21,
52,3,14,0,9,1,4,0,6849,0,60,
24,3,9,4,2,1,4,1,0,0,40,
24,3,9,2,5,0,4,1,0,0,50,
26,1,13,4,9,3,4,1,1055,0,40,
27,3,13,4,7,3,4,0,0,0,20,
39,3,9,4,5,3,4,1,0,0,60,
30,3,9,2,13,0,2,1,0,0,45,
50,5,9,2,3,0,4,1,0,0,32,
52,4,13,2,11,0,4,1,0,0,55,
46,3,15,2,9,0,4,1,15024,0,45,
23,3,13,4,11,3,4,0,0,0,20,
45,3,7,6,7,1,2,0,0,0,20,
65,3,5,6,8,4,2,0,0,0,24,
29,3,11,2,13,0,4,1,0,0,55,
47,3,5,3,5,4,4,1,0,0,40,
30,3,9,4,4,3,2,1,0,0,60,
34,3,9,2,11,0,4,1,0,0,45,
38,5,9,2,11,0,4,1,0,0,64,
33,3,10,2,3,0,4,1,0,0,40,
49,3,13,2,11,0,4,1,0,0,26,
47,5,10,4,7,4,2,0,0,0,40,
49,1,6,5,7,4,2,0,0,0,40,
43,3,10,2,2,0,4,1,15024,0,60,
30,3,13,2,0,5,2,0,0,0,40,
58,5,9,2,2,0,4,1,0,0,60,
19,3,9,4,7,3,4,0,0,0,14,
21,3,13,4,5,1,4,1,0,0,40,
33,3,13,2,3,0,4,1,15024,0,60,
47,4,3,2,13,0,4,1,0,0,50,
52,5,16,2,9,0,4,1,0,0,60,
26,3,9,0,2,1,4,1,0,0,55,
60,3,9,2,2,0,4,1,0,0,40,
21,3,10,4,5,3,4,1,0,0,40,
36,3,10,2,11,0,4,1,5178,0,50,
31,3,10,2,2,0,4,1,0,0,45,
50,4,16,5,9,1,4,1,0,0,40,
31,1,9,0,0,4,4,0,0,0,40,
71,3,9,2,2,0,4,1,0,0,15,
58,8,9,2,14,0,4,1,0,0,50,
30,6,13,2,12,0,4,1,0,0,40,
20,3,10,4,7,3,4,1,0,0,20,
24,3,9,4,3,2,4,1,4101,0,50,
35,3,16,2,9,0,1,1,0,0,40,
38,6,10,5,3,1,4,0,0,0,45,
27,3,9,4,6,3,4,0,0,0,32,
29,6,10,4,0,4,1,0,0,0,40,
70,8,5,6,14,4,4,0,1111,0,15,
34,3,9,2,2,0,4,1,0,0,45,
44,3,4,2,2,0,4,1,0,0,35,
43,3,9,2,6,0,4,1,0,0,40,
44,5,8,2,5,0,2,1,0,0,40,
35,3,14,4,11,1,4,1,0,0,60,
27,3,10,4,9,1,4,1,0,0,40,
43,1,14,4,9,1,4,1,0,0,38,
20,3,10,4,11,1,4,0,0,0,25,
42,3,12,0,9,4,4,0,8614,0,40,
27,6,10,2,13,0,4,1,3411,0,40,
42,3,9,2,2,0,2,1,0,0,40,
20,8,7,3,14,3,1,0,0,1762,40,
24,3,5,4,6,1,4,1,0,1721,40,
48,0,10,0,3,1,4,1,0,0,40,
17,8,7,4,14,3,4,0,0,0,20,
17,5,7,4,4,3,4,1,0,0,10,
33,3,13,2,3,0,4,1,0,0,40,
50,4,9,2,11,0,4,1,0,0,50,
22,3,9,4,11,3,4,0,2597,0,40,
17,3,8,4,7,3,4,1,0,0,16,
32,3,10,2,0,0,4,1,0,0,40,
31,3,9,4,2,1,4,1,0,0,45,
58,5,9,6,3,1,4,1,0,0,50,
29,1,9,4,10,3,4,1,0,0,48,
37,3,11,2,2,0,4,1,0,0,40,
34,5,9,2,2,0,4,1,0,0,40,
23,1,10,5,3,4,2,1,0,0,40,
18,6,7,4,0,3,4,0,0,0,5,
34,3,9,0,3,1,4,0,0,0,40,
66,8,4,4,14,1,4,1,0,0,4,
45,1,13,2,9,5,4,0,0,0,55,
41,3,14,4,3,1,4,1,0,0,35,
26,3,9,4,7,2,4,1,0,0,30,
54,1,10,2,4,0,4,1,0,0,40,
24,3,10,4,6,3,2,0,0,0,45,
42,3,10,2,9,0,4,1,0,0,50,
20,3,10,4,9,3,4,1,0,0,20,
23,6,13,4,12,1,4,0,0,0,20,
25,8,12,4,14,2,4,1,0,0,45,
35,3,14,4,9,1,4,1,0,0,60,
31,3,14,2,12,0,4,1,0,1902,40,
30,3,13,4,9,3,4,0,0,0,40,
19,3,9,4,11,3,4,0,0,0,20,
36,1,13,4,9,1,4,1,0,0,50,
31,3,13,6,11,4,4,0,0,1380,40,
21,3,10,4,5,3,4,1,0,0,30,
31,5,10,2,2,0,4,1,0,0,40,
46,3,16,0,9,4,4,0,25236,0,65,
44,3,13,0,3,3,4,0,0,0,50,
40,3,8,2,7,0,2,1,0,0,40,
45,3,10,4,11,1,2,1,0,0,40,
60,3,9,2,2,0,4,1,0,0,35,
18,3,7,4,7,2,4,1,0,0,25,
28,3,13,2,9,0,4,1,0,0,40,
36,3,10,0,0,4,2,0,0,0,40,
36,3,13,5,9,1,4,1,0,0,40,
40,3,11,2,12,0,4,1,4386,0,40,
36,1,13,0,0,4,4,0,0,0,35,
31,3,9,5,7,4,2,0,0,0,40,
33,3,9,2,6,0,4,1,0,0,40,
19,6,9,4,12,3,4,0,0,0,40,
22,3,10,4,11,3,4,0,0,0,15,
34,3,13,2,3,0,4,1,0,0,45,
33,3,9,4,7,1,4,1,0,0,40,
41,3,9,2,2,0,4,1,0,2051,60,
29,3,13,4,9,1,4,1,4650,0,40,
50,1,9,2,3,0,4,1,0,0,42,
42,3,13,2,3,0,4,1,7298,0,45,
43,3,13,4,9,1,4,1,0,0,40,
44,3,9,2,11,5,4,0,0,0,40,
20,3,10,4,7,1,4,0,0,0,20,
31,3,9,2,7,0,4,1,0,0,40,
65,5,7,2,3,0,4,1,9386,0,59,
23,3,10,4,7,1,4,0,0,0,24,
55,3,10,0,0,1,1,0,0,0,40,
26,3,11,2,0,0,4,1,0,2377,45,
25,3,11,4,7,3,4,0,0,0,15,
45,8,10,2,14,5,2,0,0,0,40,
35,3,10,2,2,0,4,1,2407,0,40,
36,3,10,4,11,1,2,0,0,0,36,
43,6,13,2,9,0,4,1,0,0,50,
56,3,9,6,7,4,2,0,594,0,20,
42,3,13,2,12,0,4,1,0,0,40,
19,3,10,4,7,2,4,0,0,0,25,
55,5,9,2,13,0,4,1,0,0,72,
42,3,14,4,3,1,4,0,14084,0,50,
26,3,11,4,12,3,4,1,0,0,40,
17,3,8,4,5,3,4,1,0,0,20,
42,1,13,2,9,5,4,0,0,0,40,
55,3,9,2,13,0,4,1,7688,0,40,
32,3,10,4,0,3,2,0,0,0,40,
29,3,7,4,2,3,2,1,0,0,40,
46,6,13,2,9,0,4,1,0,0,37,
29,6,13,2,3,0,4,1,7688,0,40,
22,3,13,4,9,4,4,1,0,0,20,
58,5,6,2,2,0,4,1,0,0,40,
23,3,9,4,13,4,4,1,0,0,50,
39,3,9,4,5,1,4,1,0,0,40,
27,3,11,4,2,3,4,1,0,0,38,
54,3,9,2,13,0,4,1,0,0,40,
33,1,13,4,9,1,4,0,0,0,45,
46,0,9,2,0,5,4,0,0,0,40,
37,3,9,4,4,1,2,1,0,0,40,
36,3,9,4,7,1,4,0,0,0,18,
59,1,9,2,0,5,4,0,0,0,38,
34,1,9,0,10,4,4,1,0,0,40,
53,4,16,2,3,0,4,1,0,0,70,
51,3,13,4,11,1,4,1,0,0,55,
32,3,6,5,7,4,4,0,0,0,42,
31,6,10,3,7,2,4,1,0,0,40,
22,3,10,2,11,5,4,0,0,0,30,
47,5,13,0,11,1,4,0,0,0,50,
32,3,9,4,6,1,4,1,0,0,40,
26,3,10,4,4,1,4,0,0,0,38,
37,3,3,5,4,1,4,1,0,0,32,
31,3,9,0,2,4,4,1,0,0,55,
37,3,11,2,12,5,4,0,0,0,24,
55,3,9,4,11,1,4,1,0,0,38,
23,1,11,0,12,1,4,1,0,0,56,
36,3,10,0,0,4,4,0,0,0,40,
34,3,14,2,9,0,4,1,0,0,40,
43,3,13,2,11,0,4,1,0,0,50,
54,3,10,4,12,1,4,1,0,0,40,
43,6,10,2,2,0,4,1,0,0,40,
28,3,11,4,6,1,4,0,0,1669,42,
40,3,11,2,3,0,4,1,0,0,50,
41,5,10,2,3,0,4,1,0,0,60,
40,3,13,4,11,1,3,0,0,0,55,
42,3,10,0,0,1,2,0,0,0,38,
61,5,9,2,4,0,4,1,0,2352,50,
18,3,8,4,6,3,4,1,0,0,30,
59,8,9,2,14,0,4,1,0,0,16,
21,8,9,4,14,1,4,0,1055,0,40,
48,3,11,2,12,0,4,1,0,0,50,
41,4,13,2,12,0,4,1,0,0,40,
18,8,10,4,14,3,4,1,0,0,33,
23,3,9,4,11,1,4,0,2463,0,40,
60,3,9,2,13,0,4,1,0,0,60,
22,3,10,4,7,2,2,1,0,0,20,
61,3,9,2,6,0,4,1,0,0,40,
25,3,9,4,6,1,2,1,0,0,40,
46,3,14,4,12,1,4,1,0,0,35,
43,3,13,2,3,0,4,1,0,1902,40,
43,3,12,0,2,1,4,1,0,0,40,
24,3,9,4,7,3,2,1,0,1721,30,
68,5,7,4,4,4,4,1,0,0,20,
31,3,9,0,0,4,4,0,0,0,38,
17,3,7,4,11,3,4,0,0,0,20,
32,3,9,2,2,0,4,1,5178,0,48,
50,8,14,3,14,2,4,1,0,0,40,
33,3,13,2,9,0,4,1,3103,0,47,
64,3,13,2,9,0,4,1,0,0,40,
20,3,9,4,13,3,4,1,0,0,30,
30,3,9,5,7,3,4,0,0,0,36,
22,8,10,4,14,3,2,1,0,0,40,
43,3,10,0,3,1,4,1,0,0,45,
22,3,10,4,0,3,4,1,0,0,40,
17,3,6,4,4,3,4,1,0,0,20,
47,5,9,2,7,5,4,0,0,0,75,
41,3,11,4,9,1,4,0,0,0,60,
56,3,10,2,2,0,4,1,0,0,50,
64,3,9,2,13,0,4,1,0,0,45,
47,3,9,2,13,0,4,1,0,0,50,
48,3,11,4,0,4,4,1,0,0,40,
31,3,14,4,9,1,4,0,0,0,46,
29,3,11,4,12,3,4,1,0,0,40,
30,3,9,6,0,1,4,0,0,0,40,
32,3,9,2,3,0,4,1,0,1672,60,
57,3,9,6,13,4,4,1,0,653,42,
62,3,9,6,7,1,4,0,0,0,40,
39,3,9,5,6,4,4,0,0,0,24,
43,3,10,4,0,1,4,1,0,0,25,
24,4,13,4,11,3,4,1,0,0,40,
42,8,7,2,14,0,4,1,0,0,15,
53,3,10,2,0,5,4,0,4386,0,40,
26,3,10,4,5,3,4,1,0,0,40,
73,5,9,2,3,0,4,1,0,0,40,
72,8,7,6,14,1,4,0,0,0,24,
55,3,9,2,6,0,4,1,0,0,40,
25,3,9,0,0,1,4,1,0,0,40,
41,3,13,0,9,1,4,0,0,0,50,
24,3,13,4,3,1,4,1,0,0,50,
63,3,9,6,4,1,4,1,0,0,6,
17,3,7,4,11,3,4,1,0,0,20,
35,3,10,2,2,0,4,1,0,0,50,
51,3,10,2,9,0,4,1,0,0,40,
62,1,13,6,9,1,4,0,0,0,48,
55,3,9,2,2,0,4,1,4386,0,40,
43,3,10,0,9,1,4,1,0,0,40,
40,1,9,0,7,1,4,0,0,0,50,
37,3,13,2,3,0,4,1,0,0,45,
39,3,13,2,2,0,4,1,0,0,40,
31,3,9,4,2,3,4,1,0,0,18,
61,3,14,6,9,1,4,0,0,0,40,
26,3,11,0,0,1,4,0,0,0,55,
46,5,9,2,11,0,4,1,0,0,50,
26,3,13,4,9,1,4,0,0,0,40,
48,6,16,0,9,3,4,1,0,0,50,
34,3,9,4,13,3,4,1,0,0,40,
34,1,9,4,0,3,4,0,0,0,40,
59,3,9,2,7,0,4,1,0,0,40,
34,3,13,4,9,3,4,0,0,0,40,
49,3,13,4,3,1,4,0,0,0,56,
18,3,7,4,0,3,4,0,0,0,20,
43,3,9,2,4,0,4,1,0,0,40,
48,3,7,2,3,0,4,1,0,0,50,
28,4,10,2,3,0,4,1,0,0,70,
33,3,9,2,6,0,4,1,0,0,40,
24,3,10,4,11,1,4,0,0,0,15,
21,3,6,4,5,1,4,1,0,0,40,
17,3,7,4,11,3,4,1,0,0,28,
39,3,10,2,4,0,4,1,0,0,50,
29,5,13,5,9,3,4,1,0,0,40,
44,3,13,2,3,0,4,1,0,0,40,
24,3,10,4,13,3,4,1,0,0,50,
71,5,14,2,11,0,4,1,10605,0,40,
51,5,13,2,11,0,1,1,0,2415,40,
55,3,3,0,7,4,2,1,0,0,25,
41,3,13,2,3,0,4,1,0,0,60,
23,3,9,4,5,4,2,0,0,0,7,
38,3,11,0,0,4,4,0,0,0,40,
39,3,9,2,13,0,4,1,0,0,40,
19,3,9,4,0,1,4,0,0,0,30,
49,3,5,0,6,1,4,0,0,0,40,
32,3,13,2,0,2,4,1,0,0,40,
27,3,9,2,2,0,4,1,0,0,70,
38,3,13,2,11,0,4,1,0,0,50,
33,3,10,2,2,5,4,0,0,0,60,
63,8,10,2,14,0,4,1,0,0,15,
23,3,13,4,3,3,4,1,0,0,28,
33,4,10,2,2,0,4,1,0,0,60,
54,5,9,2,11,0,2,1,0,0,40,
29,3,11,0,12,1,4,0,2174,0,45,
48,8,10,0,14,4,2,0,0,0,30,
35,5,13,4,3,1,4,1,0,0,40,
28,3,11,2,0,5,1,0,0,0,40,
37,3,13,2,9,0,4,1,7688,0,50,
42,5,15,2,4,0,4,1,0,0,65,
40,3,14,2,9,0,4,1,0,0,40,
47,3,10,0,11,3,4,1,0,0,55,
22,3,13,4,3,3,4,0,0,0,50,
30,3,13,2,3,0,4,1,0,0,45,
28,3,9,2,12,0,4,1,0,0,40,
63,1,4,2,7,0,4,1,0,0,55,
51,5,5,2,2,0,4,1,0,0,20,
22,3,9,4,5,3,4,0,0,0,40,
27,8,12,2,14,3,0,1,0,0,40,
35,3,9,4,11,1,4,1,0,0,45,
46,3,9,0,6,1,4,0,0,0,38,
37,3,10,0,6,1,4,1,0,0,52,
24,3,13,4,9,3,2,1,0,0,15,
37,5,9,0,5,3,4,1,0,0,10,
53,3,10,2,12,0,4,1,0,0,40,
27,3,9,4,11,1,4,1,0,0,30,
38,3,10,0,2,1,4,1,0,0,44,
53,5,6,2,4,0,4,1,0,0,60,
34,3,10,4,2,1,4,1,0,0,40,
23,3,9,4,11,3,2,1,0,0,40,
39,3,13,2,3,0,4,1,15024,0,45,
43,3,14,2,9,5,1,0,0,0,50,
67,4,9,2,3,0,1,1,0,0,40,
81,5,9,2,3,0,4,1,0,0,30,
21,3,10,4,7,3,4,1,0,0,20,
23,3,10,4,11,1,4,1,0,0,25,
25,3,10,4,13,4,4,1,0,0,40,
42,3,3,2,6,5,4,0,0,0,38,
38,3,10,2,0,5,2,0,0,0,40,
64,8,9,2,14,0,4,1,0,0,5,
32,3,9,2,6,0,4,1,0,0,40,
37,3,9,2,6,0,4,1,0,0,40,
51,3,14,2,3,0,4,1,0,0,60,
22,3,10,4,11,1,4,0,0,0,42,
33,3,2,3,8,1,4,0,0,0,40,
42,3,9,0,6,1,4,1,0,0,55,
19,8,10,4,14,3,4,0,0,0,10,
51,1,1,2,7,0,4,1,0,0,40,
23,3,9,2,0,5,4,0,0,0,40,
37,3,7,2,6,0,4,1,3103,0,44,
37,3,9,2,2,0,4,1,0,0,99,
47,3,14,4,9,1,4,0,0,0,25,
41,3,15,2,9,0,4,1,0,2415,40,
33,3,9,2,2,0,4,1,0,0,30,
31,3,13,4,11,1,4,1,0,0,40,
31,3,12,0,7,4,0,0,0,0,40,
35,3,9,2,6,0,2,1,0,0,40,
38,4,9,2,3,0,4,1,0,0,40,
18,3,9,4,7,1,4,0,0,0,45,
20,3,9,2,6,0,4,1,0,0,40,
54,1,10,0,3,4,2,0,0,0,35,
40,3,10,0,0,4,4,0,0,0,40,
36,4,13,2,3,5,4,0,0,1977,45,
43,3,10,0,2,4,4,1,0,0,35,
44,5,10,0,4,4,4,1,0,0,40,
44,6,9,2,9,5,4,0,0,0,40,
43,3,14,2,3,0,4,1,0,0,43,
51,3,4,6,7,4,2,0,0,0,40,
18,3,9,4,7,3,4,0,0,0,20,
51,3,10,2,3,0,4,1,0,0,40,
41,3,6,2,2,0,4,1,0,0,30,
44,4,10,2,11,0,4,1,0,0,70,
33,1,6,0,13,1,4,1,0,0,40,
33,5,13,2,3,0,4,1,0,0,40,
42,3,12,2,3,0,4,1,0,0,40,
25,3,10,2,9,0,4,1,0,0,45,
32,3,9,0,6,1,4,0,0,0,38,
32,3,13,2,2,0,4,1,0,0,70,
36,3,6,0,3,4,4,0,0,0,40,
28,3,9,2,13,0,4,1,0,0,40,
20,3,9,4,7,3,4,0,0,0,20,
35,4,10,2,11,0,4,1,0,0,60,
55,5,9,2,2,0,4,1,0,0,20,
48,3,13,2,3,0,1,1,0,0,40,
36,8,11,6,14,1,4,0,0,0,20,
34,3,9,2,2,0,4,1,0,0,35,
28,3,13,4,12,1,4,0,0,0,35,
67,3,13,6,3,1,4,1,0,2392,40,
37,3,9,2,2,0,4,1,0,0,40,
44,3,9,4,13,4,4,1,0,0,70,
25,3,10,4,11,1,4,0,0,0,40,
21,3,10,4,3,1,4,0,4101,0,40,
40,6,14,2,9,0,4,1,0,0,35,
78,3,9,6,7,1,2,0,2964,0,40,
34,3,9,0,5,3,4,1,0,0,40,
49,3,9,4,0,1,4,0,0,0,44,
22,3,12,4,0,1,4,0,0,0,40,
23,8,9,4,14,4,2,0,0,0,40,
60,5,9,4,4,4,4,1,0,0,42,
45,1,9,6,10,1,4,1,0,0,40,
63,3,11,0,7,1,4,0,0,0,20,
41,3,9,4,2,3,2,0,0,0,35,
47,3,9,0,0,4,4,0,0,0,40,
44,3,9,0,2,4,4,1,0,0,40,
51,3,10,6,9,1,4,0,3325,0,40,
46,3,13,4,11,1,4,1,0,1504,40,
41,3,11,2,6,0,4,1,0,0,40,
50,5,9,2,2,0,4,1,0,0,30,
47,3,9,2,0,0,4,1,0,0,50,
35,3,9,4,3,1,4,1,0,0,45,
56,3,9,2,3,0,4,1,0,0,55,
45,3,14,0,9,1,4,1,0,0,45,
48,0,13,0,3,4,4,1,0,0,58,
40,3,10,2,6,0,4,1,2580,0,40,
39,4,13,2,3,0,4,1,15024,0,50,
20,3,10,4,7,3,4,1,0,0,40,
50,3,16,2,9,0,4,1,0,1902,65,
38,6,9,2,9,5,4,0,0,0,40,
23,1,13,4,9,3,4,0,0,0,60,
31,3,9,4,7,3,4,1,0,0,16,
58,3,13,2,0,0,4,1,0,0,40,
66,3,9,5,6,1,2,1,0,0,40,
39,4,9,2,3,0,4,1,0,0,40,
54,5,9,2,2,0,4,1,15024,0,52,
26,3,10,2,11,0,4,1,0,0,50,
51,3,9,0,6,1,4,0,0,0,40,
34,3,11,4,13,3,4,1,0,0,40,
50,3,9,2,6,0,4,1,3103,0,40,
42,3,10,2,9,0,4,1,0,0,44,
38,3,14,2,9,0,4,1,0,0,25,
48,3,4,2,5,0,4,1,0,0,40,
33,3,11,2,12,5,4,0,0,0,40,
51,3,9,6,7,4,4,0,0,0,32,
22,3,9,0,2,1,4,1,0,0,40,
19,8,9,4,14,3,4,1,0,0,30,
41,3,10,4,2,1,4,1,0,0,50,
48,1,14,2,9,0,4,1,0,0,35,
42,3,9,5,11,1,4,0,0,0,30,
34,3,10,2,7,0,4,1,0,0,40,
23,3,9,4,6,4,2,0,0,0,40,
56,3,9,2,7,0,4,1,0,0,50,
30,3,13,4,9,1,2,1,0,0,45,
45,3,9,2,3,0,4,1,0,0,55,
48,3,6,2,0,5,4,0,0,0,40,
48,4,14,3,11,1,1,1,0,0,50,
31,3,11,4,0,1,4,0,0,0,40,
20,6,12,4,7,3,4,1,0,1719,20,
27,3,10,4,11,1,4,1,0,0,40,
32,3,9,4,7,1,2,0,0,0,40,
76,8,4,6,14,1,4,1,0,0,2,
19,8,9,4,14,4,4,1,0,2001,40,
66,4,5,2,3,0,4,1,1409,0,1,
37,3,9,4,7,1,4,1,0,0,75,
34,3,9,0,8,4,2,0,0,0,30,
34,8,7,2,14,5,4,0,0,0,8,
90,3,9,4,7,1,4,0,0,0,40,
23,3,10,4,6,3,2,0,0,0,40,
43,3,10,0,0,1,4,0,0,0,40,
44,3,13,2,3,0,4,1,7688,0,60,
24,3,10,4,12,1,4,0,0,0,37,
28,3,15,0,9,4,4,1,0,0,55,
64,8,12,4,14,1,4,0,0,0,20,
23,3,10,2,7,0,4,1,0,0,40,
20,3,10,4,11,1,4,0,0,0,50,
36,3,13,2,9,0,4,1,0,1902,50,
61,3,9,2,6,0,4,1,0,0,40,
53,5,13,2,11,0,4,1,0,0,40,
30,3,13,2,0,0,4,1,7298,0,40,
52,5,10,2,11,0,4,1,0,0,55,
38,3,10,0,2,1,4,1,0,0,40,
32,3,13,2,11,0,4,1,0,0,40,
30,5,8,2,13,0,4,1,0,0,75,
41,3,11,0,2,1,4,0,0,0,40,
49,1,14,2,9,0,4,1,0,1902,40,
45,3,9,2,2,0,4,1,0,0,47,
43,5,9,2,3,0,4,1,0,0,35,
61,3,9,2,6,0,4,1,3471,0,40,
54,3,9,2,7,0,4,1,0,0,32,
34,3,12,5,7,4,4,0,0,0,40,
49,3,10,2,11,0,4,1,0,0,80,
38,3,10,4,7,3,4,1,0,0,40,
35,3,15,2,9,0,4,1,0,1977,80,
36,3,8,2,13,0,4,1,0,0,40,
30,3,13,2,3,0,4,1,0,0,50,
36,3,12,0,12,1,4,0,0,0,60,
22,1,13,4,9,3,4,0,0,0,20,
38,3,9,2,2,0,4,1,0,1902,40,
37,3,9,2,2,0,4,1,0,0,50,
48,6,16,2,9,5,4,0,0,1902,46,
17,3,7,4,0,3,4,1,0,0,15,
19,5,10,4,2,3,4,1,0,0,20,
27,3,13,4,11,1,2,0,0,1590,40,
22,3,13,4,11,3,1,1,0,0,50,
49,3,9,2,2,0,4,1,0,0,40,
43,6,11,2,9,5,4,0,0,0,40,
43,3,13,5,9,4,4,0,0,0,40,
19,1,9,0,3,1,4,0,0,0,35,
58,5,9,2,4,0,4,1,0,0,60,
41,1,10,2,10,0,4,1,0,0,40,
31,3,10,2,0,0,4,1,0,0,40,
30,3,11,2,13,0,4,1,0,0,40,
32,3,9,2,10,0,4,1,0,0,40,
29,3,13,4,3,1,4,1,0,0,35,
42,3,10,2,3,0,4,1,7298,0,52,
38,3,9,0,2,3,4,1,0,0,28,
41,0,12,2,9,0,4,1,0,0,40,
44,5,13,4,11,1,4,1,0,0,50,
31,3,16,3,9,1,1,1,0,0,60,
34,3,9,0,2,1,4,1,0,0,40,
21,3,10,4,0,3,4,1,0,0,40,
22,5,13,4,9,3,1,1,0,0,20,
62,3,6,2,6,0,4,1,0,0,40,
19,8,9,4,14,3,4,0,0,0,40,
29,4,9,2,11,5,4,0,0,1977,25,
43,3,10,0,9,4,4,0,0,0,40,
68,8,4,2,14,0,4,1,0,0,8,
45,4,13,2,6,0,4,1,0,0,60,
39,4,5,2,3,0,4,1,0,1651,40,
41,3,13,2,3,0,2,1,0,0,50,
34,5,12,2,9,5,4,0,0,0,25,
34,1,9,0,0,4,4,0,0,0,33,
31,3,13,4,9,1,4,1,0,0,47,
29,3,9,4,5,3,4,1,0,0,25,
41,3,13,2,2,0,4,1,3103,0,40,
41,3,11,2,13,0,4,1,0,0,55,
35,4,14,2,11,0,4,1,0,0,45,
33,3,13,2,11,5,4,0,0,0,45,
37,6,13,4,0,1,4,1,0,0,38,
69,3,9,2,11,5,4,0,0,0,40,
34,3,9,0,5,3,4,0,0,0,40,
60,4,11,2,6,0,4,1,0,2415,70,
36,3,10,2,2,0,4,1,0,0,40,
41,3,9,2,13,0,4,1,0,0,50,
58,1,13,2,9,5,4,0,0,0,40,
53,3,13,2,9,0,1,1,0,0,40,
29,3,10,2,12,0,4,1,0,0,40,
45,0,9,0,12,1,4,0,4865,0,40,
34,6,10,2,3,0,4,1,0,0,38,
36,3,13,2,12,0,4,1,0,0,40,
48,3,10,0,7,4,2,0,0,0,35,
20,3,11,4,0,3,4,0,0,0,40,
35,3,9,2,13,0,4,1,0,0,50,
63,0,9,6,5,1,2,1,0,0,40,
41,5,10,0,7,4,4,1,0,0,45,
28,3,13,2,9,0,4,1,0,0,45,
30,3,10,4,6,1,2,0,0,0,40,
34,8,9,0,14,1,4,0,0,0,40,
31,3,9,4,7,4,4,0,0,0,40,
37,3,11,4,0,3,4,0,0,0,38,
42,8,10,0,14,4,4,1,0,0,40,
31,3,10,2,3,0,4,1,0,0,50,
46,5,14,2,3,0,4,1,0,0,45,
35,0,9,2,0,0,2,1,0,0,60,
27,3,9,2,2,0,4,1,0,0,53,
41,3,2,2,2,0,4,1,0,0,35,
19,3,10,4,7,3,4,0,0,0,20,
20,3,10,4,11,1,4,1,0,0,45,
59,0,9,6,11,4,4,0,0,0,40,
40,3,13,4,7,1,4,1,0,0,37,
56,5,10,2,11,0,4,1,0,0,60,
33,3,14,2,9,0,4,1,15024,0,44,
30,4,10,4,3,1,4,0,0,0,60,
46,3,9,2,6,0,4,1,0,0,50,
61,4,9,2,3,0,4,1,0,0,35,
50,4,9,2,3,0,4,1,7298,0,40,
25,3,9,4,7,3,4,1,0,0,30,
40,3,10,0,0,4,4,0,0,0,39,
24,8,10,4,14,1,4,1,0,0,40,
51,3,9,2,2,0,4,1,0,0,54,
43,6,9,2,10,0,4,1,0,0,40,
34,3,10,2,4,0,4,1,0,0,54,
46,3,9,2,3,0,4,1,0,0,45,
28,6,14,2,9,5,4,0,0,0,50,
26,3,13,4,13,4,1,1,0,0,40,
20,3,9,4,5,3,4,1,0,0,28,
44,3,11,2,2,0,4,1,3411,0,40,
51,3,9,6,13,4,4,1,0,0,40,
33,3,13,2,11,0,4,1,0,0,60,
54,3,12,2,12,0,4,1,0,0,40,
50,3,13,2,9,5,4,0,0,1977,40,
33,3,9,0,0,1,2,0,0,0,40,
65,3,13,2,0,0,4,1,10605,0,20,
22,8,10,4,14,3,4,0,0,0,8,
88,5,15,2,9,0,4,1,0,0,40,
40,3,9,0,13,1,4,1,0,0,40,
51,3,9,0,0,1,4,0,0,0,43,
50,3,7,0,7,1,2,0,0,0,40,
25,3,14,2,4,1,4,1,0,0,99,
20,3,11,4,7,1,4,1,0,0,30,
47,3,9,2,7,0,4,1,0,0,40,
58,8,10,2,14,0,4,1,0,0,40,
22,3,11,4,0,3,4,0,0,0,30,
50,6,9,2,9,0,4,1,0,0,48,
47,3,9,4,0,4,4,0,0,0,40,
24,1,7,4,7,1,1,1,0,0,45,
50,8,9,2,14,0,4,1,0,0,40,
40,3,13,0,3,1,4,0,0,0,45,
36,3,13,2,9,0,4,1,0,0,40,
32,3,9,2,0,0,4,1,0,0,40,
44,3,9,2,2,0,4,1,0,0,40,
51,8,14,2,14,0,4,1,0,0,40,
59,0,10,4,3,3,2,0,0,0,40,
65,3,9,2,2,0,4,1,0,0,30,
24,6,13,4,0,1,4,0,0,0,65,
27,1,13,4,9,3,4,1,0,0,35,
51,3,11,0,7,1,4,1,0,0,40,
48,3,10,2,2,0,4,1,0,0,40,
39,3,9,2,13,0,4,1,0,0,60,
28,3,13,2,12,0,4,1,0,0,40,
19,3,10,4,7,3,4,0,0,0,25,
49,1,13,0,9,1,2,0,0,0,40,
51,1,12,2,9,0,4,1,0,0,60,
59,3,14,2,9,0,4,1,0,0,55,
18,3,9,4,6,3,4,0,0,0,40,
50,3,9,2,2,0,4,1,4386,0,40,
45,0,9,2,0,0,2,1,0,0,80,
30,1,13,2,9,0,4,1,0,0,50,
37,3,13,0,2,1,4,1,0,0,35,
44,3,13,4,7,1,4,1,0,0,40,
33,3,10,2,2,0,2,1,0,0,40,
61,4,14,2,11,0,4,1,0,0,40,
61,1,9,2,10,0,4,1,0,0,40,
38,3,13,2,11,0,4,1,0,0,42,
22,8,10,4,14,3,4,1,0,0,30,
36,3,9,2,6,0,4,1,0,0,45,
44,4,10,2,11,0,4,1,5178,0,60,
37,3,10,5,0,3,4,1,0,0,62,
31,3,10,0,2,4,4,0,0,0,20,
54,3,16,2,9,0,4,1,15024,0,45,
20,3,10,4,7,3,4,1,0,0,16,
63,8,13,6,14,1,4,0,0,0,40,
48,5,10,2,2,0,0,1,7688,0,40,
33,8,9,0,14,1,1,0,0,0,41,
31,3,13,0,3,1,4,1,4650,0,45,
38,3,15,2,9,0,4,1,0,0,40,
45,5,9,2,2,0,4,1,0,0,40,
48,3,9,2,2,0,4,1,0,0,40,
53,3,10,2,2,0,4,1,0,0,40,
55,3,9,6,0,3,4,0,0,0,40,
38,3,14,2,13,0,4,1,0,0,72,
29,3,9,4,0,1,4,0,0,0,40,
36,3,13,2,9,0,4,1,0,0,60,
42,5,10,2,4,0,4,1,0,0,60,
50,3,9,0,0,4,4,0,0,0,40,
75,5,15,2,9,0,4,1,0,0,35,
46,3,13,2,9,0,4,1,0,1902,40,
52,0,9,0,0,4,4,0,0,0,40,
27,3,13,4,0,1,4,0,0,0,40,
43,3,9,2,2,0,4,1,0,0,45,
31,3,7,5,7,1,2,0,0,0,42,
23,3,10,4,11,1,4,0,0,0,30,
34,3,9,4,11,1,4,0,0,0,24,
41,5,9,2,11,2,4,0,0,0,40,
31,3,9,4,7,3,4,0,0,0,30,
42,3,10,4,0,3,4,0,0,0,40,
35,3,14,4,9,1,4,1,0,0,45,
55,3,9,5,0,1,4,0,0,0,25,
36,6,9,6,3,1,4,0,0,0,40,
65,5,9,2,3,0,4,1,0,0,59,
38,1,10,4,7,1,4,1,0,0,12,
62,3,10,6,7,1,4,0,0,0,20,
54,4,15,2,9,0,4,1,99999,0,60,
49,3,9,0,0,1,4,1,0,0,40,
34,3,9,2,0,5,4,0,0,0,40,
32,3,9,4,5,3,4,0,0,0,40,
51,4,14,2,3,0,4,1,15024,0,50,
48,5,10,2,3,0,4,1,0,0,60,
30,3,9,2,0,0,4,1,0,0,40,
52,0,9,0,0,1,4,0,0,0,43,
28,5,10,4,13,1,4,1,0,1762,40,
29,3,9,2,2,0,1,1,0,0,40,
38,3,13,4,0,1,4,0,0,0,50,
57,3,9,2,11,0,4,1,0,0,50,
43,0,13,2,9,0,4,1,0,0,40,
37,6,10,5,0,1,4,1,0,0,40,
30,3,9,2,2,0,4,1,0,0,40,
53,3,9,2,13,0,4,1,0,0,48,
69,8,11,6,14,1,4,0,0,0,1,
73,3,9,6,7,1,4,0,0,0,37,
22,4,10,4,2,3,4,1,0,0,35,
31,3,9,4,11,1,4,0,0,0,45,
38,3,13,2,9,0,4,1,0,1887,40,
50,5,10,2,2,0,4,1,0,0,35,
37,3,10,2,0,0,4,1,0,0,37,
44,1,13,0,10,1,4,1,0,0,40,
47,3,13,4,3,4,2,0,0,0,45,
27,3,10,2,7,0,4,1,0,0,40,
28,3,12,4,7,1,4,0,0,0,80,
25,3,9,4,12,1,2,0,0,0,40,
20,3,10,4,7,4,4,0,0,0,40,
51,1,13,2,0,0,4,1,0,0,40,
46,3,13,2,11,0,4,1,0,1977,40,
67,3,13,2,10,0,4,1,6514,0,7,
47,3,9,2,13,0,4,1,0,0,35,
42,3,9,2,11,0,4,1,0,0,40,
52,3,9,4,11,1,4,1,0,1876,50,
42,0,12,0,9,4,1,0,0,0,40,
65,8,9,2,14,0,4,1,0,0,40,
21,3,10,4,4,3,2,1,0,0,10,
50,3,9,2,0,5,4,0,5178,0,40,
46,3,10,2,13,0,4,1,0,0,40,
47,5,13,2,11,0,4,1,15024,0,50,
57,3,6,2,7,0,4,1,0,0,40,
37,3,13,4,3,1,4,1,0,0,45,
50,3,9,2,2,0,4,1,0,0,40,
58,8,8,2,14,0,4,1,0,0,40,
63,5,2,6,7,4,4,0,0,0,30,
39,3,9,2,13,0,4,1,0,0,65,
46,3,14,2,9,0,2,1,0,0,35,
36,3,9,2,5,0,4,1,0,0,40,
26,3,3,2,2,0,4,1,0,1628,50,
21,3,10,4,7,1,4,1,0,0,57,
41,3,12,2,12,0,4,1,0,0,40,
44,1,10,4,7,3,2,1,0,0,40,
22,3,9,2,2,0,4,1,0,0,40,
29,0,10,4,1,1,2,1,0,0,60,
29,3,9,4,7,4,2,0,0,0,40,
58,4,10,2,13,5,4,0,0,0,40,
36,5,15,2,9,0,4,1,0,0,50,
30,3,11,2,3,0,4,1,0,0,48,
37,3,13,2,6,0,4,1,0,0,43,
29,3,11,4,6,1,4,1,0,0,40,
26,3,3,4,0,3,4,0,0,0,40,
43,3,9,2,11,0,4,1,0,0,45,
49,3,9,2,2,5,4,0,0,0,40,
45,0,13,2,3,0,4,1,0,0,40,
28,3,13,4,9,1,4,0,0,0,40,
20,8,10,4,14,1,4,0,0,0,25,
51,3,9,0,0,4,4,0,0,0,40,
32,3,10,2,5,0,4,1,0,0,50,
24,3,9,4,6,3,4,0,0,0,40,
35,3,16,2,9,0,4,1,7298,0,40,
35,8,12,4,14,1,4,1,0,0,55,
41,6,13,2,9,0,4,1,0,0,40,
48,3,13,2,2,0,4,1,0,0,45,
61,1,9,6,0,4,4,0,1471,0,35,
20,3,10,4,0,3,4,1,0,0,30,
27,3,9,4,11,1,4,1,0,0,50,
55,3,10,2,13,0,4,1,0,0,24,
39,3,9,2,0,0,4,1,0,0,40,
17,8,6,4,14,3,4,1,0,0,20,
47,3,9,2,5,0,4,1,0,0,40,
52,3,9,6,7,4,1,0,0,0,40,
24,3,9,4,11,3,2,0,0,0,20,
29,3,7,4,7,4,2,0,0,0,40,
25,3,9,4,6,2,4,1,0,0,40,
20,3,10,4,6,1,4,0,0,0,40,
23,3,9,4,6,1,2,1,0,0,35,
57,3,15,2,9,0,4,1,0,0,60,
51,3,11,2,9,0,4,1,0,0,40,
33,3,10,4,9,1,4,0,3674,0,16,
39,3,13,4,9,1,4,1,0,0,40,
40,3,9,2,3,0,4,1,0,0,40,
71,3,13,0,12,3,4,0,2329,0,16,
38,6,10,2,3,0,4,1,0,0,40,
28,6,15,4,9,4,4,1,0,0,40,
57,3,14,3,9,1,4,0,0,0,40,
47,3,10,0,0,1,4,1,0,0,40,
59,6,9,4,0,3,4,1,0,0,40,
26,3,9,4,11,1,3,1,0,0,40,
35,3,13,4,0,3,4,0,0,0,40,
61,4,13,2,3,0,4,1,0,0,50,
17,8,7,4,14,3,4,0,0,0,30,
36,3,13,2,3,0,1,1,0,0,60,
62,8,4,2,14,0,4,1,3411,0,50,
34,3,10,4,9,1,4,1,0,0,50,
32,4,13,2,2,0,4,1,7688,0,50,
42,3,9,5,11,3,4,0,0,0,40,
39,3,10,2,2,0,4,1,0,0,40,
58,3,3,0,6,1,2,1,0,0,40,
61,5,9,2,4,0,4,1,0,1848,60,
40,3,6,4,2,2,2,1,0,0,55,
31,3,13,4,12,1,4,1,0,0,37,
36,3,9,4,11,1,4,1,0,0,50,
23,3,10,4,6,3,4,1,0,0,40,
33,3,9,4,2,1,4,1,0,0,41,
52,3,9,2,2,0,4,1,0,0,40,
22,3,9,4,7,1,4,0,0,0,24,
51,3,10,0,11,4,4,0,0,0,40,
31,0,11,4,3,1,4,0,0,0,40,
49,4,9,0,3,4,4,0,0,0,40,
49,3,9,2,6,5,2,0,0,0,40,
53,0,10,6,0,1,2,0,0,0,40,
52,3,9,2,3,0,1,1,99999,0,40,
20,3,6,4,5,3,4,1,0,0,40,
26,3,12,4,7,3,2,1,0,0,40,
61,8,9,2,14,0,4,1,0,0,6,
43,3,14,4,7,1,4,0,0,0,30,
46,4,13,2,11,0,4,1,0,0,52,
43,1,11,4,0,1,4,0,0,0,35,
41,3,9,0,11,4,2,0,0,0,40,
44,5,9,2,13,0,4,1,0,0,55,
54,3,9,2,4,0,4,1,0,0,40,
65,3,14,2,11,0,4,1,20051,0,40,
32,3,13,0,3,4,4,0,0,0,40,
25,3,10,5,0,3,4,1,0,0,40,
23,3,13,4,11,1,4,1,0,0,50,
25,1,13,4,9,1,4,1,0,0,45,
19,3,10,4,5,3,4,1,0,0,50,
37,5,9,2,3,0,4,1,0,0,60,
45,3,10,4,6,3,4,1,0,0,45,
37,3,9,4,11,1,2,1,0,0,44,
40,5,10,0,3,2,4,1,0,1564,70,
19,8,10,4,14,3,4,1,0,0,40,
17,3,7,4,7,3,4,1,0,0,5,
27,3,13,4,12,1,4,0,0,0,40,
40,1,4,2,2,0,2,1,0,1887,40,
59,3,9,0,11,4,4,0,0,1762,30,
19,0,9,4,0,4,2,0,0,0,40,
43,3,6,4,6,1,2,1,0,0,40,
42,3,6,4,13,4,4,1,0,0,40,
54,3,9,2,13,0,2,1,5013,0,40,
54,5,14,2,11,0,4,1,0,0,50,
51,3,6,2,5,0,4,1,2105,0,45,
50,3,9,2,13,0,4,1,0,0,60,
40,3,9,4,0,1,4,0,0,0,40,
55,3,12,2,12,0,4,1,0,0,25,
50,3,9,0,0,1,4,0,0,0,40,
31,3,9,2,2,0,4,1,0,0,50,
42,8,9,0,14,4,2,0,0,0,32,
24,3,9,2,7,0,4,1,0,0,45,
30,3,7,0,11,3,4,1,0,0,40,
39,1,12,2,2,5,4,0,0,0,50,
37,3,9,0,13,1,4,1,0,0,50,
33,3,9,2,13,0,4,1,0,0,40,
48,3,9,6,7,4,4,0,0,0,40,
43,4,9,2,7,0,1,1,0,0,78,
39,3,13,2,9,0,4,1,0,0,40,
53,3,10,2,3,0,4,1,0,0,45,
52,5,6,2,3,0,4,1,0,0,60,
28,6,10,2,0,0,1,1,0,0,20,
32,3,9,4,7,1,4,1,0,0,52,
31,3,13,2,11,0,2,1,0,0,90,
31,3,13,2,9,5,4,0,0,0,40,
47,3,10,4,0,1,4,0,0,0,40,
19,8,10,4,14,3,4,1,0,0,50,
40,3,11,2,5,0,2,1,0,0,40,
40,3,12,4,0,3,4,0,0,0,45,
41,3,7,0,7,1,4,1,0,0,40,
53,0,9,2,0,0,2,1,0,0,40,
46,3,7,0,6,4,0,1,0,0,43,
45,4,13,2,4,0,4,1,4386,0,35,
39,3,5,2,7,5,2,0,3411,0,34,
19,3,9,4,6,1,4,1,0,0,40,
57,3,9,2,13,0,4,1,0,1887,40,
49,3,11,2,6,5,4,0,0,0,40,
59,3,9,0,3,1,4,0,0,0,40,
32,3,11,0,11,1,4,1,0,0,50,
18,8,10,4,14,3,4,0,594,0,15,
35,6,10,4,10,1,2,1,0,0,40,
58,4,6,2,13,5,4,0,0,0,40,
28,3,13,4,7,1,4,1,0,0,43,
36,0,12,2,0,5,4,0,0,0,40,
41,5,14,0,9,4,4,0,0,0,35,
47,3,9,2,11,0,4,1,0,0,40,
50,4,9,2,2,0,4,1,0,1672,60,
61,8,9,2,14,0,4,1,0,0,16,
36,3,9,2,3,0,4,1,0,0,50,
38,3,11,0,2,1,4,1,0,0,40,
56,5,9,2,7,0,4,1,0,1902,60,
50,3,11,2,13,0,4,1,0,0,45,
45,5,10,2,11,0,4,1,5013,0,40,
44,5,9,2,3,0,4,1,0,0,66,
51,3,10,2,3,0,4,1,0,0,45,
44,4,10,2,3,0,4,1,0,0,50,
25,3,9,0,2,1,4,1,0,0,50,
60,3,7,6,13,4,2,1,0,0,40,
17,8,6,4,14,3,4,1,1055,0,30,
49,4,14,2,3,0,4,1,0,0,50,
46,3,9,2,2,0,2,1,0,0,60,
56,3,9,6,0,4,2,0,0,0,38,
25,3,9,0,2,1,4,1,3325,0,45,
22,3,10,4,13,1,4,1,0,0,40,
76,8,9,6,14,1,2,0,0,0,2,
41,4,15,2,9,0,4,1,0,0,60,
48,4,9,2,3,0,4,1,7688,0,40,
46,3,6,4,6,1,2,1,0,0,40,
30,3,10,4,2,1,4,1,0,0,40,
39,3,9,2,13,0,4,1,0,0,40,
40,3,6,0,2,1,0,1,0,0,40,
70,0,9,2,0,0,2,1,0,0,40,
35,3,10,2,2,0,4,1,0,2051,45,
49,3,14,0,3,1,4,0,0,0,75,
24,3,11,4,10,1,4,1,0,0,60,
40,3,12,2,9,0,4,1,7298,0,36,
61,3,15,2,13,0,4,1,0,0,5,
25,3,13,4,9,3,1,1,0,0,40,
28,1,13,4,9,1,4,0,0,0,40,
69,6,14,2,9,0,4,1,0,0,11,
22,3,10,4,5,3,4,0,0,0,36,
47,3,9,2,0,0,4,1,0,0,38,
38,3,9,0,7,4,4,0,0,0,48,
26,3,11,4,0,3,4,0,0,0,40,
17,3,7,4,0,3,1,0,0,0,24,
33,5,10,4,7,1,4,1,0,0,35,
43,5,9,3,2,1,4,1,0,0,40,
58,3,11,2,2,0,4,1,0,0,40,
53,4,9,2,11,0,4,1,99999,0,40,
26,3,9,4,2,1,4,1,0,0,25,
43,1,13,2,9,0,2,1,0,0,40,
31,3,6,2,4,0,4,1,2105,0,40,
30,3,9,4,0,4,4,1,0,2001,42,
25,3,9,4,7,3,4,0,0,0,25,
57,0,9,0,0,4,4,0,0,0,40,
37,3,14,0,3,4,4,1,0,0,60,
32,3,10,2,11,0,4,1,0,0,48,
26,3,9,0,3,1,4,0,0,0,41,
45,3,9,2,0,0,4,1,0,0,40,
53,6,9,2,0,0,4,1,15024,0,35,
27,3,9,4,5,2,0,1,0,0,40,
28,4,7,2,2,0,4,1,0,0,50,
32,3,7,0,11,1,4,1,0,0,43,
35,3,13,0,11,1,4,0,0,1980,65,
36,5,10,2,3,0,4,1,0,0,55,
19,3,10,4,0,1,4,1,0,0,40,
37,4,13,2,3,0,4,1,0,0,80,
49,3,10,0,6,1,4,1,3325,0,45,
20,3,10,4,7,1,4,1,0,0,45,
64,4,13,2,3,0,4,1,15024,0,55,
60,8,14,2,14,0,4,1,0,0,40,
32,3,12,2,2,0,4,1,0,0,42,
58,6,9,2,3,0,4,1,0,0,40,
42,3,9,2,11,0,4,1,0,0,50,
20,3,10,4,0,1,2,0,0,0,14,
42,6,10,2,0,0,2,1,0,0,40,
25,3,10,3,9,4,2,1,0,0,40,
30,5,11,2,9,0,4,1,15024,0,65,
37,4,13,2,9,0,4,1,0,0,35,
66,5,11,2,9,0,4,1,0,0,50,
59,4,13,2,3,0,4,1,0,0,40,
44,3,13,0,7,1,1,1,0,0,40,
46,3,9,2,0,0,4,1,0,0,58,
59,3,13,2,0,5,4,0,2885,0,30,
25,3,13,4,3,3,4,1,0,1340,40,
17,1,5,4,7,3,2,1,0,0,9,
47,1,13,2,10,0,4,1,0,0,40,
47,6,5,0,7,1,4,0,0,0,40,
30,3,10,0,3,4,4,0,0,0,40,
20,3,10,4,4,3,4,0,0,0,40,
26,1,13,4,9,1,4,1,0,2339,55,
20,3,10,4,5,1,2,1,0,0,15,
33,3,9,0,7,4,4,1,0,0,40,
48,3,9,2,6,0,4,1,0,0,40,
52,3,13,2,3,0,4,1,99999,0,50,
37,3,9,0,3,4,4,0,0,0,12,
47,3,9,2,2,0,2,1,0,0,40,
40,3,6,2,6,0,4,1,0,0,40,
48,3,14,0,3,4,4,0,0,0,40,
49,3,6,2,13,0,2,1,0,0,42,
50,3,10,0,7,1,4,0,0,0,40,
30,3,12,4,9,1,4,0,0,0,40,
34,3,10,2,3,0,4,1,0,0,40,
43,3,9,2,6,0,4,1,0,0,40,
22,3,6,2,6,5,4,0,0,0,40,
35,3,9,5,7,1,2,1,0,0,40,
26,6,9,0,0,3,4,0,0,0,30,
62,3,15,2,9,0,4,1,0,1628,70,
39,1,9,5,10,1,4,1,0,0,40,
59,1,10,2,2,0,4,1,0,0,40,
69,8,3,0,14,1,4,1,0,0,40,
27,3,13,2,2,0,4,1,0,0,40,
17,3,6,4,11,3,4,1,0,0,30,
38,3,13,2,0,0,4,1,0,0,40,
41,3,10,2,2,0,4,1,0,1887,50,
27,3,6,4,6,4,4,0,0,0,40,
23,3,9,4,0,3,4,0,0,0,40,
17,3,6,4,5,3,4,1,0,0,24,
56,3,4,0,6,1,4,0,0,0,40,
24,3,10,4,0,1,4,0,0,0,40,
62,3,16,2,9,0,4,1,7688,0,40,
44,3,8,0,13,4,2,1,0,0,40,
23,3,13,4,0,1,4,1,0,0,30,
41,5,9,4,11,1,4,1,0,0,50,
25,3,9,4,13,1,4,1,0,0,65,
21,3,10,4,7,2,2,0,0,0,8,
18,3,8,4,5,3,4,1,0,0,6,
45,3,10,2,2,0,4,1,0,0,40,
75,8,13,6,14,1,4,0,25124,0,16,
51,3,4,2,10,0,4,1,0,0,40,
42,0,9,5,7,2,2,0,0,0,40,
47,3,10,4,7,1,2,0,0,0,35,
29,3,10,2,4,0,4,1,0,0,40,
33,3,7,4,7,1,2,1,0,0,40,
43,1,13,2,2,0,4,1,0,0,40,
20,8,10,4,14,3,4,1,0,0,16,
19,8,13,4,14,3,2,0,0,0,40,
44,3,12,2,2,0,4,1,0,1848,40,
24,3,10,4,7,3,4,1,0,0,30,
19,3,10,4,5,3,4,1,0,0,40,
49,8,6,5,14,3,4,1,2176,0,40,
52,3,11,2,0,0,4,1,0,0,40,
38,5,9,4,4,1,4,1,0,0,52,
24,6,10,4,12,1,4,1,0,0,50,
32,1,13,4,9,1,4,1,0,0,50,
72,8,9,6,14,1,4,0,0,0,8,
26,3,9,2,11,0,4,1,0,0,50,
31,3,13,4,11,3,1,1,0,0,40,
29,3,13,2,11,0,4,1,0,0,50,
39,3,9,0,0,1,4,1,10520,0,40,
48,5,9,2,4,0,4,1,0,0,50,
40,3,10,2,2,0,4,1,0,0,45,
51,3,10,0,3,4,4,1,0,0,45,
28,5,9,0,2,3,4,1,0,0,40,
22,3,9,4,3,3,4,0,0,0,20,
23,3,13,4,0,1,4,0,0,0,40,
65,3,10,2,10,0,4,1,0,0,16,
26,1,13,2,9,0,4,1,0,0,40,
20,8,10,4,14,3,4,1,1055,0,50,
55,3,14,2,9,0,4,1,15024,0,50,
38,5,13,2,7,0,4,1,0,0,10,
33,3,9,4,9,1,4,1,0,0,60,
33,1,9,2,0,5,4,0,0,0,60,
37,3,13,4,11,1,2,0,0,0,40,
19,3,7,4,6,3,4,1,0,0,60,
24,3,13,4,11,1,4,1,0,0,50,
30,3,7,2,2,0,4,1,0,0,45,
57,6,9,0,3,1,4,0,0,0,50,
22,6,10,4,9,3,4,0,0,0,20,
57,3,9,2,6,0,2,1,0,0,40,
46,6,9,2,12,0,4,1,0,0,40,
67,3,9,2,0,0,4,1,0,0,35,
35,8,9,4,14,4,2,0,0,0,40,
47,3,9,5,2,3,4,1,0,0,40,
39,3,6,2,2,0,4,1,0,0,40,
50,3,10,0,7,4,1,1,0,0,40,
58,5,8,0,11,1,4,0,0,0,52,
36,3,12,2,9,5,4,0,0,0,30,
45,3,14,2,9,0,4,1,0,0,36,
54,3,9,2,6,0,4,1,0,0,40,
26,3,13,4,0,3,4,1,0,0,30,
60,3,9,2,9,0,4,1,0,0,40,
46,3,15,2,9,0,4,1,99999,0,60,
26,3,10,2,3,5,4,0,0,0,35,
32,3,7,4,2,2,4,1,0,0,40,
38,1,9,2,13,0,4,1,0,0,40,
48,5,10,2,11,0,4,1,0,0,70,
44,5,9,2,3,0,4,1,0,1977,45,
37,3,9,4,7,3,1,0,0,0,40,
44,3,10,2,3,0,4,1,0,0,40,
31,3,9,4,7,1,3,0,0,0,35,
61,5,15,2,9,0,4,1,0,0,35,
51,3,9,2,2,0,4,1,0,0,40,
52,3,13,2,11,5,4,0,15024,0,60,
45,3,9,2,6,5,4,0,0,1740,40,
36,8,12,2,14,5,2,0,0,0,21,
39,3,7,2,7,0,4,1,2407,0,70,
67,1,9,0,7,1,4,0,0,0,24,
40,6,12,2,0,0,4,1,0,0,40,
27,3,3,4,4,1,4,1,0,0,35,
37,3,2,2,6,0,4,1,0,0,40,
57,3,10,2,3,0,4,1,0,0,50,
27,3,6,0,7,1,4,0,0,0,40,
28,3,9,4,11,1,4,0,2202,0,48,
34,4,13,2,9,0,4,1,0,0,60,
54,3,9,2,6,0,4,1,5178,0,50,
52,3,9,0,7,2,2,0,0,0,38,
42,3,13,2,9,0,4,1,0,0,45,
48,3,14,2,9,0,4,1,15024,0,40,
65,6,14,2,9,0,4,1,6514,0,35,
55,5,15,2,9,5,4,0,0,0,10,
71,4,9,2,0,5,4,0,0,0,20,
33,3,10,2,6,0,2,1,0,0,40,
30,3,9,2,11,0,4,1,0,0,40,
35,3,13,2,3,0,4,1,0,0,55,
59,3,6,0,0,1,2,0,0,0,40,
19,3,10,4,5,3,4,1,0,0,20,
36,5,5,2,2,0,4,1,0,0,30,
26,5,9,4,11,3,4,1,0,0,40,
34,1,9,2,10,0,4,1,0,0,40,
41,3,9,2,2,0,2,1,0,0,40,
44,3,13,2,9,0,4,1,15024,0,50,
26,8,9,5,14,4,4,0,0,0,40,
47,3,9,2,2,0,4,1,0,0,48,
18,3,10,4,11,3,4,1,0,0,16,
55,5,6,2,2,0,4,1,0,0,18,
49,1,9,2,2,0,4,1,0,2002,40,
44,3,13,2,3,0,4,1,0,0,40,
43,3,13,4,9,1,4,1,0,0,40,
62,3,4,2,10,0,4,1,0,0,40,
44,3,9,2,5,0,2,1,0,0,40,
39,8,9,0,14,4,4,0,0,0,40,
50,4,10,2,11,0,4,1,0,0,60,
35,3,7,4,11,1,4,1,0,0,45,
52,3,9,2,0,0,4,1,0,0,40,
46,3,15,2,9,0,4,1,0,0,60,
44,3,12,2,11,0,4,1,7688,0,40,
43,3,10,4,3,4,4,1,0,0,50,
51,3,4,2,2,0,4,1,2961,0,40,
20,3,10,4,11,3,4,1,0,0,20,
47,3,12,2,0,5,4,0,0,0,40,
43,3,14,0,3,4,4,1,0,0,50,
64,8,9,2,14,0,4,1,0,0,40,
24,3,10,4,2,1,4,1,0,0,40,
27,0,10,2,2,0,4,1,0,0,50,
32,3,9,2,13,0,4,1,0,0,40,
37,3,9,0,7,4,4,0,0,0,12,
26,3,9,2,6,0,4,1,0,0,60,
43,3,13,2,3,0,4,1,99999,0,60,
50,3,9,2,6,5,4,0,0,0,40,
20,5,9,4,13,3,4,1,0,0,80,
37,3,9,2,3,0,4,1,0,1902,45,
43,3,9,4,7,1,2,0,0,0,45,
37,3,9,2,3,0,4,1,0,1887,50,
53,3,5,0,7,1,4,0,0,0,36,
44,3,16,2,9,0,4,1,0,0,40,
25,3,9,4,7,1,4,0,0,0,40,
17,3,7,4,0,3,4,0,1055,0,20,
19,3,9,4,11,3,4,1,0,0,50,
53,6,9,2,3,5,4,0,15024,0,40,
44,3,10,2,11,0,4,1,0,0,50,
51,3,9,2,6,0,2,1,0,1902,40,
49,3,9,2,3,5,4,0,0,0,43,
35,3,10,2,5,0,4,1,0,0,40,
44,3,9,0,2,1,4,1,0,0,45,
54,3,14,2,9,0,4,1,0,0,60,
37,3,10,0,0,4,2,0,0,0,35,
18,3,10,4,7,3,4,0,0,0,15,
24,3,10,2,5,0,4,1,0,0,40,
29,3,9,0,2,1,4,0,0,0,50,
22,8,10,0,14,1,4,0,0,0,35,
35,3,9,4,6,1,4,1,0,0,40,
56,3,9,2,2,0,4,1,0,0,48,
32,8,4,6,14,1,4,0,0,0,40,
24,3,13,4,6,1,1,1,0,0,45,
43,3,14,2,3,0,4,1,0,1902,40,
73,3,9,6,11,2,4,0,0,0,15,
47,0,10,2,2,0,4,1,0,0,40,
49,3,8,2,6,0,4,1,0,0,39,
38,3,13,2,11,0,4,1,0,0,40,
31,3,9,2,6,0,2,1,0,0,40,
39,3,10,0,0,4,0,0,0,0,40,
42,3,13,0,0,1,4,0,0,0,40,
41,3,14,2,9,0,1,1,0,0,45,
35,3,13,2,11,0,4,1,0,0,45,
38,3,9,2,13,0,4,1,0,0,45,
31,3,9,0,0,1,4,0,0,0,40,
51,1,9,2,10,0,4,1,0,0,70,
38,3,13,0,11,1,4,1,0,0,48,
40,1,10,2,3,0,4,1,0,0,42,
21,3,9,4,7,1,4,0,0,0,30,
44,3,10,0,2,1,4,1,0,0,40,
55,3,9,2,2,0,4,1,0,0,40,
29,3,9,0,11,1,4,1,0,0,45,
49,3,14,2,9,5,4,0,0,0,50,
31,3,11,2,7,0,4,1,0,0,42,
24,3,14,4,3,3,4,1,6849,0,90,
46,3,10,4,3,1,2,1,0,0,40,
26,3,9,4,11,1,2,1,0,0,40,
35,3,13,4,7,1,4,1,0,0,38,
27,3,11,4,11,1,4,1,0,0,50,
64,5,13,2,3,0,4,1,15024,0,35,
26,3,13,4,2,2,4,1,0,0,40,
21,3,9,4,7,1,4,0,0,1719,16,
45,3,13,0,7,1,4,1,0,0,45,
57,1,9,2,13,0,4,1,0,0,72,
30,3,13,2,0,0,4,1,0,0,40,
45,3,7,2,7,5,4,0,0,0,32,
50,3,4,0,2,1,4,0,0,0,30,
38,3,13,4,0,3,4,0,0,0,40,
43,5,10,2,2,0,4,1,0,0,60,
42,3,10,6,3,1,4,0,0,0,55,
32,3,13,4,9,3,4,1,0,0,40,
20,3,9,4,0,1,4,0,0,0,40,
27,3,9,4,7,1,4,0,0,0,35,
45,3,7,6,0,4,4,0,0,0,40,
40,3,9,4,6,1,4,0,0,0,40,
38,3,9,0,13,1,4,1,0,0,60,
37,3,9,0,0,4,4,0,0,0,40,
60,3,6,0,6,1,4,0,0,0,40,
53,5,9,2,3,0,2,1,0,0,45,
25,3,13,2,3,3,4,0,0,0,40,
47,5,13,0,3,1,1,1,0,0,60,
40,5,9,4,4,1,4,1,0,0,70,
51,8,9,2,14,0,4,1,0,0,40,
19,3,10,4,7,3,4,0,0,0,10,
42,3,10,2,9,5,4,0,0,0,50,
65,8,9,2,14,0,4,1,0,0,40,
41,3,13,0,0,4,4,0,0,0,40,
28,3,6,4,6,3,2,1,0,0,45,
46,3,14,0,3,1,4,0,27828,0,50,
49,3,13,2,9,5,4,0,99999,0,20,
24,3,9,4,5,2,2,1,0,0,40,
32,3,7,2,6,0,4,1,0,0,40,
71,3,9,2,10,0,4,1,6767,0,20,
26,3,10,2,12,0,4,1,3103,0,40,
29,3,9,3,10,1,4,1,0,0,40,
50,3,10,2,3,0,4,1,99999,0,50,
51,3,11,2,2,0,4,1,3103,0,50,
17,8,6,4,14,3,4,0,0,0,20,
49,3,9,2,7,5,2,0,0,0,40,
31,3,6,2,6,0,4,1,0,0,40,
23,3,7,2,6,0,4,1,0,0,40,
59,1,9,6,4,4,4,1,0,2339,40,
17,8,6,4,14,3,4,1,0,0,30,
43,3,10,2,11,0,4,1,7688,0,40,
38,3,13,2,11,0,4,1,7298,0,40,
37,3,9,2,3,0,4,1,0,0,40,
29,3,6,4,7,3,4,1,0,0,40,
39,3,13,2,3,0,4,1,0,0,50,
31,3,12,4,0,1,4,1,2202,0,38,
42,1,13,3,9,1,4,0,8614,0,45,
35,1,14,2,9,5,4,0,0,0,35,
39,3,14,2,3,0,1,1,15024,0,40,
40,3,12,0,0,4,4,0,0,0,40,
66,3,3,3,5,4,4,0,0,0,40,
30,0,5,2,12,0,4,1,0,0,40,
43,3,12,0,2,1,4,1,0,0,40,
47,3,5,4,7,4,4,0,0,0,50,
45,3,14,4,0,1,1,0,0,0,40,
31,3,10,2,6,0,2,1,0,0,40,
33,3,9,2,11,0,4,1,3103,0,40,
32,3,13,4,0,1,4,1,0,0,40,
28,3,12,2,5,0,2,1,0,0,40,
50,0,9,2,0,0,4,1,0,0,40,
63,3,4,0,11,1,4,0,0,0,40,
28,3,13,2,0,0,4,1,0,0,40,
38,3,10,6,0,4,2,0,0,0,40,
52,3,9,0,7,1,4,0,0,0,38,
38,4,15,2,9,0,1,1,0,0,40,
41,3,9,4,3,1,4,1,2174,0,40,
50,6,14,4,9,1,4,1,0,0,38,
59,3,7,2,6,0,4,1,0,0,40,
32,3,9,2,11,0,4,1,0,0,49,
73,1,4,2,10,0,4,1,2228,0,10,
52,4,9,0,3,4,4,1,0,0,38,
57,3,9,2,3,0,4,1,0,0,60,
35,3,11,2,3,0,4,1,7298,0,50,
51,3,13,2,13,0,4,1,0,0,56,
22,3,7,6,11,3,2,0,0,0,35,
49,3,9,2,11,0,4,1,0,0,40,
22,3,9,4,5,3,2,1,0,0,40,
46,1,9,2,2,0,4,1,0,1902,40,
48,3,9,0,2,4,4,0,0,0,40,
52,3,9,2,2,0,4,1,0,0,40,
43,6,13,2,0,0,4,1,0,0,50,
25,3,4,2,5,0,4,1,0,0,40,
31,3,4,4,2,1,4,1,0,0,40,
19,3,10,4,11,3,4,1,0,0,36,
19,8,10,4,14,3,4,1,0,0,45,
51,3,9,2,13,0,4,1,0,0,84,
51,3,13,0,3,4,4,1,0,0,40,
22,5,9,4,9,4,4,0,99999,0,40,
37,1,9,0,0,4,2,0,0,0,35,
19,3,10,4,11,3,4,0,0,0,30,
45,3,9,0,13,4,4,0,0,0,55,
21,6,10,4,7,3,4,1,0,0,10,
52,3,9,6,11,1,4,0,0,0,40,
46,1,10,2,9,0,4,1,0,0,24,
42,6,14,0,9,1,4,0,0,0,38,
56,3,9,4,2,1,4,1,0,0,40,
23,3,9,4,0,1,4,0,0,0,40,
58,3,14,2,11,0,4,1,0,0,40,
70,3,9,2,4,0,4,1,0,0,30,
30,3,10,0,0,4,4,1,0,0,40,
45,3,13,2,0,0,1,1,0,0,40,
23,3,10,4,2,1,4,1,0,0,44,
34,1,10,2,13,0,4,1,0,1579,40,
38,3,13,2,2,5,4,0,0,0,40,
24,3,11,2,2,0,4,1,0,0,40,
53,3,4,4,13,1,0,1,0,0,40,
45,0,9,4,13,1,2,1,3325,0,40,
21,8,10,4,14,3,4,0,0,0,40,
21,3,10,4,7,3,4,0,0,0,40,
34,3,13,4,9,1,4,0,0,0,40,
32,4,9,2,2,0,4,1,5178,0,45,
21,3,9,2,5,0,4,1,0,0,40,
63,8,14,2,14,0,4,1,0,0,30,
23,3,5,4,5,3,2,1,0,0,36,
28,3,13,0,2,4,4,1,0,0,50,
29,5,9,4,13,4,2,1,0,0,45,
25,1,13,4,9,3,4,0,0,0,40,
44,6,14,4,9,1,4,0,0,0,60,
18,3,9,4,7,3,4,0,0,0,8,
26,3,9,4,7,3,4,1,0,0,24,
47,1,12,2,0,5,4,0,0,0,35,
23,3,9,0,11,1,4,1,0,0,40,
46,3,10,2,6,0,4,1,0,0,40,
61,1,13,2,3,0,4,1,5178,0,50,
25,3,9,4,2,2,4,1,0,0,40,
38,1,9,2,10,0,1,1,0,0,54,
60,8,13,3,14,4,2,0,0,0,15,
23,3,10,4,7,1,4,1,0,0,20,
36,0,9,0,0,1,4,0,0,0,48,
46,3,5,0,7,1,4,1,0,0,25,
32,5,13,2,9,0,4,1,0,0,45,
40,3,6,2,13,0,4,1,0,0,40,
31,3,9,4,0,3,2,1,0,0,40,
31,3,10,2,3,0,4,1,0,0,65,
32,6,13,4,0,1,4,1,0,0,37,
21,3,10,4,7,3,4,1,0,0,10,
63,3,10,2,11,0,2,1,0,0,40,
44,3,10,5,3,1,4,1,0,0,45,
42,5,13,2,11,0,4,1,0,0,60,
23,8,13,4,14,3,4,1,0,0,35,
30,3,10,0,0,1,4,0,0,0,45,
24,3,9,4,7,4,4,1,0,0,40,
42,3,13,2,12,0,4,1,0,0,40,
44,5,9,2,9,5,4,0,0,0,40,
27,0,13,4,3,1,2,1,0,0,48,
27,1,10,4,3,4,4,1,0,0,40,
22,3,9,4,7,1,4,0,0,0,45,
68,3,9,4,11,1,4,0,0,0,40,
55,5,10,2,4,0,4,1,0,0,99,
22,5,9,4,7,3,4,1,0,0,40,
25,3,10,2,3,5,4,0,0,0,15,
68,5,9,2,4,0,4,1,0,0,45,
62,3,10,6,3,1,4,0,0,0,16,
26,3,9,0,7,2,4,1,0,0,40,
34,3,14,2,9,0,4,1,0,0,55,
68,3,10,6,11,1,4,1,0,0,40,
42,1,13,5,3,1,4,1,0,0,45,
45,3,13,2,11,0,4,1,0,0,55,
26,3,7,4,13,1,4,1,0,0,40,
25,3,9,2,6,0,4,1,0,0,45,
23,3,13,4,9,3,4,1,0,0,50,
29,3,10,4,7,1,3,1,0,1590,40,
65,7,4,6,4,4,4,0,0,0,50,
31,3,9,4,13,1,4,1,0,0,50,
26,3,9,4,0,1,4,0,0,0,40,
39,3,10,2,2,0,4,1,0,0,50,
44,3,9,2,6,0,4,1,0,0,40,
45,1,14,0,9,4,4,0,1506,0,45,
26,5,14,4,9,1,4,0,0,0,50,
26,3,6,2,13,0,4,1,0,0,35,
36,3,5,2,13,0,4,1,0,0,50,
38,3,7,2,2,0,4,1,0,0,45,
39,3,9,4,6,4,4,1,0,0,48,
52,4,15,2,3,0,4,1,0,0,40,
39,3,2,2,2,0,4,1,0,0,45,
41,5,10,0,2,1,4,1,0,0,40,
42,1,14,2,3,0,4,1,0,1902,60,
47,3,13,2,11,0,4,1,0,0,70,
28,1,11,2,10,0,2,1,0,0,46,
25,1,13,4,9,3,4,1,0,0,35,
35,3,13,4,0,1,4,0,0,0,40,
32,3,9,5,0,4,4,0,0,0,40,
38,3,14,2,2,0,2,1,0,0,40,
44,3,10,2,12,0,4,1,0,0,18,
21,8,10,4,14,3,4,0,0,0,40,
27,3,13,4,11,3,4,0,0,0,40,
30,3,13,4,3,1,4,1,0,0,55,
30,3,13,4,11,1,4,1,0,1741,48,
45,3,9,2,5,0,4,1,0,1628,45,
20,3,9,4,2,3,4,1,0,0,40,
57,3,14,4,9,1,4,1,0,0,80,
43,3,10,0,0,1,4,1,0,0,48,
50,8,7,2,14,3,2,0,0,0,40,
28,3,4,2,6,2,1,0,0,0,48,
25,3,9,2,12,2,4,0,0,0,48,
25,3,9,2,11,0,4,1,0,0,40,
90,3,13,2,3,0,4,1,0,0,45,
38,1,13,5,9,4,2,1,0,0,40,
35,3,13,3,3,4,4,0,0,0,40,
50,6,13,2,3,0,4,1,0,0,40,
26,1,9,4,0,1,4,0,0,0,40,
39,3,10,2,4,0,4,1,0,0,45,
56,3,6,2,11,0,4,1,0,0,40,
24,1,9,0,10,4,2,0,0,0,40,
46,3,9,2,0,5,4,0,7688,0,40,
18,1,7,4,0,2,4,0,0,0,25,
37,3,14,2,3,0,4,1,0,2415,60,
57,3,14,0,9,1,4,0,0,0,40,
43,6,9,4,0,4,2,0,0,0,40,
29,6,13,2,9,0,4,1,0,0,25,
40,3,14,2,3,0,4,1,0,0,40,
44,5,13,2,3,0,4,1,0,0,40,
77,1,9,2,3,0,4,1,0,0,6,
30,3,13,4,9,1,2,1,0,0,40,
21,3,9,2,6,0,4,1,0,0,40,
66,3,6,2,10,0,4,1,0,0,40,
40,3,7,4,13,3,4,1,0,0,35,
68,3,9,2,11,0,4,1,0,0,40,
64,3,9,6,7,1,4,0,0,0,38,
26,3,13,4,9,1,4,0,0,0,50,
32,3,10,2,3,0,4,1,0,0,40,
32,3,9,4,0,3,4,1,0,0,38,
51,1,14,2,9,0,4,1,0,0,40,
50,3,14,2,9,0,4,1,15024,0,45,
49,3,13,2,11,0,4,1,0,0,50,
28,3,13,4,13,4,4,1,0,0,20,
29,3,9,0,7,4,4,0,0,0,36,
21,3,10,4,11,3,4,1,0,0,30,
28,3,9,4,0,4,2,0,0,0,40,
55,3,6,2,2,0,4,1,0,0,40,
45,5,9,2,11,0,1,1,0,0,50,
35,3,10,4,11,1,4,1,0,0,40,
31,8,7,5,14,1,2,1,0,0,40,
26,3,14,4,9,1,4,1,8614,0,40,
30,3,9,2,7,0,4,1,0,0,55,
33,3,9,2,11,0,4,1,0,0,20,
40,3,13,3,9,1,1,1,13550,0,40,
23,3,13,4,3,1,4,1,0,0,40,
35,3,10,4,11,1,4,0,0,0,40,
48,5,7,2,4,0,4,1,0,0,50,
39,1,6,0,5,3,2,1,0,0,40,
53,1,15,0,9,1,4,0,0,0,50,
49,0,9,2,0,0,4,1,0,0,40,
31,3,13,4,3,1,2,0,0,0,40,
36,3,9,2,2,0,4,1,3103,0,40,
60,4,10,2,3,0,4,1,7688,0,50,
29,3,9,4,6,1,4,1,0,0,48,
54,4,10,2,11,0,4,1,0,0,45,
28,8,12,1,14,5,4,0,0,0,3,
34,3,9,2,2,0,4,1,0,0,50,
30,3,10,4,11,1,2,0,0,0,35,
19,3,9,4,8,1,4,0,0,0,45,
26,3,9,4,5,1,4,1,0,0,40,
47,3,10,4,11,1,4,1,0,0,70,
50,3,9,0,3,4,4,1,0,0,38,
30,3,13,4,3,4,4,0,0,0,45,
44,3,10,0,6,1,4,1,0,0,50,
49,3,9,2,11,0,4,1,0,0,60,
75,5,14,3,9,1,4,0,0,0,50,
37,3,13,2,11,0,4,1,0,0,55,
51,6,9,0,2,4,4,1,0,0,38,
35,3,9,4,2,4,4,1,0,0,35,
28,3,10,4,11,2,4,0,0,0,40,
66,5,9,2,4,0,4,1,1409,0,40,
72,3,5,2,3,5,1,0,0,0,48,
39,3,13,5,11,1,4,1,0,0,50,
27,3,9,4,4,3,2,1,0,0,30,
57,3,10,4,0,2,2,0,0,0,40,
24,3,4,2,2,0,4,1,2635,0,38,
28,3,9,4,2,3,4,1,0,0,70,
23,3,10,3,7,1,4,0,0,0,50,
31,3,13,4,3,1,4,0,0,1408,40,
23,3,10,4,7,3,4,0,0,0,20,
31,3,10,4,7,1,4,0,0,0,40,
27,1,13,4,9,1,4,0,0,0,40,
30,3,13,2,9,0,4,1,0,1740,45,
31,3,15,4,9,1,4,0,0,0,80,
34,3,14,4,9,1,4,1,4865,0,60,
57,0,9,4,0,1,4,1,0,2258,40,
39,3,14,2,3,0,4,1,0,0,40,
23,3,7,4,2,3,4,1,0,0,40,
24,1,12,2,7,5,4,0,0,0,40,
36,3,16,4,9,1,4,1,0,0,40,
32,3,10,0,7,2,4,1,0,0,40,
35,3,12,0,7,3,4,0,0,0,40,
36,3,13,2,3,0,4,1,0,0,40,
23,8,13,4,14,1,4,0,0,0,50,
47,3,11,2,6,0,4,1,0,0,40,
35,3,9,4,5,1,4,1,0,0,40,
44,0,10,2,12,0,4,1,0,0,40,
32,6,14,2,9,0,4,1,0,0,50,
32,3,12,2,3,5,4,0,0,1485,40,
63,5,10,2,9,5,4,0,20051,0,10,
34,3,11,2,2,0,4,1,0,0,40,
47,3,9,2,2,0,2,1,0,0,40,
27,3,7,2,11,3,2,1,0,0,35,
23,3,9,5,3,4,4,0,0,0,42,
19,8,10,4,14,2,0,0,0,0,40,
50,3,6,2,2,0,4,1,0,0,38,
49,6,10,2,9,0,4,1,0,0,40,
36,3,10,2,3,0,4,1,0,0,40,
23,3,13,4,3,4,4,1,0,0,40,
61,3,4,6,7,4,2,0,0,0,38,
41,3,10,2,4,0,4,1,0,0,16,
27,5,13,2,3,0,4,1,0,0,60,
53,3,13,0,3,1,4,1,0,0,70,
17,5,6,4,0,3,4,1,0,0,10,
23,8,9,4,14,1,4,1,0,0,30,
53,3,10,4,2,1,4,1,0,0,40,
28,3,9,2,2,0,4,1,0,1848,42,
24,3,13,3,9,3,4,0,0,0,40,
22,3,10,4,0,1,4,0,0,0,20,
53,3,13,2,11,0,4,1,0,0,50,
18,3,7,4,7,2,2,1,0,0,20,
24,3,10,4,11,4,4,1,0,0,50,
20,3,9,4,11,1,4,0,0,0,40,
30,1,4,2,13,0,4,1,0,0,40,
37,6,11,4,9,1,4,1,8614,0,40,
34,3,9,2,13,0,4,1,0,0,40,
19,3,9,4,5,3,4,1,0,0,30,
20,3,8,4,0,3,4,0,0,0,40,
47,3,9,0,7,1,1,0,0,0,40,
20,8,10,4,14,3,4,1,0,0,32,
22,3,13,4,9,3,4,0,0,0,40,
42,1,14,2,3,0,4,1,0,1977,40,
60,3,10,0,0,1,4,0,0,0,40,
32,3,9,4,8,4,4,0,0,0,40,
46,3,9,2,3,0,4,1,0,0,40,
66,3,9,6,0,1,4,0,0,0,40,
37,3,13,2,7,5,1,0,0,0,30,
34,3,10,0,3,3,4,1,0,0,44,
45,3,13,4,9,1,4,1,0,0,46,
35,3,7,2,4,0,4,1,0,0,40,
63,8,9,2,14,0,4,1,0,0,40,
51,1,10,2,3,0,2,1,0,0,40,
36,1,10,2,10,0,4,1,0,0,40,
25,0,9,4,0,3,2,1,0,0,40,
51,3,9,0,7,4,4,0,0,0,38,
25,5,10,4,6,3,4,1,0,0,40,
19,3,9,4,4,3,4,1,0,0,45,
47,3,10,2,3,0,4,1,0,0,45,
59,1,9,5,10,4,2,0,0,0,40,
34,3,13,2,3,0,4,1,0,0,40,
40,3,10,5,3,4,4,0,0,0,60,
42,3,9,0,6,1,4,1,0,0,45,
28,8,9,2,14,5,4,0,0,0,17,
37,3,14,2,3,0,4,1,0,0,60,
51,4,12,2,11,0,4,1,0,0,38,
25,3,9,4,0,3,4,1,0,0,36,
31,0,9,2,0,5,4,0,0,0,40,
37,3,9,2,7,0,4,1,0,0,44,
42,3,12,2,11,0,4,1,0,0,45,
29,8,13,4,14,1,4,1,0,0,40,
35,3,10,0,11,1,4,1,0,0,50,
51,3,13,2,11,0,4,1,0,0,47,
22,8,10,4,14,3,4,1,0,0,36,
49,3,10,2,2,0,4,1,0,1485,40,
26,3,13,4,9,1,1,1,0,0,16,
56,1,9,0,0,1,4,0,0,0,46,
52,3,10,2,9,0,4,1,0,0,45,
61,5,14,2,2,0,4,1,0,0,4,
47,6,13,0,3,1,4,0,0,0,40,
52,3,11,2,2,0,4,1,0,0,40,
30,3,9,0,2,4,4,0,0,0,40,
43,4,10,2,11,0,4,1,99999,0,55,
35,3,10,2,13,0,1,1,0,0,40,
17,8,8,4,14,3,4,1,0,0,40,
42,3,9,2,2,0,4,1,0,1887,40,
26,3,10,3,2,2,2,0,0,0,35,
58,1,9,2,4,0,4,1,0,0,40,
66,3,10,2,11,0,4,1,5556,0,40,
30,3,9,2,10,0,4,1,0,0,60,
46,3,10,5,0,4,4,0,0,0,40,
45,3,10,2,0,5,4,0,0,1902,35,
57,3,9,4,11,4,4,0,0,0,40,
25,3,13,4,3,3,4,1,0,0,40,
21,6,10,4,12,3,4,0,0,0,10,
37,3,9,0,2,1,4,1,0,1669,55,
45,1,14,0,9,1,4,0,0,0,30,
61,8,16,6,14,1,4,0,0,0,5,
39,3,9,4,2,3,4,1,0,0,40,
42,3,9,2,0,5,4,0,0,0,53,
20,3,9,4,6,3,4,0,0,0,40,
23,3,9,4,10,3,2,1,0,0,16,
25,3,13,4,12,3,4,1,0,0,40,
47,3,3,4,8,3,4,0,0,0,40,
24,3,9,4,11,3,4,1,0,0,45,
20,8,10,4,14,3,1,0,0,0,15,
35,3,9,4,2,1,4,1,0,0,70,
44,1,9,2,7,5,2,0,0,0,38,
47,6,10,2,9,0,4,1,0,0,50,
28,6,7,5,0,4,1,0,0,0,40,
41,1,14,0,9,4,4,0,0,0,60,
31,3,9,4,0,1,4,0,0,0,40,
27,3,14,4,3,1,4,0,0,0,25,
47,3,11,2,2,0,4,1,5013,0,40,
44,3,9,4,11,1,1,0,0,0,40,
61,3,10,4,8,1,4,0,0,0,40,
42,0,10,0,0,2,4,0,0,0,40,
46,3,9,4,7,1,4,0,0,0,28,
46,3,13,2,3,0,4,1,0,0,50,
54,1,14,6,9,4,4,0,0,0,38,
49,3,9,6,12,4,4,1,0,0,40,
56,1,10,6,0,4,4,0,0,0,40,
52,3,14,0,9,3,4,0,0,0,40,
34,3,9,2,13,0,4,1,0,0,40,
25,5,9,2,2,0,4,1,0,0,40,
18,3,7,4,9,3,4,0,0,0,40,
58,3,9,2,6,0,4,1,0,0,40,
31,6,13,0,9,1,4,1,0,0,40,
29,3,10,2,2,0,4,1,0,0,55,
28,3,7,4,6,1,2,1,0,0,40,
30,3,10,4,0,1,4,1,0,0,48,
21,8,10,4,14,3,4,1,0,0,30,
44,3,14,2,9,0,4,1,0,1887,35,
75,3,6,6,8,1,4,0,0,0,70,
66,8,7,2,14,0,4,1,0,0,40,
26,3,10,2,2,0,2,1,0,0,40,
33,4,13,2,11,0,4,1,0,0,50,
57,4,14,2,11,0,4,1,15024,0,65,
47,5,3,2,11,0,4,1,0,0,55,
41,3,9,2,3,0,4,1,7298,0,40,
21,3,10,4,7,1,4,0,0,0,37,
17,3,7,4,2,3,4,1,0,0,17,
61,8,13,2,14,0,4,1,0,0,55,
47,8,9,2,14,5,4,0,0,0,8,
22,3,10,4,7,3,2,0,0,0,15,
47,3,9,2,11,0,4,1,0,0,40,
45,3,13,2,3,0,4,1,0,0,40,
32,5,11,0,11,4,4,1,0,0,50,
59,3,6,5,8,1,2,0,0,0,30,
38,3,9,2,2,0,4,1,0,0,50,
33,3,9,5,10,3,4,0,0,0,40,
41,3,9,2,6,0,4,1,0,0,40,
51,3,5,2,13,0,4,1,0,0,40,
42,3,9,2,11,0,4,1,0,0,48,
27,3,13,2,9,5,4,0,0,0,40,
60,3,10,2,2,0,4,1,0,0,45,
64,1,9,0,0,1,4,0,0,0,35,
37,3,12,2,6,0,4,1,0,0,40,
54,5,13,2,3,0,4,1,0,0,45,
36,3,12,2,3,5,4,0,0,0,50,
34,3,13,2,9,0,4,1,0,0,40,
41,5,14,0,11,4,4,1,0,0,5,
35,5,4,2,4,0,4,1,0,0,75,
63,4,14,2,11,0,4,1,0,0,68,
46,3,9,0,2,2,4,1,0,0,40,
47,5,14,0,9,1,4,1,0,0,40,
24,3,13,4,6,1,4,1,0,0,65,
29,3,10,4,11,1,4,1,0,0,30,
74,0,10,6,13,1,4,0,0,0,18,
50,3,7,2,13,0,4,1,0,0,70,
22,3,10,4,0,1,4,0,0,0,40,
48,3,8,5,0,3,2,0,0,0,40,
30,3,5,2,5,2,4,1,0,0,40,
32,3,13,2,11,0,4,1,0,0,40,
39,3,9,2,6,0,4,1,0,0,40,
49,3,10,2,2,0,4,1,0,0,40,
25,3,13,4,0,3,4,0,0,0,40,
50,3,13,2,0,5,4,0,0,0,40,
44,3,9,2,13,0,4,1,0,0,40,
65,3,11,2,4,0,4,1,6767,0,60,
28,0,12,2,0,0,4,1,0,0,60,
55,3,13,6,0,4,4,0,0,0,40,
49,1,13,4,9,3,4,0,0,0,50,
31,3,9,5,3,4,4,0,0,0,12,
47,3,9,2,6,5,2,0,0,0,40,
45,3,9,2,13,0,4,1,0,0,40,
35,3,9,4,7,1,2,0,0,0,40,
34,5,13,2,11,0,1,1,0,0,60,
49,1,9,6,10,1,2,1,0,0,40,
39,8,10,0,14,1,4,0,0,0,35,
27,3,9,4,7,1,4,0,0,0,42,
42,3,9,2,5,0,4,1,0,0,40,
60,8,3,2,14,0,4,1,0,0,30,
64,5,9,4,7,1,4,1,1055,0,40,
33,3,10,2,11,0,4,1,0,0,48,
23,3,10,4,0,1,4,0,0,0,40,
45,3,14,2,3,0,4,1,0,0,50,
34,3,9,4,6,4,2,0,0,0,40,
53,3,9,0,11,1,4,0,0,0,37,
22,3,6,4,2,1,4,1,0,0,30,
57,6,9,5,7,1,4,0,0,0,35,
20,8,10,4,14,3,4,0,0,0,8,
23,3,4,4,2,3,2,1,0,0,40,
31,3,7,4,13,4,4,1,0,0,40,
23,6,13,4,12,1,4,1,0,0,22,
30,3,9,5,0,4,4,0,0,0,40,
32,1,13,5,9,1,4,0,0,0,50,
42,3,12,2,0,5,2,0,0,0,40,
51,3,4,2,13,0,4,1,0,0,40,
59,5,13,2,11,0,4,1,15024,0,40,
36,3,13,4,3,3,4,0,0,0,40,
45,3,9,4,11,1,2,1,0,0,40,
35,3,11,2,11,0,4,1,0,0,50,
33,3,4,2,6,0,4,1,0,0,40,
43,3,11,0,9,4,4,0,0,0,40,
60,3,9,2,12,5,4,0,0,0,40,
37,6,13,2,9,0,4,1,0,0,55,
35,3,10,4,12,4,4,0,0,0,40,
36,3,10,2,0,0,4,1,0,0,52,
38,0,15,2,9,0,4,1,0,1977,50,
54,3,4,2,2,0,4,1,0,0,40,
51,3,11,2,5,0,4,1,0,0,40,
45,3,12,2,2,0,4,1,0,0,45,
63,0,10,0,3,4,4,0,0,0,40,
51,3,10,2,2,0,4,1,0,0,40,
58,5,14,0,11,1,4,1,0,0,18,
64,1,9,0,0,1,4,0,0,0,40,
20,3,10,4,5,3,4,1,0,0,40,
44,0,13,2,0,0,1,1,0,0,40,
39,3,13,0,3,4,4,0,0,0,48,
45,6,10,4,0,4,4,0,0,0,40,
44,3,16,2,0,0,4,1,0,0,55,
22,0,10,4,3,1,4,0,0,0,40,
63,4,9,2,3,0,4,1,0,0,40,
26,3,11,5,7,1,2,1,0,0,40,
42,5,13,2,4,0,4,1,0,0,45,
20,3,9,4,7,3,4,0,0,0,25,
29,3,14,2,11,0,4,1,7298,0,40,
38,1,13,4,3,4,1,1,0,1741,40,
25,3,9,4,13,3,4,1,0,0,40,
27,3,13,2,2,2,4,1,0,0,50,
46,3,11,0,0,1,4,0,0,0,40,
31,3,10,0,2,1,4,1,0,0,60,
24,3,11,4,3,3,4,1,0,0,35,
43,3,10,2,11,0,4,1,0,0,50,
23,3,8,4,6,3,4,1,0,0,21,
32,1,9,4,13,4,2,0,0,0,37,
44,3,9,2,2,0,4,1,0,0,40,
40,5,13,2,11,0,4,1,0,0,40,
38,3,9,0,2,4,4,1,0,0,40,
23,3,11,4,6,1,4,1,0,0,40,
19,3,10,4,11,3,4,0,0,1602,10,
41,3,10,2,11,0,4,1,0,0,40,
48,3,9,2,2,0,4,1,0,0,40,
23,3,10,2,6,0,4,1,0,1902,40,
47,3,12,6,7,3,4,0,0,0,35,
42,3,9,2,2,0,4,1,0,0,40,
17,3,6,4,11,2,4,0,0,0,10,
29,1,15,4,9,1,4,0,0,0,70,
21,6,10,4,9,1,4,0,0,0,20,
18,8,7,4,14,3,4,1,0,0,27,
31,3,9,2,7,0,4,1,0,0,40,
27,1,13,4,9,4,4,0,0,0,40,
29,3,16,4,9,1,4,1,0,0,40,
23,3,13,4,11,1,4,0,0,0,45,
41,3,14,2,9,0,1,1,0,0,55,
46,1,13,2,9,0,4,1,0,0,35,
34,3,10,2,10,2,2,0,0,0,25,
42,5,9,2,2,0,4,1,0,0,24,
18,3,9,4,5,3,4,0,0,1719,15,
46,3,9,0,2,1,4,1,0,0,37,
18,8,7,4,14,3,4,1,0,0,15,
52,3,10,2,2,0,4,1,0,0,40,
56,3,9,0,2,4,4,0,0,0,40,
21,3,11,4,6,3,4,1,0,0,40,
22,5,9,4,2,2,4,1,0,0,20,
31,3,13,0,0,4,4,0,0,0,45,
41,5,9,2,7,0,4,1,0,0,60,
25,3,10,5,0,4,4,0,0,0,40,
43,5,13,0,3,1,4,1,0,0,60,
45,3,9,5,11,1,4,0,0,0,40,
26,3,10,0,12,1,4,1,0,0,60,
90,3,10,4,7,1,1,1,0,0,35,
45,3,13,2,11,0,4,1,0,1902,40,
30,3,13,2,7,5,4,0,0,0,40,
42,3,10,2,2,0,4,1,0,0,40,
20,3,10,4,5,3,4,1,0,0,35,
53,3,13,2,9,0,4,1,7688,0,40,
64,6,9,6,0,1,4,0,0,0,38,
56,3,4,6,13,1,4,1,0,0,20,
42,3,10,3,9,1,4,1,0,0,40,
26,3,13,2,11,5,4,0,0,0,40,
31,1,12,4,0,3,0,0,0,0,40,
40,3,13,2,0,5,4,0,0,0,40,
58,3,10,6,2,1,4,1,0,0,40,
41,3,13,2,3,0,4,1,0,0,40,
58,4,9,4,11,1,4,1,0,0,47,
62,6,14,2,9,0,4,1,0,0,60,
65,4,13,2,11,0,4,1,99999,0,60,
40,3,10,4,2,1,4,1,0,0,40,
45,1,10,2,10,0,4,1,0,0,40,
22,3,9,4,2,3,4,1,0,0,55,
23,8,10,4,14,3,1,1,0,0,20,
63,0,14,2,3,0,4,1,0,0,50,
39,3,13,2,3,0,4,1,0,1887,50,
37,3,10,6,2,4,4,1,0,0,40,
25,8,13,3,14,1,4,1,0,0,40,
56,3,7,2,4,0,4,1,0,0,50,
32,3,10,0,11,1,4,1,0,0,50,
53,0,10,2,3,5,1,0,0,1887,40,
32,3,11,0,9,1,4,1,0,0,40,
23,5,7,2,13,0,4,1,7688,0,60,
35,3,7,5,13,1,4,1,0,0,90,
51,3,10,2,3,0,4,1,0,1887,65,
19,3,10,4,0,3,4,0,0,0,20,
41,3,7,3,6,1,4,1,0,0,40,
22,3,6,4,13,3,4,1,0,0,25,
23,3,9,4,12,3,4,0,0,0,40,
36,3,14,2,3,0,1,1,0,0,40,
27,8,10,0,14,1,4,0,0,0,25,
45,3,11,2,2,0,4,1,0,0,40,
23,5,9,4,4,1,4,1,0,0,25,
21,3,7,4,7,4,2,0,0,0,40,
44,3,14,2,3,0,4,1,15024,0,40,
29,3,13,2,11,0,4,1,0,0,40,
36,5,11,2,12,0,4,1,0,0,60,
18,3,5,4,5,3,4,1,594,0,40,
62,5,8,2,2,0,4,1,0,0,40,
25,0,10,4,3,1,2,1,0,0,40,
34,3,12,0,3,1,4,0,0,0,45,
31,3,13,4,3,1,4,0,14344,0,50,
37,3,13,2,3,0,4,1,15024,0,40,
33,3,13,2,4,0,4,1,0,0,40,
22,8,10,4,14,3,4,0,0,0,30,
28,3,12,2,11,0,4,1,0,0,30,
22,8,10,5,14,3,4,1,0,0,25,
47,3,9,2,7,0,4,1,0,0,40,
67,8,7,2,14,0,4,1,0,419,3,
20,8,6,4,14,3,4,1,0,0,40,
34,3,13,2,3,0,4,1,0,0,70,
26,3,15,2,9,0,4,1,99999,0,60,
36,3,10,2,2,0,4,1,7298,0,44,
28,3,9,4,5,3,4,1,0,0,40,
22,3,9,4,13,3,2,1,0,0,40,
47,3,10,5,7,1,2,0,0,0,35,
33,3,11,4,0,1,4,1,0,0,45,
34,4,14,5,9,1,4,0,4787,0,40,
25,3,9,4,2,3,4,1,0,0,40,
37,3,5,2,5,0,4,1,3781,0,50,
36,6,9,2,10,0,4,1,0,0,40,
61,1,13,5,9,1,4,1,0,0,30,
74,8,5,2,14,0,4,1,3471,0,40,
57,3,10,2,2,0,4,1,0,0,40,
55,3,16,4,9,1,4,1,0,0,40,
20,3,9,0,11,1,2,0,0,0,40,
43,3,9,4,11,1,2,0,0,0,44,
54,3,9,2,6,0,4,1,0,0,40,
25,3,10,5,0,4,4,0,0,0,40,
42,3,10,0,3,1,4,1,0,1408,40,
23,8,10,4,14,1,4,0,0,0,35,
17,3,7,4,2,3,4,1,0,0,10,
39,8,9,4,14,1,4,1,0,1590,40,
63,3,4,3,7,4,0,0,0,0,40,
19,3,10,4,3,3,4,0,0,0,30,
56,4,13,2,11,0,4,1,15024,0,50,
33,5,13,2,11,0,4,1,0,0,45,
37,3,13,2,4,0,4,1,0,0,50,
27,3,4,2,13,0,4,1,0,0,45,
36,1,13,2,0,0,4,1,0,0,40,
30,4,9,2,3,0,4,1,0,0,65,
22,3,13,4,9,1,4,1,0,0,55,
35,3,10,2,5,0,4,1,0,1579,40,
20,3,9,4,5,1,4,1,0,0,45,
18,3,10,4,11,3,4,0,0,0,40,
25,3,8,4,6,1,4,1,0,1741,40,
53,3,14,4,9,1,4,0,0,1564,54,
21,8,10,4,14,3,4,0,0,0,40,
19,3,9,4,11,3,4,0,0,0,35,
34,3,9,0,6,1,4,1,0,0,30,
32,6,10,4,0,1,2,0,0,0,40,
20,3,10,4,6,3,0,1,0,0,40,
70,3,4,2,7,0,4,1,0,0,25,
57,3,13,2,3,0,4,1,0,0,40,
54,3,10,2,11,0,4,1,3137,0,50,
34,3,11,2,6,0,4,1,0,0,40,
48,3,10,2,3,0,4,1,0,0,40,
42,3,7,2,7,5,4,0,0,0,40,
45,3,9,4,0,1,4,1,3325,0,40,
27,3,10,4,7,3,4,1,0,0,40,
51,3,6,2,7,0,4,1,0,0,40,
36,1,10,0,0,4,4,0,0,0,65,
33,3,10,4,3,3,1,1,0,0,40,
50,3,10,4,4,1,4,1,0,0,40,
44,3,13,0,3,4,4,1,0,2547,50,
39,1,14,2,9,0,4,1,0,0,40,
55,5,5,2,4,0,4,1,0,0,25,
24,3,10,4,0,3,4,0,0,0,40,
35,3,9,4,11,1,4,1,0,0,40,
32,5,8,2,2,0,4,1,0,0,40,
66,8,13,2,14,0,4,1,0,2174,40,
68,3,9,6,0,1,4,0,0,2206,30,
29,3,7,2,13,0,4,1,0,0,60,
24,5,13,4,11,1,4,1,0,0,40,
61,3,5,2,6,0,4,1,0,0,40,
34,3,9,2,6,0,4,1,0,0,44,
55,4,15,2,9,0,4,1,0,2415,35,
20,8,10,4,14,3,4,1,0,0,36,
41,3,9,4,11,3,4,0,0,0,40,
36,5,9,2,4,0,4,1,0,0,84,
60,3,9,2,2,0,4,1,7298,0,40,
61,5,9,2,2,0,4,1,0,0,52,
35,3,15,2,11,0,1,1,0,0,35,
42,6,13,2,3,0,4,1,0,0,50,
26,3,13,4,12,1,4,1,0,0,40,
44,1,10,4,7,4,2,0,0,0,40,
31,6,14,4,0,1,4,1,0,0,25,
39,6,9,4,7,1,2,1,0,0,40,
20,3,10,4,12,3,4,0,0,0,24,
32,4,10,2,2,0,4,1,0,0,40,
32,5,9,2,11,0,4,1,0,0,40,
61,3,5,2,6,0,2,1,0,0,20,
54,1,10,0,0,4,4,0,0,0,40,
23,3,12,4,2,2,4,1,0,0,40,
19,3,9,4,11,3,4,1,0,0,3,
31,3,10,2,9,0,0,1,0,0,40,
35,3,3,2,5,0,4,1,0,0,40,
29,3,9,0,7,1,4,0,0,0,25,
29,1,9,4,10,1,2,0,0,0,40,
25,3,6,5,7,3,4,0,0,0,25,
46,3,13,0,11,1,4,0,0,0,40,
35,3,11,4,7,4,4,0,0,0,30,
20,3,6,4,11,1,3,1,0,0,40,
24,5,9,2,0,5,4,0,0,0,40,
48,3,9,0,0,4,4,0,0,0,37,
37,3,9,0,6,1,4,0,0,0,40,
60,5,9,2,11,0,4,1,0,0,40,
39,3,9,2,2,0,4,1,0,0,40,
29,1,10,5,0,4,4,0,0,0,38,
31,5,11,0,2,3,4,1,0,0,20,
38,3,11,2,2,0,4,1,4386,0,40,
26,5,12,4,2,1,4,1,0,0,40,
64,3,13,2,3,0,4,1,15024,0,40,
46,3,11,0,10,1,2,1,0,0,40,
69,8,9,2,14,0,4,1,0,0,8,
39,3,9,2,11,0,4,1,3103,0,44,
48,3,9,0,6,1,4,0,0,0,55,
46,3,9,0,11,2,4,0,0,0,40,
42,3,13,0,11,1,4,1,0,1590,40,
39,5,9,2,11,5,2,0,0,0,54,
50,0,14,2,12,0,4,1,0,0,40,
24,3,13,4,9,1,4,0,0,0,40,
30,3,11,2,12,2,4,0,0,0,40,
39,4,13,2,11,0,4,1,0,2415,60,
29,5,9,2,2,0,4,1,0,0,40,
23,3,7,4,13,3,4,0,0,0,38,
21,8,11,4,14,1,4,1,0,0,40,
32,3,6,5,2,1,4,1,0,0,40,
69,4,13,2,6,0,4,1,3818,0,30,
55,3,9,5,5,4,4,1,0,0,40,
41,3,10,2,11,0,4,1,0,0,50,
44,4,13,2,3,0,4,1,7688,0,52,
18,3,7,4,0,1,4,1,0,0,40,
74,5,13,2,3,0,4,1,0,0,10,
40,3,16,2,9,0,4,1,0,0,40,
27,3,9,2,2,0,4,1,0,0,40,
75,8,5,2,14,0,2,1,1409,0,5,
55,3,9,0,0,1,4,0,0,0,40,
52,5,4,2,2,0,0,1,0,0,40,
54,3,10,0,11,4,4,0,0,0,48,
36,3,9,0,2,4,4,1,0,0,48,
76,8,10,2,14,0,4,1,0,0,8,
26,3,9,4,5,3,4,0,0,0,40,
18,3,7,4,2,3,4,1,0,0,20,
38,3,9,0,3,1,4,1,0,0,50,
50,3,13,2,13,0,4,1,7298,0,40,
19,8,10,4,14,3,4,0,0,0,25,
32,3,10,2,3,0,4,1,0,0,60,
57,3,13,2,11,0,4,1,0,0,40,
20,3,9,4,10,3,2,1,0,0,40,
27,3,10,4,0,1,4,0,0,0,40,
31,5,13,3,3,1,4,1,0,1980,60,
60,3,3,0,6,1,4,0,0,0,40,
52,3,9,0,2,4,4,0,0,0,50,
61,3,4,2,13,0,4,1,0,0,40,
57,5,9,6,2,1,4,1,0,0,55,
19,8,10,4,14,3,4,1,0,0,40,
59,5,15,2,11,0,4,1,0,0,25,
34,5,9,4,2,1,4,1,0,0,45,
31,3,12,2,2,1,1,1,0,0,50,
42,3,9,0,10,1,2,1,0,0,35,
70,3,10,4,0,1,4,0,0,0,6,
47,3,13,2,0,0,1,1,0,0,40,
47,8,9,2,14,0,4,1,3942,0,40,
29,3,10,2,13,0,4,1,0,0,45,
27,3,7,4,5,2,2,1,0,0,40,
25,3,8,2,7,5,4,0,0,0,40,
51,3,13,2,3,0,4,1,5178,0,60,
28,3,9,4,7,3,2,0,0,0,40,
35,3,13,2,2,0,4,1,0,0,40,
36,5,10,2,2,0,4,1,0,0,60,
54,8,14,4,14,1,4,0,0,0,40,
46,3,11,2,2,0,4,1,0,0,40,
52,3,11,5,7,4,4,0,0,0,35,
65,3,4,2,6,0,4,1,0,0,40,
43,3,11,0,6,1,4,1,0,0,40,
41,1,9,0,9,4,1,0,0,0,40,
34,3,13,4,3,2,4,0,0,1741,45,
47,5,13,2,3,0,4,1,0,0,30,
49,0,14,4,3,1,4,1,0,0,56,
21,3,10,4,7,1,4,0,0,0,25,
20,3,10,4,7,1,4,0,0,0,25,
18,1,8,4,10,3,4,1,0,0,40,
27,3,10,4,11,1,2,1,0,0,40,
34,5,9,2,2,0,4,1,0,0,50,
38,3,10,0,0,4,4,0,0,0,40,
24,3,9,4,0,1,4,1,0,0,40,
34,3,10,4,11,1,4,1,0,0,65,
47,3,9,2,6,0,4,1,0,0,50,
27,0,9,5,3,4,2,0,0,0,40,
63,3,11,6,0,4,4,0,0,0,8,
34,3,10,2,0,0,2,1,0,0,40,
25,3,10,3,11,1,4,1,0,0,50,
54,3,9,6,6,4,4,1,914,0,40,
19,8,10,4,14,3,4,0,0,0,35,
35,3,9,0,11,1,4,0,0,0,50,
24,3,10,2,13,0,4,1,0,0,70,
26,3,10,4,0,3,1,0,0,0,35,
59,1,11,0,0,1,4,0,0,0,40,
43,3,16,3,9,1,4,0,0,0,40,
20,3,10,4,7,3,4,0,0,0,40,
41,3,9,2,4,0,4,1,0,0,40,
51,3,10,2,11,0,4,1,0,0,40,
27,3,9,4,0,4,3,0,0,0,40,
36,3,9,2,3,0,4,1,0,0,40,
25,3,10,4,4,3,4,1,0,0,60,
55,3,13,2,11,0,4,1,0,0,50,
22,1,10,4,9,1,4,0,0,0,21,
58,6,16,2,9,0,1,1,4064,0,40,
43,3,10,2,0,5,4,0,4064,0,15,
39,3,11,2,0,5,4,0,0,0,20,
40,3,5,4,6,4,2,0,0,0,40,
46,3,9,0,3,1,4,1,0,0,45,
54,0,9,4,0,4,4,0,0,0,20,
19,3,10,4,11,3,2,1,0,0,30,
24,3,9,2,0,0,4,1,0,0,40,
53,8,9,2,14,0,4,1,0,0,40,
24,6,14,4,9,1,4,1,0,0,13,
29,5,9,4,4,3,4,1,0,0,65,
56,4,10,2,3,0,4,1,7688,0,50,
54,8,9,2,14,0,4,1,0,0,40,
21,8,10,4,14,1,4,0,0,0,30,
34,3,5,5,2,1,4,1,0,0,40,
56,3,7,0,6,1,4,0,0,0,40,
34,3,13,2,9,0,4,1,7688,0,50,
19,3,6,4,11,4,2,0,0,0,40,
32,4,9,2,11,0,4,1,0,0,65,
48,3,9,0,0,4,4,0,0,0,52,
67,8,14,2,14,0,2,1,0,0,40,
47,3,9,2,13,0,4,1,0,0,25,
52,3,9,2,13,0,4,1,0,0,60,
40,3,2,3,6,4,4,0,0,0,40,
28,3,6,2,2,0,4,1,0,0,50,
41,3,13,2,3,0,4,1,7298,0,50,
57,3,2,0,2,4,4,1,0,0,40,
51,3,9,0,0,1,4,0,0,0,40,
26,8,7,4,14,1,4,0,0,0,35,
36,3,13,2,9,0,1,1,0,0,45,
33,3,10,2,3,0,4,1,0,0,50,
46,3,13,2,2,0,4,1,0,0,45,
50,3,9,0,0,2,1,0,0,0,40,
33,3,10,3,2,1,4,1,0,0,40,
77,5,9,4,6,1,4,1,401,0,20,
39,3,14,4,3,1,2,1,8614,0,52,
67,8,9,6,14,4,4,1,0,0,3,
35,3,12,0,5,4,4,0,0,0,24,
23,3,6,4,2,3,2,0,0,0,40,
37,3,11,0,9,1,4,0,8614,0,45,
41,3,9,2,13,0,4,1,0,0,50,
60,3,12,2,0,0,4,1,0,0,35,
32,3,13,4,0,1,4,1,0,0,55,
56,0,9,2,13,0,0,1,0,0,40,
45,6,11,0,12,4,4,0,0,0,40,
24,3,9,0,3,1,4,0,0,0,45,
18,3,6,4,5,3,4,1,0,0,27,
31,3,9,2,7,0,3,1,0,0,40,
21,8,10,4,14,3,4,1,0,0,50,
45,3,13,2,3,0,4,1,0,1977,55,
23,3,10,4,7,1,4,0,0,0,40,
45,6,10,2,3,0,4,1,0,0,40,
18,3,7,4,11,2,0,0,0,0,25,
25,3,9,2,13,0,2,1,0,0,30,
31,6,9,2,11,0,4,1,0,0,40,
19,3,9,4,6,2,4,1,0,0,45,
41,3,13,2,3,0,4,1,0,0,40,
74,3,15,6,0,1,2,0,0,0,20,
27,3,3,4,13,1,4,1,0,0,40,
23,3,9,4,0,1,4,0,0,0,40,
31,3,11,2,11,0,4,1,0,0,40,
40,4,9,2,5,0,4,1,0,0,40,
41,0,9,2,13,0,4,1,0,0,40,
25,3,14,4,11,1,4,1,0,0,20,
42,3,9,2,2,0,0,1,0,0,60,
24,3,13,4,2,1,4,0,0,0,40,
42,3,12,2,2,0,4,1,0,0,50,
45,5,6,2,2,0,4,1,0,0,70,
52,0,9,2,3,0,4,1,7298,0,40,
34,3,11,0,2,1,4,1,0,0,40,
32,3,9,4,5,2,4,1,0,0,60,
54,3,9,2,2,0,4,1,0,0,45,
42,0,7,4,12,1,4,1,0,1340,40,
32,3,13,2,12,0,4,1,15024,0,40,
40,8,10,2,14,5,4,0,0,0,20,
55,4,13,2,11,0,4,1,0,0,60,
66,8,7,4,14,1,4,1,0,0,30,
52,6,14,2,9,0,4,1,0,0,40,
21,6,10,4,0,1,4,0,0,0,15,
33,3,13,2,3,5,4,0,0,0,40,
52,8,11,2,14,0,4,1,0,0,50,
28,3,3,4,6,1,4,0,0,0,40,
27,5,7,2,2,0,4,1,0,0,40,
42,1,13,0,9,1,4,0,0,0,50,
27,4,10,4,0,3,4,0,0,0,45,
47,3,11,2,2,0,4,1,7688,0,40,
19,3,9,4,7,1,4,0,0,0,40,
46,3,10,2,2,0,4,1,0,0,40,
55,5,9,6,7,1,4,0,0,0,25,
50,3,4,2,11,0,3,1,0,0,49,
32,3,10,4,0,1,4,0,4101,0,50,
28,3,9,2,0,5,4,0,0,0,40,
23,3,9,4,0,3,2,0,0,0,40,
43,3,14,3,3,1,4,1,0,0,50,
34,3,13,2,9,0,4,1,0,0,40,
19,3,10,4,0,1,1,1,0,0,40,
37,3,10,2,3,0,1,1,0,0,55,
27,3,13,4,0,2,1,0,0,0,40,
18,3,9,4,11,3,4,0,0,0,24,
31,3,10,6,0,4,4,0,0,0,40,
49,3,9,2,13,0,4,1,0,0,50,
26,0,15,2,9,0,4,1,0,0,60,
48,3,9,2,2,0,4,1,0,0,45,
39,3,9,2,2,0,2,1,0,0,40,
41,3,9,5,6,4,4,0,0,0,40,
48,6,11,0,9,4,4,0,0,0,56,
40,3,13,0,3,1,4,0,10520,0,40,
70,3,13,2,11,0,4,1,0,0,70,
20,3,9,4,5,3,4,1,0,0,43,
38,3,3,2,7,0,4,1,0,0,75,
37,5,10,5,7,3,4,0,0,0,40,
49,3,10,6,3,1,4,0,0,0,40,
51,3,9,2,5,0,4,1,3103,0,40,
43,3,2,4,11,3,4,1,0,0,40,
38,3,15,4,9,1,4,1,0,0,50,
18,8,7,4,14,3,4,1,0,0,36,
23,3,4,4,7,1,4,1,0,0,25,
34,3,9,2,2,0,4,1,0,0,40,
62,8,10,2,14,0,4,1,0,0,24,
33,3,10,4,0,4,4,1,0,0,40,
31,3,10,4,4,1,4,0,0,0,45,
64,3,10,6,12,4,4,0,0,0,40,
26,1,13,2,9,0,4,1,0,0,28,
55,3,10,2,9,0,4,1,0,0,40,
61,1,13,3,9,1,4,1,0,0,40,
37,3,9,2,12,0,4,1,0,0,40,
78,1,13,2,3,0,4,1,0,0,15,
27,0,10,4,0,4,2,0,0,0,40,
49,3,9,0,9,1,4,1,0,0,42,
55,6,14,2,9,0,4,1,7688,0,45,
42,3,13,2,13,0,4,1,0,0,58,
22,8,9,4,14,2,4,0,0,0,40,
61,3,5,2,2,0,4,1,0,0,40,
64,5,13,2,0,0,4,1,0,0,5,
46,1,9,2,7,0,4,1,0,0,40,
24,3,13,4,3,1,4,1,0,0,40,
27,3,10,2,2,0,4,1,2829,0,70,
47,3,9,2,13,0,4,1,7688,0,55,
18,3,10,0,7,3,4,1,0,0,15,
48,3,9,2,11,0,4,1,0,0,50,
50,5,9,0,4,1,4,1,0,0,40,
40,6,14,0,9,1,4,0,0,0,45,
56,5,6,0,11,3,4,1,0,0,40,
34,3,9,4,0,1,4,0,4865,0,40,
56,0,13,2,11,0,4,1,0,0,40,
18,3,7,4,7,3,4,1,0,0,20,
21,3,10,4,7,3,4,0,0,0,25,
40,3,9,0,12,4,4,0,0,0,40,
27,1,9,2,5,2,4,1,0,0,50,
52,5,15,2,9,0,4,1,99999,0,45,
46,3,9,0,11,1,4,0,0,0,30,
23,3,9,4,0,3,4,0,0,0,40,
50,3,10,2,12,0,4,1,0,0,45,
19,3,10,4,6,2,4,1,0,0,50,
20,3,9,4,7,1,4,1,0,0,40,
39,3,10,0,3,1,4,0,8614,0,40,
24,3,7,4,2,3,4,1,0,0,35,
72,3,11,6,0,1,4,0,0,0,40,
42,6,14,2,9,5,4,0,0,0,20,
42,3,13,0,11,4,4,1,0,0,45,
51,3,13,0,3,1,0,1,0,0,50,
39,3,9,2,11,0,4,1,0,0,50,
40,1,10,4,0,4,0,0,2977,0,35,
34,3,10,2,11,0,4,1,0,0,55,
19,3,7,4,5,3,4,1,0,0,40,
26,3,9,4,3,3,4,0,0,0,40,
45,1,13,0,9,4,4,0,4934,0,50,
28,3,14,4,9,1,4,0,0,0,40,
30,0,13,4,9,1,4,1,0,0,40,
32,3,9,4,0,1,4,0,0,0,40,
19,3,10,4,7,3,4,0,0,0,25,
21,3,9,4,7,3,4,1,0,0,35,
54,3,9,2,8,2,2,0,0,0,20,
62,3,15,2,9,0,4,1,0,0,30,
25,3,10,4,7,1,4,1,2597,0,48,
49,4,10,0,3,4,4,0,0,0,32,
32,3,9,2,2,0,4,1,0,0,40,
26,3,10,4,9,1,4,1,0,1602,40,
37,1,9,2,10,0,4,1,0,0,40,
58,3,9,0,11,2,4,0,0,0,40,
37,3,10,2,0,5,4,0,7298,0,45,
41,3,9,4,3,1,4,0,0,0,40,
38,3,13,2,3,0,4,1,7688,0,40,
47,6,9,2,7,0,4,1,0,0,40,
42,3,9,0,7,4,2,1,0,0,35,
30,6,9,2,0,0,4,1,0,1902,40,
43,3,10,2,11,0,4,1,7688,0,40,
34,3,9,2,6,0,2,1,0,0,40,
57,3,10,0,3,2,4,0,594,0,10,
46,3,7,2,6,0,4,1,0,0,40,
32,3,10,2,13,0,4,1,0,0,55,
20,3,5,4,6,3,4,0,0,0,11,
47,3,11,0,11,1,4,1,0,0,50,
55,8,9,0,14,1,4,1,0,0,20,
53,5,4,2,3,0,4,1,4386,0,50,
43,3,13,2,11,0,4,1,0,0,65,
80,5,4,2,4,0,4,1,0,0,30,
24,3,10,4,7,3,4,0,0,0,40,
43,1,14,2,3,0,4,1,0,1977,60,
22,3,9,4,5,3,4,1,0,0,40,
40,3,10,5,3,1,2,1,0,0,40,
48,3,9,2,3,0,4,1,0,0,50,
56,8,9,2,14,0,4,1,0,0,25,
34,8,7,0,14,3,4,1,0,0,84,
51,3,9,2,2,0,4,1,0,0,45,
24,0,9,4,0,1,4,0,0,0,40,
19,3,9,4,7,3,4,0,0,0,40,
34,3,10,0,0,4,4,0,0,0,30,
24,3,9,4,2,3,4,1,0,0,40,
41,3,13,2,13,0,4,1,0,0,48,
24,3,9,0,11,1,4,0,0,0,38,
22,1,10,4,10,3,4,1,0,0,40,
32,0,10,0,0,4,4,0,0,0,40,
41,3,13,0,3,1,4,0,0,0,55,
20,3,10,4,7,3,4,1,0,0,35,
31,3,9,4,7,1,2,1,0,0,40,
55,3,13,2,12,0,4,1,0,0,18,
49,6,16,2,9,0,2,1,0,1902,60,
26,3,13,4,11,3,4,1,0,0,40,
27,5,9,0,13,1,4,1,0,0,70,
35,3,9,5,0,1,4,0,0,0,40,
40,3,9,0,7,1,4,1,0,0,60,
59,3,10,2,9,0,4,1,0,0,34,
61,3,10,2,11,0,4,1,0,0,45,
31,3,9,4,11,3,2,0,0,0,40,
43,0,14,0,10,1,4,1,0,0,60,
61,3,3,4,5,1,2,1,0,2339,40,
54,3,12,6,0,4,4,0,0,0,30,
30,3,10,2,11,0,4,1,0,0,50,
20,3,10,4,11,1,4,0,0,0,50,
27,6,14,4,9,1,4,0,0,0,50,
44,4,10,0,6,1,4,1,0,0,60,
64,3,10,6,0,1,4,0,0,0,40,
55,3,9,0,0,1,4,0,0,0,40,
34,3,9,0,2,1,4,1,6849,0,55,
61,3,9,6,11,1,4,0,0,0,35,
28,3,13,2,9,0,4,1,0,0,40,
34,3,9,0,6,4,2,0,0,0,40,
47,4,15,2,9,0,4,1,0,1977,60,
26,3,13,4,0,1,4,1,0,0,45,
35,3,7,4,7,4,0,1,0,0,40,
36,3,13,2,9,0,4,1,0,0,38,
47,3,13,2,9,0,4,1,0,0,40,
17,3,7,4,7,3,2,0,0,0,25,
35,3,10,2,9,0,4,1,0,0,60,
33,3,14,4,9,3,4,1,0,0,20,
25,3,12,2,0,5,4,0,0,0,40,
18,3,6,4,11,3,4,1,0,0,10,
47,6,14,5,9,1,4,1,0,0,38,
44,3,9,6,7,4,2,0,0,0,30,
41,3,9,0,7,4,4,0,0,0,30,
30,3,13,4,0,1,4,0,0,0,40,
53,5,10,2,4,0,4,1,0,0,50,
53,3,9,6,7,4,2,0,0,0,20,
40,3,9,2,11,5,4,0,5013,0,20,
24,3,10,4,0,1,4,1,0,2205,24,
27,3,13,4,11,3,4,1,0,0,40,
50,3,3,2,13,0,4,1,0,0,37,
36,3,7,2,2,0,4,1,0,0,50,
41,3,2,2,6,0,4,1,0,0,40,
41,3,14,4,9,1,4,0,0,0,40,
31,3,9,4,7,1,4,0,0,0,40,
32,0,13,2,3,0,4,1,0,0,40,
22,3,10,4,6,3,4,1,0,0,48,
22,3,6,0,2,3,4,1,0,0,40,
18,1,8,4,9,3,4,1,0,0,30,
39,3,13,2,9,0,2,1,0,0,30,
38,3,9,2,3,5,4,0,0,0,55,
35,6,9,2,2,0,4,1,0,0,40,
23,3,10,4,6,1,4,1,0,0,40,
54,5,13,2,3,0,4,1,0,0,40,
36,3,14,2,9,0,4,1,0,0,60,
63,1,9,2,3,0,4,1,0,0,55,
39,3,10,2,3,0,4,1,0,0,48,
57,5,10,2,11,0,4,1,0,0,60,
58,4,15,2,9,0,4,1,0,1977,50,
29,3,13,4,0,1,1,0,0,0,40,
17,3,7,4,11,3,4,0,0,0,20,
40,3,9,0,2,1,4,1,0,0,40,
69,5,10,2,7,5,4,0,0,0,15,
28,3,6,0,11,1,4,0,0,0,40,
38,3,5,2,2,0,4,1,0,0,40,
44,3,15,4,9,1,4,1,14084,0,40,
45,1,15,0,9,4,2,0,0,1726,40,
33,6,13,2,0,0,2,1,0,0,40,
41,1,10,2,7,0,4,1,0,1485,40,
37,4,9,2,11,0,4,1,7688,0,60,
50,3,10,2,11,0,4,1,0,0,45,
48,3,13,2,9,0,4,1,0,0,50,
26,8,9,4,14,4,2,0,0,0,40,
36,3,10,2,3,0,4,1,0,0,60,
21,3,10,4,7,3,4,0,0,0,37,
37,3,12,2,4,0,4,1,0,0,40,
20,6,10,4,9,3,4,0,0,0,20,
54,5,9,2,11,5,4,0,0,0,30,
28,3,9,5,11,2,4,0,0,0,40,
27,3,10,4,9,1,4,1,0,0,40,
33,3,11,4,7,4,2,0,0,0,40,
46,8,9,2,14,0,4,1,0,0,40,
28,8,7,0,14,4,4,0,0,0,58,
17,8,6,4,14,3,4,1,0,0,40,
40,5,15,4,9,1,4,1,0,2444,45,
47,3,14,2,11,0,4,1,0,0,40,
44,3,2,4,6,1,4,0,0,0,40,
25,3,8,4,5,4,4,1,0,0,43,
35,3,13,2,9,0,4,1,0,0,55,
29,3,10,2,11,5,4,0,0,0,25,
30,3,9,0,6,4,4,1,0,0,40,
30,3,10,2,5,0,4,1,0,0,40,
56,5,4,0,7,4,4,0,0,0,40,
25,5,13,4,9,3,4,1,0,0,30,
28,3,9,4,5,3,2,1,0,0,40,
43,5,5,2,2,0,4,1,0,0,40,
47,1,9,2,10,0,4,1,0,0,60,
46,5,13,2,2,0,4,1,0,0,40,
41,6,14,0,9,4,4,0,0,0,35,
38,0,12,2,0,5,4,0,7688,0,33,
29,3,9,4,10,2,2,1,0,0,40,
25,3,3,4,2,1,4,1,0,0,40,
56,3,7,2,2,0,4,1,0,0,45,
31,3,4,2,5,0,4,1,0,0,40,
22,3,7,4,7,2,4,1,0,0,40,
31,3,9,4,5,2,4,1,0,0,40,
28,3,10,5,0,1,4,0,0,0,40,
53,3,13,2,3,0,2,1,0,0,40,
45,3,14,0,3,1,4,0,0,0,50,
71,3,1,6,2,4,2,1,0,0,10,
65,8,9,6,14,4,4,0,0,0,40,
39,3,9,2,2,0,4,1,7298,0,50,
19,0,9,1,11,5,4,0,0,0,40,
34,1,13,0,9,4,4,0,0,0,40,
36,3,9,2,0,0,4,1,0,0,45,
40,3,9,3,7,3,4,0,0,0,40,
90,3,10,5,0,3,4,0,0,0,40,
56,3,15,2,3,0,4,1,0,0,16,
21,3,9,4,9,1,4,0,0,0,40,
48,3,13,2,3,0,4,1,0,0,45,
45,3,10,5,0,4,4,0,0,0,27,
46,3,9,2,6,0,4,1,0,0,40,
64,3,6,5,7,1,4,0,0,0,35,
29,1,14,4,9,3,1,1,0,0,40,
22,3,9,0,12,4,4,0,0,0,30,
47,3,9,2,13,0,4,1,0,0,48,
67,4,13,2,3,0,4,1,0,2392,75,
43,3,9,2,5,0,4,1,0,0,40,
42,3,10,2,11,0,4,1,0,0,40,
31,3,10,2,7,0,4,1,0,1672,50,
53,3,7,0,7,4,4,0,0,0,40,
81,3,5,6,8,1,2,0,2062,0,5,
33,1,9,0,0,3,4,0,0,1138,40,
17,3,8,4,7,3,4,0,0,0,8,
55,4,15,2,3,0,4,1,0,0,50,
28,3,9,4,5,3,4,1,0,0,30,
24,3,10,4,11,3,4,0,0,0,40,
40,3,9,5,0,4,4,0,0,0,45,
30,1,14,4,0,1,4,0,0,0,40,
24,3,7,4,6,4,4,0,0,0,40,
26,3,14,2,11,5,4,0,0,0,40,
38,3,10,0,11,4,4,0,0,0,38,
30,3,9,2,12,0,4,1,0,0,40,
33,3,13,2,3,0,4,1,0,0,50,
40,3,9,2,11,0,4,1,0,0,60,
63,5,9,2,4,0,4,1,0,0,98,
23,3,4,4,2,2,4,1,0,0,36,
56,3,9,0,2,4,2,1,0,0,40,
42,5,11,2,3,0,4,1,0,0,60,
40,3,9,4,2,1,4,1,0,0,40,
49,3,12,2,11,5,4,0,0,1902,40,
35,3,9,3,2,1,1,1,0,0,40,
52,3,9,0,6,3,2,0,0,0,35,
28,3,13,4,0,3,4,0,0,0,40,
35,3,6,2,13,0,4,1,0,0,70,
21,8,10,4,14,3,4,0,0,0,5,
43,5,9,4,2,1,4,1,0,0,35,
32,8,11,4,14,4,4,0,0,0,2,
29,5,15,4,9,3,4,1,0,0,50,
23,3,13,4,6,3,4,1,0,0,25,
50,1,10,2,0,0,4,1,0,1740,48,
34,3,10,4,7,3,2,1,0,0,40,
19,3,9,4,7,3,4,1,0,0,40,
47,3,7,2,6,5,2,0,0,0,40,
37,5,10,2,4,0,4,1,0,0,40,
25,3,9,4,11,4,2,0,0,0,35,
75,3,10,2,3,0,4,1,0,0,35,
24,3,9,2,2,0,4,1,0,0,40,
28,6,13,4,12,3,1,1,0,0,20,
17,1,7,4,7,3,4,0,0,0,16,
31,3,9,4,2,3,2,1,0,0,40,
31,3,1,4,7,2,4,0,0,0,35,
18,8,9,4,14,3,4,1,0,0,10,
45,3,13,2,9,0,4,1,0,0,55,
31,3,9,4,2,3,4,1,0,0,42,
27,3,13,2,9,0,4,1,0,0,42,
48,3,10,6,3,4,2,0,0,1669,38,
22,8,9,2,14,5,4,0,0,0,22,
34,3,13,2,10,0,2,1,0,0,30,
26,3,9,4,6,4,2,0,0,0,40,
53,3,10,2,9,0,4,1,0,0,40,
60,3,13,2,3,0,4,1,0,0,35,
49,1,14,5,9,4,4,0,0,0,50,
40,3,10,0,3,1,4,0,0,0,40,
48,4,6,2,4,0,4,1,0,0,80,
23,3,13,4,9,1,4,1,0,0,50,
68,8,4,6,14,1,2,1,0,0,10,
42,3,11,2,9,0,4,1,0,0,40,
37,5,9,4,4,3,4,1,0,0,85,
27,3,9,4,2,3,4,0,0,0,45,
38,3,10,2,3,0,4,1,0,0,44,
27,3,9,4,2,1,4,1,0,0,35,
75,3,9,6,0,1,4,0,0,0,40,
49,4,13,2,11,0,4,1,0,0,52,
27,3,10,4,11,1,4,1,0,0,20,
36,5,13,4,4,1,4,1,0,0,50,
36,3,13,2,9,0,4,1,3103,0,45,
35,3,9,0,5,3,4,1,0,0,35,
36,3,9,2,11,0,4,1,0,0,40,
53,3,7,2,2,0,2,1,0,0,40,
27,3,10,4,0,4,2,0,0,0,40,
34,3,9,0,2,1,4,1,3325,0,35,
61,3,10,2,11,0,4,1,0,0,44,
29,3,9,0,6,4,4,1,0,0,56,
40,6,10,0,0,4,2,0,0,0,35,
37,3,14,4,3,1,4,1,0,0,40,
22,3,5,4,5,2,4,1,0,0,30,
43,4,10,2,3,0,4,1,0,0,40,
55,5,9,2,4,0,4,1,0,0,30,
28,3,10,0,0,4,4,0,0,0,40,
23,3,13,4,7,3,4,0,0,0,30,
64,1,7,2,2,0,2,1,0,0,40,
46,3,10,4,5,1,4,1,0,0,40,
29,3,10,4,2,3,4,1,0,0,40,
44,3,14,2,3,0,1,1,0,0,48,
20,3,10,4,9,3,4,1,0,0,25,
62,5,10,0,11,1,4,1,0,0,40,
49,3,11,4,3,4,4,0,0,0,35,
29,3,6,2,4,5,0,0,0,0,40,
35,5,13,2,11,0,4,1,0,0,60,
39,1,7,2,13,0,4,1,0,0,30,
39,3,13,4,3,1,4,1,0,0,45,
37,3,9,0,6,2,4,0,0,0,32,
38,3,9,2,5,0,4,1,2829,0,30,
72,8,9,2,14,0,4,1,0,0,8,
31,3,4,2,6,0,4,1,0,0,40,
55,3,4,2,2,0,4,1,0,0,60,
38,3,10,5,7,4,4,0,0,0,40,
33,3,10,0,11,1,4,0,0,0,25,
25,3,12,4,0,1,4,0,0,0,40,
19,8,10,4,14,3,4,1,0,0,30,
37,3,11,0,12,4,4,0,0,0,52,
49,3,10,0,12,2,4,1,0,0,35,
26,3,9,4,2,2,4,1,0,0,40,
35,3,9,2,2,0,4,1,0,0,43,
44,4,9,2,11,5,4,0,0,0,60,
37,3,14,5,3,1,4,1,0,0,45,
42,3,13,2,9,0,4,1,0,0,45,
64,6,16,4,9,1,4,0,4787,0,40,
28,3,9,2,5,0,4,1,0,0,40,
35,5,9,4,3,1,4,1,4650,0,50,
40,6,13,2,0,0,4,1,0,0,40,
55,0,13,2,9,0,4,1,0,0,40,
21,3,9,4,4,3,4,1,0,0,65,
49,3,10,4,3,1,2,0,0,0,40,
51,6,16,2,9,0,4,1,0,0,40,
57,3,15,2,2,0,1,1,0,1902,40,
51,3,13,2,2,0,4,1,0,0,40,
38,3,6,4,2,1,2,1,0,0,40,
24,3,9,4,11,3,4,0,0,1762,32,
45,5,9,2,2,0,4,1,0,0,40,
28,3,9,2,6,0,4,1,0,0,45,
42,4,15,2,9,0,4,1,0,2415,60,
22,3,10,4,7,1,4,1,0,0,40,
28,6,14,2,3,0,4,1,0,0,40,
60,3,9,6,6,4,4,0,0,0,40,
31,3,9,5,6,4,4,0,0,2238,40,
47,3,10,2,2,0,4,1,0,0,75,
40,8,9,0,14,1,4,1,0,0,25,
30,3,9,1,0,0,4,1,0,0,60,
61,3,14,2,11,0,4,1,0,0,60,
71,1,13,6,9,4,4,0,0,0,6,
42,3,9,0,0,3,4,0,0,0,40,
44,1,8,2,2,0,4,1,0,0,55,
46,5,10,2,11,0,4,1,0,0,60,
50,1,15,4,3,1,2,0,0,0,52,
27,6,13,4,9,1,4,1,0,0,9,
40,8,11,2,14,0,4,1,0,0,15,
21,3,10,4,0,2,4,0,0,0,40,
25,3,9,4,5,2,4,1,0,0,35,
61,3,3,0,13,1,4,1,0,1876,56,
54,3,10,0,0,1,4,1,0,0,30,
31,3,13,4,11,1,4,1,0,0,40,
53,5,10,2,4,0,4,1,0,0,30,
39,4,12,2,3,0,4,1,15024,0,55,
57,4,15,2,13,0,4,1,15024,0,50,
48,3,13,0,11,4,4,0,0,0,44,
30,3,10,2,13,0,4,1,0,0,56,
35,3,9,2,5,0,4,1,0,0,60,
42,5,9,2,3,0,4,1,0,0,50,
34,5,9,2,6,0,4,1,0,0,40,
59,3,9,2,11,0,4,1,0,0,40,
69,1,6,2,3,0,4,1,0,0,20,
29,3,10,4,0,3,4,0,0,0,40,
40,3,9,2,13,0,4,1,0,0,40,
21,3,10,4,7,3,4,1,0,0,15,
40,3,12,0,9,1,4,0,0,0,40,
43,3,10,2,2,0,4,1,0,0,40,
36,3,9,0,5,1,4,1,0,0,40,
41,3,9,3,9,1,1,1,0,0,40,
72,8,9,6,14,1,4,1,0,0,30,
20,3,10,4,13,3,4,1,0,0,30,
41,1,13,6,0,1,4,0,0,0,40,
34,3,10,0,3,1,4,1,0,0,50,
48,3,7,0,7,4,2,0,0,0,40,
27,3,9,4,3,3,4,0,0,0,40,
35,3,10,2,3,0,4,1,15024,0,60,
28,8,9,4,14,3,2,1,0,0,40,
27,3,9,4,2,3,2,1,0,0,40,
20,3,10,4,11,3,4,1,0,0,40,
18,3,10,4,11,3,4,0,0,0,15,
32,3,13,2,11,0,4,1,0,0,40,
38,3,14,2,3,0,4,1,0,0,60,
23,6,10,4,7,3,4,1,0,0,40,
28,3,13,2,3,0,4,1,0,0,45,
40,6,15,2,9,0,4,1,0,0,38,
35,3,9,0,6,4,4,0,0,0,40,
74,4,10,6,3,4,4,1,0,0,40,
28,3,9,4,2,3,4,1,0,0,40,
23,3,10,4,5,3,4,1,0,0,30,
20,5,10,4,4,3,4,1,0,2258,10,
44,3,9,0,6,4,2,0,0,0,56,
46,1,9,0,0,4,4,0,0,0,25,
20,8,10,4,14,3,4,1,0,0,40,
51,5,13,2,11,0,4,1,15024,0,50,
40,3,10,5,0,1,4,0,0,0,40,
48,3,15,2,12,0,4,1,0,1977,40,
60,5,5,2,4,0,4,1,0,1672,84,
48,4,13,2,3,0,4,1,0,0,40,
46,1,13,2,9,5,4,0,0,0,70,
48,4,13,2,3,0,4,1,0,0,40,
22,8,9,4,14,4,2,0,0,0,35,
24,1,13,4,9,1,4,0,0,0,40,
45,6,10,0,9,4,4,0,0,0,40,
18,3,8,4,11,3,4,0,0,0,35,
39,3,9,2,6,0,4,1,0,0,40,
65,4,9,2,4,0,4,1,0,2352,65,
22,3,10,0,6,3,4,0,0,0,40,
20,3,10,4,7,3,4,0,0,0,20,
28,3,10,2,11,0,4,1,0,0,40,
46,3,15,2,9,0,4,1,99999,0,50,
42,1,13,2,3,0,4,1,0,1977,48,
61,6,16,2,9,0,4,1,0,0,40,
28,3,10,2,3,3,4,1,7688,0,50,
18,3,10,4,11,3,4,0,0,0,20,
24,0,13,4,9,1,1,1,0,0,40,
45,3,16,2,9,0,4,1,0,0,56,
24,3,9,4,0,3,4,1,0,0,40,
44,3,13,2,3,0,4,1,15024,0,50,
20,3,10,4,7,3,4,1,0,0,30,
35,3,10,2,12,0,4,1,2829,0,55,
52,4,13,2,11,0,4,1,0,0,60,
25,3,12,4,4,1,4,1,2354,0,45,
19,3,3,4,4,1,4,1,0,0,36,
35,8,13,2,14,0,4,1,0,0,20,
54,3,10,0,0,4,4,0,0,0,40,
21,3,10,4,2,3,4,1,0,0,40,
26,3,9,2,0,5,4,0,0,0,40,
42,3,11,0,0,4,4,0,0,0,40,
19,3,10,4,0,3,4,0,0,0,40,
55,3,14,2,3,0,4,1,0,1977,50,
44,6,9,2,0,0,4,1,0,0,40,
25,3,13,4,3,3,4,1,0,0,55,
26,3,10,2,6,0,4,1,0,0,40,
64,0,12,5,9,1,4,0,0,0,40,
41,3,7,0,7,4,3,0,0,0,40,
25,8,10,4,14,3,2,1,0,0,40,
43,3,10,2,13,0,4,1,0,0,40,
45,3,9,4,2,3,4,1,10520,0,48,
48,0,13,2,9,0,4,1,0,0,44,
60,3,9,2,13,0,4,1,0,0,40,
45,5,10,4,4,1,4,1,0,0,50,
51,3,6,2,11,0,4,1,0,1977,40,
37,0,9,0,0,4,4,0,0,0,40,
22,3,10,4,0,3,4,1,0,0,30,
44,3,9,2,2,0,4,1,0,0,65,
27,3,9,2,2,0,4,1,0,0,50,
47,1,9,2,2,0,4,1,0,0,40,
32,3,14,2,3,0,2,1,0,1977,40,
40,3,13,2,3,0,4,1,0,0,50,
41,3,9,2,11,0,4,1,0,0,40,
32,8,6,0,14,1,4,0,0,0,40,
26,3,13,4,9,1,4,0,0,0,40,
47,3,10,2,3,0,1,1,0,0,40,
55,4,9,2,3,0,4,1,0,0,45,
38,3,9,2,5,0,4,1,0,0,40,
24,6,13,4,9,1,4,1,0,0,15,
64,5,16,2,3,0,4,1,0,0,25,
56,0,13,2,9,0,4,1,0,0,40,
41,3,9,2,11,0,4,1,0,0,49,
33,3,9,2,11,0,4,1,7298,0,45,
33,3,15,4,9,3,4,1,0,0,42,
21,3,10,2,7,0,4,1,0,0,40,
59,1,9,6,2,1,2,1,0,0,40,
58,3,11,2,3,0,4,1,0,0,40,
43,1,14,0,9,4,4,1,0,0,40,
21,3,9,4,2,3,2,1,0,0,40,
45,3,9,4,6,1,4,1,0,0,40,
53,1,9,2,3,5,4,0,0,0,50,
41,3,15,2,0,0,4,1,0,0,50,
27,3,6,2,3,5,4,0,0,0,40,
53,3,10,2,2,0,4,1,0,0,50,
38,3,14,2,9,0,4,1,0,0,35,
31,3,13,2,3,0,4,1,0,0,70,
41,3,9,2,13,0,4,1,0,0,35,
22,6,10,4,0,3,4,0,0,0,40,
43,5,14,2,11,0,4,1,0,0,60,
41,6,10,4,9,1,4,1,0,0,40,
27,3,10,2,5,5,4,0,0,0,35,
41,1,10,2,3,0,4,1,0,0,40,
36,3,15,0,9,1,4,1,99999,0,45,
49,3,13,2,0,5,4,0,0,0,40,
20,3,9,4,5,3,4,1,0,0,45,
58,5,9,3,7,4,4,0,0,0,45,
35,5,8,4,7,1,2,0,0,0,40,
30,1,9,2,10,0,4,1,0,0,40,
21,3,9,4,2,3,4,1,0,0,40,
29,3,12,4,6,4,4,1,0,0,45,
40,3,9,6,11,1,4,0,0,0,40,
54,6,13,4,9,4,1,0,0,0,40,
35,3,13,2,11,0,4,1,0,0,60,
35,3,13,2,11,0,4,1,0,0,50,
40,3,13,3,7,1,4,0,0,0,40,
59,3,9,5,11,4,2,0,0,0,40,
43,4,10,2,6,0,4,1,0,0,50,
39,3,6,2,2,0,4,1,0,0,60,
51,3,4,5,6,1,2,0,0,0,30,
71,3,10,4,7,1,4,0,2964,0,60,
33,3,8,0,6,4,2,0,0,0,40,
28,3,9,0,7,3,2,1,0,0,35,
30,3,9,3,11,4,4,1,0,0,40,
20,3,3,3,4,2,4,1,0,0,40,
51,4,9,2,11,0,4,1,0,0,50,
39,3,9,2,6,5,4,0,0,0,40,
62,3,10,2,11,0,1,1,0,0,40,
37,3,9,4,3,3,4,1,0,0,60,
28,3,5,4,6,1,4,1,0,0,50,
23,3,9,4,11,3,1,1,0,0,48,
39,3,13,2,11,5,4,0,0,0,30,
50,4,13,6,11,4,4,1,0,0,65,
31,3,4,4,2,4,4,1,0,0,40,
45,1,13,2,3,0,4,1,0,1977,50,
23,8,13,4,14,3,3,1,0,0,40,
47,3,6,6,6,1,4,1,0,0,40,
59,3,9,6,9,1,4,0,0,0,18,
32,3,12,2,5,0,4,1,0,0,40,
82,8,4,6,14,1,4,1,0,0,5,
49,3,13,2,11,0,4,1,0,2415,55,
74,0,9,6,7,1,4,1,0,0,17,
22,3,10,4,0,3,4,1,0,0,35,
32,3,10,2,2,0,4,1,0,0,55,
34,3,13,2,4,0,4,1,0,0,50,
59,3,13,2,2,0,4,1,0,0,60,
36,3,13,2,11,0,4,1,0,0,50,
59,3,7,0,0,4,4,0,0,0,40,
47,4,13,0,3,1,4,1,0,0,70,
53,1,9,2,7,0,4,1,0,2002,45,
25,5,10,4,2,4,4,1,0,0,35,
44,3,13,0,0,1,2,1,0,0,65,
57,5,15,2,11,5,4,0,15024,0,35,
42,5,13,2,4,0,4,1,0,1902,80,
58,1,6,2,13,0,4,1,0,0,40,
39,3,13,2,11,0,4,1,3464,0,40,
32,8,9,4,14,3,2,1,0,0,40,
45,3,4,0,6,1,4,1,0,0,48,
47,3,13,2,3,5,2,0,0,0,35,
52,8,10,2,14,0,4,1,0,0,50,
56,5,2,5,3,1,4,1,0,0,25,
52,3,9,0,6,1,4,0,0,0,40,
34,3,9,4,7,4,2,0,0,0,35,
36,5,4,2,2,0,4,1,0,0,35,
41,3,9,3,2,1,4,1,0,0,40,
30,3,10,4,9,3,4,1,0,0,40,
44,3,13,2,3,0,3,1,0,0,40,
17,8,10,4,14,3,1,0,0,0,40,
34,3,10,4,7,4,4,0,0,0,40,
41,3,10,5,7,1,2,1,0,0,40,
29,3,9,4,5,1,4,1,0,0,40,
25,3,5,4,6,2,4,1,0,0,48,
42,1,13,5,9,4,4,1,0,0,40,
48,3,10,2,11,0,4,1,3103,0,40,
26,3,11,4,11,1,4,1,0,0,55,
64,4,9,2,0,5,4,0,20051,0,40,
46,4,13,2,11,0,4,1,0,0,45,
38,3,13,2,3,0,4,1,0,1887,50,
49,6,7,2,0,0,4,1,0,0,40,
23,3,10,4,11,3,2,0,0,0,20,
46,1,13,4,9,1,4,0,0,0,40,
30,3,9,4,5,4,4,1,0,0,55,
49,5,9,2,2,0,4,1,0,0,40,
47,8,11,0,14,1,4,1,0,0,40,
44,3,13,2,9,0,4,1,0,0,50,
31,3,9,0,2,3,4,1,0,1669,50,
19,3,9,4,5,3,4,1,0,0,50,
45,3,12,0,9,4,4,0,5455,0,38,
34,3,13,2,9,0,4,1,0,1848,40,
26,3,9,4,2,1,4,1,0,0,40,
38,5,9,2,13,0,4,1,0,0,40,
31,3,10,4,0,1,4,0,0,0,43,
36,4,12,5,3,1,4,1,0,0,50,
31,3,13,2,3,0,4,1,0,0,60,
30,3,13,2,12,0,4,1,0,0,40,
37,3,9,2,9,0,4,1,0,0,40,
30,3,13,4,9,1,2,1,0,0,50,
21,8,9,2,14,5,2,0,0,0,30,
73,3,6,6,7,1,4,0,0,0,10,
38,0,14,2,3,0,4,1,0,0,40,
30,3,6,4,2,1,4,1,0,0,50,
33,3,9,2,2,0,4,1,0,0,50,
52,1,13,2,9,0,4,1,7688,0,40,
58,3,10,0,0,4,4,0,0,0,46,
34,1,14,4,9,1,4,0,0,0,50,
35,3,9,2,2,0,4,1,0,0,40,
59,0,9,2,2,0,4,1,0,0,40,
45,3,13,0,3,4,4,0,0,0,40,
27,3,10,4,13,1,4,1,0,0,48,
31,1,16,4,9,1,4,1,0,0,50,
45,3,10,4,4,2,4,1,0,0,50,
40,3,9,5,7,2,4,0,0,0,25,
27,3,15,2,0,0,4,1,0,0,40,
19,3,9,4,7,3,4,1,0,0,20,
29,3,3,4,7,1,4,1,0,0,25,
34,4,10,2,4,0,4,1,0,0,72,
32,6,12,2,2,0,4,1,0,0,40,
49,3,7,2,2,0,4,1,0,0,40,
33,3,7,0,3,4,4,0,0,0,40,
74,8,4,2,14,0,4,1,0,0,2,
62,3,13,2,9,0,4,1,0,0,50,
39,5,9,2,3,0,4,1,0,0,40,
43,3,9,0,3,4,4,0,0,0,40,
22,3,10,4,12,1,4,0,0,0,60,
24,3,9,2,13,0,4,1,0,0,45,
76,8,9,2,14,0,4,1,0,0,40,
25,3,10,4,7,4,2,0,0,0,40,
19,3,10,4,11,1,4,0,0,0,28,
31,3,12,0,0,4,4,0,0,0,41,
53,3,7,0,2,2,4,0,0,0,40,
61,3,9,2,0,0,4,1,0,0,3,
47,3,13,2,7,0,4,1,0,0,40,
37,3,9,0,0,4,4,0,0,0,45,
50,5,13,0,3,1,4,1,0,0,30,
27,3,10,4,11,1,4,1,0,0,44,
58,3,9,0,0,1,4,0,0,0,40,
43,3,9,2,5,0,2,1,0,0,40,
39,3,12,2,0,0,4,1,0,0,40,
36,3,10,4,11,1,4,0,0,0,35,
56,3,13,2,9,0,4,1,0,0,50,
26,3,9,2,4,0,4,1,0,0,55,
23,3,13,4,9,3,4,0,0,0,38,
47,3,7,4,13,1,2,1,0,0,40,
68,3,8,6,11,1,4,0,0,0,30,
47,1,10,4,10,1,2,1,0,0,40,
45,0,10,2,12,0,4,1,7688,0,40,
26,3,10,2,3,0,4,1,0,0,60,
20,3,9,4,6,3,4,1,0,1590,40,
46,3,10,4,0,3,4,0,0,0,40,
37,3,12,2,12,0,4,1,0,0,50,
37,3,10,2,2,0,4,1,0,0,45,
43,3,10,2,13,0,4,1,0,0,42,
59,3,14,6,9,1,4,0,0,0,40,
39,3,9,0,0,4,4,0,0,0,40,
32,3,10,0,4,1,4,0,0,1590,54,
63,3,10,2,9,0,4,1,0,0,16,
45,3,13,2,9,0,4,1,0,0,60,
59,3,13,0,0,4,4,0,0,0,40,
36,8,8,4,14,1,4,1,0,0,35,
26,3,9,4,12,2,4,1,0,0,40,
34,3,9,0,0,4,4,0,0,0,40,
41,3,9,2,2,0,4,1,0,0,40,
26,3,9,4,5,3,2,1,0,0,40,
53,3,9,0,6,1,4,0,0,0,40,
33,3,9,2,0,5,4,0,0,0,35,
46,3,13,2,3,0,4,1,0,0,50,
79,8,9,6,14,1,2,0,0,0,30,
31,3,9,6,2,4,4,0,0,0,40,
24,3,9,5,7,1,4,1,0,0,40,
57,1,9,0,0,4,4,0,0,0,62,
40,3,9,5,7,4,4,0,0,0,47,
41,4,11,2,11,0,3,1,0,2179,84,
20,3,10,4,0,3,4,1,0,0,26,
45,3,7,4,6,1,2,0,0,0,40,
27,3,11,5,0,4,4,0,0,0,40,
36,3,3,3,2,2,4,1,0,0,40,
30,3,9,2,2,0,4,1,0,0,40,
36,3,13,2,9,5,4,0,0,0,40,
25,3,9,3,4,1,3,1,0,0,40,
30,8,10,4,14,1,4,0,0,1719,25,
31,3,9,2,0,5,4,0,0,0,40,
49,3,9,2,2,0,4,1,7688,0,45,
26,3,7,4,5,4,4,1,0,0,20,
25,3,13,4,9,1,4,1,0,0,40,
29,3,11,4,0,3,4,0,0,0,40,
24,3,10,4,0,3,4,0,3325,0,52,
41,3,9,2,0,0,4,1,0,0,40,
35,3,14,4,3,1,4,1,0,0,40,
57,4,13,2,11,5,4,0,0,0,40,
21,3,7,4,8,2,4,0,0,0,40,
29,3,6,4,7,3,2,0,0,0,32,
36,3,10,2,3,0,4,1,0,0,40,
20,3,10,4,0,3,4,0,0,0,25,
51,3,13,2,3,0,4,1,0,0,40,
39,3,7,2,6,0,4,1,0,0,40,
36,3,13,2,3,0,4,1,5013,0,50,
40,5,15,2,9,0,4,1,99999,0,70,
61,3,9,2,3,0,4,1,0,0,50,
38,3,15,2,9,0,4,1,0,0,60,
20,8,10,4,14,3,4,1,0,0,35,
21,3,9,5,7,3,4,0,0,0,35,
40,3,9,0,12,4,4,0,0,0,40,
46,3,6,2,2,0,4,1,0,0,45,
21,3,10,2,2,0,4,1,0,0,54,
35,5,6,2,13,0,2,1,0,0,50,
39,3,13,2,11,0,4,1,0,0,40,
38,5,9,2,2,0,4,1,0,0,60,
30,3,9,5,0,4,4,0,0,0,40,
28,3,5,4,6,4,3,1,0,0,40,
32,3,13,2,3,0,4,1,0,0,40,
46,5,11,2,2,0,4,1,0,0,40,
40,3,11,2,2,0,4,1,0,0,40,
47,3,9,2,6,5,2,0,15024,0,40,
44,3,6,2,13,0,4,1,0,0,40,
38,3,9,2,11,0,4,1,3464,0,40,
51,8,9,3,14,1,4,1,0,0,20,
46,5,13,2,4,0,4,1,0,0,40,
51,3,16,2,9,0,4,1,15024,0,60,
45,3,16,6,9,4,4,1,15020,0,40,
20,3,10,4,7,3,4,0,0,0,20,
44,3,13,2,9,0,4,1,0,0,45,
33,3,11,2,4,0,4,1,0,0,45,
18,3,9,4,7,3,4,0,0,0,30,
61,4,15,5,9,1,4,1,0,0,40,
50,6,13,4,3,1,4,0,0,0,40,
47,0,9,4,6,3,2,1,0,0,40,
34,3,13,2,3,0,4,1,0,0,50,
53,3,9,2,13,0,2,1,0,0,60,
39,5,10,2,2,0,4,1,0,0,40,
58,3,9,2,2,0,4,1,0,0,40,
66,8,9,2,14,0,2,1,0,0,18,
26,3,7,4,4,1,4,1,0,0,50,
41,3,3,2,0,0,4,1,0,0,40,
47,1,10,2,3,0,4,1,0,0,40,
31,3,11,2,6,0,0,1,0,0,40,
52,3,10,2,3,0,4,1,0,0,40,
29,3,12,2,11,0,4,1,0,0,50,
43,3,5,5,5,4,2,0,0,0,50,
42,0,14,2,3,0,4,1,0,0,40,
35,3,10,4,6,1,2,0,0,0,30,
41,3,9,2,6,0,4,1,2885,0,40,
34,3,13,2,11,0,4,1,7298,0,60,
52,5,10,2,2,0,4,1,0,0,40,
61,3,10,2,2,0,4,1,0,0,40,
39,1,9,5,3,4,4,1,0,0,40,
19,3,10,4,11,1,4,0,0,0,25,
46,6,13,2,3,0,4,1,7688,0,40,
39,3,10,4,3,1,4,1,0,0,45,
22,3,10,4,7,1,4,1,0,0,50,
30,6,9,5,0,1,4,0,0,0,40,
40,3,11,0,7,1,4,0,0,0,32,
43,3,13,3,9,1,4,1,3325,0,40,
37,3,3,2,4,0,4,1,0,0,36,
23,3,12,4,7,3,4,1,0,0,20,
39,1,12,0,9,1,4,1,0,0,59,
54,3,14,2,11,0,4,1,0,0,40,
46,4,10,2,11,0,4,1,0,0,60,
20,3,10,4,13,3,4,0,0,0,40,
50,5,13,2,12,5,4,0,0,0,50,
17,3,6,4,11,3,4,0,0,0,15,
36,3,9,2,6,0,4,1,0,0,40,
37,3,9,2,11,0,4,1,0,0,45,
53,3,9,0,7,1,4,0,0,0,38,
50,3,9,2,13,0,4,1,0,0,40,
38,3,9,2,2,0,4,1,0,0,40,
63,5,9,2,2,0,4,1,0,0,32,
53,3,9,2,2,0,4,1,0,0,50,
40,8,13,0,14,1,4,0,0,0,50,
23,4,10,4,9,1,4,1,0,0,50,
20,3,9,4,5,1,4,1,0,0,43,
46,3,10,2,2,0,2,1,0,0,40,
28,3,6,4,7,2,0,1,0,0,40,
59,3,14,0,9,1,4,1,0,0,50,
41,3,13,2,3,0,4,1,0,0,40,
33,3,1,2,4,0,4,1,0,0,40,
56,3,8,2,2,0,4,1,0,0,40,
50,5,9,2,11,0,4,1,15024,0,55,
31,1,13,4,3,1,4,0,0,0,50,
41,3,11,0,11,3,4,1,0,0,50,
38,3,13,2,9,5,4,0,7688,0,40,
25,6,12,4,0,3,4,0,0,0,40,
18,8,9,4,14,2,3,0,0,0,12,
49,1,13,0,9,4,2,0,0,0,40,
39,3,10,4,6,3,4,1,0,0,40,
22,8,10,4,14,3,4,0,0,0,20,
21,3,10,4,9,3,4,0,0,0,25,
35,3,13,2,11,0,4,1,0,0,40,
21,8,9,4,14,4,4,0,0,0,40,
38,3,9,2,2,0,4,1,0,0,40,
55,3,4,6,7,4,4,0,0,0,20,
31,3,9,0,13,1,4,1,0,0,55,
17,4,7,4,9,3,4,1,0,0,20,
31,3,13,2,0,0,4,1,7298,0,50,
25,1,13,4,9,1,4,1,0,0,40,
39,3,14,2,3,0,4,1,0,0,55,
50,3,4,2,6,0,4,1,0,0,40,
38,1,13,2,9,5,4,0,0,0,20,
50,3,10,2,11,0,4,1,0,0,60,
63,3,6,2,3,0,4,1,0,0,40,
31,3,9,2,13,0,4,1,0,0,50,
23,3,13,4,9,3,4,0,0,0,40,
18,3,10,4,7,3,4,1,0,0,20,
43,1,13,0,9,4,4,0,0,0,48,
34,3,10,2,3,0,4,1,0,0,50,
18,3,7,4,11,3,4,1,0,0,35,
46,3,9,2,6,0,2,1,4386,0,40,
35,3,13,4,11,4,4,0,0,0,40,
46,6,14,4,3,1,4,0,0,0,38,
59,3,11,2,12,0,4,1,7298,0,40,
31,3,4,4,5,1,4,0,0,0,30,
27,3,9,0,11,4,4,0,0,0,37,
41,3,14,2,9,0,4,1,0,0,40,
42,3,9,4,2,3,2,1,0,0,40,
55,3,13,2,3,0,4,1,0,0,40,
34,8,9,4,14,1,2,0,0,0,40,
44,3,9,4,6,1,4,0,0,0,40,
26,3,13,4,3,1,4,0,0,1669,50,
36,3,11,2,9,5,4,0,0,0,40,
69,3,5,2,7,0,4,1,1424,0,35,
33,3,10,4,0,4,4,0,0,0,40,
30,3,11,2,9,0,4,1,0,0,40,
35,3,9,2,7,5,4,0,0,0,16,
25,3,13,4,3,1,4,0,0,0,40,
21,3,10,4,7,3,2,1,0,0,40,
18,3,7,4,7,2,2,1,0,0,15,
35,5,10,2,2,0,4,1,0,0,60,
20,3,9,2,5,0,4,1,0,0,50,
26,3,14,2,9,0,4,1,5013,0,40,
46,3,13,2,12,0,4,1,0,0,40,
31,3,13,4,9,4,4,0,0,0,36,
40,3,15,2,2,0,4,1,5178,0,40,
40,3,9,0,3,4,4,0,0,625,52,
31,3,13,4,3,1,4,0,0,0,40,
32,5,16,2,3,0,4,1,0,0,40,
23,5,10,0,0,3,4,1,0,0,40,
25,1,14,4,10,1,4,1,0,0,40,
37,3,10,2,13,0,4,1,0,0,50,
18,3,10,4,11,3,4,0,0,0,20,
55,3,9,6,11,1,4,0,0,0,38,
52,3,5,0,2,4,4,0,0,0,40,
26,3,9,4,0,3,4,0,0,0,40,
37,3,10,4,12,1,4,1,0,0,40,
39,3,9,0,3,4,4,0,0,0,45,
62,5,13,0,9,1,4,0,0,0,40,
19,8,10,4,14,3,4,0,0,0,25,
47,3,9,2,2,0,4,1,0,0,45,
51,1,13,2,10,0,4,1,0,0,40,
55,3,9,0,7,4,4,0,0,0,40,
30,3,9,2,2,0,4,1,0,0,35,
59,0,10,2,2,0,4,1,0,0,36,
45,5,6,2,2,0,4,1,0,0,65,
52,3,10,2,3,0,4,1,15024,0,45,
21,3,9,4,5,3,4,1,0,0,20,
31,3,9,2,6,0,4,1,0,0,55,
29,3,10,4,0,3,2,1,0,0,40,
24,3,9,2,5,0,4,1,0,0,40,
17,3,6,4,7,3,4,1,0,0,24,
47,3,9,0,6,1,2,0,0,0,40,
46,3,10,2,11,0,4,1,0,0,50,
32,8,9,0,14,4,4,0,0,0,28,
34,3,6,4,4,1,4,1,0,0,44,
63,3,8,2,13,0,4,1,0,0,40,
21,3,10,4,7,3,4,1,0,0,25,
18,3,9,4,7,2,2,1,0,0,36,
49,6,16,2,3,0,4,1,0,0,50,
81,5,9,6,0,1,4,0,0,0,20,
36,4,12,2,3,0,4,1,0,0,40,
47,3,9,2,2,0,4,1,0,0,40,
36,3,14,2,11,0,4,1,0,0,50,
39,5,11,2,4,0,4,1,0,0,60,
46,3,13,4,11,1,4,0,0,0,35,
43,1,10,2,0,5,4,0,0,1902,40,
39,1,13,0,0,4,4,0,0,0,35,
29,3,10,5,11,1,4,0,0,0,40,
23,3,9,4,5,3,2,0,0,0,16,
57,3,6,2,2,0,4,1,0,0,43,
38,5,9,4,11,4,2,0,0,0,42,
25,3,13,4,11,3,4,0,0,0,40,
39,1,10,2,3,0,4,1,0,0,40,
24,3,10,4,11,1,2,1,0,0,40,
56,3,14,2,2,0,4,1,0,1977,44,
39,3,8,0,11,1,4,0,0,0,40,
23,3,11,4,11,4,4,0,0,0,60,
17,8,7,4,14,1,3,0,0,0,20,
67,5,9,0,3,1,4,0,3273,0,16,
41,3,13,4,0,1,1,1,0,0,50,
24,1,13,4,9,3,4,0,0,0,50,
51,3,13,0,3,1,2,1,10520,0,40,
30,4,9,0,7,1,4,0,0,0,60,
47,4,9,2,4,0,4,1,15024,0,40,
56,3,9,4,6,1,4,1,0,0,32,
51,3,9,0,2,1,4,1,0,0,38,
57,5,10,2,3,0,4,1,0,0,55,
34,3,10,0,7,4,4,0,0,0,40,
24,3,13,4,9,1,4,1,0,0,40,
57,3,9,2,6,0,4,1,0,0,40,
38,3,9,2,6,0,4,1,0,0,40,
23,3,9,4,12,1,4,0,0,0,40,
35,3,4,2,6,0,4,1,0,0,40,
58,3,9,2,2,0,4,1,0,0,52,
19,8,9,4,14,3,4,0,1055,0,12,
19,8,4,4,14,1,4,1,0,0,40,
68,6,16,2,9,0,4,1,0,2377,60,
43,3,10,2,3,0,4,1,0,1902,40,
17,3,7,4,7,3,4,0,0,0,20,
53,6,16,2,9,0,4,1,7688,0,50,
37,4,16,2,9,0,2,1,0,0,99,
21,8,13,4,14,1,1,1,0,0,25,
63,3,9,2,2,0,4,1,0,0,40,
31,3,10,3,13,4,4,1,0,0,50,
29,3,9,2,7,0,4,1,0,0,40,
43,1,10,2,10,0,4,1,0,1887,40,
27,3,15,4,9,1,4,0,0,0,65,
25,5,9,4,7,2,4,1,0,0,32,
28,3,9,4,9,1,4,0,0,0,40,
54,3,9,0,11,4,4,0,0,0,35,
74,8,10,6,14,1,4,0,0,0,12,
31,1,10,4,3,3,0,0,0,0,32,
23,3,10,4,12,1,4,1,0,0,48,
19,3,13,4,9,3,4,0,0,0,30,
39,8,1,6,14,1,4,0,0,0,20,
61,5,9,2,4,5,4,0,22040,0,40,
59,8,9,2,14,5,4,0,7688,0,40,
27,4,11,2,7,5,4,0,0,0,36,
19,3,10,4,0,3,2,0,0,0,20,
23,8,9,4,14,3,4,1,0,0,40,
25,1,9,0,0,1,0,0,0,0,35,
40,3,10,2,12,0,4,1,0,0,48,
53,3,7,0,7,1,4,0,0,0,37,
32,3,13,4,9,1,4,1,0,0,45,
72,5,16,2,9,0,4,1,0,2392,25,
61,3,4,2,13,0,4,1,0,0,40,
42,3,9,2,11,0,4,1,0,0,40,
17,3,6,4,7,3,0,0,1055,0,20,
73,3,9,2,13,0,4,1,0,0,16,
41,5,10,5,2,1,4,1,0,0,40,
23,3,10,4,6,3,2,0,0,0,20,
23,3,9,4,9,1,4,0,0,0,40,
65,3,11,2,0,0,4,1,0,0,15,
45,4,9,2,11,5,4,0,0,0,50,
52,0,13,2,12,0,2,1,7688,0,40,
24,1,13,4,0,3,2,0,0,0,27,
23,3,11,2,2,0,4,1,0,0,40,
30,3,10,0,12,3,4,0,0,0,40,
26,3,13,4,3,1,4,1,0,0,40,
37,5,9,0,4,4,4,1,0,0,56,
17,3,9,4,7,3,4,1,0,0,40,
31,3,9,2,11,0,4,1,0,0,40,
52,3,9,5,0,2,4,0,0,0,40,
63,3,13,4,11,1,4,1,0,0,27,
27,3,9,4,8,1,4,0,0,0,60,
31,3,5,2,6,0,4,1,3137,0,40,
71,5,9,6,0,1,4,0,0,0,35,
35,3,13,2,3,0,4,1,0,0,60,
44,3,9,2,0,5,4,0,0,0,38,
36,3,14,2,9,0,1,1,0,0,40,
22,3,13,4,3,2,4,0,0,0,20,
32,3,9,2,9,0,4,1,0,1485,48,
30,1,13,0,9,4,4,0,0,0,40,
60,8,9,2,14,0,4,1,0,0,40,
25,3,10,4,0,3,4,0,0,0,40,
76,3,4,6,10,1,4,0,0,0,12,
41,3,9,0,2,1,4,1,0,0,40,
26,3,4,2,6,0,3,1,0,0,40,
45,3,8,2,6,0,1,1,0,0,40,
32,3,10,0,0,4,4,0,0,0,40,
22,3,9,4,2,1,4,1,0,0,40,
39,3,13,2,11,0,4,1,0,1848,40,
63,5,13,4,13,1,4,1,0,0,40,
23,3,12,4,13,4,4,0,0,0,40,
61,3,6,2,6,0,4,1,0,0,40,
31,6,11,2,2,0,4,1,0,0,40,
25,3,5,2,6,0,4,1,0,0,45,
33,3,9,4,7,3,4,0,1055,0,40,
39,3,9,2,11,5,4,0,0,0,36,
53,3,13,2,6,5,1,0,0,0,40,
26,0,13,4,3,1,4,0,0,0,40,
21,3,10,4,7,3,4,1,0,0,32,
18,3,9,4,0,3,2,1,0,0,40,
34,3,13,2,3,0,4,1,15024,0,60,
44,6,14,2,9,0,2,1,7688,0,40,
31,3,9,0,2,3,4,1,0,0,50,
44,3,9,2,13,0,4,1,0,0,40,
42,3,15,2,9,0,4,1,0,1902,60,
43,3,9,2,6,0,4,1,0,0,44,
33,3,13,2,7,0,1,1,7688,0,38,
21,3,10,4,11,3,2,0,0,0,30,
30,3,9,2,5,0,4,1,0,0,40,
55,3,9,2,13,0,4,1,0,0,60,
57,3,10,4,0,1,4,0,0,0,40,
37,3,9,4,4,1,4,1,0,0,50,
32,3,9,2,6,0,4,1,0,0,40,
62,5,13,2,9,0,4,1,0,0,60,
31,5,13,4,11,1,2,1,0,0,40,
51,3,13,2,3,0,4,1,0,0,50,
37,3,14,0,3,4,4,0,0,213,45,
45,3,3,2,13,0,4,1,0,0,38,
47,3,10,2,6,0,4,1,0,0,40,
31,8,9,0,14,3,4,1,0,0,75,
75,5,7,2,3,0,4,1,0,0,30,
43,3,14,2,9,0,3,1,0,0,50,
39,3,12,2,2,0,4,1,7688,0,60,
30,3,13,2,9,0,4,1,0,0,40,
27,3,3,4,5,2,4,1,0,0,40,
44,3,9,2,6,0,0,1,0,0,40,
53,1,14,0,9,1,4,0,0,0,35,
40,3,13,2,0,0,4,1,0,0,40,
18,3,7,4,11,3,4,0,0,0,20,
33,3,13,2,10,0,2,1,0,0,40,
20,3,9,4,11,3,4,1,0,0,40,
38,3,10,2,3,0,2,1,0,0,50,
48,3,9,0,0,1,4,0,0,0,35,
46,5,9,2,3,0,4,1,0,0,40,
51,3,9,2,2,0,4,1,0,0,40,
35,5,9,4,7,2,4,0,0,0,30,
24,3,4,4,5,2,4,1,0,0,40,
30,3,10,0,5,1,4,1,0,0,50,
70,3,9,2,3,0,4,1,0,0,30,
26,3,9,2,13,0,4,1,0,0,44,
34,3,9,2,2,0,4,1,0,1672,40,
46,3,9,2,2,0,4,1,0,0,40,
70,3,9,2,0,5,4,0,0,0,5,
37,1,10,2,7,0,4,1,0,0,40,
36,5,10,0,11,4,4,0,0,0,35,
23,3,5,4,6,2,4,0,0,0,40,
28,3,9,2,11,0,4,1,0,1628,40,
44,5,10,2,3,0,4,1,0,0,50,
58,3,9,0,6,1,4,1,3325,0,30,
53,3,10,2,3,0,4,1,0,0,60,
23,3,10,2,5,0,4,1,0,0,40,
26,3,9,4,2,1,2,1,0,0,40,
21,8,10,2,14,0,4,1,0,0,40,
34,1,14,0,9,1,4,0,0,0,50,
43,3,7,2,2,0,4,1,0,0,40,
22,3,10,4,7,2,2,1,0,0,20,
41,3,10,2,2,0,0,1,7298,0,50,
36,3,9,2,0,0,1,1,0,0,40,
41,1,13,2,9,5,4,0,0,1740,20,
27,3,9,4,0,1,4,1,4416,0,40,
42,5,10,2,4,0,4,1,0,0,60,
27,3,11,4,0,3,4,0,0,0,35,
41,3,9,0,10,3,4,1,0,0,40,
32,3,13,2,3,2,1,0,0,0,40,
21,3,10,4,0,3,1,1,0,0,20,
44,3,13,2,3,0,2,1,0,0,50,
29,3,13,4,3,3,4,1,0,0,40,
19,5,10,4,7,3,4,0,0,0,22,
21,1,10,4,0,3,4,1,0,0,40,
46,3,9,2,13,0,4,1,0,0,40,
38,3,13,2,3,0,4,1,0,0,55,
43,3,10,4,0,4,4,1,0,0,48,
54,4,9,2,11,0,4,1,0,0,50,
38,3,14,2,3,0,4,1,0,1977,60,
18,8,10,4,14,3,4,1,0,0,40,
50,3,9,2,0,5,4,0,0,0,40,
30,3,11,2,9,5,4,0,0,0,36,
30,3,5,2,2,0,4,1,0,0,40,
28,1,9,4,3,4,0,0,0,0,35,
26,3,11,4,0,1,4,0,0,0,45,
37,0,10,2,2,0,4,1,0,0,43,
32,3,9,2,6,0,4,1,5178,0,50,
64,6,14,2,9,5,4,0,0,0,5,
18,3,9,4,11,3,4,0,0,0,28,
30,3,10,2,0,0,4,1,0,0,30,
36,8,11,2,14,5,4,0,3908,0,8,
18,3,7,4,7,2,2,1,0,0,30,
27,3,9,2,2,0,4,1,0,0,40,
49,3,5,2,7,0,4,1,0,0,40,
46,6,9,2,7,0,4,1,0,0,43,
37,3,9,2,0,0,4,1,0,0,40,
30,3,10,0,13,1,4,1,0,0,40,
29,3,9,0,9,1,3,0,0,0,30,
22,8,9,4,14,3,4,1,0,0,40,
25,5,9,2,4,0,4,1,0,0,30,
38,3,9,5,8,4,2,0,0,0,30,
32,8,13,0,14,4,4,0,0,0,40,
35,3,10,2,2,0,4,1,0,0,50,
56,3,14,2,0,0,4,1,0,0,80,
29,3,10,0,3,1,4,0,0,0,40,
41,3,9,2,12,0,4,1,0,0,40,
47,3,9,2,6,0,4,1,0,0,40,
23,3,13,4,0,1,1,0,0,0,40,
46,5,13,2,11,0,4,1,0,0,45,
28,1,9,4,10,2,2,1,0,1876,40,
39,3,13,0,0,4,4,0,0,0,20,
42,5,10,2,4,5,4,0,0,0,50,
39,3,9,2,13,0,4,1,7298,0,48,
68,8,4,2,14,0,4,1,0,0,30,
37,4,13,2,2,0,4,1,15024,0,55,
57,3,15,4,9,1,4,0,0,0,40,
22,3,10,4,7,1,2,0,0,0,30,
24,3,11,4,0,1,4,1,0,0,30,
19,3,10,4,5,3,4,1,0,0,50,
55,3,12,0,11,4,2,0,0,0,30,
37,1,9,2,10,0,4,1,0,0,40,
37,1,10,4,0,4,2,0,0,0,40,
28,3,13,2,7,0,4,1,0,0,50,
27,3,9,4,7,1,4,0,0,0,40,
40,6,13,4,9,4,4,0,0,0,20,
51,3,9,0,8,3,4,0,0,0,40,
52,3,11,2,13,0,4,1,0,0,56,
74,8,10,6,14,1,4,0,0,0,3,
49,4,10,2,3,0,4,1,15024,0,50,
20,8,10,4,14,3,4,0,0,0,40,
40,0,10,0,0,1,4,0,0,0,50,
80,3,10,4,9,1,4,1,0,1816,60,
63,3,10,2,10,0,4,1,0,0,40,
63,3,9,0,13,4,4,1,0,0,45,
51,3,10,0,0,4,4,0,0,0,40,
23,3,9,4,0,1,4,0,0,0,40,
66,5,9,6,2,1,4,1,0,0,20,
33,5,9,2,11,0,4,1,0,0,66,
49,3,9,2,2,0,4,1,0,0,43,
20,3,10,4,13,1,4,1,0,0,32,
33,4,12,2,3,0,4,1,0,1887,60,
26,3,10,1,10,0,4,1,0,0,40,
52,3,9,2,3,0,4,1,0,0,50,
33,3,13,2,3,0,4,1,0,0,50,
47,3,13,0,11,1,4,1,0,0,45,
23,3,9,4,3,3,2,1,0,0,75,
53,0,12,2,0,0,4,1,0,0,40,
19,3,10,4,7,3,4,1,0,0,20,
26,0,10,4,2,1,4,1,3325,0,40,
53,3,4,2,13,0,4,1,0,0,60,
65,3,9,4,6,1,4,1,0,0,10,
68,3,13,2,13,0,4,1,0,0,30,
30,3,6,4,11,2,4,1,0,0,18,
28,3,7,2,2,0,4,1,0,0,45,
54,1,6,2,10,0,4,1,0,0,45,
30,3,9,4,7,3,4,1,0,0,10,
22,3,10,4,0,3,4,1,0,0,50,
25,3,9,4,7,3,4,1,0,0,30,
19,3,7,4,7,2,4,1,0,0,20,
19,8,10,4,14,3,4,0,0,0,35,
32,0,15,2,9,0,4,1,0,0,40,
23,3,13,4,3,3,4,0,0,0,40,
51,1,13,2,9,0,4,1,0,0,45,
25,3,10,2,11,0,4,1,0,0,44,
46,1,13,4,9,1,2,0,0,0,40,
38,3,10,0,12,4,4,0,0,0,50,
26,6,9,2,10,0,1,1,0,0,40,
46,3,9,0,9,1,4,0,0,0,40,
25,3,13,4,9,1,4,0,0,0,40,
20,3,10,4,7,3,4,0,594,0,16,
29,1,14,2,9,2,4,1,0,0,35,
51,4,14,2,3,0,4,1,0,0,50,
40,3,10,2,2,0,4,1,0,0,52,
24,3,10,4,0,1,4,0,0,0,40,
24,5,13,4,4,4,4,1,0,0,50,
31,3,11,2,7,5,0,0,0,0,24,
54,8,9,0,14,1,4,0,0,0,30,
34,3,12,5,2,1,4,1,0,0,60,
19,3,10,4,4,3,4,1,0,0,66,
21,3,9,4,13,3,2,1,0,0,40,
21,3,6,2,4,0,4,1,0,0,70,
23,3,10,2,13,0,4,1,0,0,24,
37,0,10,4,2,1,4,1,0,0,40,
40,3,14,2,3,0,4,1,0,0,46,
57,3,9,2,7,0,4,1,0,0,30,
48,3,13,2,9,0,4,1,0,1485,40,
24,3,7,2,13,0,1,1,0,0,40,
43,3,10,2,9,0,4,1,0,0,40,
32,8,13,4,14,1,4,0,0,0,20,
40,3,9,4,7,1,4,0,0,0,40,
52,4,15,2,9,0,4,1,99999,0,35,
49,3,9,0,3,1,4,1,0,0,40,
45,5,10,2,3,0,0,1,3137,0,40,
62,1,9,4,2,1,4,1,0,0,40,
29,3,11,2,0,0,4,1,0,0,40,
49,3,9,5,6,4,4,0,0,0,40,
55,0,10,0,0,4,2,0,0,0,40,
20,8,10,4,14,3,0,1,0,0,72,
37,4,13,4,3,3,4,1,0,0,40,
43,6,13,2,0,0,4,1,0,0,40,
29,3,10,0,0,1,4,0,0,0,40,
44,3,9,2,11,5,4,0,0,0,40,
28,3,10,5,12,4,4,1,0,0,40,
38,3,10,4,3,1,4,0,0,0,45,
45,3,11,2,11,0,4,1,0,1977,50,
22,8,10,4,14,3,4,1,0,0,40,
19,3,10,4,7,3,4,0,0,0,20,
20,3,8,4,7,1,4,1,0,0,40,
60,3,9,2,5,0,4,1,0,0,40,
30,3,9,4,11,1,4,0,0,0,40,
22,3,10,4,0,1,1,1,0,0,40,
51,3,10,0,11,1,4,0,0,0,60,
31,3,13,4,9,4,2,0,0,0,40,
48,3,9,0,3,4,4,0,0,0,40,
43,3,13,2,11,0,4,1,0,1887,40,
51,1,9,0,13,4,2,1,0,0,40,
41,3,11,2,12,0,4,1,0,1848,48,
62,8,11,2,14,0,4,1,3411,0,40,
50,6,9,2,2,0,2,1,0,0,40,
46,3,9,2,11,5,4,0,0,0,40,
54,3,10,2,13,0,4,1,15024,0,60,
68,3,9,2,5,0,4,1,0,0,45,
23,5,12,4,2,1,4,1,0,0,30,
49,3,14,4,11,1,4,0,0,0,35,
24,3,6,2,5,0,4,1,0,0,40,
30,1,9,2,10,0,2,1,0,0,40,
38,3,9,2,6,0,4,1,3137,0,45,
34,3,9,4,11,1,4,0,0,0,35,
22,3,10,4,3,3,4,1,0,0,40,
30,3,4,5,5,1,4,1,0,0,40,
61,3,4,2,13,0,4,1,0,0,31,
36,3,9,0,3,4,4,1,0,0,40,
51,4,11,2,3,0,4,1,0,0,40,
43,3,3,2,6,5,1,0,0,0,40,
54,0,10,2,10,0,4,1,0,0,48,
63,3,9,6,9,1,4,0,0,0,25,
51,3,10,2,3,0,4,1,0,0,40,
63,5,6,2,6,0,4,1,0,0,40,
51,1,14,2,9,0,4,1,0,0,60,
27,3,9,0,11,3,4,0,0,0,35,
35,3,12,2,12,0,4,1,0,0,40,
31,8,13,2,14,5,4,0,0,0,25,
46,5,9,5,2,4,4,1,0,0,40,
53,3,11,2,2,0,2,1,0,0,40,
26,0,10,0,0,3,4,1,0,0,24,
43,3,9,4,6,3,4,1,0,0,40,
39,3,9,2,11,0,4,1,15024,0,50,
50,0,9,0,9,1,4,1,0,1590,40,
54,0,9,2,0,0,4,1,0,0,40,
62,8,10,2,14,5,4,0,0,0,45,
57,6,10,0,9,4,4,0,0,0,40,
19,8,10,4,14,3,2,1,0,0,24,
29,1,9,4,7,3,4,1,0,0,20,
20,3,9,4,2,2,2,1,0,0,40,
53,3,13,2,3,0,4,1,0,1902,55,
18,8,10,4,14,3,4,1,0,0,40,
22,8,10,4,14,3,4,1,0,0,40,
23,3,9,4,7,1,4,1,0,0,40,
69,3,7,2,0,0,4,1,0,0,20,
56,3,4,2,5,0,4,1,0,2002,40,
53,1,13,2,9,0,2,1,0,0,35,
28,3,9,4,0,1,4,1,0,0,40,
28,3,13,2,7,0,2,1,0,0,40,
33,4,9,2,3,0,1,1,0,0,84,
48,3,9,0,11,4,4,0,0,0,30,
61,3,9,2,2,0,4,1,0,0,40,
49,3,13,2,9,0,4,1,5013,0,45,
48,3,10,2,3,0,4,1,0,0,40,
32,3,4,2,2,0,4,1,0,0,40,
51,3,9,2,2,0,4,1,0,0,40,
27,8,13,4,14,1,4,1,0,0,40,
19,3,10,4,7,3,4,1,0,0,14,
47,3,9,2,9,0,4,1,0,0,50,
25,3,13,4,13,3,4,1,0,0,60,
72,3,10,2,10,0,2,1,0,0,40,
29,3,7,0,2,1,4,1,0,0,40,
22,3,9,4,0,3,4,0,0,0,40,
57,3,9,2,7,0,2,1,0,0,48,
50,3,12,2,0,0,4,1,0,0,60,
45,4,10,2,11,0,4,1,0,0,30,
52,3,10,0,9,1,4,1,0,0,40,
53,3,14,2,3,0,4,1,0,0,48,
36,3,9,2,5,0,4,1,0,0,48,
46,3,9,2,2,0,4,1,0,0,40,
20,3,9,4,11,3,4,0,0,0,20,
75,3,3,6,7,4,2,1,0,0,10,
32,1,9,2,2,0,4,1,0,0,40,
28,3,9,2,2,0,4,1,0,0,40,
53,3,14,0,9,1,4,0,0,0,40,
17,3,7,4,11,3,4,0,0,0,35,
46,6,11,0,0,4,4,0,0,0,38,
39,3,12,5,9,1,4,0,0,0,30,
38,3,10,0,2,4,4,1,0,0,40,
36,3,9,2,6,0,4,1,0,0,60,
63,1,13,4,9,1,2,0,0,0,21,
28,3,2,2,6,0,4,1,0,0,43,
28,8,13,4,14,3,4,1,0,0,45,
49,3,9,4,0,4,4,0,0,0,35,
43,3,10,2,6,0,4,1,0,0,40,
38,3,13,2,3,0,4,1,0,0,45,
39,3,9,4,12,1,4,1,0,0,62,
42,8,9,0,14,1,2,0,0,0,40,
40,3,9,2,3,0,4,1,0,0,40,
45,8,9,5,14,4,4,0,0,0,10,
29,8,9,0,14,4,4,0,0,0,40,
24,0,13,4,9,1,4,1,0,1741,45,
30,3,10,2,12,0,4,1,0,0,50,
44,3,10,2,13,0,2,1,0,0,40,
40,3,9,2,11,0,4,1,0,0,24,
30,3,9,4,6,2,4,0,0,0,35,
42,3,14,0,9,1,4,0,0,1876,40,
52,5,11,0,9,1,4,0,0,0,35,
42,3,10,2,2,0,2,1,0,0,40,
39,3,10,2,2,0,4,1,0,0,52,
43,3,10,0,9,4,4,1,0,0,45,
62,5,9,2,2,0,4,1,10566,0,40,
30,3,11,2,2,0,4,1,0,0,40,
83,8,9,6,14,1,4,0,0,0,20,
39,3,13,2,9,0,4,1,0,0,55,
41,3,9,2,13,5,4,0,0,0,20,
49,3,14,2,9,5,4,0,0,1977,40,
25,3,7,2,2,0,4,1,0,0,40,
48,3,7,2,13,0,4,1,0,2002,40,
59,8,12,0,14,1,4,1,0,0,8,
44,6,13,4,0,1,4,1,0,0,40,
36,3,5,0,5,1,4,1,4650,0,56,
40,3,9,4,5,3,4,1,0,0,40,
21,3,9,4,0,3,2,0,0,0,35,
41,3,10,5,0,1,4,0,0,0,38,
24,3,13,4,3,1,4,0,0,0,50,
67,5,9,2,4,0,4,1,0,0,60,
24,3,13,4,0,3,4,1,0,0,38,
50,5,13,2,11,0,4,1,0,0,60,
48,3,14,0,11,1,4,1,0,0,35,
55,8,12,2,14,0,2,1,0,0,20,
29,3,9,4,6,1,4,1,3325,0,40,
50,3,13,0,9,4,4,0,0,0,36,
64,6,6,2,3,0,4,1,0,0,40,
49,3,5,0,7,1,2,1,0,0,37,
20,3,9,4,7,3,2,1,0,0,52,
30,3,9,5,0,1,4,0,0,0,40,
37,3,13,2,7,0,1,1,0,0,30,
52,3,9,2,6,0,4,1,0,0,40,
22,3,10,4,10,3,4,1,0,0,25,
77,8,9,6,14,1,4,0,0,0,14,
19,6,10,4,0,3,4,1,0,0,15,
52,3,9,0,2,2,4,1,0,0,55,
42,3,13,3,12,3,1,0,0,0,40,
35,3,9,5,3,1,4,0,0,0,36,
27,3,10,4,0,4,4,0,0,0,50,
54,6,9,4,7,1,2,0,0,0,38,
37,3,9,2,2,0,4,1,0,1628,40,
37,3,6,2,13,0,4,1,0,0,35,
28,3,4,2,2,0,4,1,0,0,30,
63,3,13,2,11,0,4,1,0,0,40,
19,3,9,4,6,3,4,1,0,0,42,
28,3,13,4,11,3,4,0,0,0,40,
23,8,10,4,14,1,4,1,0,0,40,
44,3,15,4,9,1,4,0,0,0,40,
31,3,10,2,2,0,4,1,0,0,40,
35,3,13,4,11,1,1,1,0,0,50,
64,3,9,0,8,1,4,0,0,0,50,
40,3,9,2,5,0,4,1,0,0,40,
59,1,12,0,9,1,4,0,0,0,50,
22,3,10,4,0,3,4,0,0,0,40,
40,3,10,4,11,1,4,0,0,0,44,
35,3,4,2,5,0,4,1,0,0,40,
20,3,10,4,0,3,4,0,0,0,15,
35,1,9,4,10,3,4,1,0,0,40,
28,3,10,2,3,0,4,1,0,0,48,
28,3,9,0,6,3,4,1,0,0,40,
37,8,10,2,14,0,4,1,0,0,20,
72,8,16,2,14,0,4,1,0,2392,6,
25,4,12,4,11,1,4,1,0,0,60,
37,3,9,0,0,4,4,0,0,0,40,
19,8,10,4,14,3,4,0,0,0,45,
31,3,11,0,11,3,4,0,0,0,38,
41,3,9,4,0,2,4,0,0,0,40,
31,3,6,2,12,0,4,1,0,0,40,
44,3,9,2,2,0,4,1,0,0,40,
20,3,10,4,3,1,2,1,0,0,47,
57,5,10,2,4,0,4,1,0,0,50,
26,3,9,0,7,1,4,0,0,0,12,
44,4,9,2,3,0,4,1,5013,0,60,
29,1,9,4,10,1,4,1,0,0,40,
36,3,9,2,9,0,4,1,0,1977,40,
40,3,11,2,2,0,4,1,0,0,40,
21,3,12,4,7,1,2,1,0,0,35,
21,3,10,4,2,1,4,1,0,0,70,
34,5,15,5,9,4,4,1,0,0,48,
24,3,13,4,3,3,4,0,0,0,15,
28,3,6,0,7,1,4,0,0,0,40,
35,3,9,5,13,3,4,1,0,0,50,
35,3,9,0,2,1,4,1,0,0,40,
38,6,13,4,3,1,4,0,0,0,40,
44,0,9,0,0,4,2,0,0,0,40,
39,3,13,2,5,5,4,0,0,0,40,
57,1,9,0,7,1,4,0,0,0,40,
19,3,10,4,11,3,4,0,0,0,40,
29,3,11,2,6,0,4,1,0,0,48,
23,3,9,4,6,2,2,1,0,0,40,
50,3,9,6,7,4,4,0,0,0,40,
51,5,10,2,2,0,4,1,0,0,20,
28,3,11,0,2,1,0,1,0,0,40,
44,3,13,2,11,0,4,1,0,0,60,
29,5,13,4,9,1,2,1,0,0,40,
31,3,9,0,13,1,4,1,0,0,45,
27,3,13,2,2,0,4,1,0,0,45,
34,3,13,2,3,0,4,1,0,0,45,
50,4,15,2,9,0,1,1,7688,0,50,
27,3,10,2,5,0,4,1,0,0,40,
31,3,11,4,0,4,2,0,0,0,40,
46,3,12,2,2,0,4,1,0,0,40,
39,3,10,4,0,3,1,0,0,0,40,
40,3,13,2,11,0,4,1,0,0,55,
28,3,7,0,11,3,4,1,0,0,40,
18,3,9,4,11,3,4,0,0,0,40,
51,3,9,0,0,1,4,0,0,0,40,
58,4,9,0,11,1,4,1,0,0,50,
66,3,9,2,11,0,4,1,0,0,40,
36,5,9,2,7,5,1,0,0,0,20,
38,3,7,0,5,1,4,0,0,0,60,
25,3,12,4,3,3,4,1,0,0,40,
25,3,9,4,7,4,4,0,0,0,22,
90,3,7,4,5,3,4,1,0,0,40,
41,1,10,0,0,4,4,0,0,0,40,
34,8,9,4,14,4,2,0,0,0,40,
33,3,13,0,9,4,4,0,914,0,40,
33,3,9,4,0,1,4,0,0,0,40,
35,3,13,2,3,0,4,1,0,1887,45,
39,5,9,4,2,3,2,0,0,0,20,
59,3,9,2,11,0,4,1,0,0,60,
19,3,10,4,12,3,4,1,0,1719,16,
39,3,9,2,11,0,4,1,4064,0,38,
19,8,10,4,14,3,4,1,0,0,40,
27,3,9,4,5,3,4,0,0,0,40,
52,3,4,2,2,0,4,1,0,0,40,
59,5,9,0,7,3,4,0,0,0,24,
28,3,10,0,2,4,4,0,0,0,40,
37,3,9,0,7,2,4,0,0,0,50,
50,8,6,2,14,0,4,1,0,0,99,
36,3,13,2,3,0,4,1,0,0,50,
34,3,13,2,9,0,4,1,0,0,60,
23,3,10,4,0,3,4,1,0,0,40,
19,8,7,4,14,3,4,0,0,0,30,
33,3,9,0,2,1,4,1,0,2258,84,
27,1,14,4,9,3,4,1,0,0,52,
31,1,14,2,9,0,4,1,0,0,40,
21,3,6,2,6,0,4,1,0,0,36,
31,3,9,2,3,0,4,1,0,0,54,
59,3,9,2,5,0,4,1,0,0,40,
40,1,14,2,9,0,4,1,0,1902,48,
19,3,7,4,5,3,4,1,0,0,40,
47,3,9,2,13,0,4,1,0,0,50,
34,3,13,4,2,4,4,1,0,0,40,
57,3,9,2,7,0,4,1,0,0,78,
51,1,5,2,13,0,2,1,0,0,40,
21,3,10,4,5,1,4,1,0,0,20,
30,4,10,2,11,0,4,1,0,0,50,
46,3,10,0,5,1,4,1,0,0,45,
40,3,13,4,11,1,4,0,0,0,45,
52,3,1,2,7,1,4,1,0,0,40,
23,3,13,4,11,1,1,1,0,0,50,
90,8,13,6,14,2,4,0,991,0,10,
25,3,9,4,0,1,4,0,0,0,50,
43,3,10,0,13,1,4,1,0,0,45,
38,6,10,0,10,4,0,0,0,0,40,
22,3,11,4,7,1,4,0,0,0,30,
33,1,13,4,0,1,4,0,1055,0,40,
34,3,10,2,9,0,4,1,5178,0,40,
65,3,11,2,13,0,4,1,0,0,20,
50,3,9,4,12,3,4,1,0,0,15,
29,3,13,4,11,1,4,1,6849,0,48,
25,3,9,2,13,0,4,1,0,0,40,
54,3,10,0,0,1,4,0,0,0,40,
49,3,9,2,0,0,4,1,0,0,40,
44,3,10,2,6,0,4,1,0,0,40,
24,3,5,0,7,3,4,0,0,0,40,
25,3,13,4,11,1,4,1,0,0,38,
65,1,9,2,13,0,4,1,0,0,20,
56,5,9,2,3,0,2,1,0,0,45,
39,5,15,2,9,0,4,1,15024,0,60,
23,3,13,4,9,3,4,0,0,0,40,
20,3,10,4,7,1,4,0,0,0,20,
24,3,3,4,2,4,4,1,0,0,40,
41,3,10,2,3,0,4,1,0,1887,50,
40,4,10,2,4,0,4,1,0,0,50,
55,3,9,2,2,0,4,1,0,0,50,
38,3,9,0,0,4,4,0,0,0,48,
23,3,9,4,0,4,2,0,0,0,40,
44,3,13,2,3,0,4,1,0,0,50,
45,3,10,2,2,0,4,1,0,1887,40,
20,5,10,4,0,3,4,0,0,0,12,
29,3,9,4,7,3,4,1,0,0,40,
43,6,9,2,10,0,4,1,0,0,40,
30,3,8,0,6,1,4,1,0,0,40,
28,6,10,4,0,1,4,0,0,0,38,
31,3,9,2,3,0,4,1,0,0,40,
52,3,9,0,2,4,4,0,0,0,40,
36,3,13,2,9,5,4,0,0,0,50,
38,3,9,2,2,0,4,1,0,0,45,
66,8,10,2,14,0,4,1,0,0,40,
63,5,11,2,4,0,4,1,0,0,40,
21,3,10,4,7,3,4,1,0,0,35,
33,6,9,0,0,1,4,1,0,0,40,
46,6,10,0,9,4,4,0,1506,0,50,
20,8,10,4,14,3,4,1,0,0,20,
47,4,13,4,11,1,4,1,3325,0,60,
33,3,16,2,9,0,4,1,0,0,55,
66,8,4,4,14,2,2,1,0,0,30,
20,3,10,4,0,3,4,0,0,0,30,
28,3,9,0,5,1,4,1,0,0,40,
46,3,9,0,8,4,4,0,0,0,28,
25,3,10,2,11,0,2,1,0,0,45,
37,3,9,2,2,3,4,1,3137,0,40,
31,5,5,2,2,0,4,1,0,0,60,
49,3,9,2,2,0,4,1,0,0,40,
22,6,10,3,12,4,4,1,0,0,20,
52,3,11,2,7,5,4,0,0,0,20,
29,3,12,2,3,5,4,0,0,0,50,
18,3,7,4,7,3,4,0,0,0,20,
31,1,10,2,3,0,4,1,0,0,35,
23,3,10,4,7,1,1,0,0,0,35,
27,8,11,2,14,5,0,0,0,0,40,
54,5,6,2,11,0,4,1,0,0,65,
50,1,9,0,7,4,4,0,0,0,49,
46,3,14,2,12,0,4,1,0,1902,40,
24,3,13,4,4,3,4,0,0,0,40,
17,8,7,4,14,3,4,0,0,0,18,
49,4,9,5,7,1,4,1,0,0,45,
54,1,9,2,2,0,4,1,0,0,40,
41,3,13,2,3,0,4,1,0,1902,60,
49,3,9,2,0,0,4,1,0,0,40,
36,1,13,4,9,1,4,0,0,0,35,
23,3,9,4,13,3,2,1,0,0,40,
63,3,10,6,7,1,4,0,0,0,40,
67,3,9,2,11,0,4,1,0,0,40,
23,3,9,4,2,1,4,1,0,0,40,
22,3,13,4,9,3,4,1,0,0,40,
66,3,11,2,0,0,4,1,0,0,30,
25,3,7,2,2,0,4,1,0,0,50,
30,3,10,0,6,4,4,0,0,0,20,
35,3,9,2,13,0,4,1,2885,0,40,
67,5,4,2,3,0,4,1,0,0,40,
30,3,8,4,2,1,2,1,0,0,40,
26,3,10,4,6,1,2,0,0,0,38,
34,3,9,2,6,0,4,1,0,0,40,
21,3,10,4,11,3,4,1,0,0,40,
18,3,8,4,2,3,4,1,0,0,10,
21,3,9,4,2,1,4,1,0,0,40,
76,4,5,2,9,0,4,1,0,0,40,
51,0,10,2,10,0,1,1,0,0,70,
26,3,9,2,6,5,4,0,0,0,56,
18,3,8,4,7,1,4,0,0,0,25,
18,8,7,4,14,3,4,1,0,0,40,
34,3,11,2,6,0,4,1,0,1672,50,
59,3,9,0,3,1,4,0,0,0,40,
55,3,13,5,3,1,4,1,14084,0,45,
33,5,10,4,4,1,4,1,0,0,72,
25,3,9,4,7,3,4,0,0,0,10,
48,3,9,6,6,1,4,0,0,0,10,
64,3,13,0,11,1,4,0,0,0,5,
47,1,14,4,9,1,4,0,0,0,45,
26,3,10,4,12,3,4,0,0,0,40,
36,3,12,2,9,0,4,1,0,0,48,
21,3,9,2,4,0,4,1,0,0,40,
54,8,4,4,14,1,4,0,0,0,25,
30,3,9,4,6,3,4,1,0,0,44,
41,5,9,0,2,1,4,1,0,0,40,
53,8,14,4,14,1,4,0,8614,0,35,
34,3,10,4,11,2,2,1,0,0,30,
20,8,10,4,14,3,4,0,0,0,35,
24,3,6,4,11,1,4,1,0,0,49,
26,3,13,4,9,1,4,0,0,0,20,
25,3,9,4,0,1,4,0,0,0,48,
35,3,10,0,11,4,4,0,0,0,36,
41,3,10,0,2,1,4,1,0,0,40,
33,3,7,4,2,3,4,1,0,0,40,
18,3,10,4,7,3,4,0,0,0,25,
27,4,9,5,0,1,4,1,0,0,38,
32,3,9,0,7,4,4,0,0,0,35,
51,1,9,4,7,1,2,1,0,0,40,
38,3,11,0,0,4,2,0,0,0,40,
41,1,10,2,13,5,4,0,0,0,25,
26,3,10,2,2,0,4,1,2829,0,40,
38,5,11,0,3,4,4,1,0,0,35,
54,3,5,2,3,0,4,1,0,0,45,
30,3,13,4,9,1,4,0,0,0,60,
31,3,10,6,3,4,4,0,0,0,30,
26,6,13,4,9,1,4,1,0,0,40,
75,5,16,2,9,0,4,1,4931,0,3,
29,3,14,4,13,3,2,1,0,0,40,
61,3,9,2,3,0,4,1,0,0,50,
24,3,10,5,11,4,4,0,0,0,45,
22,8,8,4,14,1,4,1,0,0,30,
34,3,12,4,9,1,4,1,0,0,40,
42,3,10,0,2,3,4,1,0,0,40,
24,3,7,4,2,1,4,1,0,0,40,
42,5,12,2,11,0,4,1,0,0,40,
27,0,9,4,2,1,2,1,0,1980,40,
39,1,13,2,9,5,4,0,0,0,50,
20,3,9,4,5,3,4,1,0,0,40,
51,3,7,4,7,1,2,0,0,0,40,
68,3,13,2,11,0,4,1,0,0,30,
28,0,9,4,6,3,4,1,0,0,48,
43,3,9,0,12,1,4,0,0,0,40,
35,3,10,3,2,1,4,1,0,0,40,
44,3,9,0,0,4,2,0,0,0,40,
41,3,13,4,5,1,4,1,0,0,40,
44,3,9,2,12,0,4,1,0,0,45,
20,3,9,2,0,2,4,0,0,0,40,
46,3,9,2,2,0,4,1,0,0,75,
27,5,12,2,13,0,4,1,7688,0,70,
32,3,10,4,7,1,4,1,0,0,50,
46,3,10,0,11,1,4,1,0,0,50,
26,3,9,4,7,1,4,1,0,0,24,
20,3,10,4,0,3,1,0,0,0,40,
36,3,9,2,4,5,4,0,0,0,40,
49,3,13,2,3,0,4,1,0,0,40,
32,3,9,2,3,0,4,1,3103,0,55,
32,3,13,2,9,0,4,1,15024,0,50,
49,3,13,2,2,0,4,1,0,1902,40,
36,3,9,4,13,1,4,1,0,0,45,
22,3,10,4,7,2,4,1,0,0,25,
52,0,9,0,0,1,4,0,0,0,40,
42,3,9,2,3,0,4,1,0,0,50,
22,8,10,4,14,3,4,1,0,0,40,
72,3,9,6,7,4,4,0,0,0,16,
30,1,13,5,9,1,4,0,0,0,40,
44,3,10,2,5,0,4,1,0,0,40,
23,3,13,4,11,1,4,0,0,0,45,
22,3,10,4,11,3,4,1,0,0,20,
59,3,13,5,0,4,4,1,0,0,60,
46,3,9,0,9,4,4,0,0,0,40,
30,3,11,2,5,0,4,1,0,0,40,
64,0,4,6,7,4,4,0,0,0,30,
31,3,10,2,11,5,2,0,0,0,40,
64,3,9,2,7,0,4,1,0,0,20,
45,3,9,4,6,3,4,0,0,0,40,
59,3,9,2,6,0,4,1,0,1887,40,
32,3,9,4,0,2,2,0,0,0,40,
43,3,13,2,6,0,0,1,0,0,40,
66,8,6,0,14,1,4,0,1086,0,20,
23,3,10,4,11,1,4,1,0,0,45,
49,5,9,2,2,0,4,1,0,0,40,
32,3,8,2,6,0,4,1,0,0,40,
49,3,11,4,3,4,4,0,0,0,40,
33,3,10,0,9,1,4,1,0,0,40,
28,3,15,4,9,1,4,0,0,0,85,
47,3,9,2,11,0,2,1,0,0,40,
41,3,9,4,7,3,4,1,0,0,40,
34,1,14,2,3,0,4,1,0,0,40,
25,3,9,4,7,1,4,0,0,0,35,
20,8,10,4,14,3,4,0,0,0,40,
21,3,10,4,11,1,4,0,0,0,15,
25,3,9,4,4,4,4,1,0,0,30,
46,3,5,2,7,0,4,1,0,0,40,
37,3,2,2,2,0,1,1,0,0,40,
41,3,10,2,2,0,4,1,0,0,56,
44,3,9,4,0,3,4,1,0,1504,50,
30,3,9,2,12,0,4,1,0,0,40,
54,3,10,2,6,0,4,1,0,0,40,
35,5,9,2,4,0,4,1,0,0,99,
58,8,9,6,14,1,4,0,0,0,12,
21,3,10,4,12,3,4,0,0,0,25,
35,5,14,2,11,0,4,1,0,0,40,
35,3,15,2,9,0,4,1,0,0,80,
19,3,10,4,2,3,4,1,0,0,20,
48,3,9,0,3,1,4,0,0,0,40,
56,8,10,2,14,0,4,1,0,0,40,
65,5,10,6,2,1,4,0,0,0,35,
40,3,13,5,0,4,2,1,0,0,35,
26,3,9,4,0,1,4,0,0,0,40,
45,3,10,2,3,0,4,1,0,0,40,
26,3,10,4,2,3,4,1,0,0,40,
32,3,9,2,0,0,4,1,0,0,40,
35,3,13,0,3,1,4,1,27828,0,50,
22,5,10,4,2,1,4,1,0,0,48,
37,3,11,5,9,3,4,0,0,0,38,
25,3,13,4,2,1,4,1,0,0,40,
64,3,2,2,13,0,4,1,0,0,53,
46,3,11,2,3,0,4,1,0,0,48,
30,3,9,4,5,3,4,1,0,0,27,
63,3,12,0,3,1,4,1,0,0,40,
51,1,9,2,10,0,4,1,0,0,40,
68,5,4,2,3,0,4,1,0,0,16,
36,3,16,2,9,0,4,1,0,0,50,
28,4,10,4,3,1,4,1,0,0,50,
41,1,10,2,11,0,4,1,0,0,40,
47,3,10,2,9,0,4,1,0,0,40,
22,3,10,4,7,4,2,0,0,0,30,
33,8,13,4,14,3,1,1,0,0,80,
34,4,15,2,9,0,4,1,15024,0,40,
46,0,13,2,9,0,4,1,0,0,40,
28,3,10,3,0,3,4,0,0,0,40,
36,3,9,2,2,0,4,1,0,0,52,
18,3,10,4,11,3,4,0,0,0,20,
33,1,14,2,9,0,4,1,7688,0,50,
51,3,9,2,13,0,4,1,7298,0,60,
56,5,9,2,3,0,4,1,0,0,35,
54,3,9,4,0,4,4,0,0,0,40,
29,3,9,4,3,4,2,0,0,0,40,
40,3,10,0,5,1,0,0,0,0,84,
53,3,14,2,3,0,4,1,15024,0,65,
22,3,9,4,5,3,4,1,0,0,35,
33,3,9,2,6,0,4,1,0,0,40,
28,3,9,0,13,1,4,1,0,0,50,
63,3,10,2,9,5,4,0,0,0,12,
53,0,16,2,9,0,4,1,15024,0,60,
37,3,6,2,2,0,4,1,0,0,50,
50,0,10,0,3,4,4,1,0,0,40,
22,3,9,4,2,3,4,1,0,0,40,
40,0,12,4,0,1,4,0,0,0,40,
22,3,13,4,9,1,4,0,8614,0,40,
21,3,10,4,9,3,4,1,0,0,40,
25,3,12,2,5,0,2,1,0,0,40,
20,3,10,4,2,1,4,0,0,0,40,
43,0,9,2,13,0,4,1,0,0,40,
29,3,11,4,3,4,4,0,0,0,50,
32,3,13,2,11,0,4,1,0,0,40,
42,3,14,2,11,0,4,1,0,0,50,
33,3,9,2,6,0,1,1,0,0,40,
27,3,10,2,3,5,4,0,0,0,40,
22,8,10,4,14,3,4,0,0,0,40,
29,3,10,2,6,0,4,1,0,0,38,
29,3,9,2,13,0,4,1,0,0,40,
20,3,10,4,3,3,4,0,0,0,20,
35,3,6,4,0,3,4,1,0,0,40,
31,5,13,2,9,0,4,1,0,1902,50,
33,3,9,4,2,1,4,1,0,0,50,
67,3,10,2,3,0,4,1,0,1539,40,
46,3,10,2,9,0,4,1,0,0,10,
45,3,5,2,6,5,4,0,0,0,40,
17,1,7,4,11,3,4,1,0,0,20,
35,3,13,2,3,0,4,1,0,1848,70,
48,5,13,3,3,1,2,1,0,0,40,
49,3,9,0,6,1,2,0,0,0,40,
20,3,10,4,11,2,4,0,0,0,40,
27,3,9,2,6,0,4,1,5013,0,46,
64,3,10,2,2,0,4,1,0,0,20,
53,0,10,5,2,1,2,1,0,0,40,
52,3,9,0,0,1,4,0,0,0,40,
29,3,9,2,2,0,4,1,0,0,55,
32,4,9,2,2,0,4,1,99999,0,40,
48,5,13,2,9,5,4,0,0,0,20,
30,3,10,4,2,2,4,1,0,0,40,
34,3,9,2,7,0,4,1,0,0,20,
19,8,10,4,14,3,4,1,0,0,50,
39,3,9,4,9,1,4,1,0,0,50,
28,3,7,4,5,2,4,1,0,0,40,
17,3,8,4,11,1,4,0,0,0,10,
54,3,13,4,9,1,4,0,0,0,50,
24,3,10,4,11,3,4,1,0,1762,40,
25,3,9,4,3,3,4,0,0,0,40,
25,3,7,0,7,4,4,0,0,0,12,
48,1,10,2,3,5,4,0,5178,0,40,
24,3,13,4,11,3,4,0,0,0,40,
31,3,10,2,11,0,1,1,0,0,50,
47,3,10,2,2,0,4,1,0,0,40,
45,3,13,2,3,0,4,1,0,0,40,
19,3,10,4,0,3,4,0,0,0,25,
52,4,10,2,11,0,4,1,15024,0,50,
52,3,9,2,0,0,4,1,0,0,40,
19,8,9,4,14,2,1,0,0,0,12,
60,3,9,2,13,0,4,1,0,0,28,
43,3,14,2,9,0,4,1,0,0,50,
24,3,12,0,7,3,4,0,0,0,30,
20,8,10,4,14,3,4,0,0,0,40,
51,3,9,4,0,1,4,0,0,0,40,
38,5,5,0,2,1,4,1,0,0,40,
21,3,10,4,0,3,4,0,0,0,10,
40,4,9,2,0,0,4,1,0,0,50,
54,3,10,6,3,4,4,0,0,0,40,
35,3,13,4,7,2,4,1,0,0,50,
52,3,7,5,6,4,2,1,0,0,40,
53,3,9,2,3,0,4,1,99999,0,40,
56,8,10,6,14,1,2,0,0,0,40,
35,3,9,0,2,4,2,1,0,0,40,
43,5,10,0,11,4,4,0,0,880,42,
29,3,13,2,2,0,4,1,0,0,40,
29,3,9,2,13,0,0,1,0,0,65,
27,3,9,4,7,1,4,0,0,0,40,
58,3,13,2,0,0,4,1,0,0,40,
64,3,9,2,5,0,4,1,0,0,18,
53,3,9,2,0,5,2,0,0,0,32,
21,3,9,4,0,1,4,0,0,0,30,
40,5,12,0,3,1,4,1,0,0,30,
52,6,16,2,9,0,4,1,0,0,40,
38,3,11,4,12,1,4,1,0,0,50,
40,8,10,0,14,1,4,0,0,0,30,
39,3,9,2,3,0,4,1,0,0,40,
56,8,14,4,14,1,4,0,0,0,50,
68,3,16,2,9,0,4,1,0,0,55,
24,3,9,4,11,1,4,1,0,0,38,
40,4,15,2,9,0,4,1,0,0,50,
43,4,15,2,9,0,2,1,0,0,99,
38,3,13,4,3,1,4,0,0,0,70,
45,3,9,2,11,0,4,1,0,0,40,
18,3,7,4,6,3,4,1,0,0,55,
57,1,14,2,3,0,4,1,0,0,50,
49,3,9,5,7,1,2,0,0,0,35,
25,3,10,4,3,3,4,0,0,0,40,
52,0,10,0,0,1,4,1,0,0,40,
56,3,6,0,2,1,4,1,0,0,56,
26,4,10,4,11,1,4,1,0,0,48,
19,3,9,4,2,1,4,0,0,0,40,
25,4,13,4,0,3,1,0,0,0,40,
25,3,9,2,0,5,4,0,0,0,30,
21,3,9,4,11,2,4,1,0,0,45,
48,5,4,2,2,0,4,1,0,0,40,
33,6,14,2,9,0,4,1,0,0,60,
31,6,9,0,10,3,3,1,0,0,40,
26,5,9,0,4,4,4,1,0,0,65,
37,6,13,4,9,1,4,1,0,0,38,
29,8,10,0,14,4,4,0,0,0,30,
20,3,10,4,7,3,4,1,0,0,20,
28,3,10,2,11,0,3,1,0,0,60,
49,3,9,6,0,4,4,0,0,0,20,
73,8,6,4,14,1,4,1,0,0,4,
49,3,14,2,3,0,4,1,0,1977,40,
51,3,10,2,9,5,4,0,0,0,40,
40,3,10,2,11,0,4,1,0,0,40,
24,3,11,4,6,3,4,0,0,0,40,
18,3,8,4,11,3,4,1,0,0,24,
41,3,6,2,13,0,2,1,0,0,40,
46,3,9,2,0,0,4,1,0,1485,40,
46,3,9,2,0,5,4,0,0,0,40,
64,3,6,2,13,0,4,1,0,0,40,
50,5,15,2,9,0,4,1,0,0,40,
53,6,14,2,9,0,4,1,0,0,36,
21,3,9,4,2,1,4,1,0,0,40,
22,6,10,2,7,0,4,1,0,0,25,
37,3,13,0,3,4,4,0,7430,0,45,
39,0,15,4,9,1,4,1,0,0,55,
30,3,13,2,11,0,1,1,0,0,40,
25,3,13,4,9,1,4,1,0,1741,40,
26,3,10,4,3,4,2,0,0,0,40,
43,3,13,4,11,1,4,1,0,0,50,
59,3,9,6,0,4,4,0,0,0,60,
27,3,9,3,0,4,4,0,0,0,40,
55,3,6,2,2,0,2,1,0,0,40,
20,3,10,4,7,3,4,1,0,0,12,
25,3,11,4,9,1,4,0,0,0,36,
28,3,12,5,7,1,4,1,0,0,40,
29,3,13,4,11,1,4,1,0,0,50,
60,3,7,2,11,0,4,1,0,0,40,
37,1,13,2,9,5,4,0,15024,0,50,
25,3,7,0,11,3,4,0,0,0,40,
27,3,10,2,2,0,4,1,0,0,60,
50,6,13,2,3,0,4,1,0,0,40,
41,5,10,2,4,0,4,1,5013,0,70,
46,3,4,2,2,0,4,1,0,0,47,
35,3,11,0,7,4,2,0,0,0,40,
21,8,10,4,14,3,4,1,0,0,40,
35,8,7,5,14,1,4,0,6849,0,60,
40,3,9,4,5,1,2,1,0,0,40,
49,3,13,2,3,0,4,1,0,0,40,
29,3,13,4,9,1,4,0,0,0,50,
43,1,13,0,9,4,4,0,0,625,40,
39,3,12,4,13,1,2,1,0,0,60,
35,3,9,4,5,3,4,1,0,0,60,
52,3,10,2,6,0,4,1,0,0,40,
25,3,10,4,5,1,2,1,0,0,40,
20,4,9,4,6,3,4,0,0,0,30,
46,3,10,0,7,4,4,0,0,0,10,
24,3,13,4,3,1,4,1,0,0,40,
29,3,13,2,2,2,1,1,0,0,30,
21,3,10,4,7,3,4,1,0,0,40,
37,0,13,0,3,2,4,0,0,0,50,
43,0,9,4,0,3,4,1,0,0,40,
19,3,9,4,0,1,4,0,0,0,26,
47,3,9,2,11,0,4,1,0,0,45,
61,3,9,2,13,0,4,1,0,0,45,
21,8,12,4,14,1,4,1,0,0,55,
35,3,9,2,7,0,4,1,0,0,60,
60,3,6,2,5,0,2,1,0,0,40,
27,3,10,4,0,1,4,0,0,0,40,
57,1,13,2,9,0,1,1,0,0,35,
56,3,2,2,2,0,4,1,0,0,40,
27,3,9,4,3,1,4,0,0,0,40,
47,3,4,2,6,5,2,0,0,0,35,
19,3,9,4,7,1,4,1,0,0,30,
28,5,8,0,7,4,4,0,0,0,30,
43,3,6,2,0,0,4,1,0,0,40,
63,1,10,0,3,1,4,0,0,0,35,
22,8,10,4,14,3,4,1,0,0,40,
25,3,9,0,5,3,1,0,0,0,40,
35,5,9,4,6,3,4,1,8614,0,40,
20,3,9,4,5,3,4,0,0,0,40,
48,3,6,2,11,0,4,1,0,0,70,
30,1,13,4,9,1,2,0,0,0,40,
31,3,13,2,9,0,4,1,0,0,40,
20,3,9,4,11,3,1,0,0,0,24,
57,6,14,2,9,0,4,1,0,0,50,
41,3,11,2,0,5,4,0,7688,0,44,
33,3,9,0,0,2,4,0,0,0,40,
27,3,11,2,4,0,4,1,0,0,40,
34,3,9,2,4,0,4,1,0,0,60,
22,3,6,4,2,1,4,1,0,0,30,
50,3,12,2,3,5,2,0,0,0,40,
40,5,13,2,9,0,4,1,0,0,45,
37,3,9,2,2,0,4,1,0,0,51,
40,8,12,0,14,1,4,1,0,0,40,
53,3,14,2,3,0,4,1,15024,0,55,
38,5,10,2,6,0,4,1,7688,0,40,
25,6,9,4,9,1,4,1,0,0,40,
51,3,9,2,2,0,2,1,0,0,40,
22,8,8,4,14,3,2,1,0,0,40,
18,3,10,4,7,3,4,1,0,0,16,
41,3,7,2,5,0,4,1,7688,0,40,
33,3,9,4,0,4,4,0,0,0,40,
33,3,13,4,11,1,4,0,0,0,40,
67,6,10,2,13,0,4,1,0,0,40,
47,5,9,2,3,0,4,1,0,2415,50,
24,3,10,4,6,1,4,1,0,0,40,
32,1,4,2,7,0,4,1,0,0,40,
29,3,9,4,7,4,4,0,0,0,40,
25,3,11,4,11,1,4,1,0,0,45,
33,3,10,0,0,1,4,0,0,0,40,
55,3,13,2,2,0,4,1,0,0,40,
31,3,10,2,11,0,4,1,0,0,40,
32,1,14,2,9,0,4,1,0,0,50,
18,3,9,4,10,3,4,1,34095,0,3,
36,3,9,0,0,4,4,0,0,0,50,
58,3,9,6,0,1,4,0,0,0,27,
34,3,14,2,3,0,4,1,0,1902,50,
19,3,7,4,5,1,4,1,0,0,40,
21,3,9,4,0,4,2,0,0,0,40,
36,4,9,4,4,1,4,1,0,0,50,
37,3,13,2,9,5,2,0,15024,0,40,
43,3,9,2,6,5,2,0,0,0,21,
52,6,13,2,10,0,4,1,0,0,40,
48,3,11,0,7,1,4,0,0,0,40,
43,3,10,0,9,4,4,0,0,0,38,
22,3,9,4,7,3,4,1,0,0,40,
57,3,3,0,13,4,4,1,6497,0,40,
37,3,12,4,0,1,4,0,0,0,40,
39,3,10,0,11,4,1,0,0,0,38,
54,3,10,2,11,0,4,1,0,0,40,
27,3,12,4,7,1,4,1,0,0,40,
21,3,9,4,0,1,4,0,0,0,35,
65,3,10,5,0,1,4,0,0,0,38,
30,3,10,2,7,5,4,0,0,0,40,
22,3,5,4,6,1,4,0,0,0,40,
26,3,13,2,11,0,4,1,4064,0,50,
25,3,7,5,2,3,4,1,0,0,40,
35,8,11,2,14,5,4,0,0,0,40,
47,3,11,2,3,0,4,1,15024,0,50,
23,3,12,4,7,3,4,1,0,0,60,
42,3,9,2,11,0,2,1,0,0,40,
39,5,10,4,2,1,1,1,0,0,30,
55,3,16,2,3,0,4,1,0,0,60,
24,6,14,3,9,1,1,0,0,0,10,
46,4,13,2,6,0,4,1,7298,0,40,
53,3,9,2,2,0,4,1,0,0,40,
44,3,7,5,7,4,2,0,0,0,60,
40,3,9,5,13,4,2,0,0,0,40,
48,3,10,2,2,0,4,1,7688,0,40,
26,3,11,5,0,4,4,0,0,0,35,
22,3,9,4,11,3,4,0,0,0,40,
35,8,9,2,14,5,4,0,0,0,12,
20,8,10,4,14,4,4,0,0,0,20,
43,3,9,0,3,1,4,0,0,0,40,
37,1,9,2,7,5,4,0,0,0,25,
30,3,9,2,2,0,1,1,0,0,40,
41,3,9,2,11,0,0,1,0,0,50,
38,3,15,2,9,0,4,1,0,0,60,
77,8,5,2,14,0,2,1,0,0,40,
42,5,9,2,4,0,4,1,0,0,50,
20,3,9,4,13,3,2,1,0,0,40,
36,3,13,0,0,1,4,0,3674,0,40,
32,0,11,4,9,2,1,1,0,0,40,
27,3,13,2,3,0,4,1,0,0,40,
25,6,10,0,10,2,4,1,0,0,45,
40,3,14,4,3,1,4,1,0,0,40,
18,8,7,4,14,3,4,1,0,0,25,
49,3,13,2,3,0,4,1,0,0,45,
17,3,7,4,7,3,4,0,0,0,16,
29,3,9,4,11,4,4,0,0,0,40,
47,3,15,2,9,0,1,1,99999,0,55,
24,5,10,5,5,3,4,1,0,0,45,
58,8,4,2,14,0,4,1,0,0,24,
29,3,9,4,2,1,4,1,0,0,40,
45,3,10,2,0,5,4,0,0,0,24,
30,3,8,2,2,0,4,1,0,0,50,
19,3,10,4,0,3,4,1,0,0,20,
59,3,6,2,13,0,4,1,0,1485,40,
47,3,4,3,7,4,4,0,0,0,30,
41,3,10,2,12,0,2,1,3137,0,40,
28,3,12,4,9,3,4,1,0,0,40,
46,3,12,2,2,0,4,1,0,0,40,
40,5,10,2,2,0,4,1,0,0,60,
66,6,6,0,7,1,2,0,0,0,40,
30,1,13,4,9,1,2,1,14084,0,45,
44,5,10,4,2,3,4,1,0,0,12,
58,5,9,2,3,0,4,1,15024,0,60,
21,3,4,4,7,2,4,1,0,0,48,
59,3,5,6,7,4,2,0,0,0,40,
35,1,10,2,7,0,4,1,0,0,40,
45,3,5,2,0,0,2,1,5178,0,40,
30,3,9,2,13,0,4,1,0,0,40,
33,3,9,4,5,1,2,1,0,0,40,
26,3,10,4,11,1,4,0,0,0,15,
48,3,10,5,11,4,2,0,0,0,35,
31,3,9,4,11,3,1,0,0,0,40,
36,3,9,2,3,0,4,1,0,0,45,
48,3,9,0,9,4,4,0,0,0,38,
30,3,9,2,2,0,4,1,5013,0,40,
33,3,9,2,5,0,4,1,0,0,50,
19,8,5,4,14,1,4,0,0,0,25,
37,1,12,2,9,5,2,0,99999,0,40,
53,3,13,2,3,0,4,1,0,0,45,
18,3,10,4,7,3,4,0,0,0,40,
38,3,10,2,13,0,4,1,7298,0,50,
34,3,10,4,7,1,4,1,0,0,50,
45,3,13,2,11,0,4,1,0,0,52,
33,1,11,2,9,0,4,1,0,0,60,
35,3,11,2,2,5,4,0,0,0,44,
22,3,9,4,5,3,2,1,0,0,40,
35,3,9,0,7,4,4,0,0,0,30,
45,3,9,2,9,0,0,1,0,0,8,
17,3,7,4,4,3,4,1,0,0,45,
50,3,9,2,3,0,4,1,0,0,45,
38,1,13,2,9,0,4,1,0,0,50,
33,3,10,2,2,0,4,1,7298,0,50,
46,3,9,2,11,0,4,1,0,0,35,
25,3,13,4,11,1,4,0,6849,0,50,
64,3,9,2,2,0,4,1,0,0,40,
62,5,10,2,3,0,4,1,0,0,10,
32,3,9,2,12,0,4,1,0,0,60,
17,3,7,4,11,3,4,1,0,0,20,
61,3,9,2,2,0,4,1,0,0,55,
40,6,16,4,9,1,2,0,0,0,40,
21,3,9,4,3,2,4,0,0,0,40,
39,3,13,2,3,0,4,1,15024,0,50,
35,5,10,2,3,0,4,1,0,0,45,
29,3,11,2,9,0,4,1,0,0,40,
27,0,12,4,13,1,2,1,0,0,40,
20,3,12,4,0,1,4,0,0,0,40,
34,8,10,2,14,5,4,0,0,0,20,
51,1,14,4,9,3,4,1,0,0,40,
45,3,9,5,6,4,2,0,0,0,15,
20,8,10,4,14,3,4,0,0,0,40,
31,3,10,2,2,0,4,1,0,0,40,
29,3,9,4,12,3,2,1,0,0,40,
56,3,13,2,0,0,4,1,0,0,30,
55,5,10,0,12,1,4,0,0,0,12,
26,3,10,4,12,3,4,1,0,0,20,
46,3,10,2,2,0,4,1,15024,0,45,
32,1,9,2,7,0,4,1,0,0,40,
28,3,9,2,11,0,4,1,0,0,40,
27,3,4,4,7,2,4,1,0,0,35,
23,3,5,3,2,1,4,1,0,0,40,
59,3,6,2,2,0,4,1,0,0,40,
26,3,8,4,2,2,3,1,0,0,48,
36,3,6,4,5,1,4,1,0,0,40,
18,3,9,4,11,3,4,0,0,0,15,
33,3,5,0,5,1,4,1,0,0,70,
60,5,11,2,13,5,4,0,0,0,15,
40,3,9,0,6,4,4,0,0,0,48,
48,3,9,2,4,0,4,1,0,0,43,
27,5,6,2,2,0,4,1,0,0,48,
19,3,10,4,7,3,4,1,0,0,20,
38,3,13,2,9,0,4,1,0,0,50,
26,3,10,0,2,1,4,1,0,0,43,
45,0,11,2,10,0,4,1,3908,0,40,
20,3,10,4,0,3,4,0,0,0,20,
32,0,9,0,2,4,4,1,0,0,40,
22,3,10,4,5,3,4,0,0,0,13,
22,3,9,4,0,1,4,1,0,0,40,
38,6,9,4,7,4,2,0,114,0,38,
34,3,9,2,2,0,4,1,0,1848,50,
46,3,2,6,7,4,3,0,0,0,30,
39,3,13,0,3,1,4,0,0,0,25,
79,5,9,6,7,1,4,0,0,0,24,
60,8,13,2,14,0,4,1,0,0,8,
24,3,9,4,11,3,4,1,0,0,40,
31,3,10,2,2,0,4,1,2407,0,65,
37,5,13,2,11,0,1,1,3137,0,77,
23,3,9,4,2,2,4,1,0,0,40,
31,3,10,2,13,0,4,1,0,1579,45,
29,3,13,2,9,0,4,1,0,0,40,
22,6,13,4,9,3,4,0,0,0,43,
69,8,10,6,14,1,4,0,0,0,20,
55,1,9,0,7,4,4,0,0,0,38,
43,3,9,0,2,2,4,1,0,0,40,
23,3,4,4,4,4,3,1,0,0,36,
29,3,9,4,0,4,4,1,0,0,35,
22,3,11,4,7,2,4,0,0,0,40,
22,3,10,4,11,1,4,1,0,0,42,
25,3,9,2,3,0,4,1,7298,0,84,
29,3,10,4,6,3,4,1,0,0,45,
25,6,10,4,13,1,2,1,0,0,40,
33,0,9,4,3,1,4,0,0,0,40,
33,3,13,4,9,1,4,1,0,0,40,
31,3,16,4,9,1,4,0,0,0,28,
30,1,14,2,9,0,4,1,0,1887,45,
55,3,13,2,11,0,4,1,0,0,40,
36,3,8,4,3,1,4,1,4650,0,50,
47,8,9,6,14,4,4,0,0,0,40,
28,3,13,4,11,1,4,1,8614,0,40,
42,3,14,2,9,0,4,1,0,0,40,
51,3,12,0,3,4,4,1,0,0,55,
62,1,13,0,9,1,2,0,0,0,40,
65,4,10,2,11,0,4,1,0,0,35,
23,3,13,2,9,0,4,1,0,0,40,
60,8,9,2,14,0,4,1,0,0,32,
47,3,4,2,2,0,2,1,0,0,60,
50,4,9,0,3,4,4,0,0,0,40,
70,8,13,2,14,0,4,1,0,0,6,
32,5,13,2,2,0,4,1,0,0,40,
37,0,10,2,6,0,4,1,0,0,40,
31,3,9,4,2,4,4,1,14344,0,40,
76,3,6,6,11,4,2,0,0,0,12,
54,3,13,0,11,1,2,0,0,0,60,
32,0,13,2,9,0,4,1,0,0,40,
31,3,10,4,0,1,4,0,0,0,52,
31,0,13,0,10,1,4,1,0,0,50,
65,5,15,0,9,1,4,1,0,1668,40,
30,3,9,2,6,0,4,1,0,0,60,
63,8,9,2,14,0,4,1,0,0,40,
21,3,10,4,9,3,4,0,0,0,10,
40,0,14,2,12,0,1,1,0,1902,40,
26,6,10,4,2,1,4,0,0,0,40,
18,3,7,4,7,3,4,0,0,0,8,
34,1,9,2,7,0,4,1,0,0,50,
66,1,10,0,7,2,4,0,7896,0,40,
44,5,10,4,4,3,4,1,0,0,60,
30,3,12,4,12,1,4,0,0,0,40,
36,5,13,4,2,3,4,1,0,0,40,
31,3,10,2,9,0,4,1,0,0,50,
22,3,10,4,11,1,4,1,0,0,20,
28,8,4,0,14,3,4,1,0,0,84,
23,3,9,4,11,3,1,1,0,0,40,
49,3,14,2,3,0,4,1,15024,0,50,
39,5,13,5,2,3,4,1,0,0,35,
67,8,13,2,14,0,4,1,9386,0,60,
19,3,10,4,5,3,4,1,0,0,16,
30,3,12,2,3,0,4,1,0,1848,50,
25,3,10,4,2,2,1,0,0,0,40,
24,3,9,4,13,3,1,1,0,0,30,
46,3,9,2,6,0,4,1,0,0,40,
37,3,14,2,9,0,4,1,0,0,45,
41,0,9,2,7,0,4,1,0,0,40,
40,5,10,2,9,0,4,1,0,0,20,
44,3,9,0,0,4,4,0,0,0,40,
32,3,9,2,6,0,4,1,0,0,40,
58,3,9,2,5,0,2,1,0,0,20,
48,3,9,2,6,0,4,1,0,0,48,
34,3,13,2,3,0,4,1,0,0,40,
29,3,11,4,0,3,2,0,0,0,40,
46,4,13,2,11,0,4,1,0,0,50,
36,1,9,4,13,1,1,1,0,0,40,
59,1,13,4,0,1,4,1,0,0,38,
29,3,8,2,13,0,4,1,0,0,40,
50,8,14,4,14,1,4,1,0,0,40,
25,3,9,2,6,0,4,1,0,0,40,
27,3,12,4,7,1,1,0,0,0,35,
48,3,9,2,4,0,4,1,0,0,70,
51,0,16,4,9,1,4,0,0,1564,70,
36,3,9,0,13,1,4,1,8614,0,45,
42,1,7,0,11,4,4,1,7430,0,50,
49,6,13,2,0,0,4,1,0,0,40,
33,3,10,4,12,3,4,1,0,0,20,
40,3,13,0,11,1,4,1,0,1564,60,
26,3,13,4,9,1,4,0,0,0,40,
69,8,9,0,14,1,4,0,0,0,40,
59,3,9,2,6,0,4,1,0,0,30,
30,3,9,4,0,3,4,0,0,0,40,
31,1,12,2,0,5,4,0,0,0,35,
30,3,13,2,3,0,4,1,0,0,50,
27,3,13,4,3,1,4,0,0,0,40,
20,8,10,4,14,3,4,0,0,0,16,
56,3,12,0,0,4,4,0,4101,0,40,
24,3,9,2,6,0,4,1,0,0,40,
47,3,13,0,11,4,4,0,0,0,50,
51,3,13,4,9,1,2,1,0,0,35,
34,3,9,2,2,0,4,1,0,0,45,
47,3,9,0,7,4,2,1,0,0,9,
47,3,10,2,0,0,4,1,0,0,44,
20,3,10,4,0,4,1,0,0,0,40,
34,4,9,2,2,0,4,1,0,0,54,
31,3,7,0,7,1,4,0,0,0,40,
42,3,11,0,7,4,4,0,0,0,32,
52,3,3,3,2,2,4,1,0,0,40,
56,3,9,6,0,1,4,0,0,0,40,
53,3,9,2,2,0,4,1,0,0,40,
26,3,10,2,11,0,4,1,0,0,50,
81,3,10,0,0,1,4,0,0,0,20,
28,8,6,4,14,4,2,0,0,0,40,
57,0,10,0,9,1,4,1,0,0,48,
34,3,9,4,0,1,4,0,0,0,40,
31,8,6,2,14,0,4,1,0,0,40,
24,3,11,4,12,4,2,0,0,0,40,
20,3,9,4,7,4,4,1,0,2001,40,
68,0,10,0,0,2,2,0,2346,0,40,
60,3,9,5,11,1,4,0,0,0,32,
37,0,10,2,2,0,4,1,0,0,40,
25,3,4,4,5,4,4,1,0,0,40,
36,0,9,2,0,0,4,1,0,0,40,
45,3,12,2,2,0,4,1,0,0,40,
34,3,10,2,3,0,4,1,0,0,60,
31,3,13,5,3,1,4,0,0,0,70,
47,5,13,2,4,0,4,1,0,0,60,
60,5,9,2,2,0,4,1,0,0,42,
75,3,13,2,3,0,4,1,0,0,24,
43,1,10,2,10,0,4,1,0,0,40,
18,3,9,4,5,3,4,1,0,0,40,
25,3,13,4,12,1,1,0,0,1092,40,
20,3,9,4,0,3,4,0,0,0,40,
32,3,9,4,11,1,4,0,0,0,50,
57,4,13,2,3,0,4,1,0,0,20,
43,3,10,2,13,0,4,1,0,0,60,
18,5,9,4,4,2,4,1,0,0,40,
41,1,13,5,9,4,2,0,0,0,40,
48,3,9,4,6,2,4,1,0,0,40,
35,3,9,2,13,0,4,1,5178,0,90,
41,6,11,2,3,0,4,1,0,0,40,
23,3,9,4,2,3,2,0,0,1594,20,
32,6,13,2,10,0,4,1,0,1887,45,
33,3,9,4,2,3,4,1,0,0,40,
58,3,9,2,6,0,4,1,0,0,40,
22,3,10,4,11,2,4,1,0,0,65,
33,3,10,0,7,1,4,0,0,0,50,
42,5,15,2,9,0,4,1,0,0,38,
25,3,9,4,0,3,4,0,0,0,40,
39,3,9,2,9,0,4,1,0,0,50,
35,3,13,2,11,0,4,1,0,0,45,
50,3,10,2,0,5,4,0,0,1902,38,
49,1,14,2,3,0,4,1,0,0,50,
25,1,13,4,9,3,4,1,0,0,40,
47,0,10,0,0,4,2,0,0,0,40,
46,3,10,2,3,5,4,0,0,0,40,
42,6,12,0,9,1,2,1,0,0,40,
37,3,7,4,13,1,4,1,0,0,60,
29,3,6,2,2,0,4,1,5013,0,40,
26,3,10,4,11,1,4,1,0,0,45,
26,8,10,4,14,4,4,0,0,0,40,
45,4,13,2,3,0,4,1,0,0,40,
34,3,9,5,3,4,4,0,0,0,30,
33,0,12,4,0,4,2,0,0,0,40,
43,3,13,2,3,0,4,1,0,0,40,
28,3,9,2,2,0,4,1,0,0,45,
51,5,10,2,4,0,4,1,0,0,75,
21,3,10,4,7,1,4,0,0,0,35,
23,3,12,4,7,3,4,0,0,0,35,
30,3,9,4,12,1,4,0,0,0,40,
46,3,14,2,3,0,4,1,0,0,45,
38,4,9,4,4,1,4,1,0,0,50,
20,3,9,4,11,1,4,1,0,0,40,
36,3,13,2,9,0,4,1,0,1485,50,
37,5,15,2,9,0,4,1,99999,0,50,
44,1,14,4,9,1,4,1,0,1876,42,
33,3,9,2,2,0,4,1,0,0,40,
45,1,13,4,3,1,4,1,0,0,40,
47,3,10,2,2,0,4,1,0,0,40,
54,3,9,2,2,0,1,1,0,1902,40,
17,3,6,4,7,3,4,1,0,0,30,
43,3,9,2,3,5,4,0,0,0,36,
45,3,13,6,9,1,4,0,10520,0,50,
37,3,10,4,0,1,4,0,0,0,40,
44,1,11,2,2,0,4,1,0,0,40,
55,1,14,6,9,4,4,0,914,0,50,
41,3,9,2,6,0,4,1,0,0,48,
23,3,13,4,0,3,4,0,2174,0,40,
38,3,10,4,0,3,2,0,0,0,40,
23,3,13,4,5,2,4,0,0,0,40,
35,3,9,2,2,0,4,1,7298,0,40,
18,3,7,4,3,3,4,1,0,0,20,
47,3,11,2,7,0,4,1,0,0,40,
25,3,10,4,9,1,4,0,0,0,8,
41,5,9,2,3,0,4,1,0,0,50,
23,3,10,4,0,2,1,0,0,0,24,
41,3,9,2,0,5,4,0,0,0,40,
26,3,10,2,3,0,4,1,2407,0,50,
30,1,10,4,0,1,4,1,0,0,40,
42,3,10,2,11,0,4,1,0,0,40,
35,3,9,0,3,4,4,0,0,0,40,
28,8,13,4,14,1,4,1,0,0,18,
29,3,10,5,12,4,4,0,0,0,40,
21,3,10,3,0,3,4,0,0,0,15,
48,6,14,0,9,1,4,1,0,0,40,
44,5,9,0,13,4,4,1,0,0,60,
34,1,5,4,7,3,4,1,0,0,40,
19,3,9,4,7,3,4,0,0,0,25,
32,3,10,0,2,3,4,1,0,0,40,
31,6,12,5,7,4,2,0,0,0,40,
25,3,9,2,5,0,4,1,2407,0,40,
47,0,9,2,0,0,2,1,0,0,40,
46,0,7,6,0,1,4,0,0,0,40,
18,3,8,4,0,3,4,1,0,0,40,
31,3,10,2,0,5,4,0,0,1740,20,
28,6,9,2,0,3,4,0,0,0,40,
38,3,9,2,6,0,4,1,0,0,48,
33,4,9,2,2,0,4,1,0,0,40,
17,8,6,4,14,3,4,0,0,0,15,
41,3,11,2,3,0,4,1,0,0,40,
46,3,10,2,11,0,4,1,15024,0,40,
38,1,10,2,9,0,4,1,0,0,44,
24,3,13,4,11,1,4,1,0,0,60,
49,3,9,2,6,0,4,1,0,0,40,
60,0,10,0,9,1,0,0,0,0,40,
44,3,13,2,11,0,4,1,0,0,60,
63,4,11,2,3,0,4,1,0,0,40,
40,3,9,2,11,0,4,1,0,0,60,
45,4,10,2,3,0,4,1,0,0,50,
49,3,10,2,0,0,4,1,0,1902,50,
36,3,9,0,11,1,4,0,0,0,40,
65,1,9,2,7,0,4,1,0,0,8,
41,3,13,6,3,4,4,1,0,0,20,
25,3,14,5,7,3,4,0,0,0,40,
20,8,10,4,14,3,4,0,0,0,35,
60,3,11,6,0,1,4,1,0,0,40,
17,1,7,4,9,3,4,0,0,0,20,
28,3,12,2,3,5,4,0,0,0,16,
31,3,12,4,2,3,3,1,0,0,50,
47,3,14,4,9,1,4,0,0,0,35,
45,5,10,2,13,0,4,1,0,0,45,
51,3,13,4,9,1,4,1,0,0,40,
23,3,9,4,6,3,2,1,0,0,40,
44,5,14,2,3,5,4,0,0,1902,60,
34,3,9,4,3,2,4,1,0,0,50,
19,3,10,4,9,3,4,1,0,0,10,
51,8,9,2,14,0,4,1,0,0,40,
46,6,9,2,13,0,4,1,0,0,40,
30,3,16,2,9,0,1,1,0,1977,40,
37,3,6,2,4,0,4,1,0,0,35,
56,3,15,2,9,0,4,1,0,0,45,
29,3,9,2,0,0,4,1,0,0,45,
46,5,14,2,2,0,4,1,0,0,50,
55,3,9,2,2,0,4,1,0,0,40,
45,3,13,0,11,1,4,1,8614,0,48,
34,3,9,3,5,1,4,1,0,0,40,
45,8,5,5,14,3,2,1,0,0,40,
41,3,13,4,0,1,4,1,0,0,40,
22,8,10,4,14,3,4,1,0,0,20,
34,3,15,2,9,0,4,1,0,0,50,
27,3,9,4,2,3,2,1,0,0,40,
29,3,10,4,5,4,2,1,0,0,37,
19,0,8,4,7,3,4,0,0,0,30,
47,1,13,2,9,0,4,1,0,0,40,
43,4,10,2,3,0,4,1,0,0,50,
52,3,11,5,3,4,2,0,0,0,60,
33,5,12,0,11,1,4,1,0,0,60,
29,3,5,2,13,0,4,1,0,0,40,
23,3,9,2,5,0,4,1,0,0,40,
23,3,10,4,3,1,4,1,0,0,40,
39,3,13,2,3,0,4,1,0,0,60,
43,3,3,4,6,4,4,0,0,0,40,
31,3,9,2,2,0,4,1,0,0,40,
47,4,9,2,2,0,4,1,0,0,40,
26,3,9,4,0,1,4,1,0,0,60,
58,1,10,4,9,1,4,0,0,0,55,
47,4,15,0,9,1,4,1,27828,0,50,
55,3,13,4,12,2,4,0,0,1590,38,
26,3,9,2,3,5,4,0,5013,0,40,
28,3,9,4,6,4,4,0,0,0,40,
36,3,9,2,2,0,2,1,0,0,40,
40,3,9,2,11,0,4,1,0,0,50,
19,3,7,4,7,1,4,1,0,0,40,
63,5,13,2,11,0,4,1,10605,0,40,
42,3,13,2,13,0,4,1,0,0,40,
76,3,5,2,10,0,4,1,0,0,13,
23,6,11,4,12,1,4,0,0,0,40,
38,5,3,4,13,1,4,1,0,0,40,
33,6,14,4,9,1,1,1,0,0,30,
48,1,14,2,9,0,4,1,0,0,40,
56,3,10,0,13,1,4,1,0,0,40,
32,3,9,2,6,0,2,1,0,0,40,
44,1,10,0,9,4,4,0,0,0,25,
27,3,9,0,0,3,2,0,0,0,40,
33,0,10,4,3,1,4,1,0,0,50,
22,3,3,4,5,1,4,1,0,0,40,
18,8,10,4,14,3,4,0,0,0,20,
44,3,9,2,2,0,4,1,0,0,40,
42,3,9,2,13,0,0,1,0,0,60,
34,3,10,4,0,1,4,0,0,0,40,
45,0,9,2,0,0,4,1,0,1672,40,
57,4,9,2,11,0,4,1,0,0,40,
59,1,13,2,9,0,4,1,0,0,40,
33,0,10,2,3,5,2,0,0,0,40,
52,3,9,2,4,0,3,1,0,0,49,
17,3,8,4,11,3,4,0,0,0,15,
29,3,9,4,7,3,4,1,0,0,30,
63,5,13,2,11,0,4,1,0,0,30,
20,3,10,4,5,1,4,1,0,0,24,
42,4,15,2,9,0,4,1,0,1977,50,
50,5,9,2,4,0,4,1,0,0,50,
55,3,9,2,8,5,4,0,0,0,30,
27,3,12,2,0,5,2,0,0,0,25,
28,3,13,2,3,0,4,1,0,0,45,
55,3,11,2,6,0,4,1,0,0,45,
44,0,10,2,2,0,4,1,0,0,40,
53,6,10,4,10,1,4,0,0,0,40,
23,3,9,2,2,0,4,1,0,0,40,
25,3,9,0,0,1,4,0,0,0,40,
44,6,13,0,9,1,4,0,0,0,40,
55,3,14,2,3,0,4,1,0,1977,40,
48,5,10,2,9,0,4,1,0,0,35,
46,3,9,2,2,0,4,1,0,0,40,
26,3,10,4,13,1,4,1,0,0,40,
30,3,4,5,4,1,4,1,0,0,45,
32,3,14,2,9,0,4,1,0,0,40,
52,3,9,2,3,0,4,1,0,0,48,
52,3,9,2,11,0,4,1,7298,0,50,
39,3,9,5,11,1,4,0,0,0,47,
57,1,13,2,9,0,4,1,0,1902,40,
21,3,9,4,2,3,4,1,594,0,40,
22,6,10,4,7,3,4,1,0,0,10,
26,3,10,2,6,0,4,1,0,0,40,
26,6,10,2,7,0,4,1,0,0,40,
44,3,11,2,3,0,2,1,0,0,40,
42,3,10,0,0,1,4,0,0,0,30,
40,3,10,2,13,0,4,1,0,0,43,
22,3,7,4,2,3,4,1,0,0,45,
62,3,9,2,2,0,4,1,0,0,45,
44,3,10,2,2,0,4,1,0,0,40,
18,8,10,4,14,3,4,0,0,0,40,
33,5,2,3,2,1,4,1,0,0,40,
45,3,9,2,3,0,4,1,0,0,50,
18,3,7,2,5,3,4,1,0,0,40,
32,1,10,4,2,1,4,1,0,0,40,
33,3,16,4,9,1,4,0,0,0,60,
20,3,10,4,9,3,4,1,0,0,15,
68,5,9,2,4,0,4,1,0,0,20,
61,3,4,2,11,0,4,1,0,0,50,
48,3,16,2,9,0,4,1,0,0,40,
45,3,9,2,11,0,4,1,0,0,40,
36,5,9,2,11,5,4,0,7688,0,40,
32,0,9,4,7,3,2,0,0,0,32,
35,3,13,0,7,1,4,0,0,0,40,
39,3,9,2,2,0,4,1,0,0,40,
53,3,4,2,6,0,4,1,0,0,40,
30,3,10,5,11,4,2,0,0,0,16,
37,3,9,4,13,2,1,1,0,0,40,
40,3,13,0,10,1,4,1,0,0,45,
25,3,10,4,0,1,2,0,0,0,40,
41,3,9,4,11,1,2,0,0,0,60,
52,5,9,2,4,0,4,1,0,0,98,
33,3,9,2,2,0,4,1,0,0,40,
28,3,9,4,2,3,4,1,0,0,40,
25,5,9,2,2,0,4,1,7298,0,40,
53,3,10,2,11,0,4,1,0,0,55,
44,3,2,4,7,3,4,1,0,0,10,
35,3,9,0,3,4,4,0,0,0,40,
38,3,10,0,2,3,4,1,0,0,58,
34,3,9,2,6,0,4,1,0,0,40,
33,3,9,0,6,1,4,0,0,0,40,
24,6,10,2,0,5,4,0,0,0,45,
65,1,9,6,7,4,2,0,0,0,25,
29,3,12,2,11,0,4,1,0,0,60,
39,4,15,2,9,0,4,1,99999,0,65,
46,1,10,2,10,0,4,1,0,0,40,
37,3,4,2,4,0,4,1,2580,0,60,
47,6,14,2,3,0,4,1,0,0,47,
62,3,10,2,7,0,4,1,0,0,40,
54,5,9,2,11,0,4,1,0,0,60,
33,3,12,3,2,1,4,1,0,0,20,
57,3,10,2,3,0,4,1,0,1672,45,
25,3,12,4,2,3,4,1,0,0,40,
44,4,10,2,11,0,4,1,0,0,50,
52,3,13,3,7,1,4,1,0,0,50,
21,3,10,4,6,3,4,1,0,0,40,
31,3,9,4,7,4,2,1,0,0,18,
39,3,14,2,13,0,4,1,0,0,40,
59,0,9,6,6,4,4,0,0,0,40,
29,5,9,2,3,0,4,1,0,0,55,
49,3,4,4,9,2,2,1,0,0,45,
34,3,5,2,2,0,4,1,0,0,40,
22,3,13,4,11,1,4,1,0,0,40,
32,3,13,2,11,0,3,1,0,0,40,
39,6,9,0,7,4,2,0,0,0,40,
46,3,14,2,9,0,4,1,0,0,60,
50,3,9,2,2,0,4,1,3103,0,40,
34,3,9,4,7,1,4,1,0,0,40,
28,1,14,2,9,5,4,0,0,1902,55,
18,3,8,4,11,3,4,0,0,0,24,
20,3,9,4,11,1,4,1,0,0,30,
20,3,9,4,6,2,4,0,0,0,40,
55,6,11,6,3,1,0,0,0,0,38,
22,3,10,4,11,3,2,0,0,0,40,
60,5,14,2,3,0,4,1,0,0,40,
40,3,6,0,2,1,4,1,0,0,50,
47,6,10,2,0,5,4,0,0,0,30,
23,3,13,4,3,1,4,0,0,0,35,
57,1,9,6,13,1,4,0,0,0,40,
52,3,7,2,7,0,4,1,0,0,40,
42,3,4,6,2,4,4,1,0,0,40,
25,3,12,4,5,3,4,1,0,0,20,
49,4,9,2,0,5,4,0,0,2377,40,
41,0,10,4,10,3,4,1,0,0,40,
40,6,11,2,7,0,2,1,0,0,30,
38,3,13,2,3,0,4,1,0,0,55,
58,3,9,4,13,3,4,1,0,0,40,
26,3,13,4,7,1,2,0,0,0,35,
57,3,6,0,0,2,4,0,0,0,70,
28,3,9,2,11,0,4,1,0,1628,60,
42,3,9,5,11,4,4,0,0,0,40,
28,3,10,4,3,1,4,1,2174,0,55,
17,8,5,4,14,3,2,1,0,0,40,
39,5,5,2,2,0,4,1,0,0,40,
28,3,9,2,6,0,2,1,0,0,40,
42,3,9,2,6,0,4,1,4386,0,48,
51,5,10,0,11,4,4,0,0,0,50,
27,3,10,4,0,1,4,0,0,0,39,
41,3,9,0,0,4,4,0,0,0,43,
28,3,13,2,2,0,4,1,0,0,40,
54,5,10,0,4,4,4,0,10520,0,30,
73,8,9,6,14,1,4,0,0,0,8,
49,3,9,2,0,5,4,0,0,0,30,
47,3,14,2,3,0,4,1,0,0,40,
27,3,10,2,2,0,4,1,0,0,49,
42,1,13,2,9,5,4,0,0,0,45,
32,3,9,2,0,5,2,0,0,0,40,
32,1,9,2,7,0,4,1,0,0,41,
27,3,14,4,11,3,4,1,0,0,40,
29,3,9,2,2,0,4,1,0,0,40,
22,3,11,4,9,1,4,1,0,0,30,
41,0,9,2,0,0,4,1,5178,0,40,
49,1,10,2,5,0,4,1,7298,0,40,
58,5,9,2,4,0,4,1,0,0,50,
41,5,9,2,4,0,4,1,7688,0,40,
26,3,5,2,2,0,4,1,0,0,35,
21,3,9,4,11,1,4,1,0,0,55,
32,8,9,2,14,5,4,0,0,0,2,
37,3,13,2,3,0,4,1,0,0,50,
23,3,13,4,11,3,4,1,0,0,20,
42,5,10,2,3,0,4,1,0,0,40,
25,3,9,2,11,3,4,1,0,0,26,
67,3,10,0,0,1,4,0,0,0,40,
41,1,9,0,13,1,2,0,0,0,38,
49,1,14,2,9,5,4,0,0,0,50,
36,3,13,0,9,4,4,0,1506,0,45,
18,3,7,4,2,3,4,1,0,0,35,
25,3,3,2,5,3,4,1,0,0,40,
43,6,15,0,9,1,4,1,0,0,50,
38,3,16,2,3,5,4,0,99999,0,36,
21,3,10,4,11,3,4,1,0,0,20,
65,5,13,2,11,0,4,1,0,0,15,
66,3,11,6,9,1,4,0,0,0,35,
33,3,7,4,13,1,2,1,0,0,60,
51,3,9,2,0,5,2,0,3411,0,38,
27,4,9,2,2,0,4,1,0,1740,40,
17,3,8,4,7,3,4,0,0,0,16,
32,3,13,2,3,0,4,1,15024,0,45,
61,8,9,6,14,1,4,0,0,0,36,
38,3,9,2,6,0,4,1,0,0,40,
43,1,10,0,0,4,4,0,0,0,40,
40,6,16,2,9,0,1,1,0,0,40,
63,3,13,2,11,0,4,1,0,1740,35,
76,8,10,2,14,0,4,1,0,0,20,
42,3,12,0,0,4,4,0,0,0,40,
43,0,13,4,3,1,4,1,0,0,40,
76,5,14,2,9,0,4,1,0,0,30,
41,1,15,2,9,0,4,1,0,2415,45,
17,3,6,4,9,3,4,1,0,0,20,
30,5,9,4,2,1,4,1,0,0,40,
30,3,13,4,9,1,4,1,0,0,50,
22,3,10,4,7,1,4,1,0,0,25,
53,8,13,0,14,2,3,0,0,0,20,
28,3,9,4,7,4,2,0,0,0,52,
25,8,11,4,14,3,4,0,3418,0,40,
24,3,10,4,11,2,2,0,0,0,40,
47,3,6,2,6,0,4,1,0,0,40,
34,5,11,4,4,1,4,1,0,0,50,
26,3,10,4,11,2,4,0,0,0,20,
63,8,13,6,14,1,0,0,0,0,56,
25,3,11,2,3,0,4,1,0,0,75,
28,3,13,4,11,1,4,1,0,0,45,
36,3,9,4,2,1,4,0,0,0,40,
24,3,13,4,3,1,4,1,0,0,40,
51,4,13,2,3,5,1,0,0,0,35,
44,3,13,2,9,0,4,1,0,0,50,
18,3,8,4,0,3,4,1,0,0,12,
54,0,10,2,9,0,4,1,0,0,40,
61,3,10,0,0,1,4,0,0,0,40,
51,3,13,2,3,0,4,1,0,0,45,
43,3,4,2,6,0,4,1,0,0,40,
51,3,9,2,2,0,4,1,0,0,40,
50,1,9,2,3,5,2,0,0,0,40,
27,8,9,4,14,1,4,0,0,0,25,
24,3,10,2,5,0,4,1,0,0,30,
20,6,10,2,7,0,4,1,0,0,20,
52,3,13,0,3,1,4,1,0,0,40,
57,1,4,0,7,1,4,1,0,0,40,
49,4,10,2,11,0,4,1,0,0,60,
42,4,13,2,0,5,4,0,0,0,35,
22,3,7,4,11,1,4,0,0,0,40,
38,3,10,2,12,0,4,1,0,0,40,
21,3,10,4,11,3,4,0,0,0,20,
39,0,13,2,10,0,4,1,0,1887,60,
52,5,10,4,9,3,4,0,0,0,35,
25,3,12,4,12,3,4,0,0,0,40,
50,3,10,3,7,1,4,0,0,0,40,
35,6,10,2,3,0,4,1,0,0,80,
50,3,11,5,9,4,4,0,0,0,40,
58,3,9,2,2,0,4,1,0,0,25,
48,0,13,0,3,1,4,1,0,0,45,
30,3,10,0,0,1,4,0,0,0,35,
18,3,7,4,5,3,4,1,0,0,12,
29,5,9,2,2,0,4,1,0,0,40,
52,5,10,2,11,0,4,1,0,0,45,
63,3,9,2,11,0,4,1,4064,0,40,
36,1,14,2,9,5,4,0,0,0,40,
24,3,10,4,6,3,4,0,0,0,42,
30,1,12,4,10,1,2,1,0,0,40,
23,3,9,2,6,0,3,1,0,0,40,
35,8,9,0,14,4,4,0,0,0,20,
21,3,13,4,7,3,4,0,0,0,20,
28,3,10,4,2,1,4,1,0,0,43,
20,3,9,4,0,3,4,1,0,0,40,
18,3,7,4,7,3,4,1,0,0,20,
21,3,10,4,0,3,4,0,0,0,15,
27,3,9,4,2,1,4,1,0,0,40,
42,3,10,0,12,1,4,0,0,0,40,
21,3,10,4,7,3,4,0,0,0,30,
51,3,10,2,11,0,4,1,0,0,40,
27,0,13,4,0,1,4,0,0,0,40,
23,5,9,4,13,3,4,1,0,0,40,
57,3,10,2,11,0,4,1,0,1902,40,
22,6,13,4,9,3,4,0,0,0,12,
59,3,5,2,13,0,4,1,0,0,60,
38,3,9,0,13,1,4,1,0,0,40,
20,3,9,4,13,2,4,1,0,0,40,
90,3,5,4,0,1,4,0,0,0,40,
35,3,11,2,11,0,4,1,0,0,40,
50,3,9,2,10,0,4,1,0,0,38,
45,3,16,2,9,0,4,1,0,0,50,
44,3,14,2,3,0,4,1,0,0,50,
23,3,12,4,9,3,4,1,0,0,40,
34,3,7,2,5,0,4,1,0,0,40,
23,4,13,0,11,1,4,0,0,0,43,
39,6,10,2,10,0,4,1,0,0,40,
19,3,10,4,5,1,4,1,0,0,55,
54,3,10,2,3,0,4,1,0,0,40,
40,3,14,0,9,1,4,1,0,0,43,
44,3,10,4,11,3,4,1,0,0,50,
31,4,10,2,0,5,4,0,0,0,20,
25,3,5,5,5,2,4,1,0,0,40,
33,3,13,2,3,5,4,0,0,0,32,
32,3,9,4,13,1,4,1,0,0,60,
36,3,6,2,6,0,4,1,0,0,40,
47,5,10,2,9,0,3,1,0,0,55,
80,3,14,6,9,1,4,0,0,0,10,
21,3,10,4,11,3,4,0,0,0,8,
35,5,10,2,4,0,4,1,0,0,60,
77,8,14,0,14,1,4,1,0,0,45,
30,3,9,2,13,0,4,1,5013,0,40,
35,8,9,2,14,0,4,1,0,0,40,
49,3,4,2,5,0,4,1,0,0,40,
33,3,9,2,0,5,4,0,0,1740,25,
53,5,10,2,4,0,4,1,0,0,45,
41,3,9,0,5,4,4,1,0,0,55,
57,3,13,2,6,0,4,1,0,0,40,
21,8,10,4,14,3,4,0,0,0,25,
19,3,10,4,7,3,4,0,0,0,40,
28,3,13,4,3,3,4,0,0,0,45,
42,0,14,0,0,1,4,1,0,2001,60,
29,5,10,2,4,0,4,1,0,0,55,
38,8,11,5,14,4,4,0,0,0,25,
26,3,10,4,7,3,4,1,0,0,20,
41,3,10,4,2,4,4,1,0,3004,60,
40,3,10,0,3,1,4,0,0,0,40,
36,5,16,4,9,1,4,1,0,0,40,
28,3,9,2,3,0,4,1,0,0,40,
25,5,13,4,0,1,2,0,0,0,20,
42,5,9,2,4,0,4,1,0,0,60,
32,3,9,4,2,3,4,1,0,0,40,
32,3,12,4,0,3,4,1,0,0,30,
37,3,3,2,2,0,4,1,0,0,40,
39,1,9,2,10,0,4,1,0,0,56,
49,3,13,2,2,0,4,1,0,0,40,
28,8,9,4,14,1,2,1,0,0,40,
24,8,5,4,14,3,4,0,0,0,20,
19,3,9,4,11,1,4,0,0,0,40,
31,3,9,2,13,0,4,1,0,0,40,
40,3,9,0,6,1,4,0,0,0,40,
29,3,4,4,5,3,4,1,0,0,30,
59,3,9,2,4,0,4,1,0,0,48,
52,3,12,2,10,0,4,1,0,0,40,
27,3,13,4,3,3,4,1,0,0,40,
45,1,13,2,9,0,4,1,0,0,45,
58,3,13,2,7,0,1,1,0,0,40,
53,3,13,4,3,3,4,1,0,0,40,
23,3,9,4,5,3,4,1,0,0,25,
35,3,7,0,5,2,4,1,0,0,40,
49,3,9,2,3,0,4,1,0,0,40,
49,3,12,0,3,1,4,0,0,0,40,
25,3,8,4,2,1,4,1,0,0,40,
47,3,14,0,9,4,4,0,0,0,50,
28,3,12,0,0,1,4,0,0,0,40,
20,3,10,4,3,1,4,0,0,0,30,
74,8,3,2,14,0,4,1,0,0,56,
19,3,9,4,6,3,4,1,0,0,24,
28,3,9,2,6,0,4,1,2580,0,40,
31,3,10,0,0,4,2,0,0,0,40,
61,8,10,3,14,1,4,1,0,0,40,
30,3,11,2,5,0,4,1,0,0,53,
20,8,10,4,14,3,4,1,0,0,40,
35,3,4,2,6,0,4,1,0,0,40,
23,3,13,4,7,3,4,1,0,0,40,
25,3,13,2,3,5,4,0,0,0,30,
19,3,9,4,7,3,4,1,0,0,30,
30,3,14,4,9,1,4,1,0,0,45,
26,3,9,4,2,3,4,1,0,0,35,
34,1,9,2,13,0,4,1,0,0,45,
49,3,13,0,3,4,2,0,0,0,40,
35,3,10,2,5,0,4,1,0,2042,40,
38,3,9,4,11,3,4,0,0,0,40,
36,3,9,2,5,0,2,1,0,0,20,
33,3,9,2,9,0,0,1,0,0,48,
54,3,10,4,7,1,4,0,0,0,40,
19,1,9,4,2,3,4,1,0,0,40,
18,2,6,4,14,3,4,1,0,0,40,
60,3,9,2,2,0,4,1,0,0,40,
28,5,9,4,2,3,4,1,0,0,40,
43,5,9,2,11,0,4,1,0,0,40,
49,1,3,2,7,0,4,1,0,0,40,
25,3,13,4,9,3,4,1,0,0,70,
17,3,6,4,11,3,4,1,0,0,20,
41,4,13,2,11,0,4,1,0,0,60,
30,3,10,2,13,0,2,1,0,0,35,
90,1,14,2,3,0,4,1,20051,0,60,
25,3,9,4,10,2,4,1,0,0,40,
27,3,11,2,11,0,4,1,0,0,35,
29,3,9,2,2,0,4,1,0,0,40,
55,3,10,2,10,0,2,1,0,0,40,
31,0,13,4,3,1,2,0,0,0,40,
43,3,11,2,2,0,4,1,0,0,99,
63,3,14,5,9,1,4,0,0,0,40,
46,3,4,2,13,0,4,1,0,0,40,
59,3,9,2,11,0,4,1,0,0,40,
42,3,13,2,3,5,2,0,0,0,50,
26,3,13,4,0,1,4,0,0,0,20,
26,3,10,2,11,0,4,1,0,0,45,
20,8,10,4,14,3,4,0,0,0,30,
19,8,9,4,14,1,2,0,0,0,40,
61,3,5,0,5,1,4,1,0,0,40,
23,6,9,2,3,0,4,1,0,0,40,
24,3,9,2,0,5,4,0,0,0,40,
35,3,13,0,12,4,4,1,7430,0,40,
42,5,9,2,11,0,4,1,0,0,12,
31,3,8,0,7,4,4,0,0,0,21,
31,3,9,2,6,5,4,0,0,0,55,
63,3,13,6,0,1,4,0,0,0,25,
29,6,11,4,12,1,4,0,0,1590,64,
43,6,13,2,9,0,4,1,0,0,40,
22,3,13,4,0,1,1,0,0,0,10,
17,3,7,4,7,3,4,1,0,0,25,
23,5,13,4,0,3,4,1,0,2231,40,
35,3,5,0,2,1,4,1,0,0,45,
32,3,9,0,7,4,3,0,0,0,28,
50,4,13,2,3,0,4,1,15024,0,60,
25,3,9,4,13,2,4,1,0,0,40,
26,1,14,3,9,1,4,0,0,0,40,
32,3,13,2,3,0,4,1,0,0,40,
29,3,11,2,2,0,4,1,0,0,50,
57,3,10,2,9,0,4,1,0,0,40,
90,3,14,4,3,1,2,1,0,0,50,
35,3,11,0,9,4,4,0,0,0,40,
31,5,10,2,11,0,2,1,0,0,60,
60,3,9,0,11,1,4,0,0,0,33,
21,3,11,2,0,2,4,0,0,1579,40,
71,1,14,6,9,1,4,0,0,0,40,
22,3,11,4,7,3,4,1,0,0,30,
50,1,9,0,0,1,4,0,0,0,40,
37,3,10,2,11,0,4,1,0,0,45,
23,3,9,4,0,3,1,0,0,0,40,
74,3,9,2,7,0,4,1,0,0,30,
67,3,10,2,11,0,4,1,0,1844,70,
59,3,10,2,2,0,4,1,0,0,43,
28,3,9,2,13,0,4,1,0,1740,40,
45,3,9,2,4,0,0,1,0,0,40,
63,5,10,2,4,0,4,1,0,0,20,
39,3,13,4,9,1,4,0,0,0,63,
33,6,10,0,7,4,2,0,0,0,40,
32,3,13,4,7,1,1,1,0,0,40,
34,3,13,2,3,0,4,1,0,1977,45,
39,3,9,4,5,2,4,1,0,0,40,
29,6,14,2,0,0,4,1,0,0,36,
22,3,9,2,6,0,4,1,0,0,40,
53,3,13,0,11,1,4,0,13550,0,43,
46,3,11,2,2,0,4,1,0,0,42,
51,3,10,2,7,5,4,0,0,0,40,
44,3,15,0,9,1,4,0,2354,0,99,
56,6,9,0,0,1,4,0,0,0,40,
27,3,13,4,0,3,2,0,0,0,40,
52,3,5,3,6,1,1,0,0,0,30,
39,3,13,4,9,1,4,1,0,0,40,
45,0,10,2,3,0,4,1,7688,0,40,
37,3,10,2,2,0,4,1,0,0,45,
33,3,9,0,0,3,4,1,0,0,40,
35,8,9,4,14,1,4,0,0,0,4,
46,3,3,2,2,5,4,0,0,0,45,
35,3,8,2,2,5,4,0,0,0,50,
33,3,9,2,3,0,2,1,0,0,50,
48,3,13,2,11,0,4,1,0,0,40,
32,3,9,0,6,3,4,1,0,0,50,
18,8,6,4,14,3,4,1,0,0,40,
20,3,10,4,7,3,4,0,0,0,32,
35,3,9,4,13,3,1,1,0,0,60,
19,3,9,4,5,3,4,0,0,0,25,
21,3,9,4,11,3,4,0,0,0,40,
56,3,7,5,6,1,4,0,0,0,40,
28,3,13,4,0,3,4,0,0,0,16,
45,3,9,0,2,4,4,0,0,0,40,
32,3,11,2,0,5,4,0,0,0,45,
44,3,13,2,2,0,4,1,0,0,12,
55,3,9,2,9,0,4,1,0,0,40,
34,3,10,2,0,0,4,1,0,0,40,
33,3,14,2,9,0,4,1,0,0,40,
36,3,13,4,3,3,4,1,0,0,55,
25,3,9,4,0,3,4,0,0,0,40,
28,3,13,4,11,1,4,1,0,0,40,
39,3,13,2,11,0,4,1,7298,0,55,
53,3,6,3,6,1,4,0,0,0,40,
47,3,9,0,3,1,0,0,3325,0,45,
49,4,11,0,3,1,4,1,0,0,60,
22,3,9,4,5,3,0,1,0,0,40,
31,3,10,4,0,2,4,1,0,0,40,
44,4,10,0,7,4,4,1,0,0,80,
19,3,9,4,9,3,4,1,0,0,40,
37,5,9,0,2,1,4,1,0,0,40,
60,8,9,6,14,1,4,1,0,0,35,
23,3,10,4,5,3,4,1,0,0,25,
44,3,15,2,9,0,4,1,99999,0,65,
54,1,9,2,7,5,4,0,0,0,35,
23,3,9,2,2,0,4,1,0,0,38,
21,3,10,4,7,3,4,0,0,0,10,
19,6,10,4,9,3,4,1,0,0,25,
51,3,13,2,2,0,4,1,0,0,20,
41,3,13,2,3,0,4,1,7688,0,50,
61,3,10,2,12,0,4,1,15024,0,18,
19,5,6,3,0,4,0,0,0,0,40,
22,3,13,4,11,3,4,1,0,0,40,
22,3,9,4,7,1,4,0,0,0,40,
49,3,4,2,9,0,4,1,0,0,32,
35,3,6,0,6,1,4,1,0,0,50,
38,3,10,2,11,0,4,1,0,0,40,
29,3,9,2,9,0,4,1,0,0,40,
56,3,11,2,2,0,4,1,0,0,45,
41,3,10,0,3,1,4,0,0,0,80,
62,4,14,2,11,0,4,1,0,0,45,
27,3,9,4,10,3,4,1,0,0,40,
55,8,9,0,14,1,4,0,0,0,40,
25,3,9,4,11,1,4,1,4416,0,42,
33,3,13,2,9,0,4,1,15024,0,75,
26,3,9,4,0,1,4,0,0,0,40,
43,3,9,0,6,1,4,1,0,0,45,
53,0,14,2,0,0,4,1,0,0,40,
43,3,13,0,7,1,4,0,0,0,40,
56,3,9,0,2,4,4,1,0,0,35,
25,3,13,2,11,0,4,1,0,0,50,
60,3,14,0,9,2,2,1,0,0,40,
28,3,10,4,0,1,4,0,0,0,40,
21,3,9,4,6,4,4,1,0,0,40,
40,3,13,4,0,4,2,0,2977,0,40,
29,3,9,2,2,0,2,1,0,0,40,
20,3,10,4,2,3,4,0,0,0,25,
25,3,9,2,2,0,4,1,0,0,80,
18,3,7,4,11,3,4,0,0,0,10,
32,6,12,2,7,0,4,1,0,0,35,
27,3,2,4,7,3,3,1,0,0,35,
48,3,9,6,6,1,4,0,0,0,16,
20,3,10,4,11,3,4,0,0,0,25,
55,3,9,0,11,1,4,0,0,0,40,
33,1,13,4,9,1,4,0,0,0,50,
21,6,10,4,0,3,4,0,0,0,12,
43,5,9,2,2,0,4,1,0,0,30,
35,3,10,2,6,0,4,1,0,0,40,
39,1,13,2,9,0,4,1,0,0,35,
19,3,9,4,11,1,1,0,0,0,40,
25,3,9,4,7,1,2,0,0,0,40,
44,3,10,2,13,0,4,1,0,0,72,
27,3,12,4,2,4,4,1,0,0,40,
39,3,9,2,0,5,4,0,0,0,40,
69,3,6,4,2,2,4,1,0,0,40,
34,3,13,4,3,1,1,0,0,0,40,
20,8,10,4,14,3,4,1,0,0,35,
37,3,3,5,7,4,4,0,0,0,40,
43,1,13,0,9,3,4,0,0,0,39,
62,8,9,2,14,0,4,1,0,0,48,
34,6,14,2,9,5,2,0,0,0,40,
31,5,10,2,6,0,4,1,0,0,48,
42,6,16,0,9,1,4,0,8614,0,60,
26,3,9,0,11,4,4,0,0,0,30,
39,3,10,5,7,4,4,0,0,0,75,
25,3,13,4,7,3,4,1,0,0,40,
54,1,10,2,13,0,2,1,0,0,30,
44,6,14,2,9,0,4,1,0,0,60,
34,6,14,2,9,0,4,1,7688,0,38,
21,4,10,4,3,1,4,1,0,0,40,
50,3,3,2,5,0,4,1,0,0,55,
33,3,9,4,6,1,4,1,0,0,40,
40,4,12,2,3,5,4,0,0,0,40,
44,3,14,2,3,0,4,1,0,0,40,
33,1,12,0,10,1,4,1,0,0,56,
21,1,10,4,0,3,4,1,0,0,40,
35,5,13,4,7,1,2,0,0,0,60,
43,3,10,2,11,0,4,1,7298,0,40,
57,8,6,5,14,1,4,1,0,0,30,
51,1,14,2,9,0,4,1,0,0,45,
29,3,9,2,2,0,4,1,0,0,40,
51,1,9,5,10,1,2,1,0,0,40,
35,3,9,2,11,0,4,1,0,0,40,
18,3,7,4,11,3,4,1,0,0,20,
58,3,6,2,2,0,4,1,0,0,50,
57,4,10,2,3,0,4,1,0,0,40,
19,3,9,4,11,3,4,0,0,0,20,
37,3,10,5,7,4,4,0,0,0,40,
38,3,9,2,11,0,4,1,0,0,44,
45,3,10,3,0,1,4,0,0,0,40,
27,3,10,2,9,0,1,1,0,0,40,
64,8,4,6,14,1,4,0,0,0,40,
38,1,10,2,10,0,4,1,0,0,72,
30,3,9,0,2,1,4,1,0,0,30,
46,3,13,2,12,0,4,1,0,0,40,
18,8,6,4,14,2,4,0,0,0,30,
60,3,9,2,11,0,4,1,0,0,40,
30,3,9,5,13,1,4,1,0,0,44,
47,3,10,2,2,0,2,1,7688,0,40,
39,3,13,4,3,1,4,0,0,0,40,
42,3,10,2,2,0,4,1,7298,0,45,
27,3,10,0,0,2,4,0,0,0,40,
44,3,10,0,11,1,4,1,0,0,40,
33,3,13,2,13,0,4,1,0,0,40,
54,3,13,4,3,1,4,1,0,0,50,
58,5,10,2,4,0,4,1,0,0,35,
45,3,13,4,13,1,4,1,0,0,30,
59,3,10,2,6,0,4,1,0,0,50,
29,3,12,4,8,1,4,0,0,0,50,
27,3,9,4,6,1,4,0,0,0,40,
44,3,14,2,12,0,4,1,0,0,20,
44,3,9,2,2,0,4,1,0,0,40,
33,3,10,2,3,0,4,1,0,0,70,
27,3,9,4,2,3,4,1,0,0,40,
33,3,13,2,3,0,4,1,0,0,55,
55,3,11,0,0,4,2,0,0,0,40,
32,5,11,2,9,0,3,1,0,0,60,
31,3,11,2,5,0,4,1,0,0,45,
57,4,15,2,9,0,4,1,99999,0,60,
30,3,13,2,3,0,4,1,0,0,45,
78,8,9,6,14,1,4,0,0,0,1,
28,3,13,4,11,1,4,0,0,0,48,
30,5,10,4,11,2,1,1,0,2258,40,
29,3,14,2,9,0,4,1,0,0,40,
66,3,9,4,7,2,2,0,0,0,3,
60,3,9,2,2,0,4,1,0,0,45,
31,3,13,2,9,0,4,1,0,0,40,
26,3,9,4,2,2,4,1,2597,0,40,
24,3,9,4,5,3,4,1,0,0,45,
29,3,13,4,11,1,4,1,0,0,50,
44,3,9,2,12,0,4,1,0,0,45,
34,1,13,2,3,0,4,1,0,0,55,
59,3,13,2,9,0,4,1,0,1902,43,
23,3,13,4,3,3,1,1,0,0,24,
23,3,7,4,7,2,4,1,0,0,40,
55,1,11,5,9,4,2,0,0,0,35,
39,4,9,2,3,0,4,1,0,0,40,
39,3,7,4,2,1,2,1,0,0,40,
57,3,4,0,13,4,4,1,0,0,75,
35,3,9,0,11,4,4,0,0,0,40,
39,1,11,2,10,0,4,1,0,0,48,
47,3,9,2,11,3,4,0,0,0,38,
53,6,16,2,0,0,4,1,0,0,50,
23,3,10,4,11,3,2,1,0,0,25,
35,3,14,4,2,1,4,1,0,0,50,
44,3,10,0,4,1,4,0,0,0,40,
28,3,9,4,7,3,4,0,0,0,25,
26,3,13,4,3,1,1,0,0,0,40,
23,3,9,4,3,1,4,1,0,0,45,
32,3,9,2,7,0,4,1,0,0,25,
49,4,10,2,13,0,4,1,0,0,50,
36,3,10,4,2,3,4,1,2174,0,60,
36,3,9,0,7,4,4,0,0,0,36,
41,8,3,2,14,0,3,1,0,0,40,
21,3,12,2,0,5,0,0,0,0,46,
54,5,13,2,3,0,4,1,0,0,40,
43,3,10,3,7,1,2,0,0,0,40,
35,1,10,0,0,4,4,0,0,0,40,
31,3,10,2,4,0,4,1,0,0,50,
46,3,10,2,2,2,1,1,0,0,40,
46,3,9,5,11,1,4,0,0,0,40,
56,3,9,2,7,0,4,1,0,0,40,
45,8,14,2,14,5,4,0,0,0,1,
21,3,9,4,0,3,4,1,0,0,40,
51,3,14,2,3,0,4,1,0,0,50,
47,6,10,0,9,4,4,1,0,0,20,
42,3,3,3,2,1,4,1,0,0,40,
19,3,10,4,11,3,4,0,0,0,30,
25,3,13,4,2,3,4,1,0,0,40,
37,3,14,2,12,0,4,1,0,0,60,
35,3,8,2,7,0,2,1,0,0,40,
40,3,9,2,13,0,4,1,0,0,30,
57,5,7,2,11,0,4,1,0,0,15,
38,3,9,2,12,0,4,1,0,0,50,
48,3,6,0,11,1,4,0,0,0,38,
34,3,10,0,7,1,4,0,0,0,34,
46,0,10,0,13,1,4,1,0,0,40,
30,3,9,4,0,1,4,1,0,0,38,
45,6,14,0,10,1,4,1,0,0,50,
32,5,13,2,9,0,4,1,0,0,50,
35,3,9,4,6,3,4,1,0,0,48,
62,3,10,4,2,1,4,0,8614,0,39,
56,8,9,2,14,0,4,1,0,0,40,
50,3,11,2,7,0,4,1,0,0,40,
25,3,13,4,12,1,4,1,0,0,40,
41,3,10,4,11,1,2,1,0,0,33,
35,3,9,4,7,3,4,0,0,0,27,
33,3,10,2,2,0,4,1,0,0,41,
38,3,12,2,3,5,4,0,0,1902,40,
37,6,13,4,9,1,4,1,0,0,40,
56,3,9,2,6,0,4,1,0,0,40,
19,3,4,4,2,3,4,1,0,1602,32,
31,3,5,2,3,5,4,0,0,0,40,
53,1,9,0,2,1,3,1,0,0,40,
33,3,9,5,5,4,4,1,0,0,35,
72,3,2,0,7,1,2,1,0,0,40,
54,3,9,2,13,0,4,1,0,0,50,
30,3,13,4,6,1,4,0,0,0,40,
51,3,16,4,9,1,4,1,0,0,40,
30,3,9,2,2,0,4,1,0,1848,50,
30,3,13,4,9,1,4,1,0,0,50,
32,3,10,2,10,0,2,1,0,0,16,
30,3,10,4,11,1,4,1,0,0,50,
35,3,14,2,0,0,4,1,0,0,40,
40,3,10,0,0,3,4,0,0,0,44,
38,6,13,0,9,1,4,0,0,0,40,
19,3,6,4,7,2,4,0,0,0,30,
32,3,10,4,9,1,4,1,0,0,44,
49,3,14,3,0,4,4,0,0,0,40,
76,8,13,2,14,0,4,1,0,0,10,
60,3,13,2,9,0,4,1,0,0,35,
60,3,5,2,11,0,4,1,0,0,40,
55,3,16,2,3,0,4,1,0,0,80,
41,3,13,0,12,1,4,0,0,0,30,
24,3,9,4,2,3,4,1,0,0,40,
53,3,14,2,11,0,4,1,7298,0,60,
69,6,10,6,0,1,4,0,0,810,38,
71,8,10,2,14,0,4,1,3432,0,30,
41,3,9,2,0,5,4,0,0,0,40,
32,3,9,4,7,3,4,0,0,0,40,
45,3,7,2,2,0,4,1,0,0,40,
59,3,13,0,3,1,4,1,0,0,40,
31,3,9,4,7,3,4,0,0,0,35,
40,3,9,5,0,4,4,0,0,0,37,
44,3,11,2,12,0,4,1,0,0,40,
63,3,10,0,11,1,4,0,0,0,60,
31,1,10,2,10,0,4,1,15024,0,56,
51,3,13,4,0,4,4,1,0,0,20,
51,3,7,2,6,0,1,1,0,0,40,
23,3,9,4,11,1,4,1,0,0,40,
49,3,4,2,6,0,4,1,0,0,48,
56,3,9,2,2,0,4,1,2885,0,45,
39,3,9,2,2,0,4,1,0,0,40,
39,5,15,2,9,0,4,1,15024,0,50,
30,5,9,0,7,4,4,0,0,0,40,
43,5,13,2,3,0,4,1,0,0,50,
31,3,10,4,2,1,4,1,0,0,50,
44,1,14,2,9,0,4,1,0,0,35,
43,5,15,2,9,0,4,1,0,0,30,
37,0,16,2,9,0,4,1,0,0,72,
41,3,10,2,0,0,4,1,0,0,46,
43,3,9,2,0,0,4,1,0,0,40,
47,6,10,2,2,0,4,1,0,0,40,
38,5,15,4,9,1,4,1,0,2824,45,
46,3,11,2,6,0,4,1,0,0,40,
19,6,10,4,7,3,4,0,0,0,40,
19,3,3,4,7,1,4,1,0,0,50,
24,3,13,2,11,0,4,1,0,0,45,
39,4,10,2,4,0,4,1,0,0,65,
37,3,11,0,6,1,4,0,0,0,30,
28,8,13,4,14,3,2,0,0,0,40,
40,3,9,0,2,4,4,1,0,0,40,
27,3,12,4,11,3,4,0,0,0,40,
22,3,9,4,0,2,4,0,0,0,40,
21,3,10,4,5,3,4,1,0,0,12,
32,3,9,2,3,5,4,0,0,0,40,
20,3,9,5,6,3,4,1,0,0,40,
45,3,14,0,13,1,4,1,14344,0,48,
46,1,15,2,10,0,4,1,0,0,40,
46,3,11,0,3,4,4,0,0,0,45,
26,3,10,4,10,1,4,1,0,0,44,
47,5,13,2,3,3,4,1,0,0,60,
22,3,10,4,9,3,4,0,0,0,10,
34,5,9,2,3,0,4,1,0,0,60,
49,3,2,2,2,0,4,1,0,0,40,
20,3,10,4,5,3,4,1,0,0,25,
28,3,9,2,6,0,4,1,0,0,45,
30,3,7,2,6,0,2,1,0,0,40,
23,3,9,2,2,0,4,1,0,0,40,
20,3,5,4,8,3,4,1,0,0,40,
31,3,10,2,7,0,4,1,0,0,55,
46,3,2,4,6,3,4,1,0,0,40,
42,3,9,5,0,4,4,0,0,0,40,
60,5,4,2,2,0,4,1,0,0,40,
30,3,13,4,9,1,4,1,0,0,50,
27,3,10,2,13,0,4,1,0,0,48,
20,3,5,4,11,3,4,0,0,0,32,
56,5,13,2,9,0,4,1,7688,0,40,
41,3,10,2,3,0,4,1,0,0,60,
61,3,9,2,6,0,4,1,0,0,40,
47,3,9,0,3,4,2,0,0,0,40,
60,3,5,2,6,0,4,1,2228,0,37,
33,3,5,2,6,0,4,1,0,0,50,
40,8,10,2,14,5,4,0,0,0,25,
48,3,13,2,9,0,4,1,0,0,45,
56,3,9,2,5,0,4,1,0,0,40,
50,3,11,2,13,0,4,1,3103,0,55,
57,5,14,2,9,0,4,1,0,0,40,
20,3,10,4,0,3,3,0,0,0,40,
46,3,11,0,12,2,4,0,0,0,36,
21,3,10,4,9,1,4,0,0,0,40,
37,3,9,2,3,0,4,1,0,0,40,
42,3,10,2,12,0,4,1,0,0,40,
20,3,9,4,7,3,4,0,0,0,30,
54,3,16,2,9,0,4,1,0,1977,50,
32,1,9,2,13,5,4,0,4064,0,22,
62,8,10,2,14,5,4,0,0,0,1,
50,3,10,2,2,0,4,1,0,0,40,
49,0,10,4,0,4,2,0,0,0,40,
48,3,12,2,13,0,4,1,0,0,50,
24,3,10,4,11,2,2,0,0,0,40,
46,3,14,2,12,0,1,1,0,0,40,
42,3,9,0,7,1,4,0,0,0,40,
52,4,10,2,2,0,4,1,0,0,40,
58,1,12,6,0,1,2,0,0,0,40,
37,3,10,0,12,1,0,0,0,0,40,
34,3,9,2,2,0,4,1,0,0,40,
26,3,10,2,0,0,4,1,0,2051,40,
18,3,10,4,0,2,4,0,0,0,20,
33,3,10,4,9,1,2,1,0,0,40,
41,3,10,0,11,1,4,0,0,0,15,
21,3,12,4,0,3,4,0,0,0,20,
23,3,11,4,12,1,4,0,0,0,40,
26,0,10,4,12,3,4,0,0,0,40,
33,3,13,2,7,5,4,0,0,0,40,
24,3,10,4,3,3,4,0,0,0,45,
43,3,6,2,2,0,1,1,0,0,42,
52,6,9,0,0,1,4,0,0,0,40,
27,8,10,0,14,3,2,0,0,0,40,
61,3,4,0,7,4,4,0,0,0,40,
35,3,9,2,6,0,4,1,0,0,40,
35,3,9,2,2,0,4,1,0,0,40,
45,4,9,2,3,0,4,1,15024,0,55,
43,1,9,2,3,0,4,1,0,0,40,
51,3,9,2,10,0,4,1,0,0,40,
35,3,13,2,13,0,4,1,0,0,40,
47,0,13,2,0,0,4,1,0,0,45,
22,3,10,4,0,3,4,1,0,0,40,
49,4,11,2,3,0,4,1,0,0,60,
20,3,9,4,2,3,4,1,0,0,20,
19,3,6,0,7,1,4,0,0,0,40,
27,3,9,4,2,1,4,1,0,0,40,
42,3,12,0,9,4,4,0,0,0,45,
27,8,10,0,14,3,4,1,0,0,40,
23,5,10,4,4,3,4,1,0,0,35,
20,3,10,4,12,1,4,0,0,0,10,
47,3,9,2,13,0,4,1,0,0,50,
17,3,8,4,7,3,2,1,0,0,18,
76,8,6,2,14,0,4,1,0,0,1,
39,3,10,0,11,4,4,0,0,0,40,
25,3,5,2,6,0,4,1,0,0,40,
31,3,11,2,3,5,2,0,0,0,43,
44,3,9,0,13,1,2,1,0,0,20,
53,3,11,2,3,0,4,1,0,0,40,
34,3,10,5,2,1,4,1,0,0,45,
45,5,10,2,3,0,4,1,0,0,60,
34,3,9,2,11,0,4,1,0,0,45,
35,3,14,2,11,0,4,1,0,0,40,
36,3,10,4,7,1,4,1,0,0,48,
45,3,10,6,7,4,4,0,0,0,45,
37,5,10,2,3,0,4,1,0,0,60,
53,3,12,2,6,0,4,1,0,0,40,
35,3,14,2,9,5,4,0,15024,0,50,
38,5,9,2,6,0,4,1,0,0,70,
65,4,10,2,11,0,4,1,0,0,40,
49,5,6,0,4,4,4,1,0,0,70,
24,3,9,4,5,1,4,1,0,0,40,
54,3,10,2,2,0,4,1,0,0,40,
17,3,6,4,11,3,4,0,0,0,12,
19,3,8,4,7,3,4,1,0,0,16,
60,3,9,6,6,1,4,0,0,0,40,
46,3,13,2,3,0,4,1,0,0,35,
78,8,14,6,14,1,4,0,0,0,15,
26,3,10,4,3,3,2,0,0,0,40,
58,3,2,2,7,0,4,1,0,0,38,
37,5,9,0,3,4,4,1,0,0,55,
41,3,14,2,9,0,4,1,0,0,38,
30,3,13,0,3,1,4,1,0,0,40,
19,3,10,4,0,1,4,0,0,0,30,
48,3,13,2,3,0,4,1,0,0,60,
22,3,10,4,13,1,4,0,0,0,24,
50,3,14,3,9,2,4,1,0,0,60,
25,3,2,4,8,1,4,0,0,0,40,
18,3,6,4,7,3,4,1,0,0,6,
21,3,9,4,5,3,4,1,0,0,40,
47,3,10,2,13,0,4,1,0,0,50,
33,3,9,4,7,2,0,0,0,0,36,
39,3,9,0,2,3,4,1,2174,0,40,
67,5,13,2,3,0,4,1,0,0,8,
19,3,10,4,7,3,4,1,0,1602,24,
18,3,6,4,7,3,4,1,0,0,11,
36,3,9,4,0,3,2,1,0,0,40,
23,3,10,4,6,3,4,1,0,0,25,
25,8,10,5,14,4,4,0,0,0,20,
40,3,10,2,2,0,4,1,0,0,40,
73,5,9,2,4,0,4,1,0,0,40,
35,3,10,2,2,0,4,1,5013,0,40,
31,3,12,2,2,0,4,1,0,0,40,
20,3,6,4,6,1,4,1,0,0,40,
20,3,9,4,0,3,4,0,0,0,40,
27,3,9,2,5,0,4,1,0,0,40,
66,4,6,2,11,0,4,1,0,0,30,
66,3,14,2,11,0,4,1,0,0,50,
64,3,14,4,9,1,4,0,0,0,35,
48,3,10,0,13,1,4,1,3325,0,53,
24,3,13,4,9,1,4,0,0,0,40,
51,5,9,2,4,0,4,1,0,0,60,
25,3,13,2,2,0,4,1,0,0,60,
33,3,7,5,11,3,4,0,0,0,20,
50,3,9,2,6,0,4,1,0,0,50,
51,3,4,3,2,1,2,1,0,0,50,
34,6,13,2,9,0,4,1,0,0,38,
41,1,4,4,7,4,2,0,0,0,40,
30,5,10,2,6,0,4,1,0,0,40,
59,3,10,0,2,1,4,1,2907,0,40,
41,5,10,2,6,0,4,1,3103,0,40,
36,5,14,4,11,1,4,1,10520,0,45,
37,3,2,2,4,0,4,1,0,0,85,
28,3,9,4,7,1,0,1,0,0,30,
19,3,9,4,2,3,4,1,0,0,40,
28,3,10,2,13,0,4,1,0,0,45,
62,3,6,2,6,0,2,1,0,0,40,
36,3,14,2,11,0,4,1,15024,0,45,
58,5,6,4,2,1,4,1,0,0,40,
42,4,9,0,11,4,4,1,1151,0,50,
43,4,9,2,2,0,4,1,0,0,40,
29,3,9,2,2,0,4,1,0,0,40,
32,6,9,4,3,1,4,1,0,0,50,
64,1,5,4,0,2,4,1,0,0,40,
39,3,13,2,9,5,4,0,0,0,20,
26,3,13,4,11,3,2,0,0,0,20,
19,3,9,4,7,1,4,1,0,0,30,
21,3,9,4,0,3,4,0,0,0,45,
32,3,10,4,0,1,4,0,0,0,40,
30,1,12,2,10,0,4,1,5013,0,45,
26,3,13,4,0,2,4,0,0,0,50,
20,3,10,4,0,3,1,0,0,0,15,
19,3,10,4,13,3,4,1,0,0,30,
33,0,13,2,0,0,4,1,0,0,42,
23,3,10,2,2,2,4,1,0,0,40,
29,3,9,2,2,0,4,1,0,0,45,
42,3,9,2,3,5,4,0,0,0,40,
30,5,9,2,11,0,4,1,0,0,50,
63,3,9,2,13,5,1,0,0,0,20,
34,3,9,2,5,0,4,1,0,0,40,
60,5,10,2,2,0,4,1,0,0,24,
48,3,9,2,7,0,4,1,0,0,50,
25,3,13,4,3,1,4,1,0,0,50,
27,3,11,2,0,5,2,0,0,0,40,
55,5,9,0,2,4,4,1,27828,0,55,
32,3,10,4,6,3,2,0,0,0,40,
22,3,10,4,0,3,4,1,0,0,25,
25,3,9,4,3,1,4,1,0,0,50,
18,3,7,4,7,3,4,0,0,0,16,
24,1,10,2,0,5,4,0,0,0,44,
29,3,13,4,3,1,4,0,0,0,40,
73,8,7,2,14,0,4,1,0,0,3,
39,3,9,2,2,0,4,1,0,0,40,
33,4,14,2,2,0,4,1,0,0,40,
57,3,9,0,6,1,4,0,0,0,40,
22,3,6,5,7,4,4,0,0,0,40,
33,8,9,5,14,4,4,0,0,0,20,
33,3,9,2,13,0,4,1,0,0,60,
42,3,9,2,2,0,4,1,0,0,40,
43,3,13,5,9,4,4,1,0,0,45,
57,5,10,2,12,0,4,1,0,0,38,
42,3,14,0,9,1,4,1,4650,0,40,
22,3,10,4,13,3,4,1,0,1719,30,
21,8,10,4,14,3,4,0,0,0,35,
42,5,13,2,11,0,4,1,0,0,50,
39,3,10,2,11,0,4,1,0,0,55,
41,3,10,2,9,5,4,0,0,0,32,
20,1,9,4,5,3,2,1,0,0,40,
47,3,10,2,2,0,4,1,0,0,40,
44,3,10,0,0,4,4,0,0,0,40,
29,3,13,4,0,1,2,0,0,0,40,
52,3,10,3,0,1,4,0,14084,0,16,
71,3,10,6,11,1,4,1,0,0,35,
52,3,9,4,2,3,4,1,0,0,55,
36,3,9,2,11,0,4,1,0,0,40,
53,3,10,0,2,1,4,1,0,0,48,
37,3,9,2,7,5,4,0,0,0,30,
26,3,6,4,5,1,4,1,0,0,40,
34,3,13,2,9,0,4,1,0,0,55,
35,3,13,4,9,1,4,1,0,0,50,
20,3,5,4,11,3,4,0,0,0,40,
34,1,10,2,2,0,4,1,0,1740,40,
56,5,13,2,3,0,4,1,0,0,60,
39,3,13,2,9,5,4,0,0,0,36,
24,3,10,4,12,3,4,0,0,0,20,
24,3,7,0,11,4,4,0,0,0,35,
23,3,13,4,9,1,4,1,0,0,50,
27,3,13,4,9,1,4,1,0,0,45,
25,3,9,4,0,4,4,0,0,0,40,
29,3,10,4,0,1,4,0,0,0,40,
42,3,10,2,6,5,4,0,0,0,37,
51,3,9,2,2,0,4,1,0,0,40,
31,3,11,2,2,0,4,1,0,1740,40,
59,3,2,2,6,0,4,1,0,0,40,
29,3,9,2,7,5,4,0,0,0,40,
18,3,9,4,0,3,4,0,0,0,20,
24,3,9,2,2,5,4,0,0,0,36,
38,6,10,5,3,3,4,1,0,0,40,
36,3,9,4,8,4,2,0,0,0,28,
34,5,9,5,3,1,4,1,0,0,50,
42,5,13,2,3,0,4,1,0,1977,70,
45,5,8,0,2,2,2,1,0,0,35,
21,3,11,4,13,3,4,1,0,0,40,
64,4,16,2,9,0,4,1,7688,0,60,
32,3,9,4,6,2,2,1,0,0,40,
45,3,13,4,9,1,4,1,0,0,40,
53,3,3,2,6,0,1,1,0,0,40,
42,3,9,2,2,0,4,1,0,0,16,
32,3,9,0,7,1,4,0,0,0,40,
49,3,9,2,6,0,4,1,0,0,40,
62,3,3,2,4,0,4,1,0,0,24,
28,3,13,2,3,0,4,1,0,0,45,
29,8,16,2,14,0,4,1,0,0,50,
32,3,9,4,4,1,4,1,0,0,35,
37,4,6,4,13,1,4,1,0,2559,50,
38,3,13,2,3,0,1,1,0,0,50,
44,1,9,0,13,3,4,1,0,0,25,
19,3,9,4,13,3,4,1,0,0,40,
22,8,10,4,14,3,4,1,0,0,40,
24,3,13,4,9,1,4,0,0,0,40,
58,3,9,2,3,0,4,1,0,0,50,
56,3,13,6,7,1,4,0,0,0,40,
37,3,6,0,2,4,4,0,0,0,40,
43,3,10,0,6,1,4,1,0,0,40,
32,3,9,2,2,0,4,1,0,0,40,
34,3,13,4,11,3,2,0,0,0,40,
44,3,5,0,7,3,4,0,0,0,50,
28,3,9,4,5,4,4,1,0,0,40,
35,3,9,0,7,1,4,0,0,0,35,
38,3,9,2,6,0,4,1,0,0,40,
26,3,10,4,12,3,4,0,0,0,40,
20,3,7,4,13,3,4,1,0,0,60,
24,3,9,2,2,0,4,1,0,0,60,
40,3,9,0,2,1,4,1,0,0,45,
23,3,9,4,2,2,4,1,0,0,40,
79,1,7,2,3,0,4,1,0,0,7,
44,3,6,0,0,4,3,0,0,0,42,
51,3,14,2,9,5,4,0,99999,0,50,
30,3,9,2,6,0,4,1,0,0,40,
52,3,12,2,11,0,4,1,3103,0,48,
41,3,13,2,3,0,4,1,0,0,40,
33,3,3,2,4,0,1,1,0,0,40,
50,3,13,0,3,4,4,1,0,0,45,
51,3,11,2,12,0,4,1,7298,0,40,
41,3,9,4,6,1,4,1,0,0,40,
35,3,13,2,11,5,4,0,0,0,30,
34,3,10,2,3,0,4,1,7298,0,40,
28,3,13,4,9,1,4,1,0,0,45,
31,4,11,0,11,1,4,1,0,0,40,
22,3,9,4,5,3,4,1,0,0,40,
67,8,9,6,14,1,4,0,2329,0,15,
65,3,9,2,11,0,4,1,9386,0,40,
39,5,9,2,11,0,4,1,0,0,50,
23,3,10,4,12,3,4,1,0,0,40,
29,5,12,2,11,0,4,1,0,0,50,
57,5,6,0,3,3,4,1,0,0,60,
47,3,10,6,7,1,4,0,0,0,35,
51,1,9,2,13,0,2,1,0,0,60,
34,3,9,2,5,0,2,1,0,0,40,
52,3,9,2,3,0,4,1,0,0,60,
29,3,9,2,9,0,4,1,0,0,40,
29,3,9,2,2,0,4,1,0,0,40,
25,1,10,2,4,0,4,1,0,0,40,
21,3,10,4,7,1,4,0,0,0,40,
38,3,13,3,9,1,4,0,0,0,40,
55,5,9,2,11,0,4,1,0,0,50,
61,4,13,5,11,1,4,0,0,0,30,
34,3,12,4,0,1,1,0,8614,0,60,
41,3,13,2,0,0,4,1,0,0,40,
27,1,11,4,0,3,4,1,0,0,43,
78,5,13,4,3,1,4,1,99999,0,20,
40,3,9,2,13,0,4,1,0,0,40,
26,5,4,2,13,0,4,1,0,0,75,
43,3,9,2,7,0,1,1,0,0,60,
55,8,9,6,14,1,4,0,0,0,20,
25,3,11,2,12,0,4,1,0,0,40,
26,5,10,4,7,1,4,0,0,0,48,
43,4,9,2,11,0,4,1,0,0,68,
25,3,10,4,7,3,4,1,0,0,40,
22,3,10,4,0,2,2,0,0,0,30,
52,5,9,2,2,0,4,1,0,0,55,
61,3,9,2,0,5,4,0,2414,0,5,
42,3,13,4,11,4,4,1,0,0,40,
21,3,11,4,0,1,4,0,0,0,40,
44,3,9,2,13,0,0,1,0,0,40,
65,3,9,2,2,0,4,1,2290,0,40,
56,8,9,0,14,1,4,1,0,0,10,
33,0,12,0,7,4,4,1,0,0,40,
22,3,6,4,0,1,4,0,0,0,40,
43,3,9,0,6,1,4,0,0,0,24,
45,4,9,0,3,1,4,1,0,0,42,
42,3,9,0,11,1,4,0,0,0,42,
37,3,9,3,4,4,3,1,0,0,40,
56,3,5,0,2,1,4,1,0,0,40,
35,8,6,0,14,4,4,0,0,0,16,
40,3,12,0,0,4,2,0,0,0,32,
31,3,13,2,11,0,4,1,0,0,55,
26,3,13,2,9,0,4,1,0,0,40,
26,6,13,4,9,3,4,1,0,0,40,
42,4,13,2,3,0,4,1,0,0,70,
45,5,9,2,3,0,1,1,0,0,40,
47,1,10,2,9,0,2,1,7688,0,50,
22,3,10,2,6,0,4,1,0,0,40,
33,3,13,4,3,3,4,1,0,0,40,
37,3,9,4,13,1,2,1,0,0,50,
48,5,9,2,4,0,4,1,0,0,98,
57,5,6,2,2,0,4,1,0,0,8,
47,3,10,0,0,1,4,0,0,0,60,
58,1,5,2,13,0,4,1,0,0,40,
55,3,7,6,0,4,4,0,0,0,40,
52,3,10,2,2,0,4,1,0,0,55,
29,3,13,4,9,1,4,1,0,0,40,
42,3,14,4,9,1,4,0,0,0,40,
23,3,9,0,2,1,4,1,0,0,60,
23,3,8,4,7,1,4,0,0,0,30,
46,5,11,2,3,0,4,1,0,0,60,
30,3,10,4,6,1,4,1,0,0,40,
43,5,13,2,9,5,4,0,0,1887,70,
25,3,10,4,0,3,4,0,0,0,30,
32,3,9,2,13,0,4,1,0,0,80,
56,3,5,2,13,0,2,1,0,0,40,
33,3,9,2,13,0,4,1,0,0,43,
19,6,10,4,0,3,4,1,0,0,10,
20,3,10,4,11,3,4,0,0,0,18,
34,3,10,2,0,0,4,1,0,0,40,
34,3,5,0,7,4,4,0,0,0,40,
55,5,9,2,2,0,4,1,0,0,40,
55,3,5,2,12,5,4,0,0,0,23,
31,3,10,4,11,1,4,1,0,0,45,
30,3,9,0,7,4,4,0,0,0,40,
31,3,9,0,7,4,4,1,0,0,40,
51,3,9,5,6,1,4,1,0,1876,40,
59,3,9,2,2,0,4,1,0,0,40,
58,3,9,0,0,4,2,0,0,0,36,
40,3,5,2,5,0,4,1,0,0,40,
54,3,9,2,2,0,2,1,0,0,40,
25,1,13,2,9,0,4,1,0,1977,40,
18,4,7,4,4,3,4,1,0,0,30,
41,3,10,2,2,0,4,1,0,0,40,
57,3,6,6,7,4,4,0,0,0,40,
37,3,9,2,3,0,4,1,0,0,40,
46,3,9,4,7,4,4,0,0,0,24,
39,3,9,4,7,3,4,0,0,0,38,
19,3,9,4,2,1,4,0,0,0,40,
41,3,12,2,6,0,4,1,0,0,40,
54,3,9,4,0,1,4,1,0,0,41,
39,3,14,2,3,0,4,1,0,0,40,
41,3,9,2,2,0,4,1,0,0,40,
26,3,15,4,9,1,4,0,0,0,30,
57,4,9,2,0,0,4,1,0,0,50,
33,1,10,2,10,0,4,1,0,0,40,
56,3,10,2,3,0,4,1,0,0,40,
60,3,9,2,6,0,4,1,0,0,40,
22,3,9,4,13,1,4,1,0,0,70,
58,3,8,2,13,2,4,1,0,0,40,
48,0,14,3,3,1,4,0,10520,0,50,
45,1,14,2,9,0,4,1,7688,0,55,
18,3,9,4,11,3,1,0,0,0,40,
56,3,9,6,7,4,4,0,0,0,40,
48,4,9,2,2,0,4,1,0,0,60,
40,3,13,4,12,1,1,0,0,2258,48,
38,3,9,0,7,1,4,1,0,0,32,
58,3,10,0,0,4,4,0,0,0,40,
23,3,10,4,3,3,4,1,0,0,50,
63,3,10,2,9,0,4,1,0,0,40,
51,3,13,0,9,1,4,1,0,0,45,
22,8,3,2,14,5,3,0,0,0,40,
44,3,9,2,4,0,4,1,0,0,70,
46,0,10,0,12,1,4,1,0,0,40,
64,6,13,2,0,0,4,1,0,0,40,
32,3,13,2,3,0,2,1,0,0,40,
31,3,10,2,0,0,4,1,0,0,40,
36,3,11,2,11,0,4,1,0,0,50,
21,3,9,4,7,1,4,0,0,0,50,
30,3,10,2,2,0,4,1,0,0,40,
31,3,11,4,7,1,2,0,0,0,40,
54,3,9,2,13,0,4,1,0,2051,50,
59,1,5,2,7,0,4,1,0,0,40,
28,1,14,2,9,5,4,0,0,0,20,
57,3,9,0,0,4,4,0,0,0,40,
44,3,9,2,2,0,4,1,0,0,45,
53,4,10,0,3,1,4,1,0,0,60,
58,5,10,2,3,0,4,1,0,0,60,
19,3,10,4,7,3,4,0,0,0,20,
39,4,12,2,3,0,4,1,0,0,50,
31,4,10,2,3,5,1,0,0,0,70,
27,3,9,2,2,0,4,1,0,0,40,
46,1,5,5,7,4,2,0,0,0,40,
37,5,14,4,3,1,4,1,0,0,40,
27,3,13,4,11,1,2,0,0,0,40,
33,3,10,4,13,1,4,1,0,0,55,
20,3,10,4,7,3,4,1,0,0,16,
55,3,9,0,2,1,4,1,0,0,45,
39,3,12,4,11,1,4,0,0,0,40,
41,3,9,4,7,1,4,0,0,0,40,
30,3,13,4,9,1,4,0,0,0,40,
39,4,13,3,11,1,4,1,0,0,40,
28,3,9,5,3,4,4,0,0,0,50,
25,3,10,4,11,3,4,1,0,0,24,
31,3,9,2,2,0,4,1,0,0,50,
51,3,9,2,13,0,4,1,0,0,60,
24,3,13,4,0,3,4,1,0,0,40,
70,3,9,0,10,1,4,0,0,0,32,
23,3,10,4,0,3,4,1,0,0,40,
61,3,9,6,3,1,4,0,0,0,40,
45,5,4,2,3,0,4,1,0,0,55,
47,3,9,2,5,0,4,1,4064,0,60,
56,3,10,0,7,1,4,0,0,0,50,
79,3,16,2,9,0,4,1,20051,0,35,
20,3,10,4,0,3,4,0,0,0,15,
30,3,9,4,2,4,1,1,0,0,40,
27,3,13,2,11,0,4,1,0,0,25,
40,3,13,2,11,0,4,1,0,0,40,
60,8,9,2,14,0,4,1,0,0,5,
58,3,9,2,2,0,4,1,0,0,40,
71,5,15,2,4,0,4,1,0,0,2,
50,3,15,2,9,0,4,1,0,0,60,
29,1,10,4,3,1,4,1,0,0,40,
33,3,6,5,7,4,4,0,3418,0,35,
60,6,9,2,10,0,0,1,0,0,40,
33,3,12,4,0,1,4,1,0,0,50,
43,3,13,2,7,5,4,0,0,0,35,
33,3,6,4,5,4,2,1,0,0,40,
33,3,9,2,0,5,4,0,0,0,52,
32,6,9,2,10,0,4,1,0,0,45,
21,3,10,4,7,3,4,0,0,0,9,
38,3,9,2,9,5,4,0,0,0,40,
38,3,10,2,0,5,4,0,0,0,35,
39,6,10,5,3,4,2,0,0,0,30,
17,3,7,4,11,3,4,0,0,0,15,
21,3,10,2,0,0,4,1,0,0,40,
42,3,10,2,12,0,4,1,0,0,20,
42,3,9,2,3,5,4,0,0,0,40,
36,3,7,0,7,1,4,0,0,0,40,
32,3,10,0,3,1,4,0,0,0,50,
37,5,13,2,9,0,4,1,0,0,40,
28,3,13,4,11,1,4,1,0,0,40,
37,3,11,2,2,0,4,1,0,0,40,
50,3,9,5,9,4,3,0,0,0,60,
49,3,7,2,2,0,4,1,0,0,40,
40,3,14,2,3,0,4,1,0,0,40,
40,3,10,2,7,0,4,1,0,0,40,
49,3,10,2,2,0,4,1,0,0,40,
35,0,14,4,3,1,4,1,8614,0,40,
33,1,9,0,10,4,4,1,0,0,40,
24,3,9,4,2,1,4,1,0,0,40,
41,3,14,4,0,1,4,0,0,0,40,
43,3,10,2,12,0,2,1,0,0,40,
36,5,9,2,4,0,4,1,0,1902,60,
84,5,13,2,4,0,4,1,0,0,20,
23,3,9,4,11,3,4,1,0,0,40,
41,3,13,2,9,0,4,1,0,0,50,
55,4,9,2,3,0,4,1,0,1977,45,
30,5,10,4,2,1,4,1,0,0,45,
46,3,12,2,0,0,1,1,0,0,40,
55,3,10,2,3,0,4,1,0,1902,40,
34,3,10,4,0,1,4,1,0,0,40,
54,5,14,0,11,1,4,1,0,0,60,
27,3,10,4,0,3,2,1,0,0,40,
52,1,14,2,9,5,4,0,0,0,40,
36,3,10,2,0,5,2,0,99999,0,40,
25,5,9,4,9,1,4,1,0,0,40,
52,3,13,2,3,0,4,1,0,0,55,
24,3,9,0,3,1,0,0,0,0,50,
36,3,9,4,0,1,2,0,0,0,40,
31,3,9,2,5,0,4,1,0,0,40,
66,8,10,2,14,0,4,1,0,0,20,
90,5,13,2,9,0,4,1,10566,0,50,
67,3,14,2,9,0,4,1,20051,0,60,
22,4,4,2,2,0,4,1,2580,0,40,
47,3,10,0,0,1,4,0,0,0,35,
32,3,13,2,3,0,4,1,0,1887,55,
55,5,4,2,4,0,4,1,0,0,50,
32,3,9,4,5,1,4,0,0,0,35,
48,3,10,5,0,2,2,0,0,0,40,
21,3,9,2,11,0,3,1,0,0,35,
33,3,12,3,9,3,4,0,0,0,40,
27,3,10,4,9,1,4,0,0,0,48,
47,3,11,4,9,1,4,0,0,0,40,
18,3,7,4,7,3,4,0,0,0,24,
44,4,9,2,2,0,4,1,0,0,60,
23,3,10,4,2,3,4,1,0,0,37,
18,3,6,4,11,3,4,0,0,0,35,
56,3,9,2,3,0,4,1,0,0,50,
24,3,13,4,0,3,4,1,0,0,35,
43,3,13,2,2,0,4,1,0,0,40,
23,3,13,4,11,3,4,0,0,0,60,
26,3,10,4,11,3,4,1,0,0,42,
42,3,9,6,11,4,4,1,0,0,40,
23,3,9,4,0,1,4,0,0,0,40,
53,5,6,2,2,0,4,1,0,0,40,
51,3,9,2,3,0,4,1,4386,0,55,
40,3,9,4,7,3,4,1,0,0,25,
27,3,13,4,9,1,4,1,0,0,50,
24,1,10,5,10,1,4,1,0,0,60,
42,3,9,0,2,2,4,0,0,0,40,
41,3,9,5,0,4,4,0,0,0,40,
23,3,10,4,5,3,4,1,0,0,10,
42,5,14,2,9,0,4,1,0,0,65,
38,3,9,2,2,0,4,1,0,0,40,
63,5,4,2,4,0,4,1,0,0,30,
31,3,9,2,2,0,4,1,0,0,40,
18,5,7,4,7,3,4,0,0,0,4,
21,3,10,4,7,3,4,1,0,0,30,
24,3,13,2,9,2,1,0,0,0,40,
55,3,10,2,2,0,4,1,0,0,40,
20,3,5,4,0,4,2,0,114,0,20,
31,3,10,0,11,3,4,0,0,0,30,
23,3,10,4,0,3,4,0,0,0,20,
35,3,9,2,2,0,4,1,0,0,40,
51,5,10,2,11,0,4,1,0,0,60,
19,3,10,4,10,3,4,0,0,0,30,
38,1,9,0,10,1,4,1,0,0,56,
52,1,9,2,2,0,4,1,0,2051,40,
70,5,15,2,9,0,4,1,0,0,25,
53,3,6,0,2,1,4,1,0,0,40,
59,3,16,2,3,0,4,1,0,0,40,
39,3,10,2,13,0,4,1,0,0,43,
18,3,8,4,11,3,4,0,0,0,20,
41,8,9,4,14,1,4,0,0,0,30,
19,8,10,4,14,3,4,1,0,0,10,
24,3,10,0,0,1,4,0,0,0,40,
25,3,9,4,0,1,4,0,0,0,38,
32,3,10,4,3,1,2,1,0,0,40,
34,5,9,2,11,0,4,1,0,1902,60,
35,3,9,4,11,1,4,0,0,0,40,
50,3,9,2,0,0,4,1,7298,0,45,
18,3,9,4,11,3,4,1,0,0,20,
37,3,9,4,0,1,4,1,0,0,42,
30,3,10,4,7,4,4,0,0,0,36,
40,4,14,2,3,5,4,0,15024,0,30,
22,3,9,4,9,1,4,0,0,0,40,
50,1,10,5,7,4,2,0,0,0,28,
70,3,9,0,7,1,4,0,0,0,23,
43,3,14,2,9,0,4,1,0,0,40,
77,5,10,4,2,1,4,1,0,0,40,
30,5,9,2,2,0,4,1,0,0,40,
33,3,10,2,6,0,4,1,0,0,39,
51,3,10,2,11,0,4,1,0,1902,50,
58,6,14,2,9,0,4,1,0,1977,50,
22,3,10,4,0,3,4,1,0,0,12,
33,3,9,2,13,0,2,1,0,0,40,
27,3,7,2,11,0,4,1,0,0,40,
35,3,10,4,3,1,4,1,0,0,60,
32,3,10,0,11,1,4,0,0,0,55,
41,3,13,2,12,5,4,0,0,0,25,
37,3,10,2,2,0,4,1,0,0,40,
17,3,7,4,11,3,4,1,0,0,15,
50,3,13,0,3,1,4,1,0,0,55,
31,8,9,2,14,0,1,1,0,0,40,
54,6,9,5,3,4,4,0,0,0,38,
23,6,9,4,7,3,2,1,0,0,40,
40,3,13,0,0,4,4,0,0,0,20,
29,3,13,2,9,0,4,1,5013,0,40,
38,3,9,3,7,1,4,1,0,0,35,
30,3,11,2,3,0,4,1,0,0,55,
20,3,10,4,11,3,1,1,0,0,8,
43,5,10,2,4,0,4,1,0,0,50,
25,3,10,4,12,3,4,1,0,0,25,
39,3,14,2,11,0,4,1,0,0,50,
48,3,12,2,9,0,4,1,0,0,50,
41,5,9,0,7,4,4,0,0,0,40,
24,3,13,4,0,1,4,1,0,0,30,
20,3,10,4,0,3,4,1,0,0,40,
25,3,10,4,0,1,4,0,0,0,40,
57,3,10,2,2,0,4,1,0,0,40,
39,3,10,2,3,5,4,0,0,0,35,
66,3,13,2,9,0,4,1,0,0,40,
34,3,10,0,0,4,4,0,0,0,40,
36,3,13,0,9,1,4,1,14084,0,40,
46,3,9,2,11,5,4,0,0,0,40,
42,1,14,0,9,4,4,0,0,0,45,
46,3,9,2,13,0,4,1,0,1902,70,
34,1,9,4,10,3,4,1,0,0,40,
43,3,10,2,12,5,2,0,0,0,40,
42,3,10,0,3,3,4,0,0,0,40,
31,3,13,4,11,1,4,1,0,0,48,
70,8,10,2,14,0,4,1,0,0,30,
32,3,10,2,3,0,4,1,0,0,40,
46,0,9,2,0,0,4,1,0,0,40,
42,4,4,0,2,4,4,1,0,0,25,
21,3,11,4,3,3,4,1,0,0,40,
24,3,13,4,11,1,4,0,0,0,40,
23,3,9,4,11,2,4,1,0,0,55,
50,1,14,2,9,0,4,1,7298,0,40,
37,3,10,0,0,4,4,0,0,0,45,
19,8,7,4,14,4,4,0,0,0,30,
44,0,12,2,2,0,4,1,0,0,40,
29,3,9,2,13,0,2,1,0,0,40,
30,3,11,2,0,5,4,0,0,0,24,
36,3,10,2,11,0,4,1,0,0,44,
49,5,13,4,11,1,4,1,0,0,45,
29,3,9,0,2,1,4,1,0,0,40,
45,1,9,4,0,1,2,0,0,0,40,
75,6,16,2,9,0,2,1,0,0,20,
42,3,9,4,8,1,4,0,0,0,40,
37,3,12,0,3,1,4,0,0,0,40,
51,3,13,2,6,0,4,1,0,0,25,
61,1,9,2,4,0,4,1,0,0,48,
33,3,12,4,3,4,4,0,2174,0,55,
50,1,9,2,0,0,2,1,0,0,40,
59,3,9,4,6,1,4,1,0,0,40,
25,3,9,4,0,4,4,0,0,0,30,
22,3,9,4,5,3,4,1,0,0,16,
56,3,10,2,13,0,4,1,0,0,40,
44,3,13,4,0,4,2,0,0,0,40,
35,3,11,2,2,0,4,1,0,0,50,
57,3,9,4,3,1,4,1,0,0,40,
47,5,9,2,4,0,4,1,15024,0,50,
27,3,13,4,3,1,4,0,0,0,40,
50,5,9,2,4,0,4,1,0,2051,20,
30,3,13,4,9,3,2,1,0,0,40,
46,3,7,2,13,0,2,1,0,0,40,
48,4,15,2,9,0,4,1,0,0,60,
61,3,13,0,0,1,4,1,0,0,40,
33,3,9,4,13,1,4,1,0,0,87,
40,3,9,2,7,0,2,1,0,0,40,
58,4,10,2,3,0,4,1,0,0,65,
46,4,14,2,3,0,4,1,0,2392,50,
35,3,10,2,9,0,4,1,0,0,40,
51,4,10,0,3,4,4,0,0,0,50,
37,3,8,4,7,3,4,0,0,0,40,
64,3,14,2,9,0,1,1,0,2057,60,
41,3,9,4,2,1,4,1,0,0,54,
18,3,7,4,5,3,4,1,594,0,30,
44,5,7,2,4,0,4,1,0,0,88,
41,6,13,2,9,5,0,0,0,0,48,
33,6,10,5,9,1,4,1,10520,0,40,
37,3,5,5,8,4,4,0,0,0,16,
34,3,10,4,0,3,4,0,0,0,40,
24,0,13,4,12,3,4,0,0,0,40,
20,3,10,4,5,3,4,1,0,0,40,
38,3,13,2,3,0,4,1,0,0,40,
28,3,11,4,7,1,4,0,0,0,40,
20,5,9,4,13,3,4,1,0,0,45,
22,0,13,4,12,3,4,1,0,0,8,
55,3,13,0,0,4,4,0,0,0,73,
20,3,10,4,9,1,4,1,0,0,35,
26,3,13,4,9,1,4,0,0,0,40,
20,4,9,4,4,3,4,1,0,0,70,
40,3,5,0,7,1,4,0,0,0,40,
33,3,9,2,11,0,4,1,0,0,50,
54,8,10,0,14,3,4,1,0,0,50,
24,3,9,4,11,1,4,0,0,0,40,
25,3,10,4,3,3,4,1,0,0,46,
18,3,7,4,7,3,4,1,0,0,8,
49,5,9,2,2,0,4,1,0,0,60,
17,3,8,4,5,3,4,1,0,0,17,
34,5,11,2,2,0,4,1,0,0,45,
37,3,13,2,9,0,4,1,0,0,45,
49,0,10,2,3,0,4,1,0,0,40,
74,3,9,6,0,1,4,0,15831,0,40,
37,3,9,0,4,1,4,1,0,0,40,
20,3,7,2,5,0,4,1,0,1573,40,
40,3,9,2,3,5,4,0,0,0,35,
34,3,13,4,11,1,4,1,27828,0,40,
30,3,15,2,9,0,2,1,0,1740,40,
44,3,9,5,0,1,4,0,0,0,40,
40,3,6,2,7,5,2,0,0,0,32,
58,3,9,2,11,5,4,0,0,0,40,
44,3,9,2,2,0,4,1,0,0,40,
42,3,10,2,11,0,4,1,0,0,25,
39,3,9,4,7,1,4,1,0,0,18,
19,3,9,4,7,3,2,1,0,0,40,
41,3,14,2,3,0,4,1,15024,0,70,
29,6,14,4,9,1,4,1,0,0,40,
34,0,10,4,2,2,4,1,0,0,40,
38,8,10,2,14,0,4,1,0,0,15,
27,3,1,2,4,2,4,1,41310,0,24,
54,3,10,0,2,4,4,0,0,0,48,
40,3,9,6,6,4,2,0,0,0,37,
19,3,10,4,11,2,4,0,0,0,25,
17,3,7,4,7,3,4,1,594,0,10,
33,3,10,2,11,0,4,1,0,0,52,
80,3,4,6,7,1,4,0,0,0,24,
24,5,9,4,2,3,4,1,0,0,50,
28,3,13,4,9,3,4,1,0,0,40,
55,3,9,2,3,5,4,0,0,0,30,
21,3,10,4,3,3,4,1,0,0,40,
51,3,9,0,0,1,4,0,0,0,38,
19,3,9,4,6,3,2,0,0,0,40,
42,3,9,4,7,1,4,0,0,0,24,
60,5,9,2,3,0,4,1,0,0,48,
20,8,10,4,14,3,2,0,0,0,40,
51,3,9,0,0,1,4,0,0,0,40,
21,3,10,4,7,3,4,0,0,0,40,
37,6,10,2,2,0,4,1,0,0,40,
26,3,9,4,6,1,4,1,0,0,52,
42,0,14,4,3,1,4,0,14084,0,60,
40,3,10,2,5,0,4,1,0,0,40,
55,3,14,2,9,0,4,1,0,0,40,
33,3,9,4,7,1,2,1,0,0,32,
62,3,9,2,13,0,4,1,0,1977,60,
47,3,6,0,11,4,4,0,0,0,30,
26,3,8,4,11,2,2,1,0,0,51,
59,3,9,3,0,4,4,0,0,0,20,
70,1,10,6,0,1,4,0,0,0,17,
26,3,10,4,0,1,4,0,0,0,20,
47,3,6,2,11,0,4,1,0,0,65,
25,3,14,4,3,1,4,0,0,0,43,
52,4,15,2,9,0,4,1,15024,0,60,
46,3,9,2,2,0,4,1,0,0,40,
67,3,6,2,13,0,0,1,0,0,20,
34,3,14,2,3,0,4,1,0,0,50,
53,6,10,0,0,2,4,0,4650,0,40,
22,3,13,4,0,1,4,0,0,0,35,
39,1,9,0,0,3,4,1,0,0,42,
54,5,9,2,2,0,4,1,0,0,35,
24,3,13,2,11,0,4,1,0,0,40,
37,3,9,5,9,4,4,0,0,0,38,
38,3,6,4,9,1,4,1,0,2559,90,
41,1,14,4,9,1,2,0,0,0,40,
36,3,9,2,13,0,4,1,0,0,33,
43,3,11,2,3,0,4,1,15024,0,40,
39,3,13,0,9,1,4,1,0,0,40,
26,3,13,4,11,3,4,1,0,0,45,
49,1,14,4,9,1,4,0,4650,0,40,
37,5,13,2,9,0,4,1,0,0,55,
43,3,10,2,3,0,4,1,0,0,50,
54,0,9,2,9,0,4,1,0,0,40,
53,4,3,2,11,0,4,1,0,0,40,
57,1,14,2,9,0,4,1,0,0,60,
28,3,13,2,9,0,4,1,0,0,40,
29,3,13,2,7,0,4,1,0,0,40,
21,3,9,4,11,3,4,1,0,0,40,
51,3,9,2,2,0,4,1,0,0,40,
46,6,9,2,13,0,4,1,0,0,40,
50,4,15,2,9,0,4,1,0,0,75,
50,5,9,6,3,4,1,0,0,0,48,
36,3,9,0,3,4,4,0,0,0,40,
31,1,13,2,9,0,4,1,0,0,40,
20,3,9,4,0,3,4,0,0,0,10,
36,3,9,2,5,0,4,1,0,0,40,
38,3,9,0,2,3,4,1,0,0,40,
37,3,13,2,2,0,4,1,0,0,45,
39,3,14,2,9,0,4,1,7688,0,40,
18,3,6,4,4,3,4,1,0,0,36,
33,3,9,0,11,1,4,1,0,0,50,
35,3,9,4,12,1,4,0,1151,0,40,
23,3,10,4,5,3,0,1,0,0,40,
37,3,13,5,7,4,1,0,0,0,36,
25,3,9,2,7,0,4,1,0,0,30,
51,0,12,2,12,0,2,1,0,0,40,
35,3,9,2,2,0,4,1,0,0,40,
54,3,7,2,6,0,4,1,0,0,40,
66,8,9,2,14,0,4,1,0,0,30,
32,3,9,4,7,4,2,0,0,0,13,
37,5,13,4,10,1,4,1,0,0,55,
29,3,13,2,11,0,4,1,0,0,40,
45,3,13,2,5,0,4,1,0,0,37,
61,4,10,2,11,0,4,1,0,0,40,
40,3,10,0,0,4,4,0,0,0,40,
24,3,9,4,13,1,4,0,0,0,49,
49,3,4,2,6,0,3,1,0,0,38,
51,5,14,0,3,4,4,1,25236,0,50,
34,3,9,2,13,0,4,1,0,0,40,
28,8,9,5,14,4,4,0,0,0,40,
20,3,10,4,11,3,4,1,0,0,40,
30,3,10,0,0,4,2,0,0,0,37,
49,4,14,0,9,4,4,1,99999,0,80,
26,3,10,4,11,1,4,1,0,0,40,
63,3,6,2,0,0,4,1,0,0,45,
36,3,12,4,13,1,4,1,0,0,55,
63,5,13,2,9,0,4,1,0,0,40,
22,3,9,4,0,1,4,0,0,0,10,
40,3,9,2,11,0,4,1,0,0,40,
31,3,4,6,0,1,4,0,0,0,35,
49,3,10,2,2,0,4,1,0,0,50,
35,3,14,4,9,1,4,1,13550,0,55,
23,6,13,4,9,3,4,0,0,0,20,
25,3,11,4,11,1,4,1,27828,0,40,
34,8,9,2,14,0,4,1,0,0,40,
28,3,13,2,2,0,4,1,0,0,45,
44,5,10,0,6,1,4,1,0,2205,35,
33,3,9,5,13,1,4,1,0,0,40,
21,3,10,4,0,1,4,1,2597,0,45,
55,3,7,2,7,0,2,1,0,1672,40,
17,8,7,4,14,3,4,0,0,0,8,
75,5,9,0,11,1,4,1,2346,0,15,
61,3,5,4,6,4,2,0,0,0,40,
53,3,9,0,0,1,4,0,0,0,40,
26,1,12,2,10,0,4,1,0,0,45,
48,3,10,6,11,4,4,1,0,0,50,
28,6,14,2,3,0,4,1,0,0,50,
30,8,13,4,14,1,1,0,0,0,50,
29,3,9,2,5,0,4,1,0,0,45,
25,3,10,0,12,3,4,0,0,0,40,
37,3,9,2,13,0,4,1,0,0,40,
43,1,13,0,9,4,4,0,0,0,55,
40,1,9,2,13,0,4,1,0,0,40,
34,3,6,2,2,0,4,1,0,0,45,
55,3,16,2,9,0,4,1,15024,0,30,
31,1,12,4,12,1,4,1,0,0,20,
21,8,10,4,14,3,4,0,0,0,40,
32,5,9,2,4,0,4,1,0,0,40,
26,6,15,4,9,1,1,1,2463,0,50,
26,3,13,2,9,0,4,1,0,0,50,
44,3,10,2,13,0,4,1,0,0,40,
49,3,9,2,13,0,4,1,0,0,52,
21,8,9,4,14,3,2,0,0,1504,30,
26,3,9,4,0,4,2,0,0,0,30,
40,5,9,2,4,0,4,1,0,0,60,
19,5,7,4,0,1,4,0,0,0,40,
58,3,9,2,4,0,4,1,0,0,40,
61,3,11,2,12,0,4,1,0,0,40,
28,5,10,2,11,3,1,1,0,0,63,
26,3,13,4,4,3,4,1,0,0,40,
64,3,9,4,0,1,4,0,0,0,25,
42,4,13,2,3,0,4,1,0,0,60,
41,3,10,2,12,0,4,1,0,0,40,
45,3,9,4,5,1,4,1,0,0,40,
39,3,13,2,11,0,4,1,0,0,50,
41,1,9,2,7,0,4,1,0,0,40,
51,3,7,5,7,1,2,0,0,0,40,
34,3,11,0,0,4,4,0,0,0,40,
33,3,14,2,3,0,4,1,0,1902,45,
23,3,10,5,7,1,4,1,0,2559,40,
35,5,10,2,2,0,0,1,0,0,60,
41,3,7,0,8,4,4,0,0,0,25,
39,3,14,4,2,1,4,0,0,0,50,
41,3,10,2,11,0,4,1,0,0,55,
33,4,10,2,3,0,4,1,0,0,40,
22,3,9,4,7,2,4,1,0,0,40,
25,3,10,4,3,2,4,0,0,1504,45,
25,3,10,0,6,3,4,0,0,0,40,
77,5,4,3,0,1,4,1,0,0,20,
33,8,11,4,14,3,4,0,0,0,40,
66,3,9,6,11,1,4,0,0,0,40,
19,3,10,4,11,3,4,1,0,0,35,
44,3,9,4,7,4,2,0,0,0,38,
45,4,14,0,11,4,4,0,25236,0,42,
28,3,10,4,11,1,4,1,0,0,50,
19,3,9,4,5,2,4,1,2597,0,40,
43,3,9,2,6,0,2,1,4386,0,40,
39,3,13,2,12,0,4,1,15024,0,40,
33,3,13,2,11,0,4,1,0,0,50,
44,3,9,3,7,1,2,0,0,0,40,
62,3,4,6,6,1,4,0,0,0,40,
40,3,10,2,11,0,4,1,0,0,50,
41,3,9,4,7,1,4,1,0,0,6,
23,1,10,4,7,1,2,1,0,0,30,
48,3,9,2,2,0,4,1,0,0,40,
38,3,14,2,9,0,4,1,0,0,45,
37,3,14,2,3,0,4,1,0,0,50,
45,3,14,2,9,0,4,1,0,0,55,
29,3,9,2,10,0,4,1,0,0,40,
66,1,9,6,0,4,4,0,0,0,25,
19,3,9,4,7,1,4,0,0,0,50,
23,3,5,4,5,2,4,1,0,0,39,
34,3,13,2,12,0,4,1,0,0,40,
39,3,14,4,3,1,4,0,0,0,45,
33,5,9,4,13,1,4,1,0,0,60,
43,3,10,5,11,4,4,0,0,0,10,
27,3,9,2,13,0,4,1,0,0,99,
33,6,10,5,0,3,2,1,0,0,35,
26,3,3,2,4,0,4,1,0,0,30,
56,4,14,0,3,1,4,1,27828,0,60,
46,3,9,2,11,0,4,1,0,0,36,
38,3,12,0,2,4,4,0,0,0,40,
90,3,7,2,2,0,4,1,0,0,40,
72,4,10,2,3,0,4,1,0,0,25,
20,3,9,4,0,4,1,0,0,0,15,
29,3,9,2,2,0,0,1,0,0,48,
49,3,7,2,13,0,4,1,0,0,75,
23,3,9,4,7,4,4,0,0,0,35,
20,3,10,3,11,3,2,0,0,0,18,
57,3,13,2,3,0,1,1,4508,0,40,
46,3,12,0,9,4,4,0,0,0,40,
33,3,13,2,9,0,4,1,0,0,40,
24,3,13,4,11,1,4,1,0,0,55,
49,3,11,2,2,0,4,1,0,0,45,
54,3,9,2,13,0,4,1,0,0,65,
46,0,16,4,9,1,4,0,0,1564,50,
31,5,11,2,2,0,4,1,0,0,50,
43,4,15,2,9,0,4,1,0,1977,40,
18,8,10,4,14,3,4,0,0,0,6,
19,3,9,4,6,3,4,1,0,0,40,
46,3,12,4,0,1,4,1,0,0,40,
43,3,13,0,9,1,4,1,0,0,40,
58,3,9,6,2,4,4,1,0,0,40,
43,5,9,2,11,0,4,1,0,0,45,
37,8,10,5,14,4,4,1,0,0,40,
21,0,8,4,0,3,2,1,0,0,25,
52,6,14,4,0,1,4,1,0,0,70,
34,3,11,2,2,0,4,1,0,0,32,
28,3,11,4,5,3,4,0,0,0,40,
34,3,9,0,13,1,4,1,0,0,40,
29,3,9,2,6,0,4,1,0,0,40,
39,3,9,2,4,0,4,1,0,0,65,
49,3,7,0,6,4,2,0,0,0,35,
35,3,10,2,2,0,2,1,0,0,50,
31,3,10,0,7,3,4,0,0,0,20,
18,3,10,4,5,3,4,1,0,0,30,
47,1,9,2,7,0,4,1,4386,0,40,
46,3,9,2,11,0,4,1,5013,0,50,
43,3,13,2,11,0,4,1,0,0,40,
51,0,9,2,2,0,4,1,4386,0,40,
21,3,10,4,0,1,4,0,0,0,40,
18,8,10,4,14,3,4,1,0,0,40,
31,6,13,2,9,5,4,0,0,1902,35,
39,1,9,2,10,0,4,1,0,1887,40,
58,3,7,2,0,0,4,1,0,0,48,
36,3,14,4,9,1,4,0,0,0,40,
38,3,9,2,6,5,4,0,0,0,40,
31,3,13,2,3,5,4,0,0,1902,35,
19,3,7,4,5,1,4,1,0,0,40,
38,3,11,0,12,1,4,0,0,0,36,
26,3,11,4,9,3,3,0,0,0,60,
38,3,12,0,0,1,4,0,0,0,16,
36,3,10,2,2,0,4,1,0,0,45,
40,3,9,2,3,0,4,1,0,0,45,
25,3,13,4,12,1,2,1,0,0,40,
41,3,13,2,12,5,4,0,0,0,25,
33,3,9,4,11,1,4,1,0,0,45,
63,8,9,2,14,0,4,1,0,0,16,
51,3,9,2,6,0,4,1,0,0,40,
34,3,9,2,11,0,4,1,0,0,40,
33,3,11,0,11,1,4,1,0,0,40,
25,3,6,2,2,0,4,1,0,0,45,
30,5,9,4,11,4,4,1,0,0,66,
19,3,10,4,0,3,4,1,0,0,25,
47,3,9,2,3,5,4,0,0,0,40,
26,3,13,4,0,1,4,0,0,0,40,
21,6,10,4,7,3,4,0,0,0,14,
36,3,9,2,7,0,4,1,0,0,60,
60,3,6,2,6,0,4,1,0,0,40,
28,3,9,4,9,4,2,1,0,0,40,
19,3,9,4,0,3,4,0,0,0,14,
42,3,13,2,9,0,4,1,0,0,90,
36,3,9,5,6,1,2,0,0,0,36,
35,3,9,2,7,5,4,0,0,0,38,
22,3,10,4,0,3,4,0,0,0,25,
54,3,9,2,2,0,4,1,0,0,40,
36,3,13,2,9,0,4,1,0,0,45,
55,3,9,2,13,0,4,1,0,0,65,
57,3,14,2,0,0,4,1,0,0,40,
56,3,4,2,13,0,4,1,0,0,36,
24,3,9,2,3,0,4,1,0,0,50,
35,1,13,2,9,0,4,1,0,0,40,
51,4,7,0,11,1,4,1,0,0,40,
34,3,9,0,3,3,4,1,0,0,44,
36,3,12,0,0,4,4,0,0,0,42,
51,1,5,5,7,2,4,0,0,0,40,
46,4,16,2,9,0,4,1,0,0,60,
42,3,9,0,3,1,2,0,5455,0,50,
25,6,13,4,9,1,4,0,0,0,40,
22,3,9,4,5,2,4,1,0,0,50,
37,3,9,2,2,0,4,1,0,0,40,
48,3,13,0,11,4,4,1,0,0,40,
61,3,13,2,9,0,4,1,15024,0,50,
40,3,8,2,13,0,2,1,0,0,40,
58,4,9,2,3,5,4,0,0,0,20,
52,3,9,3,4,2,4,1,0,0,20,
18,3,7,4,7,3,2,1,0,0,20,
27,3,6,2,6,0,4,1,0,0,40,
48,5,10,2,9,0,4,1,5013,0,45,
63,3,5,2,2,0,4,1,0,0,16,
38,5,9,2,2,0,4,1,0,0,60,
31,3,10,2,0,0,4,1,0,2051,40,
40,5,10,2,9,0,4,1,0,0,60,
41,3,9,0,3,1,4,1,0,0,40,
28,3,13,4,9,1,4,0,2174,0,40,
31,3,15,0,9,1,4,1,14084,0,50,
32,3,11,2,2,0,4,1,0,0,55,
30,3,9,4,5,4,2,1,0,0,72,
39,1,9,0,2,1,4,1,0,1876,40,
28,3,13,2,11,0,4,1,0,0,50,
31,3,9,4,5,2,2,0,0,0,35,
21,8,10,4,14,3,4,1,0,0,20,
33,8,9,5,14,4,4,0,0,0,40,
44,6,14,2,9,0,4,1,0,0,40,
22,3,10,4,4,3,4,1,0,0,25,
42,3,9,2,7,0,4,1,0,0,40,
36,3,12,2,2,0,4,1,0,0,35,
39,3,14,4,3,1,4,1,0,1974,40,
61,3,10,2,3,0,4,1,0,1672,40,
31,3,9,0,13,3,4,1,0,0,40,
21,3,10,4,7,1,4,0,0,0,25,
39,5,10,2,4,0,4,1,2829,0,90,
34,5,9,2,4,0,4,1,0,0,80,
21,3,10,4,7,3,4,1,0,0,15,
75,5,13,6,9,4,4,1,0,0,48,
21,3,10,4,7,3,4,1,0,0,24,
81,3,10,2,11,0,4,1,0,0,15,
54,4,9,0,7,1,4,1,0,0,40,
34,3,13,2,9,0,4,1,0,0,65,
54,5,15,2,9,0,1,1,99999,0,50,
41,3,9,2,7,0,0,1,0,0,45,
61,8,13,0,14,1,4,0,0,0,40,
63,3,9,2,7,0,4,1,2580,0,20,
24,3,10,4,6,1,4,1,0,0,40,
20,3,9,2,0,5,4,0,0,0,40,
44,1,13,0,9,3,4,0,0,0,60,
47,5,13,2,11,0,4,1,0,0,40,
31,3,10,2,2,0,4,1,0,0,40,
41,3,4,0,2,1,4,1,0,1590,40,
53,5,9,2,2,0,4,1,0,0,60,
63,3,9,2,0,5,4,0,3471,0,40,
44,3,14,2,9,0,4,1,0,0,45,
37,3,9,2,2,0,4,1,0,0,46,
28,3,10,2,2,0,4,1,0,0,50,
71,8,10,2,14,0,4,1,0,0,10,
57,3,9,0,0,1,4,0,0,0,40,
22,3,10,4,4,3,4,1,0,0,10,
33,1,13,2,0,0,4,1,0,1848,45,
30,3,10,0,0,3,4,0,0,0,55,
20,3,9,4,2,3,4,1,0,0,40,
28,3,13,4,0,1,4,0,0,0,45,
54,3,7,0,8,4,2,0,0,0,10,
20,3,9,4,5,3,4,1,0,0,35,
34,3,9,2,3,0,4,1,0,0,40,
21,3,10,4,0,3,4,1,0,0,40,
29,6,10,4,7,4,4,0,0,0,40,
51,3,10,0,3,4,4,0,0,0,40,
39,3,9,0,6,1,2,0,0,0,70,
19,3,10,4,0,2,2,0,0,0,38,
22,1,9,4,4,3,4,1,0,0,40,
59,6,10,0,0,1,4,0,0,0,38,
18,3,7,4,11,3,4,1,0,0,13,
22,3,9,4,7,1,4,1,0,0,20,
42,1,10,2,2,0,4,1,0,0,40,
39,3,12,4,2,1,4,1,0,0,40,
31,3,13,2,11,0,4,1,0,0,40,
28,3,7,5,2,4,4,0,0,0,40,
22,3,13,4,3,3,4,0,0,0,7,
67,3,14,4,7,1,4,0,0,0,40,
17,3,7,4,11,3,4,0,0,0,25,
47,0,12,2,0,0,4,1,0,0,40,
23,3,13,4,0,1,4,0,0,0,5,
20,3,9,2,7,5,4,0,0,0,40,
22,3,9,4,11,4,4,0,0,0,40,
47,6,4,2,13,0,4,1,0,0,40,
49,3,10,2,11,5,4,0,0,0,40,
64,8,10,2,14,0,4,1,0,0,20,
35,6,10,0,3,1,2,0,0,0,40,
52,0,10,0,3,1,4,0,0,0,40,
29,3,9,4,11,1,4,0,0,0,40,
73,4,6,6,11,4,4,0,0,0,40,
38,5,9,2,9,0,4,1,0,0,50,
59,5,9,2,3,0,4,1,0,1902,52,
35,3,10,2,2,0,4,1,4064,0,35,
18,3,10,4,11,3,4,0,0,0,15,
24,3,9,2,0,5,2,0,0,0,40,
33,1,13,2,9,0,4,1,0,0,50,
40,3,10,0,3,2,2,0,0,0,55,
55,3,9,6,0,1,4,0,0,0,40,
44,3,9,0,9,1,4,1,0,0,40,
40,3,13,4,9,3,4,0,0,0,60,
22,3,9,0,5,3,4,1,0,0,40,
55,3,10,2,3,5,4,0,0,0,40,
45,3,9,5,12,1,4,0,0,0,26,
47,1,13,4,9,1,4,0,0,0,50,
56,3,9,2,2,0,4,1,0,0,40,
44,3,9,2,6,0,2,1,0,0,40,
32,6,10,4,0,1,4,1,0,0,38,
17,3,6,4,7,3,4,1,0,0,20,
44,3,10,0,3,1,4,1,0,0,50,
32,5,12,4,11,1,4,1,0,0,80,
35,3,13,2,11,0,4,1,0,0,60,
27,3,9,2,7,0,4,1,0,0,40,
32,3,9,2,9,0,4,1,0,0,50,
68,3,7,0,13,1,4,1,0,0,70,
20,3,10,4,7,3,4,0,0,0,20,
33,3,10,0,0,1,2,0,0,0,40,
24,3,5,4,5,3,4,1,0,0,12,
48,3,9,2,2,0,4,1,0,0,45,
45,3,14,0,9,4,4,0,0,0,50,
48,3,10,6,0,1,4,0,0,0,40,
28,3,14,2,9,0,4,1,0,0,45,
60,8,10,2,14,0,4,1,0,0,35,
39,1,14,0,9,4,4,0,0,0,40,
23,3,10,4,7,3,4,1,0,0,30,
23,6,8,4,3,1,4,1,0,0,40,
36,3,10,5,0,2,4,0,0,0,40,
25,3,13,2,9,5,4,0,0,0,40,
52,3,9,4,7,4,4,1,0,0,40,
35,5,9,2,2,0,4,1,0,0,40,
41,3,9,2,3,0,4,1,0,0,40,
45,3,13,2,11,5,4,0,0,0,42,
37,0,14,2,9,0,4,1,0,0,40,
58,3,11,6,9,1,4,0,0,0,40,
67,5,9,2,0,5,4,0,0,0,2,
48,3,9,2,9,5,4,0,0,0,8,
63,3,9,2,2,0,4,1,0,0,48,
24,1,10,2,10,0,4,1,0,0,72,
43,3,10,2,2,0,4,1,0,0,40,
36,3,9,0,13,3,4,1,0,0,60,
32,3,9,2,13,3,4,1,0,0,72,
36,3,10,4,2,1,1,1,0,0,40,
43,3,10,4,0,1,4,0,0,0,50,
27,3,9,4,0,1,2,0,0,0,40,
17,3,7,4,7,3,4,1,0,0,12,
45,3,13,0,11,1,4,0,0,0,46,
41,4,9,2,2,0,4,1,0,0,40,
41,5,9,2,3,0,4,1,0,0,38,
18,8,9,4,14,3,4,0,0,0,35,
48,1,12,5,0,1,2,0,0,0,40,
51,8,11,2,14,0,4,1,0,0,50,
26,3,10,4,7,3,4,0,0,0,24,
54,3,1,2,4,0,4,1,0,0,60,
22,3,10,0,11,3,4,0,0,0,48,
19,3,9,4,13,3,4,1,0,0,35,
47,3,4,0,5,2,2,1,0,0,40,
32,3,9,3,7,4,4,0,0,0,20,
46,3,13,2,3,0,4,1,15024,0,60,
30,3,13,4,12,1,4,0,0,0,40,
35,3,14,4,3,1,1,1,0,0,40,
52,3,11,2,12,0,4,1,5013,0,40,
73,5,8,2,4,0,4,1,0,0,18,
17,3,6,4,7,3,4,1,0,0,10,
32,3,13,5,9,4,4,0,0,0,32,
43,1,14,2,9,0,4,1,0,0,40,
19,8,9,4,14,3,4,1,0,0,40,
26,3,9,4,6,4,3,0,0,0,40,
41,0,14,2,3,0,4,1,0,0,40,
49,3,12,2,11,0,4,1,15024,0,60,
52,6,10,5,10,4,4,1,0,0,40,
35,3,9,5,0,4,4,0,0,0,32,
57,3,7,2,7,0,4,1,0,0,52,
35,3,11,3,9,4,4,0,0,0,44,
33,3,13,4,9,1,4,1,0,0,40,
56,3,4,0,13,4,4,1,0,0,40,
42,3,13,4,11,3,4,1,0,0,60,
17,3,10,4,0,3,4,1,0,0,20,
49,3,9,0,0,1,4,0,0,0,35,
39,3,15,2,9,0,4,1,0,0,45,
34,5,10,0,0,4,4,0,0,0,50,
37,5,10,4,9,1,2,1,0,0,40,
22,3,8,4,7,1,4,1,0,0,35,
27,3,11,2,2,0,4,1,0,0,40,
21,3,10,4,11,3,4,0,0,0,25,
59,8,10,2,14,0,4,1,0,0,40,
44,3,13,2,0,0,4,1,3103,0,40,
53,5,6,3,13,1,4,1,0,0,99,
26,3,7,4,2,1,4,1,0,0,40,
48,3,13,2,3,0,4,1,0,0,45,
39,3,13,2,3,0,4,1,0,0,70,
34,3,9,4,7,4,0,0,0,0,32,
54,6,13,2,3,0,4,1,0,0,38,
36,3,9,2,13,0,4,1,7298,0,50,
60,3,9,2,9,0,4,1,5013,0,40,
50,3,9,2,10,0,4,1,0,0,40,
48,1,13,2,9,0,4,1,0,0,45,
35,3,10,4,0,3,4,0,0,2205,40,
40,5,12,0,9,1,4,0,0,0,50,
30,3,13,2,3,0,4,1,0,0,70,
65,5,10,2,6,0,4,1,6514,0,40,
31,3,9,2,2,0,4,1,0,0,60,
46,1,12,2,0,0,4,1,0,0,40,
67,8,5,0,14,1,4,0,2050,0,40,
62,4,11,2,3,0,4,1,0,0,50,
38,3,13,4,3,4,4,0,0,0,40,
24,3,13,4,7,3,4,0,0,0,30,
24,3,10,4,11,1,1,0,0,0,50,
27,3,13,4,9,1,4,0,0,0,48,
43,6,12,3,7,4,4,0,0,0,30,
48,3,9,0,5,4,1,0,0,0,40,
41,3,9,5,2,1,2,1,0,0,40,
30,3,10,2,12,5,2,0,0,0,45,
38,3,13,2,11,0,4,1,0,0,40,
45,3,15,4,9,1,4,1,0,0,40,
45,3,13,4,9,3,4,1,0,0,40,
55,3,10,0,0,1,4,0,0,0,38,
46,5,4,2,3,0,4,1,0,0,75,
24,3,13,4,9,3,1,1,0,0,40,
31,1,10,4,0,3,0,0,0,0,25,
35,3,9,2,2,0,4,1,0,0,35,
37,1,10,5,0,1,4,0,0,0,40,
29,3,10,2,9,0,4,1,0,0,45,
56,3,13,2,3,0,4,1,0,0,50,
60,8,9,2,14,0,4,1,0,1848,40,
25,3,13,4,3,1,4,1,0,1590,60,
33,3,6,2,6,0,4,1,0,0,40,
44,3,9,4,11,1,4,0,0,0,40,
21,3,9,4,2,3,4,1,0,0,40,
21,3,9,4,0,1,4,1,0,0,40,
46,0,14,2,3,0,4,1,0,0,40,
44,4,10,2,3,0,4,1,0,0,50,
63,3,13,0,3,1,4,0,0,0,40,
44,3,9,2,0,5,4,0,0,0,30,
31,3,10,2,2,0,4,1,0,0,45,
26,3,10,2,3,0,4,1,0,0,42,
37,4,9,4,13,1,4,1,0,0,50,
60,8,10,0,14,1,4,0,0,0,40,
33,3,13,2,2,0,4,1,0,0,45,
38,3,13,2,3,0,4,1,0,0,40,
26,3,11,4,11,3,4,0,0,0,35,
46,4,11,0,3,4,1,0,0,0,63,
24,3,9,4,7,4,4,0,0,0,35,
47,1,14,2,9,0,4,1,0,0,35,
27,3,10,4,12,1,4,0,0,0,30,
46,3,10,2,2,0,4,1,0,0,40,
47,0,12,2,0,0,2,1,0,0,40,
47,3,9,0,0,4,4,1,0,0,40,
69,3,9,6,6,4,4,1,2538,0,40,
32,3,9,2,11,0,4,1,7298,0,40,
51,3,9,2,13,0,2,1,0,0,40,
36,3,9,2,11,0,4,1,0,0,40,
50,1,14,2,9,5,4,0,0,0,40,
29,3,16,2,9,0,1,1,0,0,60,
32,3,15,2,9,0,4,1,3908,0,40,
27,3,6,0,13,1,0,1,0,0,75,
60,3,4,0,0,1,4,0,0,0,35,
31,3,9,2,7,0,4,1,0,0,40,
46,3,12,2,2,0,4,1,0,0,40,
40,1,9,4,0,3,4,0,0,0,40,
39,3,10,2,2,0,2,1,0,0,52,
69,5,4,2,11,0,4,1,0,0,55,
54,4,13,2,3,0,4,1,0,0,40,
56,3,9,0,0,1,4,0,0,0,40,
47,0,10,0,0,1,4,0,0,0,40,
25,3,12,4,12,1,4,0,0,0,45,
34,5,9,2,13,0,4,1,0,0,60,
24,5,4,4,4,3,4,1,0,0,50,
63,3,10,2,2,0,4,1,10566,0,45,
29,1,14,2,9,0,4,1,0,0,50,
64,3,10,2,0,0,4,1,0,0,40,
44,3,13,4,9,1,4,1,0,0,40,
26,3,9,4,2,2,4,1,0,0,60,
36,3,6,0,7,1,4,0,0,0,40,
55,6,13,2,0,0,4,1,7688,0,38,
37,3,9,2,5,5,4,0,0,0,40,
37,3,6,4,6,1,4,1,0,0,65,
63,3,13,2,9,5,4,0,7688,0,36,
33,3,9,2,13,0,4,1,0,0,60,
19,3,10,4,0,3,4,0,0,0,10,
57,1,14,2,9,5,2,0,0,1977,40,
31,3,12,2,11,0,4,1,4386,0,45,
20,8,10,4,14,3,4,0,0,0,30,
58,1,9,2,3,0,4,1,7298,0,40,
20,8,10,4,14,3,4,0,0,0,20,
25,3,10,2,11,0,4,1,0,0,40,
40,3,9,0,0,4,4,0,0,0,40,
18,3,7,4,7,3,4,1,1055,0,20,
26,3,9,4,0,1,4,1,0,0,40,
29,3,16,2,9,0,4,1,0,0,50,
45,1,13,2,9,0,2,1,0,0,40,
35,6,10,4,0,3,4,0,0,0,38,
32,3,10,0,6,4,4,1,0,0,45,
61,5,9,6,7,2,4,0,0,0,40,
26,6,13,4,9,1,4,1,0,0,15,
56,3,9,2,2,0,4,1,3103,0,40,
22,3,10,3,0,3,1,0,0,0,39,
49,3,13,2,6,0,2,1,0,0,48,
40,3,9,2,7,5,4,0,0,0,12,
37,3,9,5,3,3,4,1,0,0,40,
23,8,13,4,14,3,4,1,0,0,50,
28,3,13,2,11,0,4,1,0,0,60,
27,3,9,2,6,0,4,1,0,0,40,
34,4,11,0,11,4,4,0,0,0,40,
49,3,5,2,5,0,4,1,0,0,45,
41,3,10,4,2,3,1,1,0,0,40,
28,3,13,4,0,1,4,1,0,0,21,
38,3,10,2,3,0,4,1,0,0,55,
47,6,12,2,10,0,4,1,0,1740,40,
28,1,9,2,10,0,4,1,0,0,40,
44,6,14,2,9,0,4,1,7688,0,50,
41,0,13,0,9,1,4,1,0,0,40,
50,3,15,2,9,0,4,1,0,0,36,
73,5,9,6,2,1,4,1,0,0,24,
21,3,10,4,7,3,2,1,0,0,40,
38,3,9,0,0,4,4,0,0,0,40,
64,8,14,2,14,0,4,1,0,0,2,
47,3,10,0,12,4,4,0,0,0,40,
52,3,10,2,13,0,4,1,15024,0,60,
24,3,13,4,11,1,4,1,0,0,45,
44,3,13,2,3,0,4,1,0,0,40,
27,3,4,0,6,4,4,1,0,974,40,
61,5,10,2,11,0,2,1,0,0,60,
58,3,13,2,11,0,4,1,15024,0,40,
51,3,13,4,11,1,4,0,0,1564,43,
49,3,10,0,11,4,4,0,0,0,55,
23,3,10,4,0,3,2,1,0,0,20,
19,3,11,4,0,3,2,0,0,0,40,
21,3,9,4,4,1,4,1,0,0,53,
56,3,7,0,11,1,4,0,0,0,40,
35,3,8,2,2,0,4,1,0,0,40,
37,0,10,0,12,4,0,0,0,0,20,
41,3,16,0,11,4,4,0,0,0,50,
30,3,7,2,11,0,4,1,0,0,40,
35,3,16,2,12,5,4,0,0,0,20,
47,3,10,2,2,0,4,1,0,0,40,
59,4,6,6,3,4,4,0,0,2559,50,
55,3,7,2,6,0,4,1,0,0,32,
22,8,11,4,14,3,1,1,0,0,20,
31,3,6,4,0,4,2,0,0,0,40,
30,3,14,2,0,0,4,1,4386,0,40,
24,3,13,4,3,3,4,1,0,0,48,
49,5,10,2,2,0,4,1,0,0,40,
23,3,4,4,2,1,4,1,0,0,25,
50,3,9,0,0,4,4,0,0,0,35,
38,3,13,4,0,1,2,1,0,0,40,
20,5,10,4,9,2,1,0,0,0,20,
49,5,10,2,2,0,4,1,0,0,50,
45,3,9,6,7,2,1,0,0,0,50,
46,0,13,2,9,0,1,1,0,0,50,
19,3,9,4,7,3,4,0,0,0,30,
31,0,13,4,3,3,4,0,0,0,40,
38,3,9,0,7,4,4,0,0,0,40,
56,5,14,2,2,0,4,1,0,0,50,
24,3,13,4,3,3,4,1,0,0,40,
58,1,9,2,3,0,4,1,0,0,50,
28,3,9,2,7,0,4,1,0,0,40,
22,3,9,2,7,0,4,1,0,0,40,
46,3,9,0,13,1,4,1,0,0,40,
30,3,1,4,4,1,4,1,0,0,40,
56,3,13,2,0,0,4,1,0,0,45,
32,3,9,2,6,0,1,1,0,0,40,
56,3,9,2,13,0,4,1,0,0,44,
50,3,10,2,3,0,4,1,0,0,40,
28,8,9,5,14,4,2,0,0,0,30,
30,3,13,4,0,1,4,0,0,0,40,
24,3,9,4,6,3,4,1,0,0,40,
42,0,11,0,9,4,0,0,0,0,40,
31,5,9,2,2,0,4,1,0,0,40,
18,3,7,4,11,3,3,0,0,0,20,
46,3,6,4,7,1,4,0,0,0,25,
31,3,13,4,11,1,4,0,0,0,65,
38,1,13,2,9,5,4,0,7688,0,40,
44,1,14,2,9,0,4,1,0,0,40,
55,4,13,2,3,0,4,1,0,2415,50,
19,3,9,4,7,3,4,1,0,0,20,
45,3,14,0,3,1,4,0,0,0,40,
50,4,10,2,2,0,4,1,0,0,70,
53,3,5,2,7,0,4,1,0,0,40,
41,4,13,2,11,0,4,1,99999,0,65,
45,3,10,0,7,4,2,0,0,0,40,
21,3,6,4,0,1,4,0,0,0,39,
37,3,13,2,12,5,4,0,0,0,40,
42,0,9,5,0,4,2,0,0,0,40,
37,5,9,2,12,0,4,1,0,0,30,
46,3,13,0,6,1,4,1,0,1590,40,
45,5,11,2,4,0,4,1,0,0,60,
32,3,10,4,12,1,4,0,0,0,20,
30,3,15,2,9,0,4,1,0,0,50,
57,8,13,2,14,0,4,1,0,0,80,
37,3,9,0,6,1,4,0,0,0,56,
18,8,10,4,14,3,4,0,0,0,40,
32,3,10,2,11,0,4,1,0,0,40,
43,3,13,2,9,0,4,1,0,0,40,
46,3,14,0,9,4,4,0,6497,0,50,
36,8,9,0,14,4,4,0,0,0,28,
33,3,14,4,3,1,4,0,0,0,40,
48,3,9,4,0,1,4,0,0,0,40,
34,3,9,2,11,0,4,0,0,0,40,
34,1,10,4,10,1,4,1,0,0,50,
33,3,9,0,4,1,4,1,0,0,40,
36,3,13,2,3,5,4,0,0,0,60,
23,3,9,4,11,1,4,1,0,1669,55,
39,3,9,2,3,0,4,1,0,0,40,
22,3,12,4,11,3,4,0,0,0,25,
19,3,9,4,4,3,4,1,0,0,20,
47,3,9,2,11,0,4,1,7298,0,45,
46,3,11,4,13,1,4,1,0,0,50,
47,3,14,0,11,1,4,0,0,0,6,
47,5,16,2,9,0,4,1,0,0,35,
52,1,10,0,13,1,4,0,0,0,40,
38,5,5,2,2,0,4,1,0,0,40,
58,3,9,2,11,0,4,1,0,0,40,
32,3,3,2,7,0,4,1,0,0,40,
54,5,11,2,12,2,4,0,0,0,10,
20,3,10,4,0,1,4,1,0,0,25,
25,3,12,4,11,1,4,1,0,0,48,
25,5,5,4,2,1,4,1,0,0,15,
36,6,13,0,9,1,4,1,0,1876,44,
69,5,9,2,12,0,4,1,0,0,30,
28,3,13,2,9,5,4,0,0,0,45,
20,3,10,4,0,3,4,0,0,0,20,
21,3,4,4,4,4,4,1,0,0,40,
37,3,13,2,12,0,4,1,0,0,40,
21,3,9,4,6,3,4,1,0,0,32,
25,8,12,2,14,0,4,1,0,0,13,
39,3,9,2,7,2,2,0,0,0,40,
34,3,11,2,7,0,4,1,0,0,40,
33,1,9,2,2,0,4,1,0,0,40,
47,3,9,2,13,0,4,1,0,0,50,
29,3,11,4,0,1,4,0,0,0,40,
48,3,9,2,12,0,4,1,0,0,89,
42,4,16,2,9,0,4,1,0,1977,60,
29,3,7,0,6,4,4,0,0,0,40,
34,3,9,4,5,3,4,1,0,0,40,
20,3,10,4,7,3,4,1,0,0,25,
41,3,14,2,9,0,4,1,0,0,40,
45,3,10,0,3,1,4,1,0,1876,50,
22,8,11,4,14,3,4,1,0,0,40,
23,3,9,0,5,3,4,1,0,0,44,
19,3,10,4,0,3,4,0,0,0,38,
24,3,10,4,2,3,4,1,0,0,40,
20,3,10,4,11,3,4,1,0,0,30,
32,3,9,0,2,1,4,1,0,0,40,
52,3,14,0,9,4,4,1,15020,0,50,
36,3,9,4,11,4,4,1,0,0,60,
18,3,6,4,6,3,4,1,0,0,30,
27,3,9,0,11,3,4,0,0,0,40,
26,3,10,2,11,0,4,1,0,0,60,
52,3,12,0,9,4,4,0,0,0,32,
24,3,10,4,2,4,0,1,0,0,40,
42,0,9,0,0,1,2,1,0,0,40,
39,3,15,2,9,5,4,0,7688,0,60,
20,8,10,4,14,3,4,0,0,0,35,
20,6,10,4,0,3,4,0,0,0,10,
39,3,9,6,5,4,4,1,0,0,40,
68,8,7,2,14,0,4,1,0,0,30,
35,3,9,4,6,4,2,0,0,0,48,
54,3,13,2,7,0,4,1,0,0,40,
24,3,13,4,3,3,4,1,0,0,40,
24,3,13,4,9,1,4,0,0,0,8,
20,3,10,4,0,3,2,0,0,0,15,
64,8,1,2,14,0,4,1,0,0,40,
28,3,13,4,9,1,4,0,0,0,35,
36,5,9,2,2,0,4,1,0,0,47,
44,4,9,2,13,0,4,1,0,0,60,
38,3,10,5,6,1,4,1,0,2258,55,
22,3,9,4,0,1,4,0,0,0,60,
56,3,9,2,6,0,4,1,0,0,40,
24,3,13,2,9,0,4,1,0,0,45,
24,5,10,4,7,1,4,0,0,0,75,
22,3,12,4,0,1,4,0,0,0,40,
21,3,10,4,3,3,4,0,0,0,30,
42,3,13,2,3,0,4,1,0,0,40,
41,1,14,0,9,4,4,0,0,0,55,
19,3,9,4,7,3,4,0,34095,0,20,
67,5,10,2,4,0,4,1,0,0,44,
20,3,10,4,11,3,4,0,0,0,30,
32,3,9,2,2,0,3,1,0,0,40,
46,3,9,5,6,3,2,0,0,0,40,
52,3,9,4,11,1,4,0,0,0,36,
44,3,13,0,9,4,2,1,0,0,40,
65,8,7,2,14,0,4,1,0,0,40,
37,1,13,2,9,0,4,1,0,1887,40,
27,5,10,2,4,0,4,1,0,0,50,
35,3,9,2,6,5,2,0,0,0,35,
30,3,9,4,0,1,4,0,0,0,45,
64,1,9,2,2,0,4,1,3137,0,40,
48,3,9,0,0,1,4,0,0,0,37,
35,3,4,0,12,4,4,0,0,0,40,
28,5,13,4,12,1,4,1,0,0,45,
63,5,13,2,9,0,1,1,0,1977,32,
40,5,15,2,9,0,4,1,0,0,55,
33,3,10,4,11,1,4,1,0,0,40,
40,3,10,2,2,0,4,1,0,0,50,
25,3,4,4,11,2,4,1,0,0,45,
45,4,13,2,3,0,4,1,0,0,38,
30,3,10,2,6,0,4,1,0,0,40,
53,3,10,4,0,4,2,0,0,0,40,
63,3,9,2,0,0,1,1,2105,0,40,
27,1,10,2,10,0,4,1,0,0,60,
31,3,7,4,2,1,4,1,0,0,40,
33,3,9,2,13,0,4,1,0,0,60,
39,6,13,0,10,1,4,1,0,0,40,
42,5,10,2,2,0,4,1,0,0,45,
19,3,9,4,7,3,2,1,0,0,30,
31,3,13,2,9,0,4,1,0,0,40,
53,3,9,2,2,0,4,1,0,0,40,
47,5,10,2,9,0,4,1,0,0,20,
27,3,16,4,0,3,4,0,0,0,40,
22,3,9,4,12,1,4,0,0,0,40,
29,3,9,2,11,5,4,0,0,0,40,
52,3,9,6,11,4,4,0,0,1762,40,
32,3,11,0,2,3,4,1,0,0,46,
23,3,9,4,11,1,4,1,0,0,40,
27,3,10,4,0,3,4,1,0,0,20,
53,3,9,6,6,1,2,0,0,0,40,
18,3,9,4,5,3,4,1,0,0,20,
41,3,13,5,11,4,4,0,0,0,30,
27,3,9,2,6,5,4,0,0,0,40,
30,3,10,0,11,3,4,1,0,0,40,
41,3,9,0,12,4,4,0,0,0,40,
21,3,10,4,0,1,4,0,0,0,30,
58,6,9,3,7,4,2,0,0,0,40,
45,6,13,0,10,1,4,0,0,0,40,
40,3,6,0,13,3,4,1,0,0,40,
21,3,10,4,0,1,4,0,0,0,40,
29,3,13,4,9,1,3,0,0,1590,40,
50,3,11,2,7,5,2,0,0,0,40,
26,3,9,2,2,0,4,1,0,0,40,
23,3,9,5,5,2,4,0,0,0,40,
27,3,13,4,12,3,4,1,0,0,40,
36,1,13,4,0,1,2,0,0,0,40,
22,0,9,4,0,2,4,1,0,0,40,
37,0,10,4,7,3,4,1,0,0,40,
54,3,13,2,13,0,4,1,0,0,40,
36,3,9,0,4,4,4,1,0,0,50,
44,3,11,2,3,0,2,1,0,0,40,
38,3,10,2,10,0,2,1,0,0,40,
49,3,10,0,2,1,4,0,0,0,40,
18,3,7,4,5,3,4,1,0,0,12,
26,3,13,4,11,1,4,1,0,0,48,
48,3,13,2,0,0,4,1,0,0,45,
32,3,7,2,6,5,4,0,0,0,40,
35,6,9,4,12,3,4,1,0,0,40,
40,3,9,4,0,1,4,0,0,0,45,
40,5,9,2,2,0,4,1,3411,0,40,
42,6,15,2,9,0,1,1,0,0,72,
30,3,9,2,11,0,4,1,0,0,40,
19,3,10,4,11,3,4,0,0,0,20,
36,3,12,2,11,0,4,1,0,0,60,
31,3,9,4,11,1,4,0,0,0,40,
50,0,12,2,3,0,4,1,0,0,60,
38,3,9,0,2,1,2,1,0,0,40,
35,3,10,2,9,0,4,1,0,0,50,
45,3,13,2,9,0,4,1,0,0,40,
29,3,6,5,11,4,4,0,0,0,40,
41,3,10,0,2,1,4,1,0,0,46,
33,3,15,4,9,1,4,0,0,0,50,
49,3,10,4,7,1,4,0,0,0,60,
28,3,10,2,3,0,4,1,0,0,40,
49,1,13,2,10,0,2,1,15024,0,40,
27,3,9,5,6,3,4,0,0,0,40,
47,4,9,2,3,0,4,1,2885,0,32,
42,6,16,4,3,1,4,0,0,0,40,
30,3,9,4,3,1,4,1,0,0,60,
37,1,9,2,2,0,4,1,0,0,40,
37,3,16,2,9,5,4,0,0,0,35,
51,3,9,3,11,1,2,0,0,0,38,
27,0,9,2,7,0,4,1,0,0,40,
53,3,9,4,11,1,4,0,0,0,40,
45,3,9,4,2,1,4,1,0,0,40,
37,4,13,2,9,0,4,1,0,0,45,
40,0,13,4,9,1,4,0,0,0,40,
54,6,14,2,9,0,1,1,0,0,40,
47,4,9,2,3,0,4,1,0,0,42,
35,3,9,2,7,0,4,1,0,0,40,
33,3,9,2,6,0,4,1,0,0,40,
28,1,10,4,0,2,2,1,0,0,40,
39,6,13,2,3,5,4,0,0,0,55,
25,8,9,4,14,3,4,1,0,1602,40,
33,3,13,2,11,0,4,1,0,0,40,
34,3,7,4,7,1,4,0,0,0,40,
53,3,9,2,13,0,4,1,0,0,40,
21,3,12,4,0,3,4,1,0,0,35,
31,6,16,2,3,0,4,1,7298,0,55,
63,3,9,2,9,0,4,1,0,0,45,
21,5,10,4,7,3,4,1,0,0,30,
59,3,9,2,2,0,4,1,0,0,40,
50,3,2,5,9,4,2,0,0,0,40,
66,8,9,2,14,5,4,0,0,0,20,
19,3,9,4,13,3,4,1,0,0,30,
31,3,13,4,12,1,4,1,0,0,45,
23,3,13,2,9,5,4,0,0,0,40,
45,3,11,2,3,5,4,0,0,0,40,
35,1,13,2,9,0,4,1,0,0,40,
32,3,13,4,2,3,4,1,0,0,40,
20,3,4,4,6,2,4,0,0,0,60,
38,3,9,2,3,2,4,1,0,0,40,
49,3,9,2,7,5,1,0,0,0,8,
64,3,9,0,6,1,4,0,0,0,40,
60,1,7,2,13,0,4,1,0,0,20,
25,3,13,4,9,1,4,0,0,0,50,
21,3,9,4,2,1,4,1,0,0,35,
26,3,9,4,8,2,4,0,0,1602,15,
23,3,10,4,0,1,4,1,0,0,20,
67,4,14,2,11,0,4,1,0,0,48,
24,3,9,0,11,4,4,0,0,0,30,
46,3,2,5,6,3,4,0,0,0,40,
38,6,16,2,9,0,1,1,0,0,40,
20,3,4,4,6,2,4,1,0,0,40,
28,8,10,4,14,2,4,0,0,0,40,
26,3,13,4,9,1,4,1,0,0,48,
58,3,9,2,6,0,4,1,0,0,40,
31,6,10,4,7,1,1,1,0,0,40,
37,6,12,0,10,1,2,1,0,0,38,
53,6,16,2,9,0,4,1,0,0,40,
45,3,4,0,6,1,2,0,0,0,35,
33,3,9,4,0,1,4,0,0,0,50,
33,6,14,2,10,0,2,1,0,0,40,
35,3,9,0,5,1,4,1,0,0,25,
60,5,9,2,3,0,2,1,0,0,40,
21,3,10,4,11,3,4,0,0,0,20,
38,3,6,2,2,0,2,1,0,0,45,
40,3,11,0,2,4,4,0,0,0,40,
40,3,10,2,11,5,4,0,0,0,40,
44,5,15,2,9,0,4,1,0,0,70,
27,3,10,2,3,0,4,1,0,0,60,
34,5,10,2,2,0,4,1,0,0,55,
20,8,10,4,14,3,4,1,0,0,25,
49,1,10,2,10,0,4,1,0,0,40,
37,3,10,2,2,0,4,1,0,0,50,
52,3,6,2,13,0,4,1,0,0,30,
46,3,10,2,6,0,2,1,0,0,40,
20,3,10,4,6,1,1,0,0,0,40,
43,3,9,2,2,0,4,1,0,0,40,
46,1,13,0,0,1,4,0,99999,0,40,
25,6,10,2,7,5,4,0,0,0,15,
48,3,13,0,0,1,4,1,0,0,40,
36,1,10,0,10,4,4,1,0,0,55,
37,3,9,0,2,1,4,1,14344,0,40,
18,8,10,4,14,3,4,1,0,0,60,
42,3,14,2,9,0,4,1,0,0,50,
60,3,12,2,0,0,4,1,0,0,24,
37,4,10,2,13,0,4,1,0,0,55,
44,1,12,0,12,1,2,1,0,0,40,
32,3,6,2,2,0,4,1,0,0,40,
29,3,13,4,0,3,4,0,0,0,40,
42,1,14,2,9,0,4,1,0,0,35,
17,3,7,4,5,3,4,1,0,0,12,
41,3,8,2,7,5,4,0,0,0,10,
34,3,10,2,3,5,4,0,0,1887,40,
56,3,6,5,7,4,4,0,0,0,32,
28,3,10,4,0,3,4,1,0,0,40,
28,5,7,4,11,3,4,1,0,0,40,
19,3,4,4,13,4,4,1,0,0,25,
49,0,10,2,12,0,4,1,0,0,40,
36,5,10,2,7,5,4,0,0,0,50,
25,3,10,2,13,0,4,1,0,0,35,
42,3,13,0,9,1,4,1,0,0,40,
47,5,15,2,9,0,4,1,0,1977,50,
26,3,10,2,10,0,4,1,0,0,40,
35,3,10,2,3,0,4,1,0,0,58,
37,3,9,2,2,0,4,1,0,0,45,
39,1,9,4,10,3,0,1,4650,0,48,
42,3,9,2,3,0,4,1,0,0,35,
41,3,10,0,7,1,4,0,0,0,36,
23,3,10,0,7,3,4,0,0,0,24,
31,0,9,2,12,0,4,1,0,0,40,
36,1,10,2,10,0,4,1,0,0,57,
20,3,10,4,9,4,4,0,0,0,25,
36,3,10,4,6,4,4,1,0,0,45,
50,3,9,2,6,0,4,1,0,0,50,
37,3,9,4,6,3,4,1,0,0,40,
25,3,13,4,4,3,4,1,27828,0,50,
39,3,10,0,7,4,4,0,0,0,60,
32,3,9,2,4,5,4,0,0,0,40,
59,3,10,6,0,1,4,0,0,0,35,
29,3,13,2,2,0,4,1,3411,0,45,
50,3,9,2,13,0,2,1,0,0,40,
42,3,11,2,11,0,4,1,0,0,37,
32,3,10,0,9,1,4,1,0,0,40,
48,3,12,2,11,0,4,1,0,1902,40,
20,3,9,2,2,0,4,1,3781,0,35,
50,5,6,0,2,1,4,1,0,0,45,
18,3,10,4,2,1,4,1,0,0,30,
60,3,14,4,9,1,4,1,0,0,50,
60,3,10,2,9,0,4,1,0,0,40,
42,1,14,4,9,1,4,1,0,0,22,
49,3,9,0,7,4,4,0,0,0,35,
35,4,10,2,11,5,4,0,0,0,40,
30,5,12,2,11,0,4,1,0,0,60,
59,3,10,2,3,0,4,1,0,0,40,
24,4,9,4,7,1,2,1,13550,0,50,
55,3,12,0,0,4,4,0,0,0,40,
19,3,9,4,0,3,4,0,0,0,20,
39,3,9,2,2,0,4,1,0,0,40,
48,3,10,0,3,4,4,0,0,0,40,
44,3,13,2,9,0,4,1,7688,0,40,
21,3,10,4,5,3,4,1,0,0,30,
23,3,13,4,12,3,2,1,0,0,40,
22,3,10,4,7,3,4,1,0,0,30,
55,5,14,2,9,0,4,1,0,0,55,
19,3,10,4,11,1,4,0,0,0,40,
23,3,10,4,5,1,4,1,0,0,25,
46,3,9,2,13,0,4,1,15024,0,44,
23,3,13,4,0,1,4,0,0,0,23,
47,4,14,2,3,0,4,1,15024,0,50,
23,3,10,4,11,3,4,0,0,0,15,
42,3,10,2,7,0,4,1,0,0,40,
22,6,13,4,0,3,4,0,0,0,10,
18,3,9,4,0,3,4,1,0,0,20,
37,3,13,2,3,0,4,1,0,1977,50,
34,3,5,2,2,0,4,1,0,0,50,
30,3,12,5,7,4,4,0,0,0,40,
62,5,10,6,4,4,4,0,0,0,50,
51,3,10,2,5,0,4,1,0,0,40,
34,3,9,2,7,0,2,1,0,0,30,
28,5,14,4,9,3,4,1,0,0,40,
56,3,6,4,5,1,4,1,0,0,40,
46,3,9,0,12,1,4,0,0,0,30,
46,3,10,2,12,0,4,1,0,1887,45,
23,1,10,3,0,3,4,0,0,0,40,
33,3,13,2,0,5,2,0,0,0,30,
27,3,9,4,7,3,1,1,0,0,40,
21,3,10,4,0,3,2,0,0,0,20,
18,8,9,4,14,3,4,1,0,0,60,
36,3,3,2,6,0,4,1,7298,0,40,
37,1,13,0,9,1,4,0,0,0,36,
39,1,7,2,7,0,4,1,0,0,40,
36,3,9,2,13,0,4,1,7298,0,60,
24,3,12,4,2,1,4,1,2354,0,40,
26,3,12,4,3,3,2,0,0,0,40,
37,3,9,0,11,1,4,0,0,0,60,
34,3,9,2,2,0,4,1,0,0,50,
33,3,9,0,3,4,4,0,0,0,40,
33,5,9,2,10,0,4,1,0,0,30,
20,3,9,4,11,3,4,0,0,0,8,
26,3,10,0,0,4,4,0,0,0,38,
47,3,9,2,0,5,4,0,0,0,20,
17,3,7,4,11,3,4,0,0,0,20,
53,3,11,2,3,0,4,1,0,1485,40,
31,3,10,0,11,3,4,0,0,0,35,
34,3,7,2,6,0,4,1,0,0,40,
23,3,3,2,7,0,4,1,0,0,40,
39,3,13,2,2,0,4,1,0,0,45,
22,8,9,4,14,3,4,0,0,0,40,
21,3,10,4,0,3,4,0,0,0,20,
40,3,9,4,0,4,2,0,0,0,35,
54,1,14,2,0,0,4,1,7298,0,40,
32,0,13,2,9,0,1,1,0,2002,40,
29,1,9,2,7,5,4,0,2635,0,40,
68,8,10,4,14,4,2,0,0,0,40,
27,1,13,2,10,0,4,1,0,0,45,
54,3,10,4,3,1,4,1,0,0,40,
23,3,9,0,8,4,4,0,0,0,40,
38,3,14,2,3,0,4,1,0,0,48,
54,3,9,2,7,5,4,0,0,0,35,
21,3,10,4,9,3,1,1,0,1974,40,
40,3,11,4,9,1,4,1,0,0,42,
19,3,6,4,7,1,4,0,0,0,40,
21,8,9,4,14,2,4,1,0,0,60,
35,3,13,2,0,5,2,0,0,0,40,
39,3,10,4,0,3,4,0,2174,0,45,
38,3,9,4,7,4,4,1,0,1408,40,
41,3,8,2,5,0,4,1,0,0,40,
26,3,10,4,0,1,4,0,0,0,40,
35,3,9,0,7,1,4,0,0,0,45,
70,5,10,2,2,0,4,1,0,0,25,
45,3,6,2,11,0,4,1,0,0,40,
83,3,9,6,10,1,4,1,0,0,55,
59,3,9,5,7,1,4,0,0,0,40,
18,3,5,4,7,3,2,1,0,0,15,
31,3,9,2,0,0,4,1,0,0,40,
43,3,14,2,9,5,4,0,0,0,45,
24,1,13,4,9,1,4,0,0,0,40,
33,3,11,2,6,0,4,1,0,0,50,
48,1,14,4,9,1,4,0,0,0,52,
27,3,13,2,3,0,4,1,0,0,40,
41,3,9,2,2,0,4,1,0,0,40,
25,3,9,2,7,5,4,0,0,0,25,
53,3,9,0,13,1,4,1,0,0,40,
66,5,15,2,9,0,4,1,0,0,50,
31,3,10,2,2,0,4,1,0,0,40,
30,6,13,3,0,1,4,1,0,0,40,
22,3,9,0,13,1,4,1,0,0,40,
47,4,13,2,11,0,4,1,15024,0,60,
74,3,9,2,3,0,4,1,0,0,40,
37,3,10,2,0,0,2,1,0,1485,70,
35,5,10,5,4,1,4,1,4101,0,60,
51,5,13,2,3,0,4,1,0,1672,70,
40,3,10,5,7,1,4,0,0,0,40,
51,1,16,2,9,0,4,1,0,1887,40,
26,3,6,2,5,5,4,0,0,0,40,
53,3,12,4,0,4,2,0,0,0,40,
32,3,9,2,2,0,4,1,3781,0,40,
29,5,10,2,2,0,1,1,0,0,40,
42,3,9,5,0,1,4,1,0,0,40,
22,3,10,4,13,1,4,1,0,0,32,
62,8,9,2,14,0,4,1,0,0,24,
33,3,9,0,0,1,4,0,0,0,40,
21,3,9,4,13,3,2,1,0,0,20,
46,1,13,2,9,0,4,1,0,0,45,
25,3,7,4,5,1,4,1,0,0,40,
29,3,3,2,7,0,4,1,0,0,40,
29,0,13,4,9,1,4,1,0,0,48,
33,3,16,0,11,1,4,1,99999,0,60,
50,3,12,0,2,1,4,1,0,0,40,
22,3,9,4,0,1,0,0,0,0,40,
40,3,9,0,2,1,4,1,0,0,40,
28,3,9,2,6,0,0,1,0,0,45,
54,3,9,2,0,0,4,1,0,0,40,
29,3,9,2,2,0,4,1,0,0,40,
49,3,9,6,6,4,2,0,0,0,40,
46,3,7,6,7,1,4,0,0,0,27,
71,5,6,2,2,0,4,1,0,0,8,
27,3,10,2,4,0,4,1,0,0,80,
56,3,9,4,0,1,4,0,0,0,40,
64,3,9,2,12,0,1,1,0,0,60,
23,3,10,2,3,5,4,0,0,0,25,
36,3,13,2,9,0,4,1,0,0,40,
39,1,14,2,9,0,4,1,0,0,45,
26,3,9,4,3,1,4,1,0,0,40,
31,0,12,2,12,0,4,1,0,0,40,
36,3,13,0,0,4,4,0,0,0,40,
43,3,9,2,2,0,4,1,0,0,40,
25,3,10,4,0,1,4,0,0,0,50,
27,3,9,2,6,0,4,1,0,0,40,
24,3,8,4,11,1,4,1,0,0,40,
50,5,12,2,10,0,4,1,0,0,20,
30,3,9,2,2,0,4,1,0,0,40,
24,3,7,4,5,1,4,1,0,0,40,
41,1,14,0,9,4,4,0,7430,0,36,
29,3,10,4,3,1,4,1,0,0,45,
31,3,10,2,3,0,4,1,0,0,40,
54,3,10,0,3,1,4,0,0,0,40,
20,3,7,2,11,2,4,0,0,0,50,
37,3,9,4,7,3,4,1,0,0,40,
28,1,9,4,7,3,2,1,0,0,30,
39,3,9,2,0,5,4,0,0,0,40,
46,6,10,4,3,1,4,0,0,0,40,
35,3,13,5,3,4,4,0,0,0,42,
36,5,10,2,11,0,4,1,99999,0,20,
34,8,9,2,14,0,4,1,0,0,25,
44,3,14,2,3,0,4,1,0,0,40,
34,4,13,0,3,1,4,1,0,0,50,
28,5,9,2,11,0,4,1,0,0,50,
38,4,15,2,9,0,4,1,0,0,45,
64,8,13,2,14,0,4,1,0,0,50,
19,8,10,4,14,3,4,0,0,0,40,
35,3,13,2,11,0,4,1,0,0,52,
61,3,9,4,0,1,4,0,0,0,40,
45,3,10,0,11,4,4,0,0,0,40,
36,3,9,2,13,0,4,1,0,0,40,
34,3,9,4,13,4,2,1,0,0,30,
27,3,11,2,11,0,4,1,0,0,60,
22,3,6,4,2,4,4,1,0,0,40,
26,3,13,4,12,1,4,0,0,0,40,
19,3,7,4,7,2,4,0,0,0,15,
36,3,9,0,4,1,4,1,0,0,40,
51,3,13,0,3,1,4,1,14084,0,50,
63,3,9,2,2,0,4,1,99999,0,40,
51,3,9,2,0,0,4,1,0,0,40,
20,6,10,4,0,3,4,0,0,0,25,
42,5,11,2,9,0,4,1,0,0,50,
40,8,13,4,14,3,4,0,0,0,40,
25,3,10,2,2,0,4,1,0,0,40,
40,3,11,0,0,4,4,0,0,0,50,
41,8,13,2,14,5,4,0,0,0,30,
49,3,9,4,5,3,4,1,0,0,80,
46,3,9,5,6,3,2,0,0,0,40,
32,5,9,5,11,1,4,1,0,0,50,
28,3,10,2,5,0,2,1,0,0,40,
19,8,9,4,14,2,2,1,0,0,20,
19,3,9,4,0,3,4,0,0,0,25,
18,3,7,4,0,3,2,1,0,0,20,
39,3,9,4,11,1,4,1,0,0,55,
60,5,13,0,9,1,4,0,0,0,30,
46,1,13,0,9,1,4,0,0,1408,40,
38,3,4,2,6,5,4,0,0,0,50,
36,3,9,2,6,0,4,1,0,0,44,
45,3,10,2,11,0,4,1,0,0,40,
60,6,13,0,9,1,4,0,0,2339,40,
30,3,7,2,2,0,4,1,0,0,40,
22,3,10,4,12,1,4,0,0,0,43,
23,3,10,4,3,1,4,1,0,0,45,
48,6,10,4,9,1,2,0,0,0,24,
46,3,9,2,7,3,4,0,0,0,15,
43,3,14,2,3,0,4,1,0,0,45,
25,3,9,2,13,3,3,1,0,0,40,
50,3,10,4,9,1,4,1,0,0,40,
61,4,9,0,11,1,4,1,0,0,55,
35,3,13,4,11,1,4,1,0,0,50,
65,1,10,0,3,1,4,0,0,0,40,
56,3,9,2,13,0,1,1,0,0,45,
43,5,13,2,6,5,1,0,0,0,80,
55,3,9,2,13,0,4,1,0,0,50,
22,3,10,4,0,3,4,0,0,0,40,
40,3,10,0,6,3,4,1,0,0,32,
35,3,9,2,4,0,4,1,0,1672,50,
22,8,10,4,14,3,4,1,0,0,50,
20,3,5,2,6,0,4,1,0,0,40,
46,1,8,2,7,0,4,1,0,0,35,
43,3,9,5,13,4,4,1,0,0,40,
46,0,9,0,0,4,2,0,0,0,40,
39,3,7,2,7,0,2,1,2635,0,37,
34,3,9,4,3,4,4,0,0,0,20,
35,3,9,0,7,1,4,0,0,0,35,
30,3,9,4,0,4,4,1,0,0,41,
25,3,9,4,6,1,2,1,0,0,28,
44,3,14,2,3,0,4,1,0,0,35,
35,3,9,0,0,4,4,0,0,0,40,
41,3,9,2,5,0,4,1,0,0,40,
43,0,13,2,0,0,4,1,7298,0,40,
32,3,10,4,0,1,4,0,0,0,40,
50,3,4,2,2,0,4,1,0,0,40,
20,3,10,4,0,3,4,0,0,0,15,
29,3,9,2,0,5,4,0,0,0,20,
38,3,15,2,9,0,4,1,99999,0,70,
20,3,6,4,5,4,4,1,0,0,50,
41,3,9,4,11,4,2,0,0,0,40,
27,3,10,4,3,1,4,0,0,0,65,
37,3,5,2,2,0,4,1,0,0,40,
62,6,14,5,9,4,4,0,0,0,24,
31,3,6,0,7,1,4,1,0,0,40,
49,3,10,0,0,1,1,0,0,0,40,
33,1,13,4,9,1,2,0,0,0,50,
31,3,9,2,2,0,4,1,0,1848,40,
19,3,10,4,7,2,4,0,0,0,35,
44,3,4,2,6,0,4,1,0,0,40,
31,4,10,4,3,1,4,1,0,0,65,
62,3,9,6,4,4,4,0,0,0,40,
65,5,10,2,3,0,4,1,0,2174,10,
17,3,5,2,7,0,4,1,0,0,40,
60,3,9,2,13,0,4,1,0,0,44,
31,3,7,2,2,0,4,1,0,0,40,
29,3,10,4,7,4,2,0,0,0,40,
53,3,9,2,6,0,4,1,0,0,40,
44,3,10,2,11,0,4,1,0,0,40,
43,3,7,2,11,0,4,1,0,0,60,
40,0,10,2,2,0,4,1,0,1579,40,
18,3,7,4,11,3,2,0,0,0,10,
47,3,9,0,2,4,4,0,0,0,43,
38,0,13,2,9,0,4,1,4064,0,40,
37,3,12,2,7,5,4,0,0,0,25,
40,3,10,5,11,1,0,0,0,0,40,
57,4,9,2,9,0,2,1,0,0,60,
43,3,9,5,7,1,4,0,4101,0,40,
32,3,13,2,9,0,3,1,0,0,40,
64,3,10,2,11,0,4,1,0,0,40,
18,3,8,4,11,3,4,0,0,0,20,
40,5,13,4,3,1,4,1,0,0,50,
17,8,7,4,14,3,2,0,0,0,40,
23,3,9,4,6,1,4,1,0,0,40,
45,3,11,0,0,4,2,0,0,0,40,
45,5,14,0,9,1,4,0,0,0,15,
27,3,6,4,7,1,4,1,0,0,60,
23,3,10,3,5,4,4,1,0,0,40,
58,5,9,2,4,0,1,1,0,0,30,
35,3,9,0,12,4,4,0,0,0,75,
47,3,14,0,9,1,4,1,0,0,40,
33,3,9,2,3,0,4,1,0,0,50,
27,3,13,5,9,1,1,1,0,0,40,
46,3,12,2,6,0,4,1,0,0,40,
24,3,10,2,2,0,4,1,0,0,56,
40,3,10,2,2,0,4,1,0,0,44,
44,3,9,4,7,3,4,0,0,0,24,
31,1,13,2,10,0,4,1,0,0,97,
37,3,11,2,0,0,4,1,7688,0,40,
23,3,11,5,3,3,4,0,0,0,40,
30,4,13,2,11,0,4,1,0,0,52,
31,3,10,2,7,0,2,1,0,0,35,
24,8,9,4,14,1,4,0,0,0,32,
32,3,10,2,3,0,4,1,3464,0,40,
27,3,9,4,13,3,4,1,0,0,40,
35,1,9,4,0,4,0,1,0,0,55,
27,3,13,4,3,1,4,1,0,1876,40,
30,5,13,2,11,0,4,1,0,0,70,
33,5,9,4,4,3,4,1,0,0,70,
34,3,16,2,9,0,4,1,0,0,45,
29,3,10,2,2,0,4,1,0,0,50,
26,1,14,4,9,1,4,0,2174,0,40,
39,5,9,4,2,3,4,1,0,0,40,
37,4,10,2,3,0,4,1,3103,0,50,
51,3,10,0,3,1,4,0,0,0,50,
40,3,10,5,2,4,4,1,4934,0,47,
53,3,4,2,2,0,1,1,0,0,40,
58,0,10,2,12,0,1,1,0,1485,40,
29,3,13,2,12,0,4,1,0,0,40,
33,3,9,2,6,0,3,1,0,0,40,
57,3,14,2,3,0,4,1,0,0,60,
69,6,9,2,10,0,4,1,0,0,40,
20,3,10,4,0,3,4,0,0,0,12,
56,3,9,6,11,4,4,0,0,0,25,
49,3,3,2,2,0,4,1,0,0,40,
34,3,9,2,6,0,4,1,0,0,40,
70,3,9,2,2,0,4,1,0,0,37,
44,3,13,0,3,4,4,0,0,0,45,
37,3,13,4,9,1,4,1,10520,0,40,
58,1,13,2,9,0,4,1,0,0,58,
42,5,10,2,9,3,4,0,0,0,25,
41,3,9,2,11,0,4,1,0,0,40,
28,3,9,4,0,1,4,0,0,0,40,
47,1,14,2,9,0,4,1,7688,0,60,
24,3,9,2,6,5,4,0,0,0,40,
58,5,9,2,7,0,4,1,7688,0,55,
18,3,9,4,0,3,4,0,0,0,25,
50,3,10,2,3,0,4,1,0,0,50,
69,3,10,6,0,1,4,0,2050,0,24,
84,3,14,4,9,1,4,1,0,0,66,
47,3,13,2,3,0,4,1,0,0,60,
19,3,8,4,5,3,4,1,0,0,20,
24,3,10,4,9,1,2,1,0,0,40,
48,8,13,2,14,0,4,1,0,0,6,
53,3,9,0,6,1,4,1,0,0,50,
58,3,10,2,11,0,4,1,0,0,45,
22,3,10,4,5,2,4,1,0,0,24,
36,5,10,2,3,0,4,1,0,0,52,
34,3,8,4,0,4,4,0,0,0,40,
43,3,2,6,9,4,4,0,0,0,21,
37,3,9,2,5,0,4,1,0,0,24,
43,3,15,5,12,1,4,1,0,0,50,
42,3,10,2,12,5,4,0,0,0,40,
21,3,10,4,7,3,4,1,0,0,30,
49,5,9,2,11,0,4,1,0,0,60,
35,3,9,2,7,2,2,1,0,0,40,
49,5,10,6,2,4,4,0,0,0,30,
28,3,10,4,7,1,2,1,0,0,40,
51,3,2,2,2,0,4,1,0,0,40,
30,8,13,4,14,1,4,0,0,0,40,
19,3,4,4,7,1,4,1,0,0,60,
56,3,5,2,7,0,4,1,0,0,40,
20,3,9,4,7,1,4,1,0,0,8,
22,3,10,4,0,3,4,0,0,0,37,
33,3,9,2,6,0,4,1,99999,0,56,
54,8,9,0,14,2,4,1,0,0,45,
22,3,10,4,2,1,4,1,0,0,50,
68,3,10,0,8,2,4,0,0,0,30,
56,1,13,0,3,4,4,0,0,0,40,
23,8,9,4,14,1,4,1,0,0,40,
69,5,5,2,0,0,4,1,0,0,40,
41,3,13,4,12,1,4,1,0,0,40,
33,3,9,4,6,4,2,0,0,0,40,
18,3,7,4,11,3,4,0,0,0,8,
17,3,7,4,7,3,2,1,0,0,16,
31,3,7,0,5,2,2,1,0,1721,40,
50,3,10,2,12,0,4,1,0,0,60,
62,3,6,6,5,1,4,0,0,0,40,
41,3,9,0,0,4,4,0,0,0,52,
20,0,9,4,7,1,4,0,0,0,40,
23,3,12,4,11,3,4,1,0,0,30,
18,3,9,4,7,1,4,1,0,0,20,
53,8,4,5,14,1,4,1,0,0,40,
42,3,5,2,2,0,4,1,0,0,40,
23,3,13,4,9,1,4,1,0,0,40,
43,3,9,0,0,2,4,0,0,0,40,
47,3,9,2,11,0,4,1,0,0,55,
53,1,3,2,7,0,4,1,0,0,40,
28,3,6,4,5,1,4,1,0,0,40,
28,6,10,2,10,0,4,1,0,0,40,
44,3,10,2,9,0,4,1,0,0,45,
58,3,9,2,6,0,4,1,0,0,40,
25,8,4,4,14,1,4,0,0,0,32,
26,3,9,4,6,4,4,0,0,0,40,
36,5,10,2,4,0,4,1,3456,0,8,
27,3,9,0,7,1,4,0,0,0,40,
39,3,16,2,3,0,4,1,0,0,45,
25,3,13,2,3,0,4,1,0,0,40,
17,3,7,4,7,3,4,0,0,0,15,
39,3,13,0,3,1,4,1,0,0,50,
52,3,9,2,6,0,4,1,0,0,40,
24,3,13,4,11,1,4,0,0,0,50,
26,5,11,2,4,0,4,1,0,0,55,
24,8,13,4,14,1,4,0,0,0,40,
32,3,9,2,5,0,4,1,0,0,40,
49,1,14,2,10,0,4,1,0,0,40,
20,8,10,4,14,2,4,0,0,0,25,
40,3,7,2,4,0,4,1,0,0,40,
52,3,15,0,3,1,4,1,0,2559,60,
33,3,9,4,0,1,4,1,0,0,40,
19,3,9,2,6,2,4,1,0,0,20,
37,3,11,2,9,0,4,1,0,0,40,
21,6,10,4,12,3,4,0,0,0,20,
33,3,10,4,0,1,4,1,0,0,36,
28,3,12,0,9,1,4,0,0,0,40,
48,3,9,2,2,0,4,1,0,1579,40,
43,3,13,5,12,1,4,1,0,0,40,
32,3,9,2,6,0,4,1,0,0,40,
28,3,9,4,7,3,4,1,0,0,30,
47,5,13,2,9,0,1,1,0,0,40,
37,3,13,2,0,0,4,1,0,0,50,
26,3,10,5,11,2,2,1,0,0,30,
55,3,9,2,7,0,4,1,0,0,60,
40,3,12,0,11,4,4,0,0,0,40,
31,3,13,2,3,0,4,1,0,0,40,
39,3,9,2,7,0,4,1,0,0,40,
54,4,10,2,11,0,4,1,0,0,54,
38,3,10,2,11,0,1,1,0,0,40,
53,5,9,2,4,0,4,1,0,0,85,
27,5,12,4,9,1,4,0,0,0,78,
42,3,13,2,3,0,4,1,0,0,40,
62,3,10,0,0,1,4,0,0,0,40,
47,3,7,2,0,0,4,1,0,1485,58,
26,3,13,4,3,1,4,0,0,0,50,
33,8,9,4,14,4,2,0,0,0,20,
59,3,10,0,7,1,4,1,0,0,40,
42,3,9,0,9,1,4,0,0,0,45,
25,3,13,2,9,0,4,1,0,0,45,
58,3,9,0,11,1,4,1,0,0,36,
30,3,10,4,11,1,4,0,0,0,60,
21,3,10,4,2,3,4,0,0,0,40,
61,3,9,2,10,0,4,1,0,0,40,
33,3,12,2,5,0,4,1,0,0,40,
51,3,14,2,12,0,4,1,0,0,40,
70,3,10,6,3,1,4,0,0,0,12,
55,8,9,2,14,0,4,1,0,0,30,
29,5,10,0,2,1,4,1,2202,0,50,
46,3,14,6,9,1,4,0,0,0,44,
35,0,10,0,3,4,1,0,0,0,40,
31,3,9,2,2,0,4,1,0,0,43,
37,3,10,2,3,0,4,1,0,0,42,
43,3,10,2,11,0,4,1,0,0,43,
23,3,9,4,11,1,4,1,0,0,40,
41,3,9,0,2,1,4,1,13550,0,44,
42,1,13,2,9,5,4,0,0,0,50,
26,3,6,4,0,1,4,0,2907,0,40,
45,3,10,2,3,0,4,1,0,0,40,
25,3,12,2,11,0,4,1,0,0,40,
33,8,4,5,14,1,4,1,0,0,40,
38,3,13,2,6,0,4,1,0,0,50,
28,3,9,4,3,1,4,0,0,0,50,
68,5,11,2,9,0,4,1,0,2149,40,
42,1,9,2,2,0,4,1,0,0,40,
35,3,14,2,11,0,4,1,0,0,40,
36,3,10,0,0,4,4,0,0,0,40,
33,3,9,2,2,0,4,1,0,0,35,
22,3,10,4,0,1,4,0,0,0,30,
45,1,13,2,10,0,4,1,0,0,50,
24,3,10,4,7,1,4,0,0,0,40,
57,3,2,3,7,1,4,1,0,0,35,
36,1,9,2,9,0,4,1,15024,0,40,
41,3,9,4,0,1,4,0,0,0,40,
26,5,10,4,9,3,4,0,0,0,35,
25,5,10,4,4,3,4,0,0,0,50,
53,6,10,2,4,0,4,1,0,0,50,
28,1,12,6,9,4,4,1,0,0,40,
30,1,14,4,9,1,4,0,0,0,40,
38,5,7,2,2,0,4,1,0,0,40,
37,1,10,0,10,4,4,1,0,0,48,
30,3,14,2,9,0,4,1,0,0,38,
41,3,9,2,6,5,2,0,0,0,40,
29,8,10,4,14,1,2,1,0,0,36,
31,3,10,0,2,1,4,1,0,0,80,
36,3,9,2,2,0,4,1,3908,0,55,
59,5,9,2,3,0,4,1,0,0,60,
33,5,9,2,2,0,4,1,0,0,35,
29,3,9,2,11,0,4,1,0,1887,55,
49,6,10,2,6,0,4,1,0,0,40,
50,0,6,5,2,1,4,1,0,0,56,
33,3,13,2,3,0,4,1,0,1902,45,
28,3,4,2,5,0,4,1,0,0,40,
81,8,9,0,14,1,4,0,0,0,35,
24,3,10,4,12,1,4,0,0,0,16,
32,5,10,2,2,0,4,1,0,0,50,
47,0,9,2,13,0,2,1,0,0,40,
44,8,9,2,14,0,2,1,0,0,40,
24,3,10,4,3,3,4,1,0,0,40,
37,1,10,2,12,5,4,0,7298,0,36,
51,3,13,2,11,0,4,1,0,0,40,
52,3,9,2,13,0,4,1,0,0,50,
22,3,10,4,0,1,4,0,0,0,40,
28,3,12,4,7,1,3,1,0,0,40,
47,5,10,2,2,0,4,1,0,0,40,
43,3,9,2,2,0,4,1,0,0,40,
25,3,9,4,3,1,4,1,0,0,45,
43,3,10,2,13,0,4,1,0,0,60,
25,3,13,4,3,3,4,0,0,0,20,
59,3,14,2,9,0,4,1,0,0,60,
29,3,12,0,9,4,4,0,0,0,35,
30,3,5,2,6,5,4,0,0,0,40,
24,3,10,2,6,5,3,0,0,0,40,
38,3,13,4,7,1,4,1,0,0,40,
37,5,9,2,3,0,4,1,0,0,60,
26,3,1,3,6,1,4,1,0,1719,40,
30,3,9,4,7,4,4,0,0,0,40,
73,1,14,2,9,0,4,1,0,0,10,
30,3,9,2,6,0,2,1,0,0,40,
33,3,9,2,7,0,4,1,0,0,40,
46,3,10,2,13,0,4,1,0,0,58,
40,8,9,2,14,5,2,0,3464,0,20,
18,3,7,4,7,3,4,1,0,0,40,
35,3,13,2,9,5,4,0,7298,0,8,
22,3,9,4,0,3,4,0,0,0,40,
50,4,9,2,11,0,2,1,0,0,60,
62,8,4,6,14,1,2,1,0,0,40,
39,4,13,2,3,0,4,1,7298,0,40,
22,3,10,4,11,3,4,1,0,0,40,
33,3,9,4,0,4,2,0,0,0,40,
31,3,9,4,5,3,1,0,0,0,40,
29,3,13,4,0,3,4,1,0,0,40,
38,5,10,2,6,0,4,1,0,0,45,
24,3,13,4,11,3,4,0,0,0,35,
29,1,9,5,10,2,4,0,0,0,40,
49,0,14,2,0,0,4,1,0,0,40,
33,3,4,2,6,0,4,1,0,0,40,
28,3,9,4,6,1,4,1,0,0,48,
22,3,13,4,0,3,4,0,0,0,60,
37,3,9,2,6,0,4,1,0,0,40,
30,3,9,2,2,0,4,1,0,0,50,
49,3,4,2,2,0,4,1,0,0,40,
29,3,9,2,3,0,4,1,0,0,40,
25,3,9,5,3,4,4,0,0,0,40,
36,3,9,3,0,4,4,0,0,0,40,
36,6,16,4,9,1,4,1,0,0,45,
21,3,9,4,7,3,4,1,0,0,22,
18,3,10,4,7,3,4,0,0,0,30,
30,1,11,4,10,1,4,1,0,0,40,
44,3,10,4,0,3,2,0,0,0,40,
40,3,10,2,13,0,4,1,0,0,50,
43,3,9,2,3,0,4,1,0,0,44,
45,3,13,2,3,0,4,1,0,0,50,
29,3,10,3,11,3,1,0,0,0,26,
40,3,10,2,0,5,4,0,0,0,40,
43,3,10,2,7,0,4,1,0,0,48,
20,3,10,4,7,1,4,0,0,0,20,
32,6,13,2,12,0,4,1,0,0,20,
19,3,10,4,7,3,4,0,0,0,16,
21,3,9,4,6,3,4,1,0,0,40,
23,3,11,2,5,0,4,1,0,0,40,
24,3,7,4,7,1,2,0,0,0,40,
52,3,11,0,7,1,4,1,0,0,32,
51,8,10,0,14,4,4,0,0,0,40,
19,3,10,4,7,1,4,1,0,0,35,
54,3,10,2,11,0,4,1,0,0,45,
50,3,9,0,6,2,4,0,0,0,48,
29,3,10,0,6,1,4,1,0,0,40,
17,3,6,4,12,3,4,1,0,0,10,
47,3,9,0,7,4,4,0,0,0,37,
46,3,13,0,9,4,2,0,0,0,32,
30,3,10,2,5,0,4,1,0,0,44,
58,3,10,2,7,5,4,0,0,0,30,
48,3,13,0,9,1,2,0,0,0,40,
23,3,10,4,10,3,4,1,0,0,40,
23,3,11,4,0,3,4,0,0,0,36,
45,3,9,2,2,0,4,1,0,0,40,
20,3,10,4,11,3,2,1,0,0,20,
26,3,4,4,6,3,4,1,0,0,48,
50,1,13,4,9,3,4,0,0,0,40,
49,3,9,2,11,0,4,1,0,0,48,
26,3,10,4,7,2,4,1,0,0,40,
47,3,15,0,0,1,4,1,0,0,40,
31,3,8,4,11,1,4,1,4650,0,50,
19,8,10,4,14,3,4,0,0,0,40,
23,3,6,2,7,0,4,1,0,0,40,
35,3,9,2,2,0,4,1,0,1740,40,
46,3,10,2,2,0,4,1,0,1902,50,
28,5,7,4,2,1,4,1,0,0,40,
58,3,10,2,3,0,4,1,7688,0,45,
21,3,9,4,0,3,4,0,0,0,40,
50,5,6,0,11,1,4,0,0,0,50,
30,8,5,4,14,1,4,0,0,0,30,
31,3,13,4,9,1,4,0,0,0,40,
31,5,13,2,0,5,4,0,0,0,20,
35,5,9,2,2,0,4,1,3103,0,40,
33,3,16,2,9,0,4,1,0,0,60,
34,3,14,2,9,0,4,1,7688,0,55,
67,8,15,2,14,0,4,1,6418,0,10,
37,3,9,2,5,0,4,1,0,0,45,
48,3,14,2,9,0,4,1,0,0,40,
34,0,13,4,3,4,1,1,1471,0,40,
24,3,10,4,3,3,4,1,0,0,40,
55,3,9,0,8,1,4,0,0,0,40,
50,3,9,2,12,0,4,1,0,1848,40,
40,3,13,2,11,0,4,1,0,1977,60,
33,3,13,4,5,1,4,1,0,0,30,
51,0,10,2,2,0,4,1,0,0,40,
30,3,10,4,6,1,4,1,0,0,40,
41,3,9,2,6,0,4,1,0,0,40,
47,1,11,2,3,0,4,1,0,0,40,
27,3,4,4,4,3,4,1,0,0,50,
37,3,13,5,9,4,4,0,4934,0,32,
40,3,11,2,2,0,4,1,0,0,40,
36,3,9,2,6,0,4,1,0,0,40,
37,3,9,2,6,0,2,1,0,0,40,
38,3,15,5,9,1,4,1,0,0,35,
40,5,10,2,2,0,4,1,0,0,50,
35,3,13,0,3,4,4,0,0,0,40,
47,5,9,2,6,5,4,0,0,0,20,
20,8,10,4,14,3,4,1,0,0,60,
33,3,14,2,9,0,4,1,0,0,45,
45,3,10,0,0,1,4,0,0,0,40,
66,8,10,2,14,0,4,1,0,1825,40,
35,5,9,4,11,4,2,0,0,0,38,
32,3,7,2,0,0,4,1,0,0,45,
23,3,10,2,7,0,2,1,0,0,50,
19,3,9,4,7,3,4,0,0,0,15,
44,8,10,2,14,0,4,1,0,0,40,
20,3,9,4,5,3,2,1,0,0,35,
44,4,13,2,11,0,4,1,0,0,30,
41,6,9,2,0,0,4,1,3464,0,40,
19,3,10,4,0,2,4,0,0,0,40,
48,3,9,0,7,1,4,0,0,0,35,
45,3,10,2,11,0,4,1,0,0,65,
40,3,4,2,7,0,1,1,0,0,42,
34,3,9,2,2,0,4,1,0,0,55,
20,3,10,4,11,2,3,0,0,0,40,
33,3,10,5,0,4,4,0,0,0,40,
30,3,9,2,0,3,4,0,0,0,20,
23,3,10,4,5,3,4,1,0,0,32,
34,3,6,0,7,4,4,0,0,0,38,
48,6,10,2,2,0,4,1,0,0,40,
32,8,7,0,14,1,4,0,0,0,49,
42,3,10,2,2,0,2,1,0,0,40,
22,3,9,4,0,3,1,1,0,0,40,
60,5,9,2,2,0,4,1,0,0,42,
42,3,13,2,3,0,4,1,0,0,55,
45,3,13,5,3,1,4,0,0,0,55,
47,3,9,0,7,3,4,0,0,0,32,
29,3,14,2,3,5,4,0,0,0,40,
34,3,13,4,11,1,4,1,0,0,38,
34,3,13,0,9,4,4,0,0,0,40,
39,0,9,2,0,0,4,1,0,0,40,
29,3,10,0,9,4,4,0,0,0,24,
42,4,10,4,11,1,4,1,0,0,60,
48,3,7,5,7,1,2,0,0,0,35,
53,3,13,2,3,0,2,1,0,1902,40,
51,3,10,6,0,4,4,0,0,0,45,
44,5,13,2,4,0,4,1,0,0,90,
46,4,11,2,3,0,4,1,0,0,60,
51,3,16,0,2,1,4,0,4787,0,60,
32,3,10,4,2,1,4,0,0,0,40,
22,8,9,4,14,3,2,1,0,1602,30,
24,3,10,4,7,1,4,1,0,0,45,
33,3,11,4,9,4,2,0,0,0,26,
47,5,9,1,2,0,4,1,0,0,90,
64,5,14,0,9,1,4,1,0,0,50,
62,3,13,2,3,0,4,1,0,0,50,
52,3,9,2,3,0,4,1,0,0,40,
39,3,9,4,11,1,4,0,0,0,40,
42,3,9,2,9,0,4,1,0,0,48,
38,0,13,2,11,0,4,1,7688,0,42,
55,3,4,2,13,0,4,1,0,0,50,
29,8,9,2,14,1,4,0,0,0,27,
42,3,12,0,9,1,4,0,0,0,24,
30,3,12,2,3,5,4,0,0,0,50,
32,3,5,2,2,0,4,1,0,0,40,
36,8,9,2,14,0,4,1,3464,0,30,
50,0,7,4,11,1,2,0,3674,0,40,
27,3,9,4,6,3,1,1,0,0,40,
47,3,9,2,3,0,4,1,0,0,60,
33,3,5,0,6,1,4,1,0,0,35,
48,5,10,4,0,1,4,1,0,0,40,
23,3,4,4,7,3,4,1,0,0,35,
31,0,13,2,3,0,4,1,0,0,40,
26,3,10,2,6,0,2,1,0,0,40,
61,5,9,2,11,0,1,1,0,0,63,
50,3,13,0,11,4,2,1,0,0,40,
49,3,11,2,9,0,4,1,0,0,40,
57,8,3,2,14,0,4,1,7298,0,84,
19,3,9,4,7,2,1,1,0,0,24,
18,3,7,4,5,3,4,1,0,0,15,
44,5,12,2,7,5,4,0,0,0,99,
54,3,11,2,11,0,4,1,0,0,50,
35,6,9,2,10,0,4,1,0,0,40,
27,6,14,4,9,1,1,1,0,0,20,
50,4,9,2,4,0,4,1,0,0,50,
43,6,9,2,2,0,4,1,0,0,40,
28,3,10,0,0,4,4,1,0,0,40,
47,3,9,2,3,0,4,1,0,0,40,
21,3,1,4,4,1,4,1,0,0,50,
30,3,15,4,9,1,4,0,0,0,45,
19,3,9,4,2,3,4,1,0,0,45,
40,3,10,2,7,0,4,1,0,1485,40,
55,3,14,2,11,0,4,1,0,0,50,
67,8,9,0,14,3,4,1,0,0,20,
31,3,11,0,6,4,4,1,0,0,43,
30,3,11,0,3,1,4,1,0,0,40,
54,8,1,2,14,5,4,0,0,0,40,
51,0,13,4,9,1,0,0,0,0,43,
34,3,9,0,13,3,4,0,0,0,40,
59,3,14,2,3,0,4,1,0,0,45,
50,3,9,0,3,4,4,0,0,0,38,
29,3,9,0,6,4,4,1,0,0,40,
17,6,6,4,4,3,4,1,0,0,40,
24,3,9,4,7,3,4,0,0,0,30,
52,8,1,3,14,2,4,1,0,0,40,
39,3,14,2,9,5,4,0,0,1902,18,
18,8,8,4,14,3,4,0,0,0,25,
32,3,10,0,5,4,2,1,0,0,40,
25,8,10,0,14,4,4,0,0,0,50,
34,3,9,4,6,1,4,0,0,0,45,
44,5,9,2,9,0,4,1,0,1902,40,
37,1,10,0,0,4,4,0,0,0,40,
39,3,14,2,3,5,4,0,0,2415,65,
32,4,15,2,9,0,4,1,0,0,40,
23,3,10,4,7,1,4,0,0,0,28,
45,0,10,0,0,4,4,1,0,0,42,
30,3,7,0,5,3,4,1,0,0,40,
20,3,8,0,7,1,4,0,0,0,10,
41,3,9,2,2,0,4,1,0,0,4,
21,3,9,4,11,3,4,0,0,0,30,
48,3,4,2,7,0,1,1,0,0,30,
31,3,9,2,9,0,4,1,5178,0,45,
34,3,11,4,5,1,2,1,0,0,40,
25,3,9,5,7,4,2,1,0,0,40,
41,5,13,5,2,1,4,1,0,0,35,
35,5,15,2,9,0,4,1,0,0,50,
42,3,13,0,3,4,4,0,0,0,40,
34,5,9,2,13,0,4,1,0,0,75,
44,3,6,2,6,0,4,1,4386,0,60,
32,3,13,2,3,0,4,1,0,0,40,
25,3,10,4,11,3,1,1,0,0,40,
23,3,7,2,13,0,4,1,0,0,50,
36,3,15,4,9,1,3,1,0,0,40,
53,5,13,4,11,4,4,1,0,0,60,
27,3,16,4,9,1,4,1,0,0,52,
27,3,13,4,0,1,4,0,0,0,65,
57,3,9,4,3,1,4,0,0,0,45,
17,3,7,4,11,3,4,0,0,0,20,
59,1,9,0,0,4,4,0,0,0,38,
34,3,9,4,7,3,4,0,0,0,40,
30,3,6,2,13,0,4,1,0,0,55,
31,6,12,4,0,3,2,0,0,0,45,
18,8,7,4,14,3,4,1,0,0,40,
23,3,10,4,11,1,4,1,0,0,30,
19,3,9,4,13,3,4,1,0,0,40,
20,5,11,4,4,3,4,1,0,0,40,
52,5,9,0,11,1,4,1,0,0,40,
39,1,13,2,9,0,4,1,0,0,50,
27,3,9,5,7,4,4,0,0,0,50,
19,3,10,4,11,1,4,0,0,0,35,
38,1,13,2,9,5,4,0,0,0,15,
19,3,9,4,5,3,4,1,0,0,16,
34,3,13,2,9,5,4,0,0,1887,40,
41,3,9,2,13,0,4,1,0,0,45,
23,3,9,2,6,3,4,0,2105,0,40,
24,8,12,4,14,1,4,1,0,0,12,
24,3,13,4,0,1,4,0,0,0,40,
22,3,6,4,13,1,0,1,0,0,84,
45,3,15,2,9,0,4,1,0,0,60,
45,3,9,2,3,0,4,1,0,0,60,
48,3,13,2,3,0,1,1,0,0,40,
42,3,13,2,11,0,4,1,0,0,60,
35,5,10,2,11,0,4,1,0,0,50,
32,3,9,0,7,4,0,0,0,0,40,
51,1,9,2,3,5,4,0,0,0,32,
59,3,10,2,3,0,4,1,0,0,40,
31,1,9,4,13,3,4,1,0,0,40,
27,1,13,4,12,1,4,1,0,0,50,
29,3,13,2,5,0,2,1,4386,0,80,
57,3,12,6,0,1,4,0,0,0,35,
40,3,9,4,7,1,4,1,0,0,40,
31,3,9,0,6,1,4,1,0,0,40,
23,3,4,4,6,3,4,1,0,0,40,
42,3,9,5,0,4,4,0,0,0,35,
60,3,9,2,11,0,4,1,0,0,40,
53,1,14,4,3,1,4,0,14344,0,50,
20,8,10,4,14,3,4,0,0,0,40,
27,3,9,4,5,3,4,1,0,0,40,
31,3,9,2,13,0,4,1,0,0,45,
29,6,13,4,2,1,4,1,0,0,40,
22,3,13,4,4,3,4,1,0,0,40,
42,3,13,4,9,1,4,0,0,1564,38,
63,4,15,2,9,0,4,1,15024,0,50,
28,3,9,2,11,0,4,1,0,0,40,
79,3,10,2,0,0,4,1,0,0,20,
39,3,9,2,2,0,4,1,7298,0,40,
29,3,8,4,7,1,3,1,0,0,40,
60,3,4,0,7,1,4,1,0,0,40,
58,3,8,2,7,5,4,0,0,0,24,
20,3,12,4,7,3,4,0,0,2205,18,
44,3,9,2,13,0,4,1,0,0,65,
47,3,9,2,13,0,4,1,0,0,48,
59,3,9,2,10,0,4,1,0,0,24,
37,3,14,0,3,1,4,1,0,0,65,
21,3,9,5,6,2,4,1,0,0,40,
68,3,11,6,3,1,4,0,0,0,40,
43,3,10,2,0,0,4,1,5013,0,40,
23,8,10,4,14,3,2,0,0,0,40,
23,3,9,4,2,4,4,0,0,0,33,
40,1,14,4,0,1,4,0,0,1876,35,
45,5,10,4,11,3,4,0,0,0,35,
34,8,11,2,14,0,4,1,3103,0,60,
22,3,10,4,12,3,4,1,0,0,40,
38,3,13,2,9,0,4,1,0,0,50,
24,3,10,4,11,1,4,1,0,0,49,
23,3,9,2,11,5,4,0,0,0,40,
39,0,10,2,0,2,4,1,0,0,45,
26,3,10,4,2,1,4,1,0,0,40,
24,3,9,4,5,4,4,1,0,0,40,
22,3,10,4,0,3,4,1,0,0,25,
36,3,13,2,9,0,4,1,0,0,55,
20,3,10,4,8,3,4,0,0,0,20,
18,3,7,4,7,3,2,1,0,0,8,
38,3,13,2,3,0,4,1,0,0,40,
43,4,13,0,4,1,4,1,0,0,35,
56,3,9,0,3,1,2,1,0,0,40,
42,3,14,2,3,0,4,1,0,0,40,
35,3,13,2,3,0,4,1,0,0,50,
31,3,10,0,0,1,4,0,0,0,45,
73,3,2,2,13,0,4,1,0,1735,20,
32,3,10,0,3,4,4,0,0,0,42,
37,3,14,2,3,0,4,1,15024,0,45,
66,3,9,2,5,0,4,1,0,0,10,
22,3,9,4,7,3,4,0,0,0,35,
51,3,11,2,11,0,4,1,0,0,40,
31,3,9,4,7,3,4,1,0,0,35,
65,3,9,0,0,4,4,0,0,2206,59,
39,3,9,2,2,5,2,0,0,0,45,
48,3,10,2,0,5,4,0,0,0,37,
20,3,10,4,7,1,4,0,0,0,40,
28,8,12,4,14,2,4,1,0,0,40,
48,3,13,2,11,0,4,1,4386,0,50,
29,0,15,2,9,0,4,1,0,0,80,
36,5,16,4,9,1,4,1,0,0,30,
35,4,13,2,3,0,4,1,0,0,45,
31,3,10,2,13,0,4,1,0,0,40,
48,6,9,2,10,0,4,1,0,0,40,
36,3,11,4,12,1,4,1,0,0,45,
40,5,9,2,4,0,4,1,0,0,50,
57,3,9,2,9,0,4,1,0,0,15,
26,1,13,4,9,1,4,0,4865,0,35,
37,6,9,4,7,3,4,0,0,0,40,
65,3,16,2,3,0,4,1,0,0,40,
26,5,6,4,9,1,4,0,0,0,32,
42,3,10,2,12,0,4,1,0,0,40,
47,3,14,2,3,0,4,1,0,0,40,
62,3,4,0,2,3,4,1,0,0,40,
27,3,11,4,3,3,4,1,0,0,50,
76,5,10,6,11,1,4,1,0,0,8,
20,8,10,4,14,3,4,0,0,0,40,
29,3,13,4,0,3,4,0,0,0,40,
29,3,8,2,13,0,4,1,0,0,40,
32,3,6,4,6,3,4,1,0,0,40,
22,4,10,2,2,0,4,1,0,0,40,
30,0,9,4,0,1,2,0,0,0,50,
43,1,10,0,0,1,4,0,0,0,40,
23,3,13,2,7,0,4,1,0,0,20,
44,0,15,2,9,0,4,1,0,0,40,
41,3,13,0,7,1,4,1,0,0,40,
49,6,14,0,9,4,2,0,7430,0,40,
30,3,9,4,13,1,4,1,0,0,45,
23,3,10,4,5,3,4,1,0,0,35,
39,3,9,6,0,3,4,0,0,0,40,
32,3,13,2,11,0,4,1,0,0,60,
50,3,10,2,2,0,4,1,0,1887,35,
19,3,10,4,0,3,4,0,0,0,40,
35,3,13,2,11,0,4,1,0,0,52,
23,3,9,4,2,1,4,1,0,0,40,
25,3,10,4,2,1,4,1,0,0,40,
40,3,9,0,11,1,4,0,0,0,40,
30,3,13,2,3,0,2,1,0,0,42,
52,3,10,2,2,0,4,1,0,0,40,
49,3,10,2,6,0,2,1,0,0,60,
24,3,13,4,0,3,4,0,0,0,40,
46,3,13,2,3,0,4,1,15024,0,40,
39,3,13,2,11,0,4,1,0,0,50,
45,5,13,2,3,0,4,1,0,0,50,
62,1,13,2,0,5,4,0,0,1258,38,
43,3,13,2,9,0,4,1,0,1977,50,
45,3,10,0,6,4,4,0,0,0,40,
62,5,9,2,11,0,4,1,0,0,40,
48,3,3,4,5,1,4,1,0,0,40,
56,3,9,0,7,4,2,0,0,0,40,
28,3,9,4,4,4,4,0,0,0,35,
23,3,9,4,2,3,2,1,0,0,40,
43,3,9,0,7,1,4,0,0,0,35,
26,3,13,2,2,0,4,1,0,0,40,
36,3,9,2,11,0,4,1,0,0,50,
55,1,16,4,9,1,4,0,0,0,60,
48,6,13,4,3,1,4,0,0,0,50,
43,3,3,2,6,5,1,0,0,2129,72,
38,3,11,2,3,0,4,1,0,0,45,
18,3,9,4,11,1,4,1,0,0,30,
56,5,9,3,3,1,4,1,0,0,70,
39,5,14,4,9,1,4,1,0,0,40,
46,3,3,5,5,1,4,1,0,0,50,
36,3,7,4,13,4,0,1,0,0,65,
42,5,9,2,2,0,4,1,0,2002,40,
50,3,9,2,13,0,4,1,0,0,50,
17,3,7,4,5,3,4,1,0,0,20,
57,3,4,6,6,4,2,0,0,0,40,
73,3,9,6,7,2,4,0,0,0,12,
50,0,10,4,0,1,4,1,0,0,40,
35,3,10,4,13,3,4,1,0,0,45,
27,3,10,2,6,0,4,1,0,0,45,
24,8,10,4,14,1,4,0,0,0,40,
27,3,10,4,2,3,4,1,0,0,40,
23,5,9,4,2,3,4,1,0,0,40,
25,3,9,4,0,3,4,0,0,0,40,
51,3,13,2,3,0,4,1,0,0,40,
26,3,6,2,0,5,4,0,0,0,40,
47,3,10,2,0,0,4,1,0,0,45,
40,3,9,0,7,1,2,1,0,0,40,
58,3,5,0,7,4,4,0,0,0,40,
25,3,10,4,11,3,4,0,0,0,40,
29,3,9,2,11,5,4,0,0,0,18,
36,3,7,2,13,0,4,1,0,0,43,
46,3,9,0,3,1,4,0,0,0,60,
69,3,2,6,8,1,2,0,0,0,4,
69,3,9,6,0,1,4,0,1848,0,40,
28,3,9,4,7,3,2,0,0,0,40,
20,3,9,4,0,3,4,1,0,0,48,
54,6,9,5,0,4,2,0,3887,0,35,
25,3,10,4,13,3,4,1,0,0,40,
64,1,9,2,5,0,4,1,3471,0,40,
17,3,9,4,11,3,4,0,0,0,20,
53,0,9,2,0,0,4,1,0,0,40,
50,3,5,0,13,1,4,1,0,0,50,
57,3,9,2,3,5,4,0,0,0,38,
51,3,10,2,13,0,4,1,0,2603,40,
20,8,10,4,14,3,4,1,0,0,30,
47,3,10,2,2,0,4,1,0,0,40,
25,3,9,4,13,4,4,1,0,0,52,
50,6,15,2,3,0,4,1,0,0,52,
20,3,9,4,0,3,4,0,0,0,30,
43,6,15,2,9,0,4,1,0,1977,70,
46,3,13,4,9,1,4,0,0,0,40,
54,3,9,5,0,4,4,0,0,0,38,
53,3,10,5,3,4,0,0,0,0,15,
21,3,9,4,2,3,4,1,0,0,30,
58,3,10,0,7,1,4,1,0,0,40,
30,3,13,2,11,0,4,1,0,0,55,
61,3,9,2,0,5,2,0,0,0,40,
56,6,10,0,0,1,4,0,0,0,35,
59,3,9,0,7,4,4,0,0,0,40,
72,3,9,2,5,0,4,1,0,0,20,
33,3,9,4,0,1,4,1,0,0,40,
46,3,9,2,0,5,4,0,0,0,40,
46,1,10,2,10,0,4,1,0,0,38,
48,3,9,4,9,4,2,0,0,0,28,
33,3,9,2,3,0,4,1,0,0,40,
21,3,10,4,5,3,4,0,0,0,40,
27,3,9,0,0,4,4,0,0,0,45,
31,3,9,0,13,1,4,1,0,0,40,
28,3,13,4,6,1,4,1,0,0,40,
45,1,10,0,0,1,4,0,0,0,38,
51,3,9,2,6,0,4,1,4386,0,40,
46,6,9,4,7,1,2,0,0,0,40,
25,3,10,2,11,0,4,1,0,0,25,
61,3,10,2,0,0,4,1,7688,0,40,
17,3,7,4,11,3,4,0,0,0,30,
26,3,13,4,2,1,4,1,3325,0,40,
35,3,6,0,2,1,4,1,0,0,60,
33,5,7,2,3,0,4,1,0,0,70,
37,3,8,2,11,5,1,0,0,0,33,
39,1,9,4,0,3,4,0,0,0,35,
42,3,9,0,7,4,4,0,0,0,30,
35,3,13,2,3,0,4,1,4386,0,47,
45,3,9,0,12,1,4,0,0,0,50,
47,4,13,4,11,3,4,1,0,0,40,
64,3,7,2,2,0,4,1,0,0,48,
39,3,15,2,3,5,4,0,15024,0,47,
43,8,9,0,14,4,4,0,0,0,40,
34,3,9,2,9,0,4,1,0,0,40,
62,3,13,2,9,0,4,1,3103,0,40,
53,3,10,2,9,0,4,1,15024,0,40,
31,3,13,2,3,0,4,1,0,0,40,
26,3,9,2,11,0,4,1,0,0,40,
56,4,4,2,2,0,4,1,0,0,50,
43,3,10,4,7,1,4,0,0,0,40,
33,3,10,4,11,1,2,1,0,0,35,
45,5,10,2,2,0,4,1,0,1485,40,
46,3,10,5,11,1,4,1,0,0,55,
26,3,11,2,5,0,4,1,0,0,80,
24,3,9,4,7,3,4,0,0,0,40,
43,3,13,2,4,0,4,1,0,0,50,
40,3,11,4,6,3,4,1,0,0,40,
61,3,4,0,7,1,4,1,0,0,35,
34,0,10,4,0,1,2,0,0,0,72,
85,3,9,6,11,4,4,1,0,0,35,
41,3,9,4,0,1,4,0,0,0,40,
31,6,12,4,0,1,4,0,3325,0,35,
22,3,10,4,11,3,4,0,0,0,30,
60,3,9,6,7,4,2,0,0,0,40,
29,3,12,0,9,1,4,0,0,0,36,
34,8,9,2,14,0,4,1,0,0,40,
35,6,13,4,3,1,1,0,2977,0,45,
24,3,9,4,11,1,4,1,0,0,30,
45,1,14,0,9,1,2,1,0,0,40,
21,1,8,4,7,3,2,1,0,0,20,
30,3,12,2,13,5,4,0,0,1485,37,
50,4,10,2,3,0,4,1,0,0,99,
41,5,9,2,3,0,4,1,0,0,40,
21,3,9,4,11,1,4,0,0,0,33,
45,3,9,2,2,0,4,1,0,0,45,
34,3,13,2,3,0,4,1,0,0,40,
28,3,9,0,5,3,4,1,0,0,40,
19,3,9,4,7,4,4,1,0,0,40,
26,3,13,4,9,1,4,1,13550,0,50,
48,3,13,2,13,0,4,1,0,0,45,
69,3,13,6,9,1,4,1,0,2282,40,
41,3,10,0,0,4,4,0,0,0,40,
43,3,13,0,0,1,4,0,0,0,40,
28,3,9,4,2,4,4,1,0,0,40,
65,1,10,0,0,1,4,0,0,0,28,
31,3,13,4,3,1,4,1,0,1741,38,
28,3,13,4,0,1,4,0,0,0,40,
51,3,13,2,9,0,4,1,0,0,40,
45,3,10,4,2,1,4,0,0,0,80,
43,3,9,0,0,2,2,1,0,0,38,
31,3,12,2,11,0,4,1,0,0,60,
31,3,10,2,2,0,4,1,0,0,55,
45,3,10,2,2,2,1,1,0,0,40,
20,3,13,4,11,2,2,0,0,0,30,
25,3,13,4,12,4,4,1,0,0,40,
36,3,9,6,5,4,4,0,0,0,30,
31,3,13,4,11,1,4,1,4101,0,50,
56,3,10,2,2,0,4,1,0,0,45,
26,3,13,4,11,3,4,1,0,0,18,
47,5,10,0,3,1,4,0,0,0,65,
40,4,9,2,3,0,4,1,0,0,50,
32,3,9,2,3,5,4,0,0,0,48,
34,6,14,4,9,4,2,0,0,0,24,
37,3,9,2,3,0,4,1,0,0,55,
38,3,9,2,2,0,4,1,0,0,45,
19,3,11,4,7,3,1,1,0,0,16,
49,3,5,0,5,1,4,0,0,0,40,
18,8,9,4,14,3,2,0,0,0,25,
26,3,12,4,9,1,4,0,0,0,40,
82,3,4,2,5,0,4,1,0,0,2,
40,3,9,0,2,1,4,1,0,0,40,
28,3,10,4,2,3,4,1,0,0,50,
23,3,9,2,11,0,2,1,0,0,37,
19,3,10,4,0,3,4,1,0,0,40,
67,3,9,6,5,2,2,1,0,0,32,
43,3,13,2,3,0,4,1,3103,0,40,
41,3,12,4,0,1,3,0,0,0,50,
37,3,11,0,9,4,4,0,0,0,40,
20,3,9,4,13,3,4,1,0,0,40,
40,3,9,0,2,4,4,1,0,0,40,
47,3,14,5,3,1,4,1,99999,0,50,
40,3,9,2,12,0,4,1,0,0,40,
39,6,13,4,3,1,4,0,0,0,40,
24,3,10,4,0,3,2,0,0,0,20,
78,8,9,2,14,0,4,1,2228,0,32,
67,8,11,6,14,1,4,0,0,0,1,
49,3,13,2,11,0,4,1,0,0,45,
66,3,9,0,6,1,4,1,0,0,10,
52,3,9,4,9,4,4,0,0,323,40,
59,4,9,0,3,1,4,1,0,0,60,
72,3,9,6,8,4,4,0,0,0,12,
35,0,9,4,0,1,4,1,0,0,40,
30,3,13,1,3,5,4,0,0,0,40,
36,3,10,4,7,1,4,1,0,0,40,
26,3,9,5,12,3,4,0,0,0,40,
23,3,13,4,7,1,4,1,0,0,35,
39,3,13,2,9,0,4,1,0,0,40,
40,5,15,2,9,0,4,1,0,0,40,
29,3,13,4,9,1,4,1,0,0,40,
38,3,13,4,7,1,4,1,0,0,20,
63,3,13,4,0,1,4,1,0,0,40,
58,5,9,2,3,0,4,1,0,0,40,
30,3,9,0,3,4,4,0,0,0,40,
38,6,9,4,7,4,2,0,0,0,40,
25,3,3,4,0,1,4,0,0,0,33,
44,6,14,2,9,0,4,1,0,0,40,
43,3,11,2,0,5,4,0,0,0,40,
21,3,10,4,13,3,4,1,0,0,30,
41,1,12,4,3,1,4,1,0,0,40,
38,3,13,2,11,0,4,1,0,0,50,
75,8,13,2,14,0,4,1,0,0,6,
29,3,10,2,2,0,4,1,0,1672,40,
52,5,9,2,4,0,4,1,0,0,70,
47,3,9,0,3,4,4,0,0,0,45,
28,3,11,2,9,0,4,1,99999,0,50,
24,3,10,2,8,5,4,0,0,0,40,
30,6,14,2,9,0,1,1,0,0,10,
30,3,10,2,3,0,4,1,15024,0,60,
40,3,12,0,3,1,4,1,0,0,40,
27,3,10,4,7,3,4,0,0,0,30,
26,3,9,4,10,4,4,1,0,0,44,
32,3,9,4,7,1,4,1,0,0,37,
36,6,13,4,0,1,4,0,0,0,40,
26,3,8,4,13,3,2,1,0,0,40,
25,3,10,4,13,1,2,1,0,0,40,
39,3,10,0,12,1,4,0,0,0,40,
27,3,11,2,12,0,4,1,0,0,40,
24,3,9,2,4,0,4,1,0,0,50,
38,4,13,2,11,0,4,1,7688,0,40,
35,5,9,2,4,0,4,1,0,0,55,
29,3,11,4,12,1,4,1,0,0,40,
49,3,9,0,7,1,2,0,0,0,40,
36,3,5,2,6,0,4,1,0,0,40,
47,5,16,2,2,0,4,1,0,0,50,
21,3,10,4,7,3,4,1,0,0,40,
35,3,13,4,9,1,1,0,0,0,40,
38,3,2,2,5,0,4,1,0,0,40,
66,8,10,2,14,0,4,1,0,0,40,
45,3,14,2,3,0,4,1,0,1902,50,
19,3,10,4,7,3,4,0,0,0,15,
18,3,9,4,5,3,4,1,0,0,22,
37,3,15,2,3,0,4,1,0,0,40,
49,3,13,4,9,4,4,0,0,0,40,
33,1,11,2,10,0,4,1,0,0,48,
27,3,10,2,11,0,4,1,0,0,40,
34,1,10,0,0,4,4,0,0,0,35,
54,6,14,3,9,1,1,0,0,0,40,
24,4,10,4,13,3,4,1,0,0,40,
44,5,15,2,9,0,4,1,0,0,60,
48,5,13,5,2,1,4,1,0,0,50,
23,3,9,4,0,4,4,0,0,0,40,
29,3,9,4,7,3,4,1,0,0,38,
21,3,12,4,7,3,4,0,0,0,9,
18,3,8,4,7,3,4,0,0,0,32,
18,3,5,4,11,3,3,0,0,0,32,
29,3,9,0,2,1,4,1,0,0,40,
29,3,9,4,13,1,4,1,0,0,40,
41,3,9,5,6,2,2,0,0,0,40,
32,3,9,4,5,1,4,1,0,0,40,
61,3,6,0,7,1,2,0,0,0,24,
79,3,9,3,9,1,4,1,0,0,6,
34,3,12,0,6,1,4,1,0,0,40,
46,3,13,2,3,0,4,1,0,0,40,
50,5,11,2,11,0,4,1,0,0,60,
29,3,9,2,6,0,4,1,0,0,40,
23,3,10,4,0,1,4,0,3674,0,40,
64,3,10,4,0,1,4,0,0,0,40,
70,1,14,4,9,4,4,0,7896,0,50,
28,1,12,4,0,1,4,0,0,1980,40,
51,3,11,2,5,0,4,1,0,0,40,
20,8,10,4,14,3,4,0,0,0,40,
34,6,13,0,9,1,4,1,4865,0,55,
29,3,9,4,5,3,4,1,0,0,40,
49,3,13,3,7,1,1,1,0,0,40,
77,4,10,2,3,0,4,1,0,0,40,
32,3,9,4,7,3,4,0,0,0,35,
27,3,13,2,12,5,4,0,0,0,40,
22,3,10,4,11,1,4,0,0,0,40,
35,1,9,2,2,0,4,1,0,0,40,
42,1,13,2,10,0,4,1,0,1902,40,
35,6,9,0,6,3,4,1,0,0,40,
62,8,9,2,14,0,4,1,0,0,40,
33,3,9,2,10,0,4,1,2635,0,16,
45,3,10,6,3,4,4,0,0,0,55,
19,3,10,3,11,3,4,0,0,1602,40,
38,3,9,0,2,1,4,1,0,0,40,
26,3,9,2,6,0,2,1,0,0,45,
29,3,13,4,3,1,4,0,0,0,45,
33,3,13,2,9,0,4,1,0,0,40,
35,5,9,0,4,1,4,1,0,0,80,
42,3,10,2,2,0,4,1,0,0,40,
20,3,11,4,7,3,4,0,0,0,20,
43,0,14,2,9,0,4,1,0,0,40,
69,3,7,2,9,0,2,1,0,0,45,
39,3,9,4,13,3,4,1,0,0,40,
37,3,9,2,6,0,4,1,0,0,40,
28,3,10,2,2,0,4,1,0,0,40,
26,0,13,4,12,1,4,1,0,0,40,
32,3,10,0,11,3,4,1,0,0,30,
43,0,13,0,3,1,4,1,0,0,40,
49,3,9,2,3,0,4,1,0,0,30,
28,3,4,5,7,3,4,1,0,0,60,
35,3,9,2,6,0,4,1,2885,0,40,
19,8,10,4,14,3,4,0,594,0,10,
35,1,9,2,2,0,4,1,0,0,40,
57,3,9,2,0,5,4,0,0,0,40,
45,3,5,2,13,0,4,1,0,0,40,
23,3,9,4,11,1,4,1,0,1590,48,
45,3,9,2,2,0,4,1,0,0,40,
42,3,9,2,0,5,4,0,0,0,40,
35,3,13,2,7,0,1,1,0,0,40,
45,3,13,2,9,0,4,1,0,0,50,
28,0,13,4,3,1,4,1,0,0,40,
64,4,11,2,2,0,4,1,0,0,10,
44,1,15,5,9,4,4,0,0,0,40,
59,5,9,2,4,0,4,1,0,0,40,
41,3,9,4,6,1,4,1,0,0,40,
21,3,10,4,11,3,2,1,0,0,25,
29,5,11,4,0,1,4,0,2174,0,40,
51,5,9,4,4,1,4,1,8614,0,40,
22,3,9,4,0,3,4,1,0,0,40,
49,3,9,0,7,4,4,0,0,0,40,
53,3,12,2,11,0,4,1,0,0,80,
38,3,10,0,0,4,4,0,5721,0,44,
23,3,10,5,2,3,4,1,0,0,40,
20,3,9,4,7,3,4,0,0,0,40,
40,3,13,0,2,3,4,0,0,0,40,
25,3,13,4,9,1,4,0,0,0,40,
27,3,10,0,12,1,4,0,0,0,40,
20,3,9,4,7,3,4,1,0,0,30,
37,3,9,2,7,5,4,0,0,0,20,
40,1,9,4,7,3,4,1,0,0,40,
28,3,13,2,3,0,4,1,3103,0,40,
38,5,9,5,7,4,4,0,0,0,40,
42,3,13,0,3,4,4,0,0,0,40,
32,0,12,0,10,1,4,1,2174,0,40,
20,3,9,2,11,0,4,1,0,0,45,
62,6,13,2,0,0,4,1,0,0,38,
31,3,10,4,0,1,4,1,0,0,40,
31,5,9,2,2,0,4,1,0,0,60,
24,3,9,4,0,3,4,1,0,0,40,
62,1,4,6,7,1,2,0,0,0,35,
43,1,10,2,2,0,4,1,0,0,40,
21,3,10,4,13,3,4,1,0,0,50,
30,4,9,0,3,1,4,1,4650,0,40,
22,8,9,4,14,4,2,0,0,0,40,
18,3,6,4,5,1,4,1,0,0,40,
59,1,14,0,9,1,4,0,0,0,40,
24,5,4,2,13,0,4,1,0,1902,40,
49,3,9,2,2,0,4,1,0,0,40,
19,6,7,4,7,3,4,1,0,0,30,
48,3,9,2,6,0,4,1,4386,0,40,
32,3,15,2,11,0,4,1,15024,0,60,
33,3,6,4,6,1,4,0,0,0,45,
23,3,13,4,11,1,2,1,0,0,15,
33,0,15,4,9,1,4,0,0,0,65,
50,0,10,2,3,0,4,1,0,0,40,
30,3,13,2,3,0,4,1,0,0,43,
32,3,12,2,9,0,4,1,0,2002,42,
39,3,10,2,11,0,4,1,2829,0,65,
21,3,10,4,11,3,4,0,0,0,20,
23,3,13,4,9,3,4,0,0,0,21,
32,3,13,4,3,1,4,0,0,0,40,
57,3,9,2,5,0,4,1,0,0,40,
22,6,10,4,9,1,4,1,0,0,10,
70,3,9,6,0,4,4,0,0,0,5,
34,3,10,2,12,0,4,1,0,0,84,
53,3,14,0,11,1,4,0,0,0,40,
21,3,10,4,11,3,4,1,0,0,45,
37,3,9,0,6,1,4,1,0,0,40,
60,5,9,2,2,0,4,1,0,1485,50,
23,3,7,4,2,3,1,1,14344,0,40,
32,3,6,2,13,0,4,1,0,0,80,
57,3,9,2,6,0,4,1,0,0,40,
65,8,9,2,14,0,4,1,0,0,40,
25,3,10,4,0,1,4,1,0,0,30,
30,3,9,2,2,0,4,1,0,0,46,
31,3,9,0,0,1,4,0,0,0,40,
19,3,10,4,7,3,4,1,0,0,35,
23,6,13,2,12,0,4,1,0,0,38,
44,3,9,2,11,0,4,1,0,0,40,
43,8,10,2,14,0,4,1,0,0,45,
42,3,10,4,6,4,2,0,0,0,40,
34,5,7,2,6,0,4,1,0,0,40,
32,3,9,2,2,0,4,1,0,0,40,
25,3,11,4,12,4,2,0,0,0,40,
21,3,10,4,3,3,4,0,0,0,40,
31,3,9,3,8,2,2,0,0,0,60,
36,1,11,4,9,1,4,0,0,0,40,
49,5,10,2,2,0,4,1,0,0,65,
44,3,13,0,0,4,4,0,0,0,32,
42,3,11,2,11,0,4,1,0,0,40,
30,3,9,4,10,1,4,1,0,0,99,
33,3,6,2,6,0,4,1,0,0,40,
36,5,13,0,7,4,2,1,0,0,45,
17,3,6,4,7,3,4,1,0,0,30,
20,3,10,4,11,1,4,1,0,0,25,
32,3,9,4,2,3,4,1,0,0,50,
33,5,9,2,2,0,4,1,0,0,40,
37,3,10,0,3,4,4,0,0,0,60,
60,3,6,0,4,1,4,1,0,0,48,
35,6,10,0,0,4,4,0,0,0,15,
43,0,13,0,0,4,4,0,0,0,40,
46,3,10,2,12,0,4,1,0,0,40,
29,5,9,2,13,0,4,1,5178,0,40,
36,3,13,2,11,0,4,1,0,0,42,
27,3,9,2,2,0,4,1,0,0,40,
50,3,10,2,3,0,4,1,0,0,84,
22,3,10,2,0,5,0,0,0,0,44,
33,6,14,4,9,1,4,1,0,0,60,
61,3,6,0,11,4,4,0,0,0,40,
28,8,11,2,14,3,4,0,0,0,40,
41,5,11,2,4,0,4,1,0,0,70,
22,3,10,4,13,3,4,1,0,0,40,
27,3,13,4,9,1,4,0,0,0,40,
25,3,9,2,13,0,4,1,0,0,40,
32,3,9,4,6,3,2,0,0,1602,20,
28,3,14,4,9,1,4,1,0,0,50,
25,3,13,4,2,3,4,1,0,1590,35,
28,3,10,2,2,0,4,1,0,0,40,
37,1,13,2,9,5,4,0,0,0,30,
58,3,9,6,0,1,4,0,0,0,37,
39,3,9,2,5,0,4,1,0,0,40,
33,3,10,0,7,4,4,0,0,0,40,
59,3,6,2,2,0,4,1,0,0,40,
58,3,13,0,2,3,4,0,0,0,20,
38,3,11,2,9,0,1,1,0,0,36,
34,3,10,2,2,0,4,1,0,0,40,
31,3,10,0,2,3,2,1,0,0,40,
48,1,9,2,2,0,4,1,0,0,40,
65,8,9,2,14,0,4,1,0,0,40,
45,3,9,0,5,1,4,1,0,0,50,
80,8,15,2,14,0,4,1,10605,0,10,
23,3,9,4,7,3,4,0,0,0,40,
33,3,14,2,9,0,4,1,0,0,37,
38,5,10,0,4,1,4,1,0,0,40,
44,5,14,2,4,0,4,1,0,0,40,
48,1,14,0,3,4,2,0,9562,0,40,
40,6,9,2,2,0,4,1,0,0,40,
19,1,9,4,2,2,2,0,0,0,40,
45,3,13,0,3,3,4,0,0,0,40,
34,3,10,4,9,1,4,0,0,0,40,
70,3,10,0,7,1,4,1,0,0,80,
32,1,14,4,9,1,4,1,0,0,60,
33,3,11,0,7,4,4,0,0,0,40,
24,3,13,4,3,1,4,0,0,0,40,
30,1,13,4,9,3,4,0,0,0,15,
22,3,10,4,11,3,2,1,0,0,25,
52,4,15,2,9,0,3,1,99999,0,65,
67,5,6,2,4,0,4,1,2414,0,80,
40,3,9,2,3,0,4,1,0,1672,45,
55,3,11,2,9,5,4,0,0,0,20,
29,3,9,0,3,1,4,0,0,0,40,
62,3,9,2,11,0,4,1,0,0,16,
22,3,9,0,6,3,4,0,0,0,40,
64,6,5,2,2,0,4,1,0,0,40,
29,5,13,4,3,2,4,1,0,0,50,
28,3,10,2,3,0,4,1,0,0,40,
25,3,9,4,3,2,4,1,0,0,40,
47,6,16,2,9,0,4,1,15024,0,50,
26,3,13,2,13,0,4,1,0,0,40,
18,3,8,4,7,3,4,1,0,0,27,
52,4,6,2,11,0,4,1,4064,0,45,
48,1,13,2,9,5,4,0,0,0,50,
36,3,9,2,6,0,2,1,0,0,40,
23,3,11,0,0,1,4,0,0,0,30,
41,3,9,2,13,0,4,1,0,0,40,
56,6,9,2,13,0,4,1,0,0,38,
53,3,9,0,9,1,4,1,0,0,40,
26,3,10,0,3,1,4,0,0,0,40,
22,3,10,4,7,1,4,1,3325,0,40,
25,3,14,4,9,3,4,0,2597,0,31,
31,3,10,2,7,0,3,1,0,0,40,
36,3,12,2,6,0,4,1,2829,0,40,
46,3,10,2,6,0,4,1,0,0,40,
46,6,12,0,0,4,4,1,0,2258,38,
32,3,10,2,7,5,4,0,0,0,36,
43,5,9,4,4,1,4,1,0,0,60,
30,3,13,2,3,0,4,1,99999,0,50,
41,4,13,2,11,0,4,1,7688,0,45,
50,3,14,2,3,0,4,1,99999,0,60,
37,6,14,2,3,0,4,1,0,0,38,
22,1,9,4,5,2,4,1,0,0,50,
51,0,9,2,13,0,4,1,0,0,80,
47,3,10,2,3,5,2,0,0,0,40,
40,3,9,2,0,0,4,1,0,0,40,
46,3,10,2,6,0,4,1,0,0,40,
23,8,10,5,14,4,4,0,0,0,20,
30,3,10,4,12,4,4,0,0,0,40,
27,5,9,2,11,0,4,1,0,0,65,
31,1,10,4,0,3,4,0,0,0,35,
31,3,2,2,5,0,4,1,0,0,40,
30,3,9,0,2,3,4,1,0,0,40,
50,1,13,5,9,1,4,1,0,0,40,
27,3,13,4,9,1,4,0,0,0,50,
22,8,10,4,14,3,4,0,0,0,16,
29,3,9,2,6,0,4,1,0,0,50,
28,3,9,0,13,1,4,1,0,0,60,
54,3,13,0,3,1,2,0,0,0,45,
47,6,11,2,12,0,4,1,0,0,48,
34,3,9,3,6,4,4,0,0,0,40,
26,3,10,4,5,1,4,1,0,0,40,
53,8,4,2,14,0,4,1,0,0,35,
23,6,10,4,10,3,4,1,0,0,60,
42,1,14,0,9,1,4,1,0,0,40,
36,5,9,2,3,0,4,1,0,0,50,
52,0,13,2,10,0,4,1,0,0,45,
22,8,10,4,14,3,4,0,0,0,40,
27,1,14,4,9,1,4,0,0,0,40,
42,3,9,6,7,4,4,0,0,0,40,
39,3,9,0,7,4,2,0,5455,0,40,
49,6,9,2,9,0,4,1,0,0,40,
36,3,9,2,11,0,4,1,7688,0,40,
20,3,1,4,7,3,4,1,0,0,32,
55,4,9,2,3,0,4,1,0,0,60,
47,3,5,2,6,0,4,1,0,0,40,
33,3,14,2,9,0,4,1,0,0,33,
36,3,10,2,11,0,4,1,0,0,40,
39,3,16,0,9,4,4,0,0,0,80,
55,3,13,2,3,0,4,1,15024,0,48,
21,8,12,4,14,3,4,1,0,0,15,
48,3,12,2,13,0,4,1,0,0,45,
30,3,11,4,5,3,4,1,0,0,45,
24,3,9,2,2,0,4,1,0,0,50,
57,5,9,6,2,1,4,0,0,0,38,
20,3,10,4,4,3,4,1,0,0,60,
18,8,10,4,14,3,4,0,0,1602,20,
56,3,9,0,9,1,4,0,4101,0,40,
36,3,9,2,0,5,4,0,0,0,40,
44,3,6,2,6,0,4,1,0,0,40,
57,3,9,2,2,0,4,1,15024,0,40,
57,3,9,2,2,0,2,1,0,0,52,
33,3,9,2,12,0,4,1,0,0,40,
61,8,4,2,14,0,4,1,0,0,40,
39,3,13,2,13,0,4,1,15024,0,99,
28,3,9,4,2,3,4,1,0,0,40,
31,3,10,4,7,3,4,1,0,1721,16,
60,3,12,0,7,1,4,0,0,0,40,
36,1,11,4,10,1,4,1,0,0,40,
58,3,9,6,11,1,4,0,0,0,35,
50,3,10,4,5,1,4,1,0,0,38,
23,1,13,4,3,3,4,0,0,0,12,
30,3,9,4,7,1,4,1,0,0,40,
20,8,7,4,14,2,4,1,0,0,40,
90,3,15,2,9,0,4,1,20051,0,72,
49,1,13,4,9,1,4,0,0,0,50,
47,1,13,2,9,0,4,1,3137,0,40,
34,3,16,4,9,1,4,1,0,0,40,
37,0,9,0,12,4,4,0,0,0,40,
25,3,6,2,10,5,2,0,0,0,50,
37,3,12,4,0,1,4,0,0,0,40,
47,3,9,2,0,0,4,1,0,0,40,
34,3,9,2,3,0,4,1,0,0,60,
34,3,10,4,7,1,4,1,0,0,40,
35,3,9,2,3,0,4,1,7688,0,50,
39,3,10,5,6,3,4,1,0,0,40,
32,6,4,2,5,0,4,1,0,0,19,
24,3,9,2,7,5,4,0,0,0,30,
28,3,15,4,9,1,4,1,0,0,60,
41,5,4,2,2,0,4,1,0,2179,40,
69,8,9,6,14,1,4,0,0,0,9,
32,3,9,2,10,0,4,1,0,0,90,
58,3,9,0,11,4,4,0,0,0,40,
47,5,9,2,11,0,4,1,0,0,75,
41,3,13,2,3,0,4,1,4386,0,50,
35,4,9,2,3,0,4,1,0,0,50,
24,3,10,4,7,3,4,1,0,0,20,
46,5,9,2,11,0,2,1,0,0,60,
69,4,13,2,3,0,4,1,6418,0,45,
22,3,13,4,3,3,4,0,0,0,40,
36,6,14,4,9,1,4,0,0,0,40,
31,3,13,2,11,0,4,1,0,0,40,
23,1,13,4,9,3,0,1,0,0,30,
35,3,10,4,9,1,2,0,0,0,40,
37,1,13,2,10,0,4,1,5178,0,40,
35,6,13,4,9,1,4,0,0,0,40,
18,3,7,4,13,3,4,1,0,0,16,
43,3,5,0,5,4,4,0,0,0,40,
53,6,9,2,10,0,4,1,0,0,40,
54,1,10,2,10,0,4,1,0,0,52,
29,3,9,2,0,5,4,0,0,0,40,
46,3,12,4,0,1,4,0,0,0,47,
24,3,10,4,5,3,1,1,0,0,30,
30,3,10,5,7,4,1,0,0,0,40,
23,3,10,4,8,1,4,0,0,0,6,
27,8,13,2,14,1,3,0,0,0,6,
36,3,9,2,6,0,4,1,0,0,40,
38,5,13,2,2,0,4,1,0,0,35,
33,3,14,2,12,0,4,1,0,0,15,
66,3,10,2,10,0,4,1,0,0,40,
45,5,9,2,3,0,4,1,0,0,40,
68,8,9,6,14,1,4,0,0,0,12,
37,3,9,2,11,0,4,1,15024,0,60,
17,3,6,4,7,3,4,0,0,0,10,
31,3,9,2,0,0,0,1,0,0,40,
46,3,13,4,3,1,4,1,0,0,55,
40,3,13,2,9,0,4,1,0,0,40,
34,3,10,2,5,0,4,1,0,0,40,
56,3,6,0,2,1,4,1,0,0,45,
42,3,10,5,0,4,2,0,0,0,41,
46,3,14,2,3,0,4,1,0,0,55,
30,3,9,5,2,1,4,1,0,0,50,
33,5,13,2,2,0,4,1,0,0,40,
47,3,9,2,6,5,4,0,0,0,40,
57,5,12,3,4,4,0,1,0,0,40,
34,3,7,0,2,4,4,1,0,0,40,
40,3,9,0,2,3,4,1,0,0,40,
33,3,9,2,11,0,4,1,0,0,40,
22,3,9,4,6,3,4,1,0,0,40,
29,3,8,4,7,4,2,0,0,0,35,
53,0,9,2,0,5,4,0,7688,0,35,
36,3,9,5,0,3,1,0,0,0,40,
45,3,9,0,2,1,1,1,10520,0,40,
36,3,10,0,11,4,4,0,0,0,40,
18,5,9,4,4,3,4,1,0,0,11,
27,3,9,4,0,1,4,0,0,0,40,
30,3,9,2,6,0,4,1,0,0,40,
34,3,13,2,9,0,4,1,0,0,40,
36,3,13,2,11,0,4,1,0,0,40,
36,5,4,4,4,3,4,1,0,0,75,
48,3,14,2,3,0,4,1,0,0,40,
41,5,15,2,9,0,4,1,0,1977,60,
21,3,3,4,8,1,4,0,0,0,40,
47,6,14,2,9,0,4,1,0,0,38,
41,3,2,2,4,0,4,1,0,0,40,
61,5,2,2,2,0,4,1,0,0,20,
64,3,4,2,2,0,4,1,0,0,40,
35,3,10,5,0,1,2,1,0,0,40,
44,3,9,0,13,4,4,1,0,0,50,
20,3,10,4,11,3,4,0,0,0,20,
23,1,10,0,0,4,4,0,0,0,70,
52,3,6,2,7,5,4,0,0,0,35,
43,3,14,4,3,1,4,0,0,0,25,
32,3,13,2,5,0,1,1,0,0,40,
63,3,13,2,2,0,1,1,0,0,40,
29,3,10,4,7,1,4,0,0,0,41,
42,4,10,2,3,0,1,1,0,0,60,
65,3,6,0,5,1,4,0,0,0,28,
24,3,9,2,2,0,4,1,0,0,40,
42,3,10,4,7,3,4,0,0,0,40,
35,3,9,2,13,0,2,1,0,0,40,
40,4,13,2,11,0,4,1,0,0,40,
38,0,10,0,0,4,4,0,0,0,40,
26,3,9,0,0,1,4,0,0,0,50,
46,5,9,2,4,0,4,1,0,1672,50,
39,3,10,4,0,3,4,0,0,0,20,
29,8,13,3,14,1,4,1,0,0,50,
42,3,16,4,9,1,4,1,0,0,36,
36,3,13,2,9,0,4,1,0,0,45,
26,3,10,0,5,1,4,1,0,0,45,
57,3,13,2,11,0,4,1,0,1902,40,
55,3,9,4,5,1,2,1,0,0,40,
35,3,10,2,11,0,4,1,0,0,55,
41,3,9,5,0,4,2,0,0,0,40,
24,3,10,4,7,1,4,0,0,0,30,
47,3,9,2,2,0,4,1,0,0,40,
34,4,10,2,11,0,4,1,0,0,60,
44,3,13,2,3,0,2,1,0,0,35,
18,8,9,4,14,4,4,0,0,0,20,
27,3,13,4,0,1,4,1,0,0,35,
36,3,13,4,0,1,4,0,0,0,50,
21,3,13,4,11,3,4,1,0,0,30,
29,3,9,2,13,0,3,1,0,0,55,
25,3,9,2,5,0,4,1,0,0,40,
73,3,9,2,4,0,4,1,0,0,50,
45,3,11,2,6,0,4,1,0,0,40,
28,3,13,2,3,5,4,0,0,0,50,
43,3,13,2,3,0,4,1,0,0,50,
47,3,9,0,2,1,4,1,0,0,42,
20,3,10,4,0,3,4,0,0,0,15,
22,3,10,4,13,3,4,1,0,0,20,
76,5,4,2,2,0,4,1,0,0,10,
24,3,10,4,13,1,2,1,0,0,40,
54,5,10,2,11,0,4,1,0,0,50,
30,3,10,2,6,0,4,1,0,0,40,
33,3,10,2,2,0,4,1,0,0,58,
30,3,10,0,6,1,4,1,0,0,50,
40,3,12,2,3,0,4,1,0,0,50,
27,8,10,0,14,1,4,1,0,0,30,
49,3,11,0,11,4,4,0,0,0,40,
30,3,9,4,2,1,4,1,0,0,40,
22,3,9,4,0,1,3,0,0,0,40,
19,3,9,2,5,0,4,1,0,0,58,
46,3,9,2,10,0,4,1,0,0,40,
51,3,9,2,0,0,4,1,0,0,50,
56,3,4,6,6,4,3,0,0,0,40,
53,3,10,6,11,1,4,0,0,0,40,
60,8,11,6,14,1,4,0,0,0,40,
27,3,13,4,9,1,4,0,0,0,40,
46,3,10,4,3,4,4,0,0,0,45,
37,3,9,2,13,0,4,1,0,0,40,
41,3,13,2,7,0,1,1,0,0,30,
65,8,11,2,14,0,4,1,0,0,50,
30,5,10,2,0,5,4,0,0,0,55,
57,5,9,2,4,0,4,1,0,0,72,
44,4,10,2,3,0,4,1,0,0,50,
32,5,9,2,4,0,4,1,4064,0,40,
27,5,9,2,13,0,4,1,0,0,40,
57,1,10,6,0,4,4,0,0,0,40,
59,5,13,2,4,0,4,1,0,0,30,
32,3,15,2,9,5,1,0,15024,0,50,
90,8,9,6,14,1,4,0,0,4356,40,
22,3,13,4,3,1,4,0,0,0,30,
39,3,9,4,0,1,4,0,0,0,40,
43,3,11,2,3,0,4,1,3103,0,48,
38,1,13,2,3,0,2,1,0,0,50,
61,3,5,0,11,1,4,1,0,0,25,
24,3,10,4,11,3,4,1,0,0,43,
25,3,10,4,11,1,4,1,0,0,45,
44,3,11,2,2,0,4,1,0,0,40,
55,1,9,0,0,1,4,0,0,0,40,
90,3,13,2,11,0,4,1,9386,0,15,
30,3,9,0,0,4,4,0,0,0,35,
44,3,9,2,2,0,4,1,0,0,40,
36,3,6,0,2,2,2,1,0,0,40,
63,4,10,2,3,0,4,1,0,0,45,
60,3,3,2,13,0,4,1,0,0,40,
34,5,15,4,9,1,4,0,0,0,60,
49,5,7,2,3,0,4,1,0,0,65,
47,3,14,2,3,0,4,1,0,0,65,
42,4,9,2,11,0,4,1,0,0,43,
53,3,3,2,2,0,4,1,0,0,45,
23,3,10,4,12,1,4,0,4101,0,40,
28,8,11,5,14,4,4,0,0,0,40,
20,3,10,2,11,0,2,1,0,0,35,
43,3,9,2,5,0,4,1,3908,0,40,
32,3,15,2,9,0,4,1,0,1977,60,
43,3,13,0,11,4,4,1,0,0,44,
31,3,9,2,13,0,4,1,0,0,60,
29,8,9,2,14,5,4,0,0,0,40,
24,3,10,4,0,3,1,1,0,0,20,
39,3,11,5,0,1,1,1,0,0,40,
29,3,10,2,2,0,2,1,0,0,40,
20,3,3,4,5,1,4,1,0,0,25,
23,8,10,4,14,1,4,1,0,0,40,
42,3,7,5,7,4,4,0,0,0,38,
53,3,9,2,2,0,4,1,0,0,40,
20,3,9,2,5,0,4,1,0,0,48,
58,5,2,2,13,0,4,1,0,2179,18,
51,5,9,0,11,1,4,1,0,0,40,
25,3,9,4,5,1,4,1,0,0,48,
38,3,12,4,9,4,4,0,0,0,36,
41,3,10,2,2,0,4,1,0,0,40,
58,3,13,2,6,0,4,1,0,0,40,
25,3,6,4,6,1,4,1,0,0,40,
50,3,9,2,2,0,4,1,0,0,40,
32,3,13,2,3,0,4,1,0,0,45,
31,4,16,4,9,3,4,1,0,0,40,
22,3,10,4,7,3,4,0,0,0,20,
37,3,9,0,5,2,4,1,0,0,40,
32,3,10,4,11,2,4,0,0,0,40,
46,6,15,4,9,1,4,0,0,1564,55,
62,3,9,2,13,0,4,1,0,0,40,
40,1,9,2,7,0,3,1,0,0,40,
56,3,13,2,11,0,2,1,7688,0,45,
37,3,10,0,3,1,1,0,0,0,40,
41,3,2,3,4,4,4,1,0,0,40,
56,3,4,2,6,0,4,1,0,0,48,
20,3,10,4,5,1,4,1,0,0,30,
34,5,13,2,11,0,4,1,0,0,60,
45,3,9,2,11,0,4,1,0,0,50,
30,3,10,2,6,0,4,1,0,0,40,
51,5,9,2,3,0,4,1,0,0,45,
27,3,7,2,6,0,4,1,0,0,42,
38,3,11,2,11,0,4,1,0,0,40,
39,3,10,2,5,0,4,1,0,0,50,
57,8,13,2,14,0,4,1,0,0,8,
47,3,10,2,3,0,4,1,0,0,50,
77,8,9,2,14,0,4,1,0,0,15,
43,3,9,2,2,0,4,1,0,0,40,
46,1,9,2,3,0,4,1,0,0,65,
41,3,10,2,2,0,4,1,0,0,40,
20,3,9,4,0,1,4,0,0,0,30,
30,6,6,2,0,0,4,1,0,0,40,
30,3,9,2,7,0,2,1,0,0,25,
22,3,10,4,5,3,4,1,0,0,35,
25,3,9,2,13,0,4,1,0,0,44,
18,3,9,4,11,3,4,0,0,0,22,
28,3,13,4,3,3,4,0,0,1408,40,
50,3,13,2,12,0,4,1,15024,0,40,
28,3,9,4,7,1,2,0,0,0,48,
21,3,10,4,8,3,4,0,0,0,40,
37,3,11,0,12,3,4,1,0,0,40,
28,0,13,4,9,3,2,0,0,0,40,
23,3,3,2,7,0,4,1,0,0,35,
32,3,11,4,3,1,2,0,0,0,35,
27,3,8,4,6,3,4,1,0,0,50,
55,3,9,0,9,4,2,0,0,0,40,
44,3,9,2,2,0,4,1,0,0,40,
25,3,13,4,9,3,4,1,0,0,40,
29,3,9,0,11,4,4,0,0,0,32,
50,3,9,3,3,1,4,0,0,0,55,
18,3,9,4,5,3,4,1,0,0,40,
74,3,13,6,7,1,4,0,0,0,8,
22,3,5,4,11,1,4,1,0,0,40,
27,3,13,2,9,0,4,1,0,0,40,
27,6,10,4,12,3,4,0,0,0,80,
41,3,15,2,9,0,4,1,15024,0,50,
24,3,10,2,0,0,4,1,7298,0,40,
23,3,9,4,0,3,4,0,0,0,40,
34,5,15,2,9,0,4,1,7688,0,60,
46,6,13,2,3,0,4,1,0,0,40,
32,3,15,4,9,1,4,1,0,0,60,
41,3,9,2,2,0,3,1,0,0,40,
29,3,11,2,4,0,4,1,0,0,40,
48,3,5,2,6,2,1,0,0,0,45,
51,3,9,4,7,1,2,1,0,0,40,
34,6,8,4,0,1,2,0,0,0,40,
58,3,13,2,3,0,4,1,0,0,45,
52,3,9,2,5,0,4,1,0,0,40,
37,5,13,2,3,0,3,1,7298,0,50,
53,3,10,5,0,1,4,0,0,0,40,
54,3,11,2,13,0,4,1,0,0,20,
36,3,9,2,11,0,4,1,0,0,60,
25,3,11,4,0,3,4,0,0,0,60,
20,3,10,4,9,3,4,0,0,0,48,
23,3,12,4,0,1,4,1,0,0,40,
39,4,13,2,3,0,4,1,0,0,60,
20,5,6,4,6,3,4,1,0,0,40,
28,3,11,4,7,2,2,1,0,0,40,
73,6,9,6,0,1,4,0,0,0,40,
67,3,9,2,10,0,4,1,0,0,24,
56,3,13,0,3,1,4,1,0,0,45,
32,3,11,2,2,0,4,1,0,0,40,
42,3,10,0,6,1,4,1,0,1590,40,
33,3,9,2,7,0,2,1,0,0,40,
37,3,9,4,7,1,4,1,0,0,40,
33,3,10,2,3,0,4,1,0,0,45,
31,3,6,4,0,4,4,0,0,0,40,
59,3,14,2,3,0,4,1,0,0,40,
21,3,9,4,0,4,4,1,0,0,40,
58,4,10,2,3,0,4,1,0,0,50,
24,1,6,4,7,1,4,1,0,0,40,
26,6,10,2,10,0,4,1,0,0,40,
26,3,7,2,13,0,4,1,0,0,40,
33,1,14,4,9,1,4,0,0,0,40,
25,3,13,4,11,1,4,1,0,0,40,
21,3,6,2,6,0,4,1,0,0,50,
24,3,9,4,6,1,4,1,0,0,40,
39,5,12,2,0,5,4,0,0,0,40,
68,3,10,0,0,4,4,0,0,0,40,
66,5,10,4,11,1,4,0,0,0,20,
38,3,13,4,4,1,4,1,0,0,40,
41,3,14,2,3,0,4,1,0,0,50,
71,8,4,6,14,2,4,0,0,0,16,
37,3,9,2,2,0,4,1,0,0,40,
54,5,14,2,11,0,4,1,4386,0,45,
27,6,13,4,9,1,4,1,0,0,40,
49,3,13,4,9,1,4,0,0,0,40,
19,6,10,4,9,3,4,1,0,0,10,
25,3,10,4,13,1,4,1,0,0,50,
47,0,10,2,0,0,2,1,0,0,40,
40,3,10,2,11,2,4,1,0,0,40,
38,3,13,0,3,1,4,1,3325,0,40,
25,3,9,4,7,1,4,1,0,0,40,
25,3,10,4,2,3,4,0,0,0,50,
23,3,6,4,5,2,3,1,0,0,40,
28,3,14,0,11,3,4,0,0,0,40,
29,3,9,3,2,1,4,1,0,0,40,
32,3,7,2,2,0,4,1,0,0,40,
34,3,9,4,7,4,2,0,0,0,40,
52,3,13,2,9,0,2,1,0,0,40,
33,5,9,2,4,0,4,1,0,0,94,
19,3,10,4,11,3,4,1,0,0,35,
68,3,16,2,9,0,4,1,20051,0,55,
41,3,6,4,5,4,4,1,0,0,50,
18,4,9,4,7,4,1,0,0,0,30,
29,3,10,2,2,0,4,1,0,1485,40,
40,3,14,2,3,0,4,1,0,0,50,
51,5,14,0,9,4,4,1,0,0,60,
49,3,10,0,0,1,4,1,0,0,40,
20,6,10,4,7,3,4,0,0,0,20,
38,1,9,2,2,0,4,1,0,0,50,
57,3,3,4,7,1,4,1,0,0,40,
35,3,10,2,11,0,4,1,4064,0,40,
66,3,7,2,11,0,4,1,0,0,26,
27,8,13,2,14,0,4,1,0,0,15,
25,3,11,4,0,1,4,0,0,0,40,
77,8,14,2,14,0,4,1,9386,0,6,
19,8,6,4,14,4,4,0,0,0,35,
70,3,9,2,5,0,4,1,0,2174,40,
59,5,4,2,4,0,4,1,0,0,48,
25,3,13,2,9,0,4,1,0,0,40,
44,1,15,4,9,1,4,1,10520,0,40,
37,3,14,2,3,0,4,1,0,0,55,
75,8,6,6,14,2,1,0,0,0,1,
21,8,9,4,14,1,4,0,0,0,40,
21,3,9,4,11,3,4,0,4101,0,40,
47,0,9,2,2,0,4,1,0,0,40,
20,3,9,4,0,1,2,0,0,1721,30,
32,6,9,2,10,0,4,1,0,0,40,
28,3,9,4,0,4,4,0,0,0,20,
53,3,9,0,13,1,4,1,0,0,40,
19,8,9,4,14,1,3,1,0,0,30,
58,3,10,2,11,5,4,0,0,0,36,
22,3,9,4,11,1,4,0,0,0,30,
23,3,7,2,3,0,4,1,0,0,55,
21,3,9,4,5,1,4,1,3325,0,60,
36,3,9,2,2,0,4,1,0,0,70,
39,3,10,2,7,5,4,0,0,0,15,
34,1,13,4,9,1,4,0,0,0,40,
41,1,14,4,9,1,4,0,0,0,40,
72,3,13,2,11,0,4,1,1455,0,6,
34,3,9,2,7,5,4,0,0,0,40,
51,1,13,2,9,0,4,1,0,1902,40,
32,5,11,4,2,1,4,1,0,0,40,
38,3,10,6,3,1,4,0,0,0,40,
37,3,10,2,2,0,4,1,0,0,40,
21,8,10,4,14,3,2,1,0,0,20,
26,3,10,4,0,1,4,1,0,0,40,
34,3,10,2,5,0,4,1,0,1887,40,
18,3,10,4,11,3,4,0,0,0,15,
27,3,7,4,3,4,4,0,0,0,45,
20,3,10,4,0,3,4,0,0,0,38,
36,3,11,2,0,0,4,1,0,0,40,
31,8,13,4,14,1,4,1,0,0,40,
32,3,13,2,3,0,4,1,0,0,60,
54,3,9,2,2,0,4,1,0,0,44,
34,1,14,6,9,1,4,0,0,0,40,
46,3,10,2,11,0,4,1,0,0,48,
33,3,7,5,6,2,4,1,0,0,30,
32,3,13,2,9,0,4,1,99999,0,50,
42,3,11,4,12,1,4,1,0,0,40,
30,3,9,2,2,0,4,1,0,0,50,
37,3,10,2,7,0,4,1,0,0,40,
28,3,9,2,6,0,4,1,0,0,40,
25,3,13,4,3,1,4,1,4101,0,35,
44,5,10,2,7,0,4,1,0,0,40,
40,3,9,2,6,0,4,1,0,0,40,
36,3,10,2,3,0,4,1,0,0,45,
21,3,10,4,0,4,4,1,0,0,40,
39,6,16,2,9,0,4,1,0,0,50,
24,3,13,4,9,1,4,1,0,0,39,
46,3,9,4,13,1,0,1,0,0,40,
47,8,13,2,14,0,4,1,0,0,36,
47,3,13,2,11,0,4,1,0,1977,40,
35,3,15,2,9,0,4,1,0,0,75,
60,5,4,2,13,0,4,1,0,0,40,
35,3,13,2,7,5,4,0,0,0,24,
33,3,9,5,7,4,4,0,0,0,40,
21,3,12,4,9,1,4,0,0,0,40,
37,3,13,2,12,0,4,1,0,0,50,
48,0,9,2,0,0,2,1,0,0,50,
58,3,4,6,4,2,4,0,0,0,45,
21,3,9,4,5,1,4,0,0,0,40,
22,3,9,4,5,3,4,1,0,0,40,
22,3,9,4,7,4,4,0,0,0,40,
28,5,14,2,3,5,4,0,0,0,30,
33,8,11,2,14,3,4,0,7688,0,50,
23,0,9,4,9,1,4,1,0,0,40,
58,6,9,2,0,0,2,1,0,0,40,
24,8,13,4,14,3,4,1,0,0,40,
38,1,13,2,2,0,1,1,0,0,40,
49,3,9,2,11,0,4,1,0,0,15,
47,3,13,2,3,0,4,1,0,0,45,
50,3,13,2,3,0,4,1,0,1902,40,
21,3,9,4,9,4,4,0,0,0,55,
55,3,9,5,0,1,4,0,0,0,40,
47,3,7,0,5,1,4,1,0,0,40,
19,3,9,4,9,1,4,0,0,0,40,
47,3,9,4,12,2,4,1,0,0,50,
36,3,7,2,2,0,4,1,0,0,40,
28,1,12,2,10,0,4,1,0,2002,40,
42,3,9,6,11,4,0,0,0,0,40,
41,3,14,4,9,1,4,0,27828,0,35,
46,3,13,2,11,0,4,1,99999,0,40,
32,3,9,2,11,0,4,1,0,0,50,
34,3,6,4,7,4,2,0,0,0,40,
33,3,4,2,2,0,4,1,0,0,40,
60,6,13,2,3,0,4,1,0,0,40,
53,3,9,2,13,0,4,1,0,0,40,
24,3,13,4,12,1,4,0,0,0,50,
39,0,10,2,5,0,4,1,0,1977,60,
23,3,10,4,2,1,4,1,0,0,40,
50,3,13,2,0,0,4,1,0,1902,50,
36,1,9,0,0,4,4,0,0,0,40,
19,3,8,5,9,3,4,0,1055,0,40,
26,3,9,4,0,3,4,0,0,0,40,
38,3,9,2,11,0,2,1,0,0,40,
41,3,13,2,2,0,4,1,7688,0,55,
22,3,10,4,11,2,4,0,0,0,18,
38,3,12,4,6,1,2,0,10520,0,50,
72,8,10,2,14,0,4,1,9386,0,30,
39,3,9,2,2,0,4,1,0,0,40,
35,6,9,2,2,0,4,1,7298,0,40,
38,1,10,0,3,4,2,0,0,0,45,
19,3,9,2,7,5,2,0,0,0,16,
26,3,9,4,13,3,4,1,0,0,45,
52,3,13,0,2,4,4,1,0,0,25,
41,3,3,2,7,0,3,1,0,1579,40,
45,3,9,0,0,1,4,0,0,0,40,
58,0,10,2,0,0,4,1,0,0,40,
34,3,13,4,11,1,4,1,0,0,45,
36,3,9,2,6,0,4,1,0,0,40,
19,7,9,4,4,3,4,1,0,0,20,
26,6,7,0,7,4,4,0,0,0,40,
60,3,6,2,13,0,4,1,0,0,40,
35,5,9,2,3,0,4,1,0,0,50,
39,3,6,0,7,1,4,0,0,0,60,
27,3,9,5,5,4,4,0,0,0,40,
26,0,14,4,9,1,4,1,0,0,40,
17,3,8,4,7,3,4,1,0,0,12,
59,5,9,2,11,0,4,1,0,0,40,
53,1,9,2,3,0,0,1,0,0,48,
35,3,7,0,13,1,4,1,0,0,40,
34,1,10,2,3,0,4,1,0,0,40,
36,3,9,2,12,0,4,1,0,0,45,
36,3,9,2,11,0,4,1,0,0,40,
21,3,9,4,7,3,4,1,0,0,40,
29,3,10,4,11,3,4,0,0,0,40,
35,3,13,2,9,0,4,1,0,0,50,
59,5,13,2,3,0,4,1,0,0,40,
22,3,10,4,7,1,4,1,0,1602,10,
50,1,14,2,9,0,4,1,0,0,50,
24,0,13,4,9,1,3,0,0,0,40,
36,3,13,0,12,1,4,0,0,0,40,
31,3,9,2,6,5,4,0,4386,0,40,
42,5,10,2,2,0,4,1,0,0,40,
38,3,4,0,11,4,4,0,0,0,40,
52,3,9,2,3,0,4,1,0,0,40,
46,3,6,0,2,1,4,1,0,0,40,
23,3,10,2,2,0,4,1,0,0,60,
54,3,3,2,11,0,4,1,0,0,51,
27,3,9,4,0,1,2,0,0,0,40,
42,3,13,5,7,1,4,0,0,0,50,
33,6,9,2,2,0,4,1,0,0,40,
19,3,12,4,3,1,4,0,0,0,50,
59,3,7,2,7,5,4,0,3908,0,28,
54,3,9,6,7,4,4,0,0,0,32,
48,3,4,2,13,0,4,1,0,1672,55,
19,8,10,4,14,3,4,1,0,0,60,
45,3,9,0,0,1,4,0,0,0,40,
36,3,13,4,3,1,4,1,0,0,70,
35,5,12,2,2,0,4,1,0,0,40,
47,3,10,0,0,1,4,0,0,0,36,
33,3,13,4,3,1,4,1,0,0,40,
48,5,13,2,9,0,4,1,0,0,40,
42,3,9,5,2,4,2,0,0,0,40,
19,3,10,4,7,3,4,1,0,0,24,
64,4,13,2,9,0,4,1,0,0,40,
51,5,13,2,4,0,4,1,0,0,8,
20,0,9,4,0,2,4,1,0,0,20,
28,3,9,4,7,1,4,1,0,0,40,
52,3,14,2,3,0,4,1,0,1902,50,
29,5,10,4,2,1,4,1,0,0,45,
51,3,13,5,11,1,4,1,0,0,40,
36,3,9,2,9,0,4,1,0,2377,60,
43,3,13,2,11,0,4,1,15024,0,45,
52,3,10,2,3,0,4,1,0,0,40,
50,3,9,0,2,1,4,1,0,0,40,
25,3,10,0,7,1,4,1,0,0,30,
36,3,12,4,0,4,2,0,0,0,40,
44,3,10,2,3,5,4,0,0,0,60,
47,3,6,3,13,1,2,1,0,0,45,
32,3,9,0,2,3,4,1,0,0,40,
37,3,14,4,9,4,1,1,0,0,40,
40,3,9,2,0,0,4,1,2829,0,40,
34,5,9,2,11,0,4,1,0,0,60,
35,4,10,2,11,0,4,1,0,0,50,
26,3,10,4,9,3,4,1,0,0,3,
49,5,13,2,4,0,4,1,0,0,50,
63,8,13,2,14,0,4,1,0,0,30,
46,5,13,3,9,1,4,1,0,0,25,
31,1,10,4,0,3,2,1,0,0,40,
22,3,11,4,2,1,4,1,0,0,30,
20,3,10,4,7,1,4,0,0,0,12,
52,3,16,4,3,1,4,1,0,0,40,
26,3,10,4,0,1,2,0,0,0,40,
34,3,13,2,3,0,4,1,0,0,50,
31,3,5,4,6,1,4,1,0,0,40,
46,3,9,0,11,4,4,0,0,0,30,
22,3,4,2,6,0,4,1,0,0,40,
38,3,11,4,2,3,4,1,0,0,40,
35,3,9,2,11,0,4,1,0,0,40,
27,6,10,4,10,1,4,1,0,0,40,
27,3,12,2,3,0,4,1,0,0,40,
46,3,10,0,11,4,4,0,0,0,40,
40,8,9,4,14,1,4,0,0,0,4,
19,3,10,4,0,3,4,1,0,0,10,
69,8,9,2,14,0,4,1,0,0,60,
20,3,10,4,7,3,4,1,0,0,35,
34,0,13,2,10,0,4,1,0,0,60,
49,3,14,2,3,0,4,1,0,0,45,
27,3,10,2,4,0,3,1,0,0,50,
59,3,10,2,0,5,4,0,0,0,14,
45,3,13,2,3,0,4,1,15024,0,60,
21,3,10,4,11,3,4,0,0,0,15,
51,6,11,0,9,4,4,0,0,0,40,
64,8,7,4,14,4,4,1,0,0,40,
41,6,16,2,9,0,4,1,0,0,40,
18,8,8,4,14,3,1,0,0,0,24,
49,3,14,3,9,1,4,1,0,0,40,
51,3,9,0,6,3,2,1,0,0,40,
20,3,10,4,5,3,4,0,0,0,20,
69,5,9,2,11,0,4,1,0,0,48,
18,8,9,4,14,3,4,0,0,0,35,
43,3,9,2,5,0,4,1,0,0,50,
50,3,9,0,6,4,2,0,0,0,44,
32,3,9,2,6,0,4,1,0,0,40,
27,1,9,4,4,3,4,1,0,0,40,
38,3,9,2,7,0,4,1,0,0,40,
62,3,9,2,6,0,4,1,0,0,40,
46,3,9,0,3,1,4,1,0,0,44,
19,3,10,4,12,3,4,0,0,0,40,
17,8,6,4,14,3,4,1,0,0,40,
21,3,9,4,6,4,4,0,0,0,40,
36,3,13,4,0,1,4,0,0,0,50,
36,3,8,0,5,1,4,1,0,0,40,
23,3,9,4,6,3,1,1,0,0,40,
58,3,13,2,9,0,4,1,0,0,40,
40,3,13,2,9,0,4,1,0,0,45,
64,3,10,2,3,5,4,0,10566,0,35,
66,3,7,2,2,0,4,1,0,0,20,
42,3,9,2,11,0,4,1,0,0,40,
55,3,10,6,0,4,4,0,0,0,40,
53,3,10,2,3,0,4,1,0,1977,40,
25,3,9,2,5,0,4,1,0,0,40,
39,3,10,4,12,4,2,0,0,0,40,
20,3,9,4,7,3,4,1,0,0,40,
32,3,9,2,7,0,4,1,0,0,54,
28,3,13,4,11,4,4,1,0,0,65,
23,0,12,4,3,3,4,0,0,0,40,
18,3,9,4,7,3,4,1,0,0,25,
43,5,9,2,3,0,4,1,0,0,35,
29,3,9,2,2,0,4,1,0,0,40,
32,3,10,2,10,0,4,1,0,0,46,
31,1,9,0,2,4,4,1,0,0,40,
60,3,3,2,2,0,4,1,0,0,40,
42,3,10,2,13,0,4,1,0,0,50,
46,3,14,2,3,0,4,1,0,0,50,
38,3,9,2,2,0,4,1,0,0,40,
18,3,7,4,7,3,4,0,0,0,19,
31,3,9,4,11,3,4,0,0,0,40,
54,3,9,2,11,0,4,1,4064,0,55,
46,3,10,2,11,0,4,1,0,2042,50,
27,5,9,4,4,3,4,1,0,0,80,
50,1,13,2,9,0,4,1,0,0,45,
38,5,4,2,4,0,4,1,0,0,56,
36,6,14,4,9,3,4,0,0,0,40,
25,3,9,0,7,1,4,1,0,0,40,
19,3,9,4,4,3,4,1,0,0,25,
60,1,10,2,7,0,1,1,0,0,60,
45,1,5,4,7,3,4,1,0,0,40,
21,3,10,4,12,3,4,1,0,1602,16,
42,3,9,0,13,1,4,1,0,1980,46,
38,3,9,2,2,0,4,1,0,0,50,
22,8,10,4,14,3,4,1,0,0,40,
19,3,9,4,3,1,2,1,0,0,32,
23,3,10,4,0,3,4,1,0,0,40,
24,3,10,4,5,3,4,0,0,0,30,
30,3,12,0,11,1,4,1,0,0,52,
62,3,10,2,3,0,4,1,0,0,40,
26,5,15,4,9,3,4,1,0,0,20,
42,0,13,2,3,0,4,1,0,0,52,
33,3,9,2,2,0,4,1,0,0,40,
54,4,16,2,9,0,4,1,0,0,50,
35,3,13,0,9,4,4,0,0,0,32,
33,3,9,0,11,1,4,1,0,0,40,
45,3,9,0,11,1,4,0,0,0,55,
62,3,13,2,0,5,4,0,0,0,30,
24,3,9,4,3,3,4,1,0,0,40,
50,1,10,0,0,1,2,0,0,0,40,
54,3,13,2,9,0,4,1,0,0,40,
58,3,4,0,6,3,4,1,0,0,40,
39,4,9,2,2,0,4,1,0,0,50,
32,3,9,0,2,4,4,1,0,0,40,
27,3,13,2,9,0,4,1,0,0,40,
27,3,9,2,13,0,4,1,3908,0,35,
20,3,10,4,7,3,4,1,0,0,60,
64,3,4,2,2,0,4,1,0,0,40,
55,4,14,6,11,1,4,0,0,0,40,
46,3,9,0,12,1,4,0,0,0,43,
45,3,10,2,13,0,4,1,0,0,55,
26,3,9,4,13,1,4,1,0,0,40,
36,3,9,2,2,0,4,1,0,0,40,
25,3,13,4,11,1,4,0,0,1876,40,
58,3,6,2,13,0,4,1,0,1887,40,
39,4,13,2,3,0,4,1,0,0,45,
47,3,9,6,8,1,1,0,0,0,45,
35,3,14,2,6,0,4,1,0,0,48,
38,3,9,2,3,0,4,1,0,0,40,
50,3,7,2,2,0,4,1,0,0,40,
36,3,9,0,0,4,4,0,0,0,38,
28,3,3,4,2,2,4,1,0,0,40,
44,5,9,2,6,5,4,0,0,0,45,
40,3,9,0,10,4,4,0,0,0,40,
55,3,10,2,2,0,4,1,0,0,40,
29,5,9,4,4,1,4,1,0,0,45,
33,3,9,2,2,0,4,1,0,0,45,
19,8,10,4,14,3,4,0,0,0,30,
32,3,13,2,3,0,4,1,7688,0,40,
45,1,14,2,9,0,2,1,0,0,10,
23,3,9,4,5,3,4,1,0,0,25,
31,3,11,4,10,3,2,1,0,0,40,
22,3,10,4,7,1,1,0,0,0,40,
59,3,9,0,5,1,2,1,0,0,40,
32,3,10,4,2,1,4,1,0,0,38,
49,6,10,4,0,1,4,0,0,0,40,
22,3,10,4,0,3,4,1,0,0,30,
26,3,10,4,0,1,4,1,0,0,30,
23,6,10,2,0,0,1,1,0,0,40,
55,5,10,2,11,5,4,0,0,0,50,
47,3,9,2,3,0,4,1,0,0,49,
44,3,9,2,13,0,4,1,0,0,40,
27,3,10,4,7,1,4,1,0,0,24,
40,6,14,2,9,5,4,0,15024,0,37,
32,5,13,2,9,5,4,0,0,0,8,
20,3,10,4,6,2,1,1,0,0,40,
84,1,9,6,3,1,4,0,0,0,33,
40,3,10,0,2,2,4,1,0,0,50,
37,3,13,4,11,1,4,0,0,0,40,
44,3,10,0,13,3,4,1,0,1380,40,
47,3,10,0,3,4,4,0,0,0,40,
62,5,10,2,11,0,4,1,0,0,25,
19,8,10,4,14,3,4,0,0,0,40,
47,3,9,4,13,1,4,1,0,0,45,
44,1,9,0,2,4,2,1,0,0,40,
26,1,13,2,0,0,4,1,0,0,41,
36,3,10,2,2,0,4,1,0,0,40,
52,3,7,2,7,0,4,1,0,0,40,
33,3,10,0,0,4,4,0,0,0,40,
48,8,9,2,14,0,4,1,0,0,40,
33,3,9,2,13,0,2,1,0,0,40,
25,3,13,2,3,0,4,1,0,0,20,
62,3,13,2,6,0,4,1,0,0,40,
38,3,10,2,2,0,4,1,0,0,40,
46,3,9,3,4,1,4,1,0,0,65,
18,8,10,4,14,3,4,0,0,0,40,
46,3,13,2,3,0,4,1,0,0,44,
38,3,9,0,7,4,4,0,0,0,70,
52,3,10,2,0,0,4,1,0,0,40,
63,5,4,2,3,0,4,1,0,0,15,
49,3,10,2,6,0,4,1,0,0,43,
17,1,7,4,0,3,4,0,0,0,12,
33,3,9,4,7,1,4,0,0,0,35,
70,5,9,6,7,2,4,0,2329,0,20,
19,3,10,4,7,3,4,0,0,0,15,
27,8,9,2,14,5,4,0,0,0,40,
61,3,10,2,11,0,4,1,0,0,40,
33,3,13,2,9,0,4,1,0,0,25,
46,4,13,2,11,0,4,1,0,1902,42,
29,3,6,5,4,4,4,0,0,0,40,
40,1,10,0,13,4,4,1,6849,0,40,
43,6,9,2,13,0,4,1,0,0,38,
24,3,9,4,11,1,4,1,0,0,40,
29,3,10,2,2,0,4,1,0,0,60,
61,5,9,2,7,5,2,0,0,0,17,
48,3,7,0,7,1,4,0,0,0,34,
19,3,10,4,5,3,4,1,0,0,20,
30,3,10,4,6,1,4,0,0,0,40,
24,3,10,4,7,1,4,1,0,0,30,
39,1,14,4,9,4,4,0,0,0,43,
46,4,10,0,3,4,4,0,2036,0,60,
40,3,9,2,11,0,4,1,0,0,72,
27,1,13,4,9,3,4,0,0,0,40,
25,3,14,4,9,3,4,0,0,0,40,
31,3,7,4,2,1,4,1,0,2001,40,
58,3,13,0,13,1,4,1,0,0,45,
33,3,9,2,3,5,4,0,0,0,42,
40,3,9,6,7,4,4,0,0,0,25,
40,4,14,2,11,0,4,1,0,0,70,
31,3,9,2,2,0,4,1,0,0,40,
33,3,9,5,7,4,1,0,0,0,48,
49,3,12,2,11,0,4,1,0,0,45,
24,3,11,4,12,3,4,1,0,0,40,
46,3,9,4,2,4,4,1,0,0,40,
58,1,14,2,9,0,4,1,0,0,40,
20,3,10,4,11,3,4,0,0,0,20,
65,8,9,6,14,4,4,1,0,0,40,
43,3,10,2,0,5,4,0,0,0,40,
48,5,14,2,11,0,1,1,0,0,50,
41,3,10,2,13,0,4,1,0,0,54,
27,6,10,5,7,1,4,0,0,0,30,
52,8,10,2,14,0,4,1,0,0,12,
26,3,9,4,7,2,1,1,0,0,60,
52,1,9,2,2,0,4,1,0,0,40,
52,1,10,0,3,1,4,0,0,0,38,
19,3,9,4,7,3,2,1,0,0,30,
39,1,10,0,9,3,4,0,0,0,45,
47,3,10,0,7,4,4,0,0,0,40,
27,3,9,0,2,2,3,1,0,0,40,
48,3,10,0,2,1,4,1,0,0,40,
50,3,9,5,7,4,4,0,0,0,35,
60,3,10,2,13,0,4,1,0,0,60,
28,3,12,2,12,0,4,1,0,0,45,
47,0,9,0,7,4,2,0,0,0,40,
69,8,13,2,14,0,4,1,0,0,20,
40,5,9,2,2,0,1,1,0,0,66,
37,3,9,4,5,4,4,0,3887,0,40,
41,6,14,4,9,1,4,1,0,0,40,
38,3,9,2,0,0,1,1,0,0,48,
46,0,11,5,12,1,3,0,0,0,30,
21,5,10,4,0,3,4,1,0,0,30,
44,3,14,5,11,4,4,0,0,0,48,
38,8,6,5,14,3,4,1,0,0,35,
47,5,10,2,0,5,4,0,0,0,35,
42,3,16,3,7,1,4,1,27828,0,60,
42,1,10,0,2,1,4,1,0,0,40,
56,3,13,4,3,1,4,0,0,0,45,
32,3,13,4,9,3,4,1,0,0,40,
24,3,13,2,7,0,4,1,0,0,33,
26,3,10,2,11,0,4,1,0,0,40,
36,5,13,4,11,1,2,0,2174,0,50,
49,3,7,4,7,1,4,1,0,0,60,
65,3,9,2,3,0,4,1,0,0,40,
73,6,4,0,7,1,1,0,0,0,40,
34,3,7,2,5,0,4,1,0,0,40,
22,3,13,4,0,3,4,0,0,0,40,
49,1,10,4,7,4,4,0,0,0,30,
25,3,7,4,7,4,2,0,0,0,32,
39,3,5,2,13,0,4,1,0,0,25,
19,3,7,4,2,1,4,1,0,0,56,
24,3,6,2,6,5,4,0,0,0,40,
34,3,9,0,0,4,4,0,0,0,35,
35,8,9,6,14,3,4,0,0,0,38,
21,3,9,4,6,2,4,1,0,0,40,
43,3,14,0,7,4,4,0,0,0,40,
35,0,13,4,12,1,1,1,0,0,28,
39,3,10,0,0,4,2,0,0,0,40,
48,8,13,2,14,0,4,1,0,0,80,
33,5,12,4,7,1,2,1,0,0,32,
19,3,10,4,7,3,4,0,0,0,26,
17,3,6,4,11,4,4,0,0,0,12,
43,5,10,2,4,0,4,1,0,0,50,
62,3,9,6,0,1,4,0,0,0,42,
53,1,14,0,9,1,2,0,0,0,40,
45,6,14,2,9,0,4,1,0,0,60,
47,3,9,0,0,1,2,0,0,0,40,
30,3,10,4,7,3,2,0,0,0,40,
53,3,9,5,11,1,4,0,0,0,33,
24,3,9,5,6,3,2,0,0,0,40,
41,1,10,2,5,0,4,1,0,0,40,
58,1,3,0,7,2,2,0,0,0,40,
27,0,9,0,0,1,4,1,4865,0,50,
63,6,9,0,0,1,4,0,0,0,38,
50,3,10,0,7,3,4,1,0,0,28,
43,1,14,4,12,1,2,0,8614,0,47,
29,4,10,4,3,1,4,1,0,0,60,
41,3,10,2,11,0,4,1,3942,0,40,
55,3,9,2,7,0,4,1,0,0,40,
36,3,9,4,13,1,4,1,0,0,45,
23,1,9,4,0,3,4,1,0,0,40,
22,3,13,4,2,1,4,1,13550,0,55,
58,5,10,0,2,1,4,1,0,0,45,
25,3,7,4,0,3,2,0,0,0,40,
40,3,9,2,11,5,4,0,0,0,30,
38,3,11,4,9,1,4,0,0,0,39,
37,3,13,2,9,0,4,1,0,0,40,
19,3,10,4,7,3,4,0,0,0,35,
55,3,6,4,7,1,4,1,0,0,29,
55,3,13,2,11,0,4,1,15024,0,50,
28,3,13,4,0,1,4,1,0,0,45,
53,3,9,2,2,0,4,1,0,0,40,
32,8,9,2,14,0,4,1,0,0,40,
60,3,10,0,9,4,4,1,3325,0,42,
32,3,10,0,0,4,4,0,0,0,38,
34,3,9,2,11,0,4,1,0,0,50,
49,3,10,0,9,1,4,1,0,0,45,
21,3,10,4,7,2,4,0,0,0,30,
24,6,13,4,0,1,2,0,0,0,20,
53,3,11,0,0,1,2,0,2202,0,40,
29,3,11,2,7,0,4,1,0,0,40,
34,1,13,3,9,1,4,0,0,0,40,
52,8,15,3,14,4,1,0,0,0,40,
41,3,3,2,4,5,4,0,0,0,40,
21,3,9,4,7,1,4,0,0,0,40,
43,3,14,2,3,0,4,1,0,0,35,
31,1,9,4,10,3,4,1,0,0,40,
38,3,9,2,5,0,4,1,0,2042,40,
42,3,13,2,3,0,4,1,0,2415,60,
62,3,13,4,4,1,4,1,0,0,30,
51,3,4,6,6,1,0,0,0,0,40,
30,3,9,4,11,4,2,0,0,0,25,
24,3,13,2,6,0,4,1,0,0,40,
36,3,9,0,2,1,4,1,0,0,40,
57,3,6,2,2,0,4,1,0,0,40,
46,3,13,2,3,0,4,1,0,0,55,
33,3,16,2,9,0,4,1,0,0,40,
42,3,10,4,11,1,4,1,0,0,45,
62,3,9,2,2,0,4,1,0,0,40,
64,5,10,2,11,0,4,1,0,0,20,
18,3,10,4,11,3,4,0,0,0,25,
43,3,3,3,4,4,4,1,0,0,35,
62,5,4,6,7,1,4,0,0,0,66,
29,3,12,2,9,0,4,1,0,0,50,
43,3,13,2,5,0,2,1,0,0,40,
39,3,9,2,3,0,4,1,7298,0,40,
69,8,13,2,14,0,4,1,0,0,40,
34,3,13,2,3,5,4,0,0,0,40,
44,3,12,2,3,0,4,1,4386,0,45,
25,3,13,4,0,1,4,1,0,0,30,
47,1,10,0,13,4,4,1,0,0,40,
17,3,6,4,7,3,4,1,0,0,8,
41,1,13,0,9,4,4,1,0,0,65,
19,3,10,4,11,3,4,1,0,0,20,
57,3,2,2,7,0,3,1,0,0,40,
25,3,9,4,0,4,2,1,0,0,35,
37,1,10,2,0,0,4,1,0,0,40,
29,3,11,2,6,0,4,1,0,0,40,
32,3,10,4,11,3,4,1,0,0,35,
35,3,15,2,9,0,4,1,0,0,45,
52,3,8,4,6,1,4,1,0,0,40,
41,3,9,4,6,3,4,0,1831,0,40,
29,3,9,3,6,1,4,0,0,0,38,
23,3,14,4,9,3,4,0,0,0,36,
31,3,7,2,2,0,4,1,0,0,40,
40,3,9,2,13,0,4,1,0,0,50,
19,3,9,4,0,3,4,0,0,0,20,
21,3,10,4,13,3,4,1,0,0,10,
37,6,13,4,0,1,4,0,8614,0,40,
49,5,15,2,9,0,4,1,99999,0,35,
64,1,9,2,0,5,4,0,0,0,35,
37,1,11,4,0,1,4,0,0,0,43,
70,5,13,2,2,0,4,1,0,2377,12,
22,3,6,4,13,3,1,1,0,0,30,
29,4,9,2,11,0,1,1,0,0,40,
37,3,9,2,2,0,4,1,0,0,40,
29,3,13,4,12,1,4,1,0,0,40,
38,3,7,0,6,1,4,1,0,0,65,
27,3,9,4,2,1,4,1,0,0,50,
58,6,13,2,0,0,4,1,0,0,35,
60,1,10,2,0,5,4,0,0,0,35,
20,3,10,4,11,1,4,1,0,0,25,
51,3,10,2,11,0,4,1,0,0,40,
37,3,5,2,13,0,4,1,0,0,65,
22,6,8,4,3,1,4,1,0,0,50,
56,5,6,2,13,0,4,1,0,0,60,
26,3,13,2,11,5,4,0,5178,0,42,
19,3,10,5,11,4,4,0,0,0,25,
37,3,11,2,9,5,4,0,0,0,30,
27,3,10,4,12,1,4,0,0,0,40,
27,3,9,4,11,3,0,1,0,0,20,
52,5,10,2,11,0,4,1,0,0,50,
45,3,9,5,6,4,2,0,0,0,40,
28,3,10,4,2,3,0,1,0,0,40,
20,3,9,0,0,1,4,0,0,0,40,
28,3,14,4,9,1,4,0,0,0,50,
44,3,11,2,5,0,2,1,0,0,40,
30,3,13,2,2,0,4,1,0,0,40,
26,6,12,4,0,3,2,0,0,0,8,
55,8,14,2,14,0,4,1,0,0,18,
46,3,9,4,11,1,4,0,0,0,40,
51,3,13,2,2,0,4,1,0,0,50,
25,1,13,4,9,1,4,0,0,0,40,
43,1,9,5,7,1,4,1,0,0,40,
19,8,9,4,14,3,4,0,0,0,28,
36,3,9,0,2,1,4,1,0,0,40,
36,3,10,4,3,1,4,1,0,0,40,
48,3,13,4,7,4,1,0,0,0,40,
30,8,7,4,14,4,4,1,0,0,40,
24,3,13,2,9,0,4,1,0,0,44,
30,3,9,0,7,4,4,0,0,0,36,
24,3,13,2,3,5,4,0,7688,0,45,
62,3,13,2,6,0,4,1,0,0,40,
41,5,9,0,13,1,4,1,0,1590,40,
49,5,15,2,9,0,4,1,0,0,85,
36,5,9,2,13,0,4,1,0,0,50,
47,1,14,0,9,4,4,0,5455,0,45,
49,6,14,0,9,1,4,0,0,0,40,
52,3,10,4,3,1,4,1,0,0,40,
52,3,12,2,12,0,4,1,0,0,40,
26,3,9,4,0,1,4,1,0,0,53,
51,6,9,4,13,1,4,1,0,0,40,
18,3,6,4,7,3,4,1,0,0,20,
30,3,9,4,5,2,4,1,0,0,40,
46,3,9,0,6,1,4,1,0,0,20,
28,3,9,4,5,3,2,0,0,0,40,
48,4,13,2,3,0,4,1,7298,0,50,
62,3,10,2,0,5,4,0,0,0,38,
49,3,13,2,11,0,4,1,4064,0,44,
69,3,9,6,0,1,4,0,0,0,24,
35,3,13,4,3,1,4,1,8614,0,45,
78,3,14,6,2,4,1,1,0,0,40,
61,3,10,2,3,0,4,1,0,0,45,
24,3,13,4,9,1,4,0,0,0,40,
29,3,10,4,0,3,4,0,0,0,40,
36,5,13,2,11,0,3,1,0,0,45,
17,3,6,4,4,3,4,1,0,0,40,
27,3,9,2,5,0,2,1,0,0,80,
64,3,9,2,13,0,4,1,0,0,40,
33,5,9,4,3,1,4,1,0,0,55,
32,3,8,2,2,2,4,1,0,0,40,
19,3,10,4,7,3,4,0,0,0,20,
42,6,7,2,4,0,4,1,0,0,40,
24,3,13,4,11,3,4,0,0,0,15,
23,3,9,4,3,1,2,1,0,0,45,
51,1,15,4,9,1,4,1,3325,0,40,
31,3,13,4,12,1,4,1,3325,0,60,
44,3,15,2,9,0,4,1,0,0,29,
38,3,14,4,3,1,4,0,10520,0,50,
44,1,12,0,10,1,4,0,0,0,56,
44,5,3,2,4,0,4,1,0,0,40,
38,3,9,2,2,0,4,1,0,0,44,
36,3,5,0,0,4,4,0,0,0,40,
29,3,2,4,7,1,4,1,0,0,20,
46,3,12,0,11,1,4,0,0,0,25,
47,3,9,2,0,0,4,1,0,0,40,
30,3,9,2,13,0,4,1,99999,0,40,
37,1,9,2,10,0,4,1,7688,0,35,
27,3,13,4,3,1,4,1,0,0,45,
43,3,9,0,6,4,4,0,0,0,50,
44,5,15,2,9,0,4,1,0,0,40,
31,3,10,4,3,4,4,1,0,0,60,
34,3,13,2,3,0,4,1,0,1977,45,
39,3,13,4,11,3,4,1,0,1092,40,
36,3,10,0,2,4,4,0,0,0,40,
57,3,13,2,9,0,4,1,3103,0,40,
78,3,4,4,6,1,4,0,0,0,35,
24,3,10,2,2,0,4,1,0,0,40,
39,3,10,4,0,1,4,0,0,0,40,
21,3,12,4,11,3,4,1,0,0,40,
34,3,9,5,0,1,4,1,0,0,40,
22,3,10,4,11,4,4,0,0,0,32,
36,3,10,0,0,4,4,0,0,0,40,
61,3,10,2,11,0,4,1,0,0,40,
67,8,5,2,14,0,4,1,0,0,15,
42,3,10,5,7,4,2,0,0,0,21,
49,0,11,2,2,0,1,1,0,0,40,
58,3,11,2,2,0,4,1,0,0,40,
37,1,10,2,10,0,4,1,0,0,60,
39,3,9,4,12,1,4,1,4650,0,44,
25,3,10,5,0,2,2,0,0,0,40,
45,4,3,2,2,0,4,1,0,0,40,
30,3,13,2,0,0,4,1,0,0,40,
49,8,10,4,14,1,4,1,0,0,35,
36,5,9,2,2,0,4,1,2885,0,40,
23,3,9,4,2,1,4,1,0,0,65,
51,3,10,2,0,5,2,0,0,0,35,
55,3,9,2,13,0,4,1,0,0,60,
35,3,13,4,11,1,4,1,0,0,50,
45,6,14,2,0,0,4,1,0,0,40,
36,3,13,2,9,0,4,1,0,0,48,
32,1,9,2,2,0,4,1,0,0,40,
39,3,9,2,3,0,4,1,0,0,55,
47,4,10,2,2,0,4,1,0,0,40,
49,3,10,2,3,0,4,1,0,0,45,
52,3,10,2,3,0,4,1,7688,0,55,
44,3,10,5,6,1,2,1,0,0,40,
36,3,10,2,3,0,4,1,0,0,50,
40,3,10,0,2,4,2,0,0,0,30,
17,3,6,4,7,3,4,0,0,0,6,
18,3,9,4,11,3,4,0,0,0,38,
30,4,10,2,3,5,4,0,0,0,25,
66,3,9,6,8,1,4,0,0,0,50,
59,3,13,4,2,1,4,1,0,0,50,
30,1,9,2,0,0,2,1,0,0,40,
50,3,9,2,4,0,4,1,0,0,50,
24,3,9,4,7,3,4,0,0,0,25,
28,3,15,2,9,0,1,1,0,0,99,
44,1,14,2,9,5,4,0,0,0,40,
25,3,11,4,9,1,4,1,0,0,40,
45,3,14,2,3,0,4,1,0,0,50,
20,3,9,4,13,1,4,1,0,0,40,
67,3,11,0,9,4,4,0,0,0,40,
40,5,15,2,9,0,4,1,0,0,45,
52,0,9,2,0,0,4,1,0,0,40,
34,3,16,4,9,1,4,1,0,0,50,
37,1,12,2,9,0,4,1,0,0,45,
17,4,6,4,7,3,4,1,0,0,4,
25,3,11,2,11,5,4,0,0,0,42,
35,1,13,0,9,1,4,1,0,0,40,
63,3,14,0,3,1,4,0,0,0,40,
38,1,10,4,0,3,0,0,0,0,40,
33,3,13,2,0,0,4,1,0,0,60,
51,1,14,2,9,5,4,0,0,0,40,
64,6,16,2,9,0,4,1,0,0,50,
50,4,10,0,10,1,4,1,0,0,40,
18,3,6,4,13,1,4,1,0,0,56,
67,3,14,4,9,1,4,1,0,0,99,
46,3,9,2,2,0,4,1,0,0,40,
60,5,13,2,4,0,4,1,0,0,50,
29,3,9,4,6,1,4,0,0,0,40,
30,3,10,4,7,3,2,0,0,0,40,
56,6,16,2,9,1,1,1,2885,0,40,
29,3,9,2,5,5,4,0,0,0,40,
37,3,13,4,0,4,2,0,0,0,27,
55,3,2,0,8,4,4,0,0,0,30,
24,3,9,4,0,1,4,0,0,0,30,
21,3,9,4,2,1,4,1,0,0,35,
46,4,13,2,11,0,4,1,0,0,70,
25,3,8,2,6,2,3,1,0,0,40,
40,3,9,4,2,3,4,1,0,0,28,
23,3,10,5,11,3,4,0,0,0,40,
43,5,10,4,13,1,2,1,0,0,30,
29,5,10,2,2,0,0,1,0,1485,60,
59,3,6,6,7,2,1,0,0,0,40,
18,3,10,4,7,3,2,1,0,0,35,
28,3,9,4,3,3,4,1,0,0,32,
17,3,7,4,0,3,4,0,0,0,15,
53,3,9,2,6,0,4,1,0,0,40,
22,3,3,4,8,2,4,0,0,0,40,
63,3,9,3,2,1,4,1,0,0,40,
32,3,14,2,11,5,4,0,0,0,45,
40,1,9,4,0,4,2,0,0,0,35,
61,5,15,2,9,0,4,1,0,0,50,
35,3,9,4,2,1,4,1,0,1408,40,
43,5,13,2,3,0,1,1,0,0,50,
20,8,10,4,14,3,1,0,0,1602,40,
48,5,10,0,2,1,4,1,0,0,40,
56,6,13,6,9,1,4,0,0,0,40,
51,0,9,2,0,0,4,1,0,0,40,
34,3,10,4,2,1,4,1,0,0,40,
44,3,10,2,11,0,1,1,0,1902,40,
61,3,14,2,9,0,4,1,0,0,40,
37,3,10,2,11,0,4,1,0,0,44,
36,3,13,2,3,0,4,1,0,1977,40,
34,3,10,5,6,1,3,1,0,0,40,
23,3,10,4,11,3,4,0,0,0,25,
63,0,14,0,9,1,4,1,0,0,40,
63,8,9,6,14,1,2,0,0,0,11,
47,1,14,2,3,0,4,1,0,1977,41,
55,4,9,0,11,4,4,0,0,0,50,
31,1,13,4,10,3,2,1,0,0,48,
27,3,10,0,7,1,4,1,0,0,40,
58,3,13,0,0,1,4,0,14084,0,40,
28,1,10,2,10,0,4,1,0,0,48,
52,3,4,0,6,1,4,0,0,0,64,
31,0,9,2,0,0,2,1,0,0,50,
53,3,10,0,0,4,4,0,0,0,38,
43,3,10,0,12,1,4,0,0,0,50,
43,1,9,3,4,4,2,1,0,0,40,
50,4,14,0,3,1,4,1,0,0,80,
68,8,9,2,14,0,4,1,0,0,35,
37,3,7,2,7,0,4,1,0,0,40,
26,3,9,0,6,1,4,1,0,0,40,
22,3,7,4,11,1,4,0,0,0,40,
22,3,10,2,11,0,4,1,0,0,55,
59,3,10,2,2,0,4,1,15024,0,50,
30,3,10,2,6,0,4,1,0,0,40,
24,3,9,5,7,1,4,0,0,0,55,
30,3,9,2,2,0,4,1,0,0,40,
50,1,13,0,10,1,4,1,0,0,40,
38,3,8,2,7,0,4,1,3942,0,40,
29,3,9,2,0,0,4,1,0,0,40,
76,3,9,2,11,0,4,1,1424,0,24,
21,3,11,4,2,4,4,1,0,0,40,
65,3,10,6,7,4,4,0,0,0,24,
43,3,9,2,3,0,4,1,0,0,45,
29,3,13,2,9,5,4,0,0,0,24,
32,3,13,4,11,1,4,1,0,0,45,
37,3,12,2,3,0,4,1,0,0,65,
64,3,9,2,3,0,4,1,0,0,16,
49,3,10,2,2,0,4,1,0,0,40,
44,3,13,2,3,0,4,1,0,0,40,
68,8,9,2,14,0,4,1,1409,0,15,
34,3,13,2,3,0,4,1,7688,0,40,
35,3,10,2,3,0,4,1,0,0,36,
53,3,10,0,0,1,4,0,0,0,43,
24,3,11,4,11,4,1,1,0,0,50,
31,3,10,0,0,4,4,0,0,0,40,
25,3,10,2,13,0,4,1,0,0,38,
36,3,9,2,6,0,4,1,0,0,45,
29,3,10,4,11,1,4,1,0,0,60,
37,3,9,2,13,0,4,1,0,0,50,
42,5,16,4,9,1,4,0,0,0,45,
30,3,9,0,2,1,4,0,0,0,40,
32,4,10,4,3,1,4,1,0,0,70,
47,5,13,4,3,1,2,1,10520,0,45,
44,3,9,0,2,1,4,1,0,0,40,
19,3,9,4,11,3,4,1,0,0,40,
22,3,9,2,3,0,4,1,0,0,48,
51,3,5,2,2,0,4,1,0,0,50,
69,3,9,2,2,0,4,1,0,0,16,
73,8,7,2,14,0,4,1,0,0,8,
18,8,7,4,14,2,4,0,0,0,20,
33,5,9,4,9,1,4,1,0,0,40,
22,1,10,4,0,1,4,0,0,0,55,
33,3,13,4,12,1,4,0,0,0,45,
20,0,10,4,0,2,4,0,0,0,40,
28,5,10,2,2,0,4,1,0,0,40,
25,3,9,4,5,1,4,0,0,0,40,
27,3,9,4,7,1,4,1,0,0,48,
22,3,9,4,13,3,4,1,0,0,40,
67,5,9,2,4,0,4,1,0,0,35,
31,4,9,2,3,0,4,1,0,0,40,
36,8,10,4,14,4,4,0,0,0,25,
43,0,15,2,9,0,1,1,0,0,50,
33,3,13,4,9,1,4,0,0,0,40,
37,5,9,2,9,5,4,0,0,0,35,
27,3,9,2,13,0,2,1,0,0,60,
36,3,10,4,13,1,4,1,0,0,40,
33,3,12,0,11,1,4,0,0,0,45,
63,3,13,2,11,0,4,1,15024,0,40,
48,3,13,0,7,4,4,0,0,0,56,
25,3,9,4,5,2,4,1,0,0,45,
41,5,9,2,7,0,4,1,0,0,10,
26,3,9,4,7,1,4,1,0,0,40,
23,3,10,4,0,3,2,0,0,0,40,
33,6,9,4,7,4,2,0,1831,0,40,
30,6,14,2,9,0,1,1,0,0,17,
67,5,9,6,7,1,4,0,0,0,20,
32,3,9,2,11,0,4,1,0,0,55,
48,5,9,0,2,1,4,1,0,0,60,
51,3,9,6,7,1,4,0,0,0,24,
39,3,14,4,11,1,1,1,0,0,40,
40,4,13,2,9,0,4,1,0,0,60,
40,3,9,2,13,0,2,1,0,0,40,
19,3,9,4,6,2,4,1,0,0,40,
28,3,9,0,5,4,4,0,0,0,36,
47,3,13,2,9,0,4,1,0,0,60,
20,3,10,4,9,1,4,0,0,0,20,
41,3,9,6,3,2,4,1,914,0,40,
29,3,10,2,7,5,0,0,0,0,40,
40,3,13,2,3,0,4,1,0,0,50,
61,3,9,6,3,1,4,0,0,0,40,
25,3,7,4,2,1,4,1,0,0,40,
26,3,9,2,6,0,4,1,0,0,40,
43,3,13,4,0,1,4,0,0,0,40,
17,3,4,4,2,1,4,1,0,0,45,
43,1,14,0,9,4,2,0,9562,0,40,
73,3,9,2,6,0,4,1,3471,0,40,
46,1,10,0,6,3,4,0,0,0,40,
19,3,10,4,7,3,4,1,0,0,20,
37,3,9,0,6,1,4,1,0,0,40,
26,3,10,2,0,0,4,1,0,0,40,
47,3,9,0,11,3,4,1,0,1876,40,
47,1,14,4,9,1,4,1,0,0,40,
29,3,13,4,9,1,4,1,0,0,40,
29,3,9,4,0,1,4,0,0,0,40,
33,3,13,2,3,3,4,1,0,0,55,
20,3,9,4,13,2,4,1,0,0,40,
28,3,6,2,2,5,3,0,0,0,48,
26,3,13,4,9,1,4,1,0,0,45,
41,6,14,2,9,0,4,1,0,0,40,
67,8,4,2,14,0,4,1,0,0,40,
43,3,13,2,11,0,4,1,0,0,50,
35,3,5,2,5,0,4,1,0,0,46,
18,3,8,4,7,3,4,0,0,0,25,
55,6,10,0,0,1,4,1,0,0,40,
44,3,9,0,6,3,2,0,0,0,40,
64,3,9,6,8,1,4,0,0,0,15,
34,5,11,2,2,0,4,1,0,0,75,
38,3,10,2,11,0,4,1,0,0,60,
25,3,9,4,7,3,4,0,0,0,8,
21,3,10,4,13,3,2,1,0,0,40,
37,3,2,2,7,0,4,1,0,0,53,
39,3,10,0,11,4,4,0,0,0,40,
34,3,10,0,0,1,4,0,0,0,50,
23,3,13,4,3,1,4,0,0,0,45,
54,3,10,2,2,0,4,1,0,0,40,
49,4,14,5,3,1,4,1,0,0,70,
25,3,9,2,0,5,4,0,0,0,40,
51,3,12,2,11,0,4,1,0,0,50,
29,3,9,4,4,4,4,1,0,0,35,
27,6,13,2,10,5,2,0,0,0,48,
53,3,9,2,8,2,4,0,0,0,40,
68,3,13,2,9,0,4,1,0,0,55,
56,3,9,2,11,0,4,1,0,0,40,
30,3,16,4,9,1,4,1,0,0,40,
24,3,9,0,11,4,0,0,0,0,48,
70,8,5,6,14,4,4,0,0,0,25,
24,3,10,4,11,3,4,0,0,0,40,
74,8,12,6,14,1,4,0,0,0,20,
23,8,10,4,14,1,4,0,0,0,25,
41,1,14,2,3,0,4,1,0,0,55,
45,3,9,4,11,3,4,0,0,0,19,
35,3,9,2,6,0,4,1,0,0,40,
21,3,9,4,5,1,4,1,0,0,40,
45,3,7,5,0,4,2,0,0,0,25,
18,3,7,4,11,1,4,0,0,0,30,
49,3,13,4,8,1,4,1,0,0,25,
49,3,11,5,9,3,4,0,0,0,36,
45,1,13,2,9,0,4,1,0,0,37,
27,3,9,4,5,2,1,1,0,0,40,
28,3,10,2,3,0,1,1,0,0,40,
35,3,13,2,9,0,4,1,0,0,45,
33,3,10,4,6,1,4,1,0,0,40,
35,3,7,2,11,0,4,1,0,0,35,
19,3,9,4,2,2,4,1,0,0,40,
33,3,10,4,7,1,4,0,0,0,28,
28,3,9,0,11,1,0,1,14084,0,40,
49,3,10,3,0,1,4,0,0,0,40,
61,8,9,2,14,0,4,1,0,2603,32,
39,4,10,2,9,0,4,1,0,0,25,
22,3,9,5,0,4,4,0,0,0,40,
42,3,6,2,2,0,4,1,0,0,40,
22,3,10,4,0,3,4,1,0,0,40,
18,3,9,4,2,3,4,1,0,0,40,
49,1,5,6,5,4,4,1,0,2231,40,
33,4,16,2,9,0,4,1,0,0,40,
28,3,9,2,2,0,4,1,0,0,45,
42,3,4,3,9,2,4,1,0,0,35,
20,3,10,4,7,3,4,1,2176,0,25,
50,1,10,2,10,0,4,1,0,0,48,
32,3,10,2,3,0,4,1,0,0,40,
31,0,9,5,5,4,4,0,0,0,40,
29,3,11,4,7,1,2,1,0,0,40,
46,0,10,2,7,0,4,1,0,0,40,
32,4,16,4,9,1,4,1,0,0,77,
61,3,9,6,0,4,4,0,0,0,24,
43,5,7,2,2,0,4,1,0,0,55,
35,3,9,4,5,1,4,0,0,0,40,
39,6,13,2,9,0,4,1,0,0,40,
18,8,7,4,14,3,4,1,0,0,35,
42,5,10,2,4,0,4,1,0,0,60,
23,3,13,4,9,1,4,0,0,0,40,
32,3,13,2,11,0,4,1,0,0,45,
52,3,9,2,13,0,4,1,0,0,85,
36,3,12,2,12,0,4,1,0,0,40,
38,3,10,2,9,0,4,1,0,0,50,
50,3,9,6,11,1,4,0,0,2444,72,
23,8,12,4,14,3,4,1,0,0,40,
71,3,15,2,9,0,4,1,0,0,12,
27,3,9,4,7,2,2,0,0,0,30,
56,3,9,2,2,0,4,1,0,0,60,
28,5,10,4,9,4,4,1,0,0,40,
45,3,9,2,2,0,4,1,0,0,40,
28,3,9,2,6,5,4,0,0,0,40,
28,1,10,2,10,0,4,1,0,0,40,
18,3,10,4,6,1,4,0,0,0,15,
62,3,4,0,5,1,4,1,0,0,40,
35,3,8,5,6,4,4,0,0,0,40,
39,3,6,2,6,0,4,1,0,0,60,
24,3,10,4,0,1,2,1,0,0,20,
58,3,5,0,4,1,2,1,0,0,40,
48,3,9,0,11,1,4,1,0,0,40,
57,3,13,2,3,0,4,1,0,0,50,
31,3,13,2,11,0,4,1,0,0,60,
25,3,9,2,11,0,4,1,0,0,40,
34,3,13,2,9,5,4,0,15024,0,36,
29,5,4,2,4,0,4,1,0,0,72,
38,3,12,0,3,4,2,0,0,0,40,
21,3,10,4,7,3,4,0,0,0,40,
34,5,9,2,4,0,4,1,0,0,70,
50,3,13,4,11,4,4,0,0,0,32,
50,3,9,0,9,4,2,0,0,0,40,
49,0,11,0,3,4,2,0,0,0,45,
30,3,13,4,9,1,4,1,0,0,70,
29,6,14,2,9,0,1,1,0,0,20,
22,6,10,4,0,1,3,1,0,0,20,
42,3,9,2,13,0,4,1,0,0,50,
19,8,10,4,14,3,4,1,0,0,40,
31,3,10,0,7,4,4,0,0,0,48,
42,5,13,2,9,0,4,1,0,0,21,
20,3,10,4,7,3,4,1,0,0,20,
51,8,9,2,14,0,4,1,0,0,40,
50,3,6,2,2,0,4,1,0,0,40,
27,4,5,4,2,3,4,1,0,0,40,
26,3,7,4,7,1,4,1,0,0,40,
61,8,9,2,14,0,4,1,0,0,40,
20,3,10,4,10,3,4,1,0,0,40,
51,3,10,2,2,0,4,1,0,0,40,
52,3,9,2,6,0,4,1,0,0,40,
33,3,9,0,0,1,4,1,0,0,38,
31,3,13,2,0,0,1,1,0,0,60,
24,3,10,2,7,5,4,0,0,0,40,
56,3,13,2,6,0,4,1,0,0,40,
19,8,10,4,14,3,4,1,0,0,40,
29,3,7,2,2,0,4,1,3942,0,50,
18,3,9,4,11,2,4,0,1055,0,30,
43,3,10,2,6,0,2,1,0,0,50,
43,6,16,3,9,4,4,1,25236,0,64,
21,3,9,2,0,0,4,1,0,0,40,
51,3,9,2,0,5,4,0,0,0,40,
20,8,7,2,14,2,4,0,0,0,39,
41,3,10,2,13,0,4,1,0,0,65,
45,6,10,2,9,0,4,1,0,0,40,
20,3,9,4,7,1,4,0,0,0,30,
28,3,13,2,3,5,4,0,0,0,60,
50,1,14,2,9,5,4,0,15024,0,40,
47,3,13,0,2,1,4,1,0,0,40,
80,5,4,6,4,1,4,1,0,0,35,
47,5,9,2,0,5,4,0,0,0,35,
19,8,10,4,14,3,4,1,0,0,84,
45,3,9,2,11,0,4,1,0,0,50,
17,3,7,4,5,3,4,1,0,0,12,
37,3,9,2,2,0,4,1,0,0,50,
27,3,10,4,6,1,4,0,0,0,40,
17,3,8,4,7,3,4,1,0,0,16,
18,5,9,4,4,3,4,1,0,0,40,
57,3,9,2,5,0,4,1,0,0,40,
26,3,9,5,0,4,4,0,0,0,40,
26,3,14,4,3,3,4,0,0,0,40,
36,5,13,2,9,0,4,1,0,0,45,
51,3,9,2,4,0,4,1,0,0,80,
38,3,10,4,7,1,4,1,0,0,40,
77,8,3,2,14,0,4,1,0,0,20,
51,3,9,4,2,1,4,1,0,0,40,
24,3,7,4,5,1,4,1,0,0,40,
35,3,9,0,4,1,4,1,0,0,65,
35,8,6,0,14,1,4,1,0,0,99,
51,4,13,2,3,0,4,1,15024,0,40,
28,3,13,2,3,0,4,1,0,0,40,
37,3,9,2,13,0,4,1,0,0,40,
43,3,9,2,3,0,4,1,0,0,40,
23,3,9,4,5,1,4,1,0,0,30,
42,3,13,2,11,5,4,0,0,0,40,
58,3,10,2,0,5,4,0,0,0,40,
52,1,9,2,7,5,2,0,0,0,20,
29,3,9,0,11,1,0,0,0,0,50,
27,3,10,2,2,0,4,1,0,0,60,
28,3,10,4,0,3,2,0,0,0,40,
59,3,12,2,2,0,4,1,7298,0,20,
28,3,9,4,5,3,4,1,0,0,40,
24,3,10,4,2,1,4,1,0,0,40,
20,3,6,3,5,1,4,1,0,0,40,
54,3,13,2,3,0,4,1,0,0,40,
65,3,9,0,7,1,4,1,0,0,25,
18,8,10,4,14,3,4,1,0,0,30,
38,3,10,2,2,0,4,1,0,0,40,
29,3,9,2,6,0,4,1,0,0,40,
27,3,9,4,0,3,2,0,0,0,40,
36,3,14,2,7,0,4,1,0,0,40,
55,6,9,2,10,0,4,1,0,0,40,
22,3,3,4,6,1,4,1,0,0,30,
28,3,13,4,9,1,4,0,0,0,40,
20,3,10,4,11,3,4,0,0,0,30,
24,3,13,2,9,0,4,1,3908,0,40,
36,3,14,2,3,0,4,1,15024,0,50,
68,4,9,2,11,0,4,1,0,0,40,
49,5,9,0,11,1,4,1,0,0,50,
18,3,4,4,6,3,4,1,0,0,40,
50,5,16,0,9,1,4,0,0,0,60,
37,3,8,5,8,4,2,0,0,0,40,
60,3,14,2,3,0,4,1,0,0,50,
43,3,10,2,2,0,4,1,0,0,40,
43,4,16,2,9,5,4,0,0,0,70,
17,3,7,4,8,3,4,0,0,0,9,
43,3,10,4,3,1,4,0,0,0,50,
39,3,10,2,11,0,4,1,0,0,26,
21,5,10,4,0,3,4,0,0,0,15,
42,5,16,4,9,1,4,1,0,0,7,
48,5,10,2,4,0,4,1,7298,0,60,
56,3,13,4,3,1,4,1,14084,0,45,
21,3,12,4,7,3,4,0,0,0,30,
28,1,12,2,10,0,1,1,0,0,40,
39,5,9,2,2,0,4,1,0,0,40,
40,3,4,2,11,0,4,1,4064,0,40,
38,1,12,4,9,1,4,1,0,0,40,
59,3,10,2,9,0,4,1,0,0,36,
51,0,9,2,12,0,4,1,0,0,40,
19,3,9,4,5,3,4,1,0,0,16,
23,3,9,4,6,1,4,0,0,0,40,
31,3,13,0,9,1,4,0,0,0,40,
42,3,12,2,9,0,2,1,0,0,40,
43,3,9,2,2,0,4,1,0,0,40,
45,3,10,2,2,0,4,1,0,0,55,
34,3,10,2,6,0,4,1,0,0,35,
21,3,9,4,6,3,4,1,0,0,30,
34,3,10,2,3,0,4,1,0,0,40,
55,4,10,2,11,0,4,1,0,0,40,
30,3,11,4,9,1,4,0,0,0,40,
29,3,9,2,6,0,4,1,3137,0,48,
19,3,10,4,0,3,4,0,0,0,20,
45,5,13,0,9,1,4,1,0,0,35,
42,3,13,2,7,0,1,1,0,0,72,
32,3,13,4,11,1,4,0,0,1590,40,
90,5,10,2,4,0,4,1,0,0,40,
44,6,13,2,10,0,4,1,0,0,44,
34,5,9,2,9,0,4,1,0,0,40,
35,3,8,5,7,1,4,0,0,0,30,
39,5,10,4,2,1,4,1,0,0,25,
29,3,13,4,9,1,2,1,0,0,40,
24,3,9,4,7,4,4,0,0,0,32,
49,3,10,2,7,0,4,1,0,0,17,
52,5,10,2,2,0,1,1,0,0,40,
54,3,13,2,3,0,1,1,15024,0,60,
31,3,5,0,13,1,4,1,0,0,40,
44,3,10,0,3,1,4,0,0,0,50,
18,8,10,4,14,3,4,0,0,0,30,
27,5,9,2,11,0,4,1,0,0,40,
24,3,9,4,5,3,4,1,0,0,40,
30,3,9,2,5,0,4,1,0,0,60,
27,3,10,0,3,3,4,0,0,0,40,
34,6,13,2,0,0,4,1,0,0,20,
25,6,10,2,3,5,4,0,0,0,19,
39,3,9,0,3,4,4,0,0,0,40,
28,3,10,2,12,0,4,1,0,0,40,
51,5,9,2,2,0,4,1,0,0,70,
21,8,9,2,14,2,4,0,0,0,35,
33,3,10,4,11,1,1,1,0,0,26,
27,3,11,4,5,3,4,0,0,0,38,
29,3,9,4,3,1,4,1,0,0,40,
33,6,6,2,5,0,4,1,0,0,40,
37,3,9,2,11,0,4,1,0,0,50,
20,3,9,4,5,3,4,1,0,0,40,
24,3,13,4,3,1,4,0,0,0,40,
29,3,9,4,7,3,4,0,0,0,35,
31,3,13,2,3,0,4,1,0,2246,45,
41,3,10,2,2,0,4,1,0,0,40,
42,5,10,2,2,0,4,1,0,0,40,
20,3,10,4,11,1,4,0,0,0,30,
54,3,5,5,2,4,4,1,0,0,40,
55,3,13,3,2,4,4,0,0,0,55,
21,3,9,2,5,0,4,1,0,0,32,
52,3,11,2,3,0,4,1,0,1977,45,
19,3,9,4,0,3,4,1,0,0,40,
33,3,11,2,2,0,2,1,0,0,40,
22,3,9,5,7,4,2,0,0,0,35,
59,3,9,4,3,4,4,0,0,625,38,
17,8,6,4,14,3,4,1,0,0,40,
31,3,8,4,11,3,4,1,0,0,32,
74,5,9,2,11,0,4,1,0,0,40,
45,3,6,0,7,4,2,0,0,0,40,
36,3,9,4,0,1,4,0,0,0,40,
35,4,10,0,3,1,4,1,0,0,60,
45,3,10,0,2,1,4,1,0,0,40,
42,5,9,4,4,3,4,1,0,0,85,
50,6,14,0,9,4,4,0,0,0,40,
39,3,9,0,3,2,4,0,0,0,40,
44,3,10,5,3,1,4,1,0,1980,45,
52,3,2,2,4,0,4,1,0,0,56,
24,3,13,4,9,1,4,1,0,0,43,
56,4,5,2,13,0,4,1,0,0,99,
27,3,9,2,6,0,4,1,0,0,50,
47,4,13,2,3,0,4,1,0,1902,45,
40,5,15,2,9,0,0,1,0,1977,60,
38,3,9,4,9,1,4,1,0,0,40,
27,3,11,0,11,1,4,0,0,0,40,
52,3,9,0,0,4,4,0,0,0,38,
22,3,9,0,11,3,4,1,0,0,40,
41,3,10,2,2,0,4,1,0,0,40,
30,3,9,0,0,4,4,0,0,0,20,
55,3,13,2,7,2,1,1,0,0,35,
25,3,10,4,0,3,4,1,0,1590,40,
32,3,13,2,9,2,4,1,0,0,40,
28,3,10,5,7,1,4,0,0,0,60,
33,4,9,2,3,0,4,1,0,0,50,
17,3,9,4,4,3,2,1,0,0,40,
27,3,9,2,13,0,4,1,0,0,40,
55,3,11,2,6,0,4,1,0,0,20,
63,0,10,2,12,0,4,1,0,0,18,
39,3,9,2,7,5,4,0,5013,0,40,
51,0,16,2,9,0,4,1,4386,0,52,
67,5,4,2,2,0,4,1,0,0,40,
41,4,13,2,3,0,4,1,0,0,72,
27,3,9,6,2,4,4,0,0,1594,26,
54,3,14,2,3,0,4,1,0,0,45,
59,3,6,2,13,0,2,1,0,0,40,
18,3,9,4,0,1,4,0,0,0,25,
19,3,9,4,2,3,4,1,0,0,20,
31,3,9,2,6,0,4,1,0,0,50,
17,3,7,4,7,3,4,0,0,0,7,
42,3,9,2,12,0,1,1,15024,0,40,
37,3,10,3,9,1,4,0,0,0,30,
51,1,9,2,2,0,4,1,0,0,40,
48,3,9,4,0,1,4,0,2463,0,40,
23,3,9,4,13,3,4,1,0,0,40,
27,3,11,2,11,0,4,1,0,0,45,
25,3,9,4,5,3,4,1,0,0,40,
69,3,12,0,0,1,4,0,2964,0,6,
30,3,13,4,3,1,4,1,0,0,44,
33,3,9,2,5,0,4,1,0,0,35,
28,3,9,4,5,3,4,1,0,0,48,
45,3,3,2,6,0,4,1,0,0,40,
25,3,10,4,0,3,4,1,0,0,15,
37,3,11,2,2,0,4,1,0,0,45,
59,3,1,4,6,1,4,1,0,0,40,
26,3,9,4,7,3,4,0,0,0,30,
48,3,10,5,7,1,4,0,0,0,25,
64,0,9,2,0,0,4,1,0,0,40,
39,3,13,2,12,0,4,1,0,0,50,
24,3,13,4,0,1,4,1,0,0,40,
40,6,14,4,3,1,4,0,0,0,35,
46,3,14,3,3,1,4,1,0,0,70,
35,0,10,2,10,0,2,1,0,0,40,
43,3,9,2,0,5,4,0,0,0,40,
31,3,9,5,13,1,4,1,0,0,40,
22,3,10,4,0,1,4,0,0,0,25,
35,3,10,4,7,1,4,1,0,0,30,
35,3,9,5,13,1,4,1,0,0,50,
35,6,10,0,12,4,4,0,0,0,40,
40,3,15,2,9,0,4,1,0,0,40,
50,3,14,4,9,4,4,0,0,0,40,
48,5,15,0,9,4,4,1,14084,0,63,
70,8,14,2,14,0,4,1,0,0,8,
46,3,9,0,0,1,4,0,0,0,40,
36,3,9,0,6,4,4,0,0,0,38,
37,6,13,2,9,0,4,1,0,0,36,
24,3,5,2,11,0,4,1,0,0,45,
47,1,13,5,9,1,4,0,0,0,70,
35,5,9,0,2,1,4,1,0,0,50,
43,3,13,2,0,0,1,1,0,0,40,
18,6,7,4,7,3,4,1,0,0,20,
54,3,9,2,7,0,4,1,0,0,50,
62,3,9,4,7,2,2,0,0,0,38,
36,3,13,2,2,0,4,1,0,0,48,
27,3,5,2,4,0,0,1,0,0,40,
23,3,10,4,0,2,1,1,0,0,14,
61,8,13,2,14,0,4,1,4386,0,15,
39,5,13,0,2,1,2,1,0,1669,60,
33,5,3,2,2,0,4,1,0,0,50,
28,3,2,4,6,1,4,0,0,0,40,
22,3,9,4,0,3,4,1,0,0,20,
31,5,11,2,4,0,4,1,0,0,60,
26,3,13,4,7,1,4,1,0,0,30,
44,3,13,0,3,1,4,1,0,0,50,
73,3,13,2,9,0,4,1,0,0,30,
44,3,13,0,11,4,4,0,0,0,35,
35,3,11,0,3,1,4,1,0,0,45,
33,3,13,2,7,5,4,0,0,0,40,
27,3,13,4,0,1,4,0,0,0,40,
47,0,13,2,10,0,2,1,0,0,50,
29,3,9,2,2,0,4,1,0,0,45,
33,3,10,2,7,5,4,0,0,0,26,
50,3,10,0,7,1,4,0,0,0,15,
32,3,9,2,5,0,4,1,2829,0,40,
41,5,14,0,5,4,4,1,0,0,40,
19,8,10,4,14,3,4,0,0,0,35,
45,3,9,2,11,0,4,1,0,0,60,
65,3,9,6,0,1,4,0,0,810,36,
42,6,10,5,12,4,4,0,0,0,40,
33,5,13,2,9,0,2,1,0,0,25,
32,3,13,2,11,0,4,1,99999,0,60,
42,3,10,2,9,0,4,1,0,0,40,
49,3,10,5,3,1,4,0,0,0,45,
38,3,9,2,10,3,4,1,0,0,45,
38,3,10,2,3,0,4,1,0,0,50,
37,3,10,2,2,0,4,1,0,0,52,
24,3,10,4,6,1,4,1,0,0,30,
27,5,10,4,11,1,4,1,0,0,50,
25,3,5,3,0,4,1,0,0,0,40,
29,3,9,2,11,0,4,1,0,0,50,
46,3,9,2,13,0,4,1,0,0,70,
44,4,9,2,13,0,4,1,0,0,96,
26,3,13,4,11,1,1,0,0,0,40,
46,1,12,2,10,0,4,1,0,0,49,
38,3,10,5,3,4,4,1,0,0,40,
38,3,10,2,2,0,4,1,0,0,40,
22,6,13,2,3,0,4,1,0,0,20,
33,3,10,0,11,1,4,1,0,0,40,
50,3,12,0,0,1,1,1,0,0,40,
31,1,9,2,10,0,4,1,0,0,41,
26,5,10,4,9,1,4,0,0,0,4,
42,3,10,2,5,0,4,1,0,0,38,
27,3,9,2,2,0,4,1,0,0,40,
34,3,14,2,9,0,4,1,0,0,45,
64,3,9,2,10,0,4,1,0,0,40,
43,3,10,2,2,0,4,1,0,0,40,
39,3,9,2,2,0,4,1,0,0,40,
47,5,15,4,9,1,4,1,0,0,40,
56,3,14,4,9,1,4,1,0,0,66,
25,1,14,4,9,3,4,1,0,0,20,
60,6,13,0,3,1,4,0,0,0,35,
52,3,9,2,11,0,4,1,0,0,44,
43,3,9,0,5,1,4,1,594,0,16,
46,3,13,4,0,4,1,0,0,0,40,
19,3,10,4,0,3,4,0,0,0,30,
56,3,4,4,4,4,2,0,0,0,20,
22,3,13,4,9,1,4,1,0,0,40,
28,3,7,4,2,1,4,1,0,0,40,
39,3,3,5,11,4,2,0,0,0,30,
28,3,10,0,9,1,4,1,0,0,40,
31,3,13,2,11,0,4,1,0,0,50,
22,3,9,4,7,3,4,0,0,0,35,
39,3,9,2,6,0,1,1,0,0,40,
39,3,13,2,3,0,4,1,0,0,40,
28,5,7,4,2,1,4,1,0,0,40,
67,8,9,2,14,0,4,1,3818,0,11,
31,3,9,4,0,4,4,0,0,0,35,
50,3,13,2,11,0,4,1,0,0,40,
34,3,9,2,2,0,4,1,3908,0,46,
48,3,9,2,0,5,4,0,0,0,40,
51,3,13,0,0,1,4,0,0,0,40,
54,3,9,2,11,0,4,1,0,0,40,
44,3,11,0,13,1,4,1,0,0,40,
20,3,10,4,11,3,2,0,0,0,20,
37,3,9,2,7,0,2,1,0,0,40,
38,3,10,2,9,0,4,1,0,0,40,
59,0,12,2,4,0,2,1,0,0,40,
59,5,13,2,9,0,4,1,0,0,50,
51,3,10,0,2,1,4,1,0,0,48,
60,8,13,2,14,0,2,1,0,0,40,
29,3,10,2,9,0,4,1,0,0,40,
37,3,10,4,6,1,4,0,0,0,40,
42,3,6,2,2,0,4,1,0,0,35,
28,4,13,2,9,0,4,1,0,0,50,
34,3,9,4,11,3,4,0,0,0,40,
50,5,13,2,3,0,4,1,0,0,40,
22,4,9,4,6,3,4,1,0,0,24,
27,3,9,4,7,1,4,0,0,0,52,
45,6,15,0,9,4,4,0,0,0,43,
39,3,9,0,0,4,2,0,0,0,38,
25,1,13,4,9,1,4,0,0,0,35,
63,8,9,4,14,1,4,1,0,0,15,
24,4,13,2,3,0,4,1,0,0,40,
18,3,9,4,6,1,4,0,0,0,30,
19,8,9,4,14,3,4,1,0,0,40,
23,3,8,4,7,4,2,1,0,0,38,
20,3,3,4,7,2,4,1,0,0,40,
17,5,6,4,7,3,4,0,0,0,24,
63,4,13,2,4,0,4,1,0,0,40,
28,1,13,2,5,0,4,1,0,0,65,
51,0,13,2,9,0,4,1,0,0,50,
29,3,13,4,11,1,4,0,3325,0,45,
64,3,10,6,0,4,4,0,0,0,12,
17,3,6,4,7,3,4,1,0,0,25,
45,1,10,0,0,4,2,0,6497,0,35,
18,3,8,4,7,3,2,1,0,0,20,
31,1,9,4,0,3,4,0,0,0,40,
48,5,13,3,11,3,4,1,0,0,50,
41,3,10,4,9,1,4,0,0,0,45,
65,3,15,2,9,0,4,1,20051,0,60,
27,3,11,0,6,1,4,1,0,0,40,
39,3,11,2,3,0,4,1,0,0,40,
51,5,10,0,2,1,4,1,0,0,8,
49,3,14,2,3,0,4,1,0,0,45,
58,8,9,0,14,4,4,1,0,0,40,
36,3,13,2,11,0,4,1,0,1902,45,
25,3,9,4,6,1,2,0,0,0,40,
41,3,10,0,0,4,2,0,0,0,37,
31,3,5,0,0,1,4,0,0,0,40,
63,3,7,2,10,0,4,1,4386,0,37,
50,6,13,0,3,1,4,0,0,0,40,
63,3,10,0,7,1,4,1,0,0,40,
44,5,14,4,4,3,4,1,0,0,99,
48,3,9,0,13,1,4,1,0,0,65,
51,5,10,2,11,0,4,1,0,0,50,
18,3,9,4,0,3,4,0,0,0,15,
23,3,10,4,7,3,4,1,0,0,25,
31,3,9,2,6,0,4,1,5013,0,40,
38,3,9,2,2,0,4,1,0,0,40,
19,8,10,4,14,3,4,1,0,0,20,
56,3,10,2,4,0,4,1,0,0,60,
31,3,4,0,13,4,4,1,0,0,20,
46,3,10,2,0,0,4,1,0,0,40,
39,3,14,2,3,0,4,1,0,0,50,
56,1,9,2,7,0,1,1,0,0,40,
31,3,9,4,3,4,4,0,0,0,40,
42,4,13,2,9,0,4,1,0,1977,40,
53,3,9,2,3,0,4,1,0,0,35,
18,3,7,4,7,3,4,0,0,0,15,
18,8,7,4,14,3,2,1,0,1602,48,
20,8,10,4,14,1,4,0,0,0,35,
27,3,9,2,9,0,4,1,0,1848,45,
31,3,13,4,4,1,4,1,0,0,40,
52,0,14,2,3,0,4,1,5013,0,40,
46,3,9,2,7,0,4,1,0,0,40,
30,3,10,4,7,1,4,1,0,0,24,
26,3,13,4,7,1,4,0,0,0,40,
48,1,14,2,9,0,4,1,0,0,50,
37,3,10,2,2,0,4,1,0,0,40,
29,3,5,2,2,0,4,1,0,0,40,
49,3,9,2,3,0,4,1,7688,0,55,
24,3,9,0,6,1,4,1,0,0,40,
74,5,9,2,11,0,4,1,0,2149,20,
56,5,3,2,3,0,4,1,0,1887,67,
39,0,13,4,0,1,4,1,0,1741,40,
21,3,9,4,13,3,4,1,0,0,40,
29,3,13,4,3,1,4,0,0,2258,45,
43,5,9,0,7,4,4,1,0,0,45,
23,3,13,4,10,1,4,0,2907,0,40,
26,3,9,4,3,1,4,0,0,0,50,
47,3,9,2,13,0,4,1,0,0,60,
27,3,9,2,6,0,4,1,0,0,55,
45,3,9,2,6,0,4,1,0,0,45,
30,3,9,4,10,3,4,1,0,0,70,
35,3,10,2,0,5,4,0,7688,0,20,
33,3,9,2,2,0,4,1,0,0,40,
37,3,9,2,2,0,4,1,0,0,40,
21,3,9,4,4,3,4,1,0,0,20,
42,3,9,2,11,0,4,1,0,0,40,
48,0,9,2,0,0,4,1,0,0,36,
46,3,9,4,2,1,4,0,0,0,48,
36,3,3,5,6,1,4,0,0,0,40,
54,3,9,4,9,1,4,1,0,0,40,
25,3,9,2,0,5,4,0,0,0,40,
26,1,9,0,0,4,4,0,0,0,25,
36,4,9,2,13,0,4,1,0,0,57,
56,5,13,4,9,1,4,1,0,0,20,
37,3,9,2,2,0,4,1,0,0,40,
26,3,13,4,9,1,4,0,0,0,40,
23,3,13,4,7,3,4,0,0,0,25,
23,6,13,4,9,1,4,0,0,0,40,
41,6,13,4,0,1,4,1,0,0,40,
55,3,13,2,3,0,4,1,0,0,50,
39,3,13,2,3,0,4,1,0,0,40,
67,1,12,2,3,0,4,1,0,0,35,
60,3,9,6,11,1,4,0,0,0,50,
54,3,9,6,11,4,4,0,0,0,40,
38,3,14,2,9,0,4,1,0,0,40,
47,3,10,2,6,0,1,1,3103,0,40,
49,6,13,2,9,0,4,1,0,0,42,
19,3,9,4,11,3,4,0,0,0,24,
20,3,10,4,2,4,4,1,0,0,40,
66,3,9,6,11,2,4,0,0,0,35,
22,8,10,4,14,1,2,0,0,0,25,
51,5,14,2,3,0,4,1,0,0,42,
19,3,10,4,3,1,4,1,0,0,40,
36,3,10,0,0,4,4,0,0,0,40,
33,3,9,2,13,0,4,1,0,0,60,
41,3,13,0,11,1,4,1,0,1980,56,
90,3,9,2,2,0,4,1,9386,0,50,
78,8,4,2,14,0,4,1,0,0,60,
36,3,9,0,3,1,4,0,0,0,40,
30,3,15,0,11,3,4,1,0,0,55,
35,3,10,0,3,1,4,1,0,0,40,
46,3,14,2,3,0,4,1,0,0,45,
38,3,9,4,6,2,4,1,0,0,40,
24,3,13,2,9,0,4,1,0,0,40,
40,3,13,2,7,5,4,0,0,0,40,
49,3,4,2,6,0,4,1,0,0,40,
19,3,9,4,7,3,2,1,0,0,30,
77,3,10,6,8,1,4,0,0,0,20,
46,3,9,2,5,0,4,1,0,0,56,
41,3,10,5,2,1,2,1,0,0,40,
28,3,2,4,4,4,4,1,0,0,77,
21,3,9,2,2,0,4,1,0,0,40,
24,3,8,4,4,3,2,1,0,0,40,
36,3,9,2,13,0,2,1,0,0,45,
23,6,10,4,0,3,4,1,0,0,25,
38,0,9,2,13,0,4,1,0,2051,40,
29,5,9,2,2,0,4,1,0,0,40,
38,3,10,2,3,2,4,1,0,0,50,
47,0,13,4,0,4,2,1,0,0,40,
39,1,14,0,9,1,4,0,0,0,40,
40,1,13,2,9,0,4,1,0,0,48,
21,8,10,4,14,3,4,1,0,0,40,
32,3,9,0,0,3,1,0,0,0,40,
23,3,9,4,3,3,4,1,0,0,40,
44,6,9,2,10,0,4,1,0,0,40,
37,3,10,5,7,1,2,1,0,0,40,
70,3,13,6,9,4,4,0,0,0,20,
51,3,14,2,10,0,4,1,0,1977,40,
66,3,5,5,7,1,2,0,0,0,30,
57,4,10,2,3,0,4,1,0,0,40,
36,3,10,2,6,0,4,1,0,0,40,
48,4,13,0,11,1,4,1,0,0,60,
24,8,9,2,14,0,4,1,0,0,40,
51,3,14,2,9,5,4,0,0,0,40,
43,3,13,2,3,0,4,1,0,0,50,
27,3,9,2,2,0,4,1,0,0,60,
32,3,13,4,0,3,4,0,0,0,40,
20,3,10,4,0,3,4,0,0,0,35,
33,3,10,0,0,1,4,0,0,0,40,
19,3,10,4,0,1,4,1,0,0,40,
32,1,10,2,2,0,4,1,0,0,60,
35,3,15,4,9,1,1,1,0,0,40,
26,3,9,2,2,0,4,1,5013,0,60,
39,3,9,4,11,4,4,0,0,0,60,
24,3,13,4,7,3,2,0,0,0,75,
45,3,10,2,3,0,4,1,0,0,40,
20,3,10,4,0,3,4,1,0,0,40,
49,6,13,2,9,2,4,0,0,0,45,
35,6,14,4,9,1,4,0,0,0,40,
30,3,9,4,0,1,4,0,0,0,40,
23,3,10,4,0,3,4,0,0,1617,25,
33,3,13,2,3,0,4,1,0,0,45,
35,3,9,2,13,0,4,1,0,0,50,
31,3,14,2,9,0,4,1,0,0,50,
20,3,7,4,2,1,2,1,0,0,25,
44,3,9,2,2,0,4,1,0,0,40,
33,5,9,2,7,0,2,1,0,0,40,
50,3,10,2,6,0,4,1,0,0,40,
25,3,9,4,0,4,4,0,0,0,40,
28,6,9,2,10,0,4,1,0,0,40,
60,0,13,2,0,0,2,1,0,0,40,
38,0,11,2,2,0,4,1,0,0,40,
38,3,10,2,2,0,2,1,0,0,40,
57,0,13,4,0,1,4,1,0,2258,40,
50,3,9,2,2,0,4,1,0,0,40,
39,1,7,0,0,4,4,0,0,0,40,
69,1,9,2,2,0,4,1,1424,0,6,
51,6,11,0,12,1,4,1,0,2444,39,
42,3,9,2,5,0,2,1,0,0,40,
53,3,13,2,3,0,4,1,0,0,50,
37,3,13,2,5,0,4,1,0,0,40,
37,3,6,2,2,0,4,1,0,0,40,
38,3,9,2,2,0,4,1,7298,0,50,
20,3,10,4,7,3,4,0,0,0,24,
38,6,10,5,0,4,2,0,0,0,38,
52,3,11,2,2,0,4,1,0,0,48,
48,4,11,2,3,0,4,1,0,0,50,
30,3,11,2,6,0,4,1,0,0,40,
37,5,9,2,3,0,4,1,0,1848,65,
47,3,9,2,11,0,4,1,0,0,45,
33,1,13,0,10,4,4,0,0,0,60,
33,3,9,3,7,1,1,0,0,0,35,
20,3,10,4,7,3,4,1,0,0,15,
41,6,13,0,3,1,4,1,0,0,40,
32,3,10,2,13,0,4,1,0,1485,45,
54,5,9,2,3,0,1,1,0,0,50,
36,0,13,2,3,5,4,0,0,0,40,
46,3,13,4,9,1,4,0,0,0,40,
45,3,13,2,3,0,4,1,0,0,40,
18,3,10,4,7,3,4,0,0,0,16,
62,3,10,2,13,0,4,1,0,0,60,
33,3,9,2,6,0,4,1,0,0,40,
42,3,9,0,2,4,4,1,0,0,40,
18,3,10,4,9,3,4,0,0,0,40,
32,3,11,0,0,4,4,0,0,0,40,
43,3,4,2,13,0,2,1,0,0,40,
20,3,9,4,7,4,2,0,0,0,25,
50,3,13,0,11,1,4,1,0,0,45,
42,1,16,2,3,0,4,1,0,0,43,
36,3,9,2,2,0,4,1,0,0,40,
22,3,9,4,2,3,4,1,0,0,40,
30,3,9,2,2,0,2,1,0,0,40,
33,5,9,4,2,1,4,1,0,0,40,
43,1,12,2,12,0,4,1,0,0,43,
38,3,10,2,6,0,4,1,0,0,40,
34,1,13,4,7,1,4,1,0,0,14,
40,3,10,5,0,4,4,0,0,0,45,
40,3,9,2,6,0,4,1,0,0,40,
41,1,15,2,9,0,4,1,0,0,50,
57,3,10,2,11,0,4,1,0,0,50,
65,1,14,2,9,0,4,1,0,1648,4,
52,0,10,2,7,0,4,1,0,0,50,
59,3,15,2,9,0,1,1,99999,0,40,
18,3,9,4,5,3,4,1,2176,0,25,
48,3,12,2,9,0,4,1,0,0,45,
45,3,3,0,13,4,4,1,0,0,40,
24,3,9,2,10,0,4,1,0,0,40,
27,6,12,4,10,1,4,1,0,0,40,
40,3,14,2,3,0,4,1,15024,0,50,
44,6,13,2,0,0,4,1,5013,0,40,
24,3,9,4,4,3,2,1,0,0,50,
71,3,15,2,9,0,4,1,0,0,16,
17,3,8,4,11,3,4,1,0,0,40,
57,5,10,2,2,0,4,1,3137,0,40,
71,8,13,2,14,0,4,1,9386,0,30,
37,3,16,2,9,0,1,1,0,0,40,
33,3,9,2,5,0,4,1,0,0,40,
41,3,9,2,7,0,4,1,0,0,40,
25,3,13,4,0,3,4,0,0,0,40,
42,5,9,2,4,0,4,1,0,0,15,
18,8,7,4,14,4,2,0,0,0,50,
34,3,9,4,5,1,4,1,0,0,40,
57,8,6,2,14,5,4,0,0,0,40,
27,1,13,4,9,1,4,0,0,0,45,
46,8,13,0,14,1,4,0,0,0,8,
64,8,7,6,14,1,4,0,3674,0,35,
24,3,13,4,9,3,4,1,0,0,20,
23,3,13,4,5,3,4,1,0,0,30,
33,3,10,2,9,0,4,1,0,0,40,
58,4,11,0,11,1,4,1,2202,0,56,
25,3,5,2,5,0,4,1,0,0,40,
44,3,14,4,9,1,4,0,0,0,55,
53,0,9,2,9,0,4,1,0,0,40,
38,1,9,2,0,5,4,0,0,0,35,
36,3,13,4,9,1,4,0,0,0,45,
25,6,9,4,3,1,4,1,0,0,40,
54,0,13,0,3,4,4,0,0,0,40,
31,3,8,5,13,4,2,1,0,0,40,
18,6,9,4,0,3,4,1,0,0,40,
40,3,9,0,7,1,2,1,0,0,40,
26,3,10,2,11,5,2,0,0,0,40,
68,8,16,2,14,0,4,1,20051,0,50,
33,3,13,4,9,1,4,1,2202,0,50,
22,3,12,4,3,1,4,1,0,0,55,
50,6,10,2,2,0,4,1,0,0,40,
24,8,13,4,14,3,4,1,0,0,30,
44,3,9,0,0,1,4,0,0,0,40,
37,3,9,4,7,4,2,1,0,0,40,
34,5,13,2,2,0,4,1,0,0,40,
45,0,10,6,12,1,4,0,0,0,45,
77,8,14,2,14,0,4,1,0,0,8,
25,3,6,2,7,3,4,0,0,0,35,
20,3,10,5,11,4,2,0,0,0,40,
46,0,9,4,0,1,0,1,0,0,40,
26,3,12,4,12,3,4,1,0,0,40,
45,3,2,2,7,5,4,0,0,0,25,
70,8,9,6,14,4,4,0,0,0,4,
57,3,9,2,13,0,4,1,0,0,40,
28,3,11,4,11,1,4,1,0,0,40,
35,8,12,2,14,5,4,0,0,0,16,
36,3,10,2,11,0,4,1,7688,0,45,
32,3,9,4,5,1,4,0,0,0,40,
29,3,13,4,11,1,4,1,0,0,50,
36,3,13,0,9,4,4,1,0,0,45,
19,3,9,4,5,3,4,1,0,0,30,
27,3,13,4,12,4,1,0,0,0,20,
48,3,14,2,13,0,4,1,0,0,55,
49,5,13,2,2,0,4,1,0,0,50,
55,3,14,2,12,0,4,1,0,1977,20,
61,3,9,0,4,1,4,0,0,0,82,
42,1,10,2,3,0,4,1,15024,0,40,
42,0,12,0,0,1,4,0,0,0,40,
30,1,11,2,10,0,4,1,0,0,40,
32,5,9,2,6,0,4,1,0,0,40,
37,3,10,2,13,0,4,1,0,0,40,
35,3,10,2,2,0,4,1,0,0,45,
30,3,11,3,0,1,4,0,0,0,40,
30,3,15,2,9,0,1,1,0,0,20,
55,3,10,2,3,0,4,1,0,0,70,
36,3,10,2,13,0,4,1,0,0,40,
33,3,9,4,7,3,4,1,0,0,48,
56,1,13,2,9,0,4,1,0,0,40,
26,3,11,2,2,0,4,1,0,2002,40,
37,3,9,2,6,0,4,1,0,0,40,
28,3,9,4,11,3,4,1,0,0,60,
38,3,9,2,13,0,4,1,0,0,50,
76,8,9,2,14,0,4,1,0,0,20,
35,8,10,4,14,4,2,0,0,0,40,
48,3,10,6,0,4,4,0,0,0,43,
35,3,12,2,2,0,4,1,0,0,40,
39,1,13,2,2,0,4,1,0,0,40,
64,3,9,2,7,0,4,1,0,0,40,
22,3,9,4,0,4,2,0,0,0,40,
45,1,13,2,11,0,4,1,0,0,40,
27,3,3,2,13,0,4,1,0,0,40,
43,6,9,0,0,4,4,0,0,0,50,
23,3,10,4,7,3,4,0,0,0,37,
25,3,6,4,5,3,2,1,0,1602,40,
39,3,14,2,9,0,4,1,0,0,50,
63,3,9,2,11,5,4,0,0,0,35,
37,3,15,2,9,0,4,1,0,0,40,
26,0,9,2,0,0,3,1,0,0,40,
33,3,13,4,9,1,4,1,0,0,40,
45,4,13,2,3,5,1,0,0,0,70,
28,3,10,4,0,1,4,0,0,0,40,
20,3,10,4,7,3,4,0,0,0,20,
34,3,9,2,0,5,4,0,0,0,20,
34,3,10,2,13,0,4,1,0,0,40,
41,3,9,2,3,0,4,1,0,0,40,
38,3,10,2,11,0,4,1,0,0,50,
36,3,13,2,3,0,4,1,7688,0,40,
38,3,10,2,7,0,1,1,0,0,40,
46,4,13,2,11,0,4,1,99999,0,72,
43,5,13,2,11,5,1,0,0,0,60,
49,3,10,6,11,4,4,0,0,0,30,
26,1,13,4,9,3,4,0,0,0,35,
28,3,9,0,0,1,4,0,0,0,35,
54,4,9,2,2,0,4,1,0,0,40,
53,3,9,4,2,1,3,0,0,0,40,
24,3,10,4,5,3,4,1,0,0,50,
23,3,10,4,3,3,4,1,0,0,30,
55,1,9,0,0,1,4,0,0,0,40,
58,5,5,5,2,1,4,1,0,0,40,
26,3,9,4,12,2,2,1,0,0,40,
19,3,6,4,7,2,2,0,0,0,20,
28,8,10,4,14,4,4,0,0,0,40,
45,3,10,4,11,1,4,1,0,0,52,
30,3,10,2,2,0,4,1,0,0,45,
76,3,9,6,7,4,4,0,0,0,33,
47,3,9,5,0,4,4,0,0,0,40,
34,3,10,0,13,1,4,1,2174,0,40,
40,3,10,2,0,5,4,0,0,0,35,
24,3,9,5,7,4,4,0,0,0,25,
30,3,13,2,9,5,4,0,7688,0,50,
67,3,10,2,13,0,4,1,10605,0,10,
24,3,9,2,6,5,4,0,0,0,40,
43,1,10,0,0,4,4,0,0,0,40,
29,3,8,4,2,4,4,1,0,0,40,
40,3,9,2,6,0,4,1,0,0,40,
61,0,10,2,9,0,4,1,0,0,40,
45,1,16,2,3,0,4,1,7688,0,45,
21,6,10,4,12,1,4,0,0,0,50,
58,3,9,2,3,0,4,1,7688,0,40,
52,3,10,2,12,0,4,1,0,0,40,
34,3,9,4,0,3,4,1,0,0,40,
20,3,10,4,9,2,2,0,594,0,20,
25,8,10,4,14,1,4,1,0,0,40,
46,3,9,2,6,0,4,1,0,0,40,
54,3,10,0,3,1,4,0,0,0,40,
43,6,14,2,9,0,4,1,0,0,40,
25,3,5,2,6,0,4,1,0,0,40,
21,3,12,4,0,1,4,0,0,0,25,
65,3,10,0,9,1,4,1,11678,0,50,
37,3,9,0,7,1,4,1,0,0,40,
29,3,9,0,7,1,4,1,10520,0,40,
44,3,13,2,3,0,4,1,0,0,40,
37,0,10,2,0,0,4,1,7688,0,40,
38,3,10,2,7,5,2,0,0,0,40,
35,3,10,2,11,0,4,1,5013,0,70,
32,3,9,2,0,0,4,1,0,0,40,
44,5,10,5,11,4,4,1,0,0,60,
39,8,13,2,14,5,4,0,0,0,30,
23,3,10,4,7,2,4,0,0,0,25,
25,4,13,4,11,1,4,1,0,0,45,
23,3,10,4,11,3,4,0,0,0,28,
47,3,10,2,2,0,4,1,0,0,40,
47,3,7,0,2,1,4,0,0,0,45,
25,3,9,4,5,1,4,1,0,0,40,
35,3,10,2,2,0,4,1,0,0,45,
68,8,4,2,14,0,0,1,0,0,40,
50,3,11,2,12,0,4,1,3103,0,40,
47,3,9,0,6,4,4,0,0,0,40,
35,3,16,2,3,0,4,1,0,0,45,
24,3,9,4,0,1,4,1,0,0,40,
21,3,9,4,6,3,4,1,2176,0,40,
35,3,13,0,9,1,4,0,0,0,40,
30,3,13,2,7,5,1,0,0,0,40,
17,3,7,4,7,3,2,1,0,0,20,
49,8,9,5,14,4,4,0,0,0,40,
27,3,3,4,7,1,4,1,0,0,60,
22,3,9,4,11,3,2,0,0,0,15,
22,6,10,4,0,3,4,0,0,0,40,
50,3,9,2,2,0,4,1,0,0,2,
51,5,11,2,12,0,4,1,0,0,38,
27,3,13,2,12,0,4,1,0,0,30,
27,3,13,4,9,1,4,0,0,0,20,
23,2,4,0,14,1,4,1,0,0,35,
20,6,9,4,7,1,4,0,0,0,40,
42,3,9,2,3,0,4,1,0,0,48,
32,3,9,2,2,0,4,1,99999,0,40,
45,3,13,2,3,0,4,1,0,0,38,
35,3,4,6,7,4,4,0,0,0,80,
22,3,9,2,2,3,4,1,0,0,40,
34,3,10,4,0,4,4,0,0,0,38,
28,3,13,4,0,1,4,0,0,0,40,
38,3,13,0,8,4,4,0,0,0,24,
48,1,10,2,10,0,4,1,0,0,42,
22,8,10,4,14,1,4,1,0,0,40,
34,3,14,2,2,0,4,1,0,0,40,
25,3,9,2,0,5,4,0,0,0,50,
23,1,9,4,9,1,4,0,0,0,40,
38,3,10,2,11,0,4,1,0,0,60,
43,3,9,4,7,4,2,0,0,0,40,
49,1,9,2,6,0,2,1,0,0,40,
23,3,10,0,0,1,4,1,0,0,40,
57,3,9,0,0,1,4,0,0,0,40,
24,3,13,4,12,3,4,1,0,0,40,
44,4,10,2,2,0,4,1,0,0,58,
34,3,12,0,2,1,4,1,0,0,50,
29,1,10,2,9,0,4,1,0,0,40,
29,3,7,4,7,4,2,0,0,0,40,
35,3,9,2,13,0,4,1,0,0,50,
48,3,9,2,2,0,4,1,0,0,40,
38,3,9,4,2,1,4,1,0,0,36,
42,1,9,0,10,4,4,0,0,0,50,
53,3,10,6,3,4,4,0,0,0,40,
29,3,15,4,9,1,4,0,0,0,55,
59,3,13,2,11,0,4,1,0,0,72,
31,3,9,4,2,4,4,1,0,0,40,
34,3,9,2,2,0,4,1,0,0,40,
51,3,13,0,3,1,4,1,0,2559,50,
25,3,9,4,6,3,4,1,4416,0,40,
28,8,9,0,14,3,4,0,0,0,10,
30,3,9,2,2,0,4,1,0,1848,40,
46,3,9,0,5,1,4,0,0,0,48,
45,3,9,4,7,4,2,0,0,0,40,
23,3,10,4,3,2,2,0,0,0,40,
33,3,12,0,6,1,4,0,0,0,42,
44,3,13,2,12,5,4,0,0,0,20,
25,3,9,4,7,3,4,1,0,0,40,
48,6,10,0,7,3,4,1,0,0,40,
23,3,9,4,11,1,4,0,0,0,40,
33,5,11,2,9,5,4,0,3103,0,50,
20,3,10,2,11,2,4,0,0,0,30,
23,3,13,4,9,1,4,0,0,0,40,
71,3,9,6,0,1,4,0,0,0,40,
22,6,13,4,9,1,4,0,0,0,40,
36,3,13,2,9,0,4,1,15024,0,50,
27,3,7,4,2,2,4,1,0,0,60,
40,3,9,4,7,1,4,0,0,0,35,
30,3,10,0,6,4,4,1,0,0,50,
30,6,11,2,10,0,4,1,0,0,40,
30,3,10,2,6,0,4,1,0,0,40,
35,3,13,2,9,0,4,1,5013,0,40,
39,3,9,4,0,4,2,0,0,0,40,
39,0,9,2,0,0,4,1,0,0,50,
74,3,3,2,13,0,2,1,0,0,40,
32,4,10,2,3,0,4,1,15024,0,50,
25,3,9,2,13,0,2,1,0,0,40,
64,3,10,0,3,4,4,0,0,0,40,
47,5,9,2,6,0,4,1,7298,0,40,
37,3,13,2,3,5,4,0,0,0,37,
47,3,9,2,2,0,4,1,0,0,40,
33,3,9,2,6,0,4,1,0,0,40,
40,3,11,0,9,4,4,0,0,0,40,
22,3,9,4,7,1,2,1,0,0,80,
56,3,9,2,6,0,4,1,0,0,40,
37,3,9,4,0,3,4,0,0,0,55,
30,4,10,2,3,0,4,1,0,0,70,
20,3,8,4,9,1,4,0,0,0,35,
53,6,14,2,3,0,4,1,15024,0,38,
43,3,13,2,2,0,4,1,0,0,48,
23,3,9,2,13,0,4,1,0,0,40,
43,5,9,2,2,0,4,1,0,0,30,
30,3,9,4,5,3,4,1,0,0,40,
20,3,10,4,0,3,4,0,0,0,46,
22,3,11,4,2,3,4,1,0,0,40,
38,3,13,4,3,1,4,1,0,0,50,
54,5,10,2,11,0,4,1,0,0,40,
23,3,9,4,2,1,4,1,0,0,40,
46,3,9,2,13,0,2,1,0,0,40,
59,3,6,2,6,0,4,1,0,0,40,
28,8,6,0,14,1,4,1,0,0,50,
18,8,8,4,14,1,4,1,0,0,25,
41,1,11,4,7,1,4,1,0,0,40,
42,3,11,2,13,0,4,1,0,0,48,
58,3,10,2,3,0,4,1,0,0,40,
24,3,9,2,11,0,4,1,0,0,50,
39,3,13,2,0,0,4,1,0,0,45,
28,3,13,4,12,1,4,0,0,1980,35,
25,3,14,4,11,1,4,1,0,0,55,
29,3,10,0,11,4,4,0,0,0,54,
53,3,3,2,2,0,4,1,0,0,40,
63,1,9,2,10,0,4,1,0,0,40,
26,6,11,0,3,1,4,0,0,0,38,
21,3,9,4,5,1,4,1,3674,0,50,
45,3,10,2,2,0,4,1,0,0,40,
29,3,11,4,0,3,4,0,0,0,40,
72,1,16,2,3,0,4,1,0,1258,40,
51,3,6,3,2,2,4,1,0,0,40,
21,3,5,3,5,3,4,1,0,0,40,
38,3,10,0,11,4,2,0,0,0,40,
38,3,13,2,9,5,4,0,0,0,40,
46,3,14,2,9,0,4,1,0,0,41,
31,5,13,0,3,4,4,1,0,0,60,
68,1,6,5,7,1,2,0,0,0,90,
43,8,9,2,14,0,4,1,0,0,40,
21,3,9,4,11,3,4,1,0,0,40,
44,3,13,2,9,0,4,1,0,0,3,
56,0,16,2,9,0,4,1,0,0,40,
20,8,9,4,14,3,4,1,0,0,12,
36,3,9,2,2,0,4,1,5178,0,40,
21,3,9,4,0,1,4,0,0,0,25,
21,3,10,4,10,1,2,0,99999,0,40,
52,1,10,2,2,0,4,1,0,0,40,
56,4,16,2,9,0,4,1,99999,0,70,
52,3,13,6,7,1,4,0,0,2824,20,
51,5,13,2,3,0,4,1,0,0,25,
29,3,9,0,6,4,4,1,0,0,40,
36,3,10,4,2,1,2,1,0,0,55,
29,3,9,2,4,0,4,1,0,0,55,
21,3,9,4,11,3,4,0,0,0,30,
58,3,2,2,4,0,4,1,0,0,40,
37,3,9,4,6,1,4,1,0,0,40,
50,3,10,0,2,1,2,0,0,0,45,
30,3,9,4,5,1,4,1,0,0,50,
29,3,9,4,4,3,2,1,0,0,30,
48,5,9,2,2,0,4,1,0,0,40,
50,5,4,2,4,0,4,1,0,0,40,
39,3,12,2,0,5,4,0,0,0,25,
35,0,15,2,9,0,4,1,0,0,55,
54,3,9,2,12,0,4,1,7688,0,25,
24,3,9,2,7,5,4,0,0,0,25,
20,3,9,4,5,2,4,1,0,0,45,
30,5,10,2,11,0,0,1,0,0,55,
19,5,9,4,0,3,1,0,0,0,30,
26,3,9,4,11,1,2,1,0,0,40,
38,3,9,2,11,0,4,1,0,1977,99,
25,3,10,4,7,1,4,0,0,0,40,
33,3,10,0,2,4,4,1,0,0,50,
60,1,13,2,9,0,4,1,7298,0,40,
30,3,10,4,5,1,4,1,0,0,40,
30,3,13,4,9,1,4,1,0,0,40,
19,3,4,4,7,1,4,0,0,0,40,
23,3,9,4,2,3,4,1,0,0,40,
27,3,10,2,9,0,4,1,0,0,40,
20,8,10,4,14,1,4,1,0,0,40,
39,6,12,2,10,0,4,1,0,0,52,
33,3,4,2,4,0,4,1,0,0,45,
65,3,9,2,4,0,4,1,0,0,24,
34,3,13,2,3,0,4,1,0,0,50,
20,3,9,4,11,3,4,0,0,0,25,
23,8,10,4,14,1,4,1,0,0,40,
25,3,6,4,2,3,4,1,0,0,40,
28,3,13,4,3,1,4,0,0,1564,50,
31,3,7,4,5,3,4,1,0,0,25,
28,6,13,4,9,3,4,1,6849,0,40,
37,3,9,0,7,1,4,0,0,0,40,
52,3,10,2,3,0,4,1,0,1977,50,
66,0,11,6,7,4,2,0,3273,0,40,
31,3,9,4,7,1,4,1,0,0,40,
37,3,13,2,3,0,4,1,0,0,50,
45,0,13,2,0,0,4,1,5013,0,45,
45,3,12,0,3,4,4,1,0,0,40,
44,3,9,2,11,0,4,1,0,0,60,
32,1,13,0,9,1,4,1,0,0,40,
35,3,9,2,6,0,4,1,0,0,60,
53,3,7,0,13,1,4,1,0,0,40,
54,3,10,2,2,0,4,1,3103,0,40,
43,3,11,2,2,0,4,1,0,0,40,
30,3,10,4,2,4,4,1,0,0,40,
49,3,10,0,3,1,4,1,3325,0,50,
52,3,16,2,3,0,4,1,0,0,57,
20,3,10,4,0,3,4,0,0,0,4,
60,0,9,2,12,0,4,1,0,1977,40,
45,3,12,0,6,3,4,1,0,0,40,
48,3,13,2,3,0,4,1,7298,0,60,
28,3,13,2,11,0,4,1,0,0,60,
61,8,15,2,14,0,4,1,0,0,40,
48,1,10,2,3,0,4,1,0,0,40,
32,3,10,2,12,0,4,1,0,0,45,
27,5,9,4,2,1,4,1,0,0,30,
38,3,13,2,7,0,4,1,0,0,35,
33,3,3,3,13,4,3,1,0,0,20,
43,3,14,0,3,1,4,0,0,0,50,
36,3,9,5,13,2,4,1,0,0,60,
38,3,7,2,13,0,4,1,0,0,40,
24,1,9,4,12,1,4,0,0,0,40,
22,3,6,4,2,3,4,1,0,0,40,
30,3,13,4,7,1,4,1,0,0,40,
55,8,14,2,14,0,4,1,0,0,40,
46,5,15,2,3,0,4,1,15024,0,55,
39,6,9,2,10,0,4,1,0,0,50,
50,3,9,2,6,0,4,1,0,1485,40,
34,3,11,3,0,4,4,0,0,974,40,
47,6,13,2,9,0,4,1,0,0,60,
46,3,9,2,11,0,4,1,0,0,40,
23,8,9,4,14,3,4,1,0,0,60,
43,3,10,0,12,3,4,0,0,1617,72,
45,3,9,0,6,4,4,1,0,0,40,
55,3,13,2,2,2,4,1,0,0,40,
68,3,9,2,2,0,4,1,0,0,8,
39,3,11,2,6,0,4,1,0,0,40,
39,3,9,0,4,1,4,0,0,0,40,
37,3,13,4,2,1,4,1,0,0,40,
19,3,10,4,13,3,4,1,0,0,40,
20,3,7,4,2,3,4,1,0,0,20,
49,8,11,3,14,4,4,0,0,0,40,
33,3,10,2,2,0,4,1,0,0,40,
21,3,9,4,7,1,4,1,0,0,35,
72,8,13,2,14,0,4,1,0,0,3,
58,1,14,6,9,4,4,1,0,0,35,
43,4,9,4,3,1,2,1,0,0,55,
62,3,7,5,7,1,2,0,0,0,21,
21,3,10,4,4,3,4,1,0,0,20,
26,3,10,2,3,0,4,1,0,0,60,
27,3,5,2,2,0,4,1,0,0,40,
34,3,10,2,9,0,4,1,0,1902,38,
49,1,9,0,7,4,4,0,0,0,40,
28,3,9,4,9,2,4,0,0,0,40,
34,5,13,2,9,0,2,1,0,1887,48,
29,3,10,2,0,5,4,0,0,0,40,
58,3,6,2,13,0,4,1,0,0,50,
45,4,9,0,3,1,4,0,0,0,40,
47,5,13,4,2,1,4,0,0,0,40,
53,3,9,2,2,0,4,1,0,0,40,
52,1,6,2,2,0,4,1,5013,0,40,
47,3,7,0,7,4,4,0,0,0,15,
36,1,13,2,9,0,4,1,0,1887,40,
48,3,13,2,3,0,4,1,7688,0,65,
35,3,10,2,3,0,4,1,0,0,40,
49,3,13,2,3,0,4,1,0,1902,50,
43,3,10,2,13,0,4,1,0,0,45,
33,3,13,2,3,0,4,1,0,0,50,
49,1,12,2,0,0,4,1,0,0,40,
17,3,6,4,7,1,4,1,0,0,20,
28,8,10,0,14,1,4,0,0,0,30,
25,3,13,4,12,1,4,1,0,0,40,
69,8,5,2,14,0,4,1,0,0,20,
41,5,11,0,11,1,4,1,0,0,60,
31,3,13,2,0,0,4,1,0,0,40,
57,3,14,0,3,4,4,1,0,0,40,
49,3,10,2,9,0,4,1,0,1848,44,
40,3,13,2,9,0,4,1,0,0,40,
55,3,11,2,9,0,4,1,0,1977,50,
47,3,10,0,3,1,4,1,0,0,60,
50,3,8,0,13,1,4,1,0,0,40,
36,3,13,4,9,3,4,1,0,0,50,
17,3,7,4,5,3,4,1,0,0,25,
30,1,9,2,10,0,4,1,0,0,40,
79,8,9,2,14,0,4,1,0,0,40,
42,3,9,2,6,0,4,1,0,0,40,
67,5,9,2,4,0,4,1,0,0,50,
36,3,9,2,6,0,4,1,0,0,45,
35,3,14,2,3,0,4,1,0,0,50,
27,3,13,4,9,1,4,0,0,0,40,
21,3,4,4,6,3,4,1,0,0,40,
46,3,9,2,9,0,4,1,0,0,40,
45,3,13,2,11,0,4,1,0,1902,45,
20,3,7,4,12,2,4,1,0,0,40,
17,3,7,4,7,3,4,1,0,0,20,
40,3,10,0,7,1,2,1,4787,0,50,
28,3,13,2,3,0,4,1,0,0,40,
33,3,7,4,2,3,4,1,0,0,40,
55,3,9,0,11,1,4,0,0,0,40,
55,5,10,2,2,0,4,1,0,0,50,
47,3,9,5,2,4,2,0,0,0,40,
52,4,14,2,9,0,4,1,15024,0,60,
29,3,10,4,11,4,4,0,0,0,40,
36,3,3,4,7,1,4,1,0,0,35,
37,3,13,5,7,1,4,1,0,0,70,
41,0,9,4,0,1,4,0,0,1980,40,
43,3,10,2,6,0,4,1,0,0,48,
24,3,4,2,4,0,4,1,2105,0,50,
39,0,13,4,9,1,4,0,0,0,60,
47,5,13,2,3,0,4,1,0,0,50,
42,3,9,0,3,4,4,0,0,0,45,
39,3,9,4,2,3,4,1,0,2258,42,
48,1,13,0,9,4,4,0,0,0,60,
47,1,14,2,3,0,2,1,0,1977,50,
27,3,6,2,5,0,4,1,0,0,40,
29,3,9,2,2,0,4,1,0,0,40,
22,3,11,4,7,1,4,0,0,0,30,
37,6,9,5,2,1,4,1,0,0,44,
38,3,13,2,3,0,4,1,0,0,60,
32,3,1,2,6,5,1,0,4508,0,40,
48,1,14,0,9,4,4,0,0,0,80,
46,5,9,2,3,5,4,0,0,0,50,
51,3,9,4,7,1,2,0,0,0,38,
28,4,13,2,3,0,4,1,5013,0,55,
35,3,9,2,0,0,4,1,0,0,40,
18,3,7,4,2,3,4,1,0,0,30,
45,3,9,5,2,4,2,0,0,0,40,
36,5,9,4,13,3,4,1,0,0,40,
73,3,10,6,8,4,4,0,0,0,10,
52,3,13,2,3,0,4,1,0,0,40,
17,3,6,4,7,3,4,0,0,0,40,
29,0,11,2,2,0,4,1,0,0,40,
31,3,9,2,0,5,4,0,0,0,40,
20,3,10,4,4,3,4,1,0,0,10,
42,3,9,2,2,0,4,1,5178,0,40,
37,3,10,5,7,2,4,0,0,0,40,
40,3,9,2,13,0,4,1,0,0,40,
32,3,12,2,0,0,4,1,0,0,45,
29,3,14,2,9,0,4,1,0,0,55,
20,3,10,4,6,3,4,0,0,0,40,
26,3,7,2,0,0,4,1,0,0,40,
25,3,13,4,9,1,4,1,3674,0,30,
37,3,9,2,12,0,4,1,0,0,80,
18,8,8,4,14,3,4,0,0,0,24,
33,8,10,2,14,5,4,0,0,0,50,
26,3,10,2,2,0,4,1,0,0,40,
24,3,9,4,11,3,4,0,0,0,30,
33,3,9,2,7,3,4,0,0,0,25,
23,3,9,4,2,3,0,1,0,0,40,
20,8,6,4,14,3,2,1,0,0,40,
36,3,10,4,11,1,4,1,0,0,50,
37,3,13,6,9,1,4,0,0,0,50,
24,3,11,4,6,3,4,1,0,0,35,
38,3,12,2,2,0,4,1,0,0,50,
50,3,13,0,9,4,4,0,0,0,45,
44,3,7,2,0,0,4,1,0,0,40,
46,3,9,2,6,0,4,1,0,1887,40,
57,3,10,4,2,1,2,0,0,0,40,
37,3,9,2,2,0,4,1,0,0,70,
44,3,9,0,6,1,4,1,0,0,55,
21,3,10,4,7,3,4,0,0,0,30,
31,3,9,2,2,0,4,1,0,0,40,
32,3,11,2,9,0,4,1,7298,0,42,
45,3,9,3,7,4,2,0,0,0,60,
20,1,9,4,5,3,4,1,0,0,40,
52,3,9,5,8,1,4,0,0,0,50,
47,5,9,2,3,0,4,1,0,0,25,
41,3,10,2,0,5,4,0,0,0,40,
40,3,10,2,11,0,4,1,0,0,60,
41,6,13,2,9,5,4,0,0,0,40,
46,3,13,2,3,0,4,1,0,1902,50,
49,3,9,2,6,5,4,0,0,0,40,
65,3,10,0,0,4,4,0,0,0,40,
50,3,9,2,6,2,1,0,0,0,40,
59,3,9,2,13,0,4,1,0,0,40,
18,3,10,4,0,3,4,0,0,0,25,
47,1,14,2,9,0,4,1,7688,0,45,
47,8,9,2,14,0,4,1,5178,0,30,
45,3,9,2,6,0,4,1,0,0,45,
17,3,7,4,11,3,4,0,0,0,40,
45,4,9,2,11,0,4,1,0,0,32,
73,3,7,2,6,0,4,1,0,0,40,
48,3,6,2,6,0,2,1,0,0,40,
64,8,9,2,14,5,4,0,0,0,20,
38,6,12,4,3,1,4,1,0,0,60,
37,0,9,2,0,0,4,1,0,0,50,
62,4,9,2,3,0,2,1,20051,0,72,
26,3,9,4,0,1,2,1,0,0,40,
46,4,14,2,3,5,4,0,0,0,50,
46,3,14,2,12,0,4,1,0,1977,40,
51,3,9,0,0,4,4,0,4787,0,24,
54,0,10,0,0,1,4,0,0,0,40,
65,3,10,2,3,0,4,1,0,0,40,
29,3,12,2,2,0,4,1,0,0,45,
37,3,9,2,7,0,4,1,0,0,40,
36,5,16,5,9,4,4,0,0,0,10,
60,5,9,0,2,1,4,1,0,0,50,
33,3,13,4,5,1,4,1,0,2001,40,
62,3,9,6,0,1,4,0,0,0,20,
20,3,9,4,0,1,4,0,0,0,40,
37,3,9,4,12,1,4,0,14084,0,35,
66,3,14,2,9,0,4,1,2936,0,20,
32,8,12,4,14,4,4,1,0,0,20,
29,6,10,2,0,0,4,1,0,0,40,
70,4,10,2,11,0,4,1,10566,0,40,
74,3,9,2,7,0,4,1,0,0,15,
37,1,9,2,2,0,4,1,0,0,40,
51,5,9,2,2,0,4,1,0,0,40,
50,3,10,2,13,0,4,1,0,0,50,
42,3,9,4,11,1,4,1,0,0,60,
26,3,13,4,9,1,4,1,0,0,70,
27,1,10,4,10,1,4,1,0,2231,40,
58,5,9,0,3,1,4,1,0,0,70,
30,8,10,5,14,1,4,1,0,0,60,
32,3,13,4,9,1,4,1,0,1876,50,
66,4,9,2,11,0,4,1,0,1825,10,
23,3,10,4,11,3,4,1,0,0,45,
35,3,9,2,6,0,4,1,0,0,44,
50,3,13,2,2,0,4,1,0,0,50,
17,8,7,4,14,3,4,0,0,0,40,
35,3,9,0,2,4,4,0,0,0,48,
31,3,9,4,0,1,4,0,0,0,50,
30,3,7,4,5,3,4,1,0,0,49,
84,4,10,2,11,0,4,1,0,0,35,
35,5,9,4,2,1,2,1,0,0,40,
45,5,11,2,4,0,4,1,0,0,50,
46,3,9,4,2,3,4,1,0,0,40,
50,1,10,2,4,0,4,1,0,0,40,
37,3,7,4,6,1,4,1,0,0,40,
32,3,9,0,7,3,4,0,0,0,40,
53,4,13,2,3,0,4,1,0,1902,48,
27,0,10,2,12,0,4,1,0,0,40,
22,3,9,2,13,0,4,1,0,0,40,
29,3,13,2,12,0,4,1,0,0,40,
35,3,9,2,11,0,4,1,0,0,44,
38,3,10,2,5,5,4,0,0,0,35,
29,3,4,2,4,0,4,1,0,0,40,
26,3,10,4,5,2,1,1,0,0,44,
34,3,15,4,9,1,1,0,0,0,40,
31,3,11,2,2,0,4,1,0,0,40,
30,3,10,2,2,0,4,1,0,2051,40,
20,3,10,4,7,3,4,1,0,0,40,
37,3,14,0,9,4,4,1,0,0,48,
32,3,9,2,0,5,4,0,0,0,20,
36,3,12,0,11,4,4,0,0,0,40,
54,3,14,2,9,0,1,1,7298,0,40,
78,8,4,2,14,0,4,1,0,0,40,
46,5,10,0,3,4,4,0,0,0,50,
18,3,9,4,11,3,0,0,0,0,20,
57,3,10,2,10,0,4,1,0,0,50,
37,3,9,2,5,0,4,1,0,0,40,
43,3,9,2,2,0,4,1,0,0,40,
45,3,9,4,3,1,2,0,0,0,40,
32,3,10,0,0,4,4,0,0,0,40,
38,0,9,2,0,0,4,1,0,0,40,
25,3,12,4,12,1,4,0,0,2001,30,
70,3,10,0,4,1,1,1,0,0,40,
40,3,10,2,6,0,4,1,0,0,50,
40,5,9,0,2,1,4,1,0,0,40,
20,3,9,4,2,4,4,1,0,0,40,
29,3,9,2,3,0,4,1,0,0,40,
24,3,11,4,2,1,4,1,0,0,55,
28,3,11,4,3,3,2,0,0,0,40,
58,3,6,0,13,1,2,1,0,0,50,
38,3,13,0,0,4,1,0,0,213,40,
59,5,10,6,4,1,4,0,6849,0,40,
18,3,7,4,0,3,4,0,0,0,15,
40,3,9,2,6,0,4,1,0,0,40,
39,4,14,2,3,0,4,1,0,0,50,
35,3,13,2,3,0,1,1,0,1887,50,
45,3,9,3,2,1,4,1,0,0,72,
62,8,13,0,14,1,4,1,0,0,5,
24,6,9,4,0,4,2,0,0,0,20,
22,3,10,4,0,3,2,1,0,0,30,
23,3,13,2,3,0,4,1,0,0,40,
39,5,10,5,2,1,4,1,0,0,60,
28,3,11,4,12,3,4,0,0,0,38,
51,3,7,2,11,0,4,1,4386,0,30,
44,3,13,4,0,3,4,0,0,0,37,
73,8,2,2,14,0,4,1,0,0,40,
24,3,9,2,4,0,2,1,0,0,35,
24,3,7,2,11,0,4,1,0,0,40,
52,3,2,2,2,0,3,1,0,0,50,
43,3,9,4,5,1,4,1,0,0,40,
67,4,8,2,3,0,4,1,0,0,20,
31,3,8,4,5,1,2,1,0,0,40,
36,3,9,2,2,0,4,1,7688,0,50,
43,3,12,2,13,0,4,1,0,0,40,
31,3,4,0,5,2,4,1,0,0,70,
23,3,10,4,0,3,2,1,0,0,20,
26,3,13,4,5,3,4,1,0,0,40,
48,3,10,2,9,0,4,1,0,0,40,
40,3,10,2,2,0,4,1,0,0,44,
55,1,15,0,9,1,4,0,0,0,39,
49,3,9,2,2,0,4,1,0,0,45,
34,3,13,4,7,1,4,0,0,0,15,
29,3,9,4,0,3,2,0,0,0,60,
50,3,13,0,0,1,4,0,0,0,8,
19,3,10,4,11,3,4,0,0,0,9,
63,6,16,2,3,0,4,1,0,1902,50,
66,3,13,2,2,0,1,1,0,0,30,
65,8,10,6,14,1,1,0,0,0,6,
60,3,11,0,7,1,4,1,0,0,20,
60,3,9,0,7,4,4,0,0,0,38,
19,3,9,4,12,3,4,1,0,0,40,
26,4,9,2,3,0,4,1,0,0,60,
75,5,10,2,2,0,2,1,0,1735,40,
58,6,10,6,9,1,4,0,0,0,20,
18,5,10,4,3,1,4,0,0,0,50,
65,3,12,2,3,0,4,1,3818,0,40,
50,5,9,2,3,0,4,1,0,1887,40,
26,3,10,4,7,3,4,1,0,0,40,
45,0,14,2,11,0,4,1,0,0,50,
19,8,10,4,14,3,4,1,0,0,40,
29,0,9,2,12,0,4,1,0,0,40,
52,3,10,2,11,5,4,0,0,0,52,
23,3,13,4,3,3,4,0,0,0,40,
21,3,9,4,7,3,4,1,0,0,40,
48,1,9,4,3,3,4,0,0,0,40,
59,8,14,2,14,0,4,1,0,0,35,
50,3,13,2,3,0,4,1,0,0,40,
41,6,13,4,10,1,2,1,0,1590,40,
32,3,9,0,11,4,2,0,0,0,30,
40,3,9,2,4,0,2,1,0,0,40,
19,3,9,4,5,1,4,1,0,0,30,
30,8,3,2,14,0,4,1,0,0,40,
42,6,9,5,0,4,4,1,0,0,39,
23,3,13,4,0,3,4,0,0,0,50,
37,5,9,0,4,1,4,1,27828,0,40,
21,3,7,4,9,1,4,0,0,0,24,
28,3,13,2,12,0,4,1,0,0,40,
50,8,9,2,14,0,2,1,0,0,40,
20,3,10,4,11,3,4,1,0,0,25,
21,3,7,4,2,1,4,1,0,0,35,
21,3,10,4,7,2,4,1,0,0,16,
45,5,13,4,9,1,4,1,0,0,40,
49,4,9,2,2,0,4,1,0,0,40,
53,4,10,0,11,1,4,1,8614,0,50,
41,3,9,0,6,3,4,1,0,0,40,
48,1,13,3,0,4,1,0,0,0,40,
73,8,9,6,14,1,4,0,0,0,15,
34,3,10,5,3,4,4,0,0,0,40,
24,3,9,4,0,3,4,0,0,0,40,
58,6,9,4,0,1,4,0,0,0,16,
41,3,13,2,11,0,4,1,0,0,50,
53,3,1,2,7,0,4,1,0,0,40,
40,3,9,2,2,0,2,1,0,0,40,
28,5,10,2,2,0,4,1,7298,0,40,
32,3,10,2,11,0,4,1,0,1740,47,
44,4,10,4,3,1,2,1,2202,0,45,
18,3,7,4,7,2,4,0,0,0,40,
37,6,9,5,7,4,4,0,0,0,40,
43,3,12,4,0,1,2,0,0,0,45,
22,3,9,4,7,3,4,0,0,0,40,
28,3,6,4,5,2,2,1,0,0,40,
51,3,10,0,3,4,4,0,0,0,40,
63,3,9,0,9,1,4,0,0,0,72,
29,3,10,2,10,0,4,1,0,0,45,
44,3,13,2,3,0,4,1,7298,0,48,
44,3,4,5,7,4,4,0,0,0,38,
37,6,10,2,7,0,4,1,0,0,40,
62,0,9,2,0,0,2,1,0,0,40,
31,3,9,2,2,0,4,1,0,0,52,
20,3,9,4,5,3,4,1,0,0,30,
48,3,6,0,6,4,4,0,0,1594,32,
24,5,10,4,7,1,4,0,0,0,50,
56,6,13,2,3,0,4,1,0,0,40,
36,0,10,2,0,0,4,1,0,0,35,
29,3,9,4,2,3,4,1,0,0,40,
34,3,15,4,12,1,1,1,0,1564,40,
39,3,10,4,2,3,2,1,0,0,40,
29,3,10,4,5,1,2,1,0,0,45,
38,4,9,2,3,0,4,1,0,0,65,
23,3,5,4,7,3,1,1,0,0,20,
37,3,9,2,7,0,4,1,0,0,40,
30,5,10,0,7,4,4,0,0,0,30,
58,8,10,2,14,5,4,0,0,0,36,
42,3,12,2,12,0,4,1,0,0,40,
59,1,9,6,7,1,4,0,0,1504,19,
45,3,9,2,5,0,2,1,7298,0,40,
46,3,10,2,11,0,4,1,0,0,40,
25,3,14,4,9,1,4,0,4650,0,37,
41,4,9,0,2,1,4,1,0,0,55,
49,3,9,2,13,0,4,1,0,0,50,
37,3,10,2,7,0,4,1,0,0,40,
31,3,9,4,2,1,4,1,0,0,45,
22,3,12,2,3,0,1,1,0,0,6,
22,3,9,0,11,3,4,0,0,0,33,
17,3,7,4,8,3,4,0,0,0,20,
47,3,16,2,9,0,4,1,0,0,50,
17,3,6,4,7,2,4,1,0,0,15,
39,3,3,2,5,0,4,1,0,0,40,
23,3,10,4,0,3,4,1,0,0,20,
41,3,13,2,9,0,4,1,0,0,40,
36,0,14,2,9,0,4,1,0,0,45,
52,3,13,2,9,0,4,1,0,1902,40,
21,3,9,4,2,1,4,0,0,0,30,
33,3,6,0,5,1,4,0,0,0,36,
17,8,7,4,14,3,4,0,0,0,35,
41,3,9,4,2,1,4,1,0,0,44,
19,3,9,4,11,3,4,0,0,0,35,
38,0,9,4,0,1,4,1,0,0,45,
24,3,10,4,2,1,4,1,0,0,40,
38,3,13,0,11,4,4,0,1151,0,40,
39,6,13,2,9,0,4,1,0,0,45,
19,3,10,4,11,3,4,0,0,0,15,
31,8,12,4,14,3,4,0,0,0,25,
42,3,10,2,0,5,4,0,0,0,40,
36,3,9,4,11,3,4,1,0,0,45,
29,3,10,2,5,0,4,1,0,0,40,
17,3,8,4,5,3,4,1,0,0,20,
47,1,13,2,2,0,4,1,0,0,50,
24,3,10,0,0,1,4,0,0,0,60,
61,0,10,2,3,0,4,1,0,0,40,
40,5,10,2,2,0,4,1,0,0,60,
31,8,5,0,14,1,4,0,0,0,25,
59,3,9,2,9,5,2,0,0,0,38,
29,3,10,0,12,1,4,1,0,0,55,
26,3,9,5,7,1,4,1,0,0,40,
46,3,9,2,13,0,4,1,0,0,40,
56,0,9,2,0,0,4,1,0,0,40,
25,3,13,4,0,1,4,0,0,0,40,
17,3,8,4,11,3,4,0,0,0,18,
29,3,11,4,3,1,2,0,0,0,40,
23,3,3,4,5,4,4,1,0,0,30,
67,3,9,4,3,1,4,0,0,0,35,
29,3,14,4,9,1,4,0,0,0,50,
33,3,12,0,0,1,4,0,0,880,40,
32,3,9,4,13,3,4,1,0,0,40,
34,3,10,2,7,0,4,1,0,0,62,
49,3,9,2,6,0,4,1,0,0,40,
54,5,10,0,2,1,4,1,0,0,40,
39,3,9,0,7,1,4,1,0,0,40,
41,3,13,4,2,1,4,1,0,0,40,
31,3,10,0,0,4,4,0,0,0,38,
47,0,16,2,9,0,4,1,0,0,40,
27,3,9,4,6,2,4,1,0,0,1,
23,3,7,2,13,0,4,1,4508,0,25,
44,3,4,2,13,0,4,1,0,0,80,
25,3,12,2,3,0,4,1,0,0,45,
23,3,10,4,0,3,4,0,0,0,16,
52,3,9,2,2,0,4,1,0,0,50,
62,0,9,6,3,1,4,0,0,0,36,
31,3,13,4,9,1,4,0,0,0,40,
19,3,7,2,2,0,4,1,0,0,60,
22,8,10,4,14,3,4,1,0,0,36,
53,3,10,2,2,0,4,1,0,0,40,
25,3,9,4,2,1,4,0,0,0,40,
45,3,9,4,13,1,4,1,0,0,40,
69,3,5,4,2,2,4,1,2993,0,40,
49,3,9,2,2,0,4,1,0,0,40,
42,3,13,2,9,5,1,0,0,0,27,
44,5,9,2,4,0,4,1,0,0,40,
56,1,10,2,2,0,4,1,0,0,41,
37,6,9,2,6,0,4,1,0,0,40,
37,3,13,2,3,0,4,1,0,0,45,
22,3,10,4,7,1,4,0,0,0,40,
34,1,13,2,9,0,4,1,0,0,40,
36,3,9,4,6,1,4,1,0,0,40,
54,8,9,0,14,1,4,1,0,0,20,
28,1,10,2,3,0,4,1,0,0,65,
28,3,13,2,9,0,4,1,0,0,50,
36,3,6,4,11,4,4,0,0,0,35,
73,1,3,2,10,0,4,1,0,0,20,
37,5,9,2,4,0,4,1,0,0,60,
24,3,13,4,3,3,2,0,0,0,65,
30,6,9,1,0,3,4,0,0,0,38,
38,3,11,2,7,0,4,1,0,0,40,
50,3,10,2,0,0,1,1,0,0,40,
69,8,9,2,14,0,4,1,0,0,45,
43,3,15,3,9,1,4,1,99999,0,40,
42,3,9,2,5,0,2,1,0,0,40,
54,6,10,0,0,1,4,0,0,0,38,
27,6,12,4,3,1,4,0,0,0,58,
39,3,10,0,11,1,4,1,0,0,45,
27,3,10,4,0,1,2,0,0,0,40,
30,3,9,2,5,0,4,1,0,0,66,
30,3,9,2,13,0,4,1,0,2057,40,
37,3,10,2,2,0,4,1,0,0,40,
50,0,13,0,9,1,4,1,0,0,60,
36,3,10,0,2,4,4,0,0,0,40,
22,3,10,4,5,3,2,1,0,0,10,
21,3,10,4,2,1,4,1,0,0,40,
33,3,13,2,0,0,4,1,0,1579,42,
76,3,4,6,7,1,4,0,0,0,25,
22,8,10,4,14,1,4,0,0,0,28,
37,3,13,2,0,0,4,1,0,0,40,
34,3,10,2,11,0,4,1,0,0,60,
29,3,9,2,4,0,4,1,0,0,97,
29,3,9,2,13,0,4,1,0,0,40,
28,3,13,2,11,0,4,1,0,0,40,
73,5,10,2,3,0,4,1,0,0,35,
43,3,10,0,3,1,2,0,0,0,40,
39,3,10,2,2,0,4,1,0,0,40,
74,3,6,6,7,1,2,0,0,0,6,
27,6,13,4,9,1,4,1,0,0,30,
47,3,9,2,13,0,4,1,0,0,60,
90,3,9,4,7,3,4,0,0,0,24,
47,3,13,2,9,0,4,1,0,0,60,
42,3,13,2,3,0,4,1,0,0,40,
69,3,13,0,5,1,4,1,0,0,40,
18,8,8,4,14,3,3,1,0,0,40,
23,3,13,4,12,1,4,0,0,0,20,
44,1,9,2,9,0,4,1,0,0,30,
41,3,9,2,11,0,4,1,2829,0,40,
47,1,10,4,0,1,2,1,0,0,40,
43,3,13,2,3,0,2,1,7688,0,40,
33,3,10,4,7,1,2,1,0,0,40,
48,3,7,4,7,1,4,0,0,0,30,
39,3,13,0,11,4,4,1,0,0,60,
43,3,14,0,3,4,4,0,0,2547,40,
18,8,10,4,14,3,4,0,0,0,20,
52,3,9,6,8,2,4,0,0,0,40,
18,3,9,4,11,3,4,0,0,0,20,
27,4,9,4,11,3,4,1,0,0,45,
27,4,13,2,3,0,4,1,0,1887,45,
45,1,9,4,0,1,4,0,0,0,40,
79,8,15,2,14,0,4,1,0,0,10,
24,3,11,2,7,0,4,1,0,0,20,
25,3,10,3,11,4,4,0,0,0,40,
42,5,6,6,13,4,4,1,0,0,35,
63,5,4,2,2,0,4,1,0,0,40,
40,3,9,2,0,5,4,0,0,0,46,
47,3,15,2,3,0,4,1,7688,0,60,
42,3,9,2,2,0,4,1,0,0,50,
42,3,10,0,3,4,4,0,0,0,45,
63,1,13,2,9,0,4,1,0,0,40,
37,1,13,0,9,4,4,0,0,0,55,
65,3,9,2,0,0,4,1,0,0,20,
30,8,6,0,14,4,4,1,0,0,40,
62,3,13,2,2,0,4,1,7688,0,50,
46,3,9,0,2,1,0,1,0,0,40,
23,3,9,4,11,2,2,0,0,0,25,
47,1,13,2,9,5,4,0,0,0,45,
20,3,10,4,7,3,4,1,0,0,20,
21,8,9,4,14,3,4,0,0,0,10,
28,3,9,4,5,3,4,1,0,0,40,
61,1,9,2,7,0,4,1,0,0,40,
30,6,9,2,7,5,4,0,0,0,72,
30,6,13,2,10,0,4,1,0,0,72,
29,3,13,4,11,1,4,1,0,0,50,
39,3,9,6,6,4,2,0,0,0,40,
23,3,7,0,7,4,4,0,0,0,35,
32,3,7,4,8,4,2,0,0,0,40,
63,3,9,6,7,1,4,0,0,0,34,
19,5,10,4,2,1,4,0,0,0,15,
57,6,16,0,9,1,4,1,0,0,60,
41,3,13,2,2,0,4,1,0,0,40,
23,3,11,4,11,3,4,1,0,0,40,
30,3,16,4,9,3,4,1,0,0,20,
43,4,12,2,3,0,4,1,0,0,50,
64,5,4,2,7,0,4,1,0,0,25,
56,3,3,5,6,1,4,1,0,0,40,
32,3,9,2,0,0,4,1,0,0,40,
55,3,9,2,2,0,4,1,0,0,45,
17,3,7,4,7,3,4,0,0,0,12,
17,3,6,4,7,3,2,1,0,0,20,
29,3,10,2,0,5,4,0,0,0,65,
23,8,9,5,14,3,4,0,0,0,40,
37,3,9,0,2,1,4,1,0,0,50,
39,3,9,0,8,4,4,0,0,0,22,
36,3,13,2,3,5,4,0,0,0,40,
50,3,13,0,3,1,4,1,0,0,55,
41,8,11,2,14,0,4,1,0,2415,12,
31,3,10,4,6,1,4,0,0,0,50,
71,8,9,2,14,0,4,1,0,2489,15,
56,3,10,6,3,1,2,0,0,0,32,
51,3,10,2,2,0,4,1,7298,0,40,
20,3,10,5,7,3,4,0,0,0,30,
53,3,13,0,9,1,4,1,14344,0,55,
33,6,14,4,9,1,2,0,0,0,35,
27,3,10,2,0,5,2,0,0,2377,20,
40,3,10,2,2,0,4,1,5178,0,40,
45,3,10,0,0,4,2,0,0,0,32,
54,3,11,2,2,0,1,1,5013,0,40,
33,5,9,5,2,2,4,1,0,0,50,
27,8,9,5,14,2,4,0,0,0,40,
36,3,6,4,4,3,2,1,0,0,60,
42,1,14,2,9,0,4,1,0,0,55,
33,3,10,4,0,3,4,0,0,0,40,
19,3,10,4,0,3,4,0,0,0,25,
52,0,13,2,3,0,4,1,0,0,45,
41,1,14,2,9,5,1,0,0,0,40,
30,3,10,2,2,0,4,1,0,0,40,
22,3,10,4,0,3,4,1,0,0,40,
47,3,13,2,3,0,4,1,3103,0,60,
26,3,3,4,13,1,4,1,0,0,40,
36,3,7,5,6,1,2,1,0,0,40,
35,3,9,5,6,4,4,1,0,0,40,
46,3,10,2,10,0,2,1,0,0,40,
24,3,13,4,9,3,4,0,0,0,8,
30,3,11,2,9,0,4,1,5178,0,52,
38,3,9,0,6,3,4,1,0,0,40,
50,3,9,0,11,4,4,0,0,0,45,
41,1,10,0,0,4,2,0,0,0,40,
38,3,9,2,3,0,4,1,0,0,60,
36,3,13,4,11,1,2,1,0,0,48,
47,3,9,2,11,0,4,1,0,0,50,
59,3,10,2,0,2,4,0,0,0,16,
35,8,13,0,14,4,4,0,0,0,16,
59,3,16,2,9,0,4,1,0,0,60,
52,3,10,2,3,0,4,1,0,0,45,
37,4,11,2,11,0,4,1,0,0,60,
52,3,13,3,7,2,2,0,0,0,40,
51,3,12,2,2,0,4,1,0,0,45,
67,5,13,2,3,0,4,1,0,0,55,
58,8,7,0,14,1,2,1,0,0,15,
68,3,6,6,7,4,2,0,0,0,20,
71,3,5,0,8,1,2,0,0,0,6,
49,1,14,2,0,0,4,1,0,0,40,
35,1,9,2,7,0,4,1,0,0,40,
18,3,9,4,0,3,4,1,0,0,40,
29,3,6,2,4,5,4,0,0,0,40,
47,5,13,2,9,0,4,1,0,0,60,
31,3,5,4,4,1,4,1,0,0,40,
22,0,10,4,3,1,2,1,0,0,40,
57,3,9,0,11,1,4,0,0,0,26,
18,3,10,4,7,3,4,0,0,0,15,
32,3,9,2,9,0,4,1,0,0,40,
39,3,9,0,7,3,4,1,0,0,40,
37,3,13,0,9,1,4,0,0,0,40,
51,3,9,2,11,0,1,1,0,0,50,
48,3,10,2,0,0,4,1,0,0,40,
39,3,9,2,13,0,4,1,0,0,55,
35,3,13,2,11,0,4,1,0,0,45,
40,3,3,2,7,0,3,1,4064,0,40,
19,3,9,4,11,3,4,1,0,0,25,
28,3,9,0,0,1,4,1,0,0,40,
23,3,10,4,11,1,4,0,0,1974,40,
18,3,10,4,11,3,4,1,0,0,35,
23,1,13,4,9,1,4,1,0,0,40,
47,1,7,2,13,0,4,1,3411,0,40,
42,0,13,0,0,3,4,1,0,0,40,
25,3,10,4,11,3,4,1,0,0,40,
17,3,6,4,11,3,4,0,0,0,12,
34,3,13,4,3,1,4,0,0,0,45,
30,4,14,2,3,0,4,1,15024,0,60,
29,3,12,4,3,3,4,1,0,0,40,
22,3,10,2,0,5,4,0,0,0,40,
46,0,9,4,5,1,4,1,0,0,40,
69,3,9,2,11,0,4,1,0,0,24,
50,3,9,2,2,0,4,1,0,0,60,
19,8,10,4,14,3,4,1,0,0,30,
59,3,9,2,6,0,4,1,0,0,40,
45,0,10,2,9,0,4,1,0,0,40,
41,6,14,4,0,1,2,0,0,0,40,
47,0,13,0,9,4,4,1,0,0,40,
64,3,7,6,4,4,4,0,0,0,40,
29,3,10,2,7,0,4,1,0,0,35,
29,3,15,0,9,3,4,0,2174,0,72,
17,3,7,4,9,3,4,0,0,0,20,
24,3,9,4,0,4,4,1,0,0,60,
28,3,9,2,2,0,4,1,0,0,40,
35,3,9,4,7,1,4,1,3325,0,50,
48,3,13,2,11,0,4,1,0,0,60,
36,3,11,4,9,4,2,0,0,0,38,
38,3,11,4,2,1,4,0,0,0,40,
49,3,9,0,2,1,4,1,0,1669,40,
42,3,14,2,9,0,4,1,0,0,40,
36,4,11,2,11,0,4,1,0,0,60,
25,3,6,4,6,1,4,0,0,0,40,
41,3,14,2,6,0,4,1,0,0,40,
35,5,9,2,4,0,4,1,0,0,30,
32,3,11,0,3,1,4,0,0,0,50,
41,5,14,2,9,0,4,1,0,0,40,
48,3,10,2,13,0,4,1,0,0,60,
56,3,9,2,11,5,4,0,0,0,50,
47,5,10,2,7,0,2,1,0,0,40,
30,6,9,4,11,4,2,0,0,0,40,
51,3,7,2,2,0,4,1,0,0,40,
22,4,13,4,0,3,4,1,0,0,40,
49,5,13,2,3,0,4,1,0,0,60,
67,8,9,6,14,1,4,0,0,0,10,
26,3,9,2,6,0,4,1,3464,0,48,
35,3,13,3,2,4,4,1,0,0,40,
37,8,5,0,14,4,4,0,0,0,40,
34,3,10,4,0,1,4,1,0,0,40,
51,6,9,2,3,0,4,1,0,0,40,
26,3,13,2,3,0,4,1,0,0,40,
28,0,10,4,0,4,2,0,3887,0,40,
32,3,4,2,2,0,4,1,0,0,35,
55,3,7,5,0,4,2,0,0,0,40,
17,3,7,4,11,3,4,0,0,0,20,
40,3,10,5,3,4,4,0,0,0,40,
38,3,13,0,11,3,4,1,0,0,50,
67,4,9,6,3,1,4,0,15831,0,40,
44,3,9,0,6,3,4,1,0,0,40,
26,3,10,2,3,0,4,1,7688,0,40,
25,3,9,0,5,3,4,0,0,0,40,
45,3,9,0,0,4,4,0,0,0,40,
38,3,9,2,0,0,4,1,0,0,45,
62,3,10,2,2,0,4,1,0,0,45,
20,3,9,4,7,1,4,1,0,2001,40,
45,6,10,3,7,2,2,1,0,0,40,
47,5,14,2,9,5,4,0,0,0,20,
49,3,13,0,0,1,4,1,0,0,40,
36,3,9,2,2,0,4,1,0,0,40,
24,8,9,0,14,4,2,0,0,0,37,
29,3,9,5,7,4,2,0,0,0,30,
23,3,7,4,4,2,4,0,0,0,40,
50,3,9,2,2,0,4,1,0,0,40,
44,3,13,2,3,0,2,1,0,1902,40,
44,3,13,2,9,0,4,1,0,0,40,
32,3,9,2,12,5,4,0,0,0,36,
73,3,9,2,7,0,4,1,0,0,30,
24,3,14,4,9,1,4,0,0,0,40,
46,6,9,2,7,5,2,0,0,0,40,
61,4,10,2,11,0,4,1,7688,0,36,
37,0,14,4,3,3,4,0,0,0,40,
29,3,11,2,2,0,4,1,0,0,40,
40,3,12,2,3,0,4,1,0,0,40,
17,3,7,4,6,3,3,1,0,0,12,
30,3,9,0,0,4,4,0,0,0,40,
19,3,9,4,7,1,4,0,0,1719,40,
30,3,16,4,9,1,4,1,0,0,60,
90,8,9,6,14,1,4,1,401,0,4,
76,8,3,6,14,4,4,0,0,0,40,
47,3,9,0,0,4,4,0,0,1504,35,
65,8,1,2,14,0,2,1,0,0,30,
25,3,10,4,0,3,4,1,0,0,40,
41,3,13,0,9,3,4,0,0,0,40,
47,3,9,2,13,0,4,1,0,0,40,
27,1,12,4,0,4,2,0,0,0,40,
42,1,9,2,2,0,4,1,0,0,44,
49,3,9,0,7,1,4,0,0,0,20,
37,3,13,2,11,0,4,1,0,1902,40,
19,6,10,4,0,3,4,1,0,0,15,
24,3,9,2,2,0,4,1,0,0,38,
34,1,15,2,9,0,4,1,0,0,40,
33,3,13,4,0,1,4,1,0,0,40,
44,5,10,0,3,1,4,0,0,0,40,
37,0,13,2,0,0,1,1,7298,0,40,
45,3,9,4,2,3,4,1,0,0,40,
35,3,13,4,5,1,2,1,0,0,40,
58,4,9,2,11,0,4,1,0,0,50,
45,3,10,0,7,1,4,0,0,0,50,
54,3,10,2,2,0,4,1,0,0,40,
45,3,14,2,3,0,4,1,0,0,40,
69,3,10,2,3,0,4,1,20051,0,50,
24,3,9,4,2,3,2,1,0,0,40,
36,3,9,2,2,0,1,1,0,0,40,
61,6,6,4,7,1,2,0,0,0,38,
57,4,13,2,3,0,4,1,7688,0,60,
56,3,9,0,2,2,4,1,0,0,40,
35,3,14,2,9,0,4,1,0,1977,45,
51,1,13,2,3,0,4,1,0,0,50,
50,3,7,4,6,2,4,0,0,0,40,
25,3,10,4,12,3,4,0,0,0,43,
46,3,14,2,3,0,1,1,0,0,50,
23,3,13,4,0,3,4,0,0,0,25,
44,3,9,2,13,0,4,1,0,0,40,
38,6,9,0,0,4,4,0,0,0,40,
35,8,9,4,14,3,4,1,0,0,40,
25,3,10,4,12,1,3,0,0,0,40,
78,8,9,6,14,1,4,0,1086,0,20,
18,3,6,4,7,3,4,0,0,0,15,
40,3,9,3,5,1,4,1,2174,0,60,
61,8,9,2,14,0,4,1,0,0,40,
31,6,8,2,7,5,4,0,0,0,40,
33,3,9,2,4,0,4,1,0,0,45,
35,3,11,0,9,4,4,0,0,0,40,
55,6,14,2,3,0,4,1,0,0,45,
19,3,9,4,0,3,4,1,0,0,30,
31,3,10,2,2,0,4,1,0,1579,40,
43,6,14,2,3,0,4,1,0,0,40,
49,1,14,2,3,0,2,1,0,0,47,
48,1,15,2,9,0,4,1,0,0,45,
27,3,9,4,6,3,4,0,0,0,34,
38,6,14,2,3,0,4,1,7298,0,60,
35,3,9,2,0,5,4,0,4386,0,35,
29,3,9,4,6,2,3,1,0,0,40,
27,3,13,4,11,3,4,1,0,0,2,
31,3,5,2,2,0,4,1,0,0,43,
26,3,13,2,9,0,4,1,0,0,40,
53,5,9,2,11,0,4,1,0,0,35,
23,3,9,4,0,1,4,0,0,0,30,
32,0,9,5,6,1,2,1,0,0,46,
54,8,9,6,14,3,4,0,0,0,40,
36,3,13,0,11,3,4,0,0,0,40,
22,3,9,4,4,1,4,1,0,0,50,
62,3,10,2,0,5,4,0,0,0,40,
41,3,9,2,2,0,4,1,0,1485,44,
59,4,13,2,3,0,4,1,0,1977,50,
43,3,9,2,0,5,4,0,0,0,40,
34,4,9,2,3,0,4,1,0,0,40,
27,3,10,4,0,1,4,0,0,0,40,
35,3,10,2,9,0,0,1,0,0,60,
41,1,9,2,13,0,4,1,0,0,60,
42,3,13,4,9,1,4,1,0,0,32,
24,3,10,0,2,1,4,1,0,0,48,
35,3,9,4,13,4,2,1,0,0,72,
40,1,10,2,0,5,4,0,0,0,40,
46,3,4,2,9,5,4,0,0,0,45,
45,3,10,2,2,0,4,1,0,0,40,
33,3,9,4,2,1,4,1,0,1092,40,
68,3,9,6,7,4,4,0,0,0,7,
33,3,13,5,3,1,2,0,0,0,45,
23,3,10,2,7,0,4,1,0,0,20,
42,5,13,2,4,0,4,1,0,0,60,
30,3,10,4,11,1,4,1,0,0,45,
35,6,10,0,0,4,2,0,0,0,40,
40,3,9,0,0,4,4,0,0,0,50,
36,6,14,0,9,4,4,1,5455,0,30,
46,4,5,2,0,5,4,0,0,0,50,
49,1,9,2,13,0,4,1,0,0,40,
41,3,9,2,3,0,4,1,0,0,60,
26,3,14,4,3,3,4,1,0,0,38,
37,3,9,0,7,1,2,0,0,0,20,
50,1,10,2,10,0,4,1,0,0,40,
20,3,10,4,7,3,4,1,0,0,20,
59,6,16,0,9,4,4,1,25236,0,45,
30,3,10,2,11,0,4,1,0,0,40,
23,3,9,2,2,0,4,1,0,0,45,
44,1,13,2,10,0,4,1,0,0,40,
28,3,13,4,0,1,4,1,0,0,40,
48,3,10,4,3,1,4,0,0,0,40,
34,3,9,5,5,4,4,0,0,0,40,
58,3,13,4,9,1,4,1,0,0,99,
33,1,10,2,10,0,4,1,0,0,40,
38,3,13,3,13,1,3,1,0,0,84,
49,0,13,2,3,0,4,1,7298,0,40,
67,5,2,6,7,1,2,0,0,0,20,
23,3,6,4,6,1,4,0,0,0,40,
42,3,10,2,9,0,4,1,0,0,40,
54,3,9,2,0,5,4,0,0,0,40,
49,3,14,2,3,0,4,1,0,0,40,
35,3,14,2,3,0,4,1,0,0,60,
26,3,9,4,2,3,4,1,0,0,40,
31,3,9,4,3,1,4,1,3325,0,40,
36,3,9,2,5,0,4,1,0,0,40,
25,3,6,2,6,0,4,1,0,0,40,
35,1,14,4,9,1,4,1,0,0,60,
40,1,14,2,9,0,4,1,0,0,40,
52,3,12,5,9,1,4,0,0,0,50,
42,6,13,2,9,0,4,1,0,0,40,
25,8,8,5,14,4,4,0,0,0,30,
50,5,14,2,9,5,4,0,0,0,40,
52,3,10,2,12,0,2,1,0,0,40,
51,1,14,2,9,0,0,1,0,0,40,
19,3,10,4,5,3,4,1,0,0,40,
43,3,11,2,4,0,4,1,0,0,40,
57,3,8,2,13,0,4,1,0,0,40,
35,3,9,0,3,1,4,1,0,0,60,
30,3,13,4,11,1,4,0,0,0,30,
38,3,9,2,2,0,4,1,0,0,40,
45,6,10,0,0,1,4,0,0,0,40,
23,3,9,4,5,3,4,1,0,0,40,
22,3,10,5,7,3,4,0,0,0,40,
21,8,9,4,14,2,4,1,0,0,35,
60,3,10,2,10,0,4,1,0,0,38,
45,3,13,0,9,4,4,0,0,0,48,
26,3,9,4,6,4,4,1,5721,0,40,
49,6,6,2,7,0,4,1,0,0,40,
29,3,10,0,7,1,4,0,0,0,35,
47,3,10,2,12,0,4,1,7298,0,40,
40,3,9,2,13,0,4,1,0,0,35,
34,3,9,5,0,4,4,0,7443,0,35,
42,3,14,2,9,0,4,1,0,0,40,
33,3,2,2,2,0,4,1,0,0,35,
63,5,9,2,2,0,4,1,0,0,40,
53,3,9,2,2,0,4,1,0,0,40,
38,3,11,2,2,0,4,1,0,0,40,
44,3,10,2,11,0,4,1,0,0,45,
43,3,6,2,13,0,4,1,0,0,40,
26,3,14,4,3,1,4,1,0,0,32,
56,3,9,2,13,0,4,1,0,0,40,
39,3,11,0,0,4,2,0,0,0,40,
44,3,4,0,5,1,4,1,0,0,48,
34,3,9,5,0,1,4,1,0,0,48,
40,3,12,4,0,1,4,0,0,0,40,
38,0,10,2,7,0,2,1,0,0,40,
44,3,10,0,0,4,4,0,0,0,40,
34,0,10,0,10,3,4,1,0,0,72,
22,3,13,4,9,1,4,1,0,0,20,
58,4,10,6,11,1,4,0,0,0,20,
43,3,10,0,12,4,4,0,0,0,30,
23,3,9,4,2,3,4,1,0,0,40,
41,3,10,5,3,1,2,0,0,0,40,
44,3,10,4,7,1,4,1,0,0,35,
32,3,9,2,0,0,4,1,0,0,40,
38,1,12,2,10,0,4,1,0,0,56,
47,3,10,2,11,0,4,1,0,0,50,
24,3,9,4,7,3,4,0,0,0,30,
39,3,14,2,3,0,4,1,0,0,40,
32,3,8,0,10,3,4,1,0,0,54,
40,3,9,2,6,0,4,1,0,0,50,
34,3,9,0,7,4,4,0,0,3770,45,
34,3,9,4,2,4,4,1,2036,0,30,
57,3,14,2,9,0,4,1,0,1977,45,
71,3,3,2,13,0,4,1,0,0,40,
45,1,14,4,9,1,4,1,0,0,50,
54,3,9,0,13,1,4,1,0,0,45,
26,3,11,4,11,4,4,0,0,0,54,
37,3,10,2,3,5,4,0,0,0,45,
28,5,10,2,4,0,4,1,0,0,55,
42,3,13,0,9,4,4,0,0,0,15,
45,3,9,2,2,0,4,1,0,0,40,
37,3,9,2,11,0,4,1,0,0,50,
57,3,9,2,11,0,4,1,0,0,50,
39,3,13,2,9,1,4,1,0,0,60,
45,6,10,2,0,5,1,0,0,0,40,
30,3,11,0,0,1,4,0,0,0,46,
27,3,9,1,2,0,4,1,0,0,40,
44,3,16,2,9,0,4,1,0,0,40,
44,6,16,2,9,0,4,1,0,1902,40,
38,3,9,2,3,5,4,0,0,0,60,
19,3,9,4,4,3,4,1,0,0,40,
39,3,10,0,11,1,4,0,0,0,38,
55,4,6,6,13,1,4,1,0,0,40,
17,3,6,4,7,3,4,0,0,0,20,
43,3,10,0,0,4,4,0,0,0,40,
36,1,9,2,7,5,4,0,0,0,35,
45,3,13,2,4,0,4,1,0,0,60,
44,3,14,2,3,0,4,1,0,0,38,
26,3,10,2,13,0,4,1,0,0,52,
32,3,12,2,2,0,4,1,0,1887,40,
21,3,9,4,7,3,4,0,0,0,40,
43,0,13,2,11,0,4,1,0,0,60,
34,3,9,2,2,0,4,1,0,0,40,
33,6,13,4,9,1,4,1,0,0,20,
40,4,9,4,11,1,4,1,0,0,51,
46,3,3,4,6,3,4,0,0,0,40,
20,8,9,4,14,3,4,1,0,0,40,
54,6,9,6,3,1,4,0,0,0,40,
23,3,10,4,3,3,4,1,0,0,40,
58,4,9,2,3,0,4,1,0,0,45,
25,3,10,2,10,0,4,1,3137,0,40,
50,1,14,2,9,0,4,1,7688,0,50,
42,5,9,2,2,0,4,1,0,0,45,
25,3,9,4,7,1,4,0,0,0,38,
60,3,7,2,6,5,1,0,0,0,30,
43,6,9,4,0,1,4,0,0,0,40,
25,3,13,4,11,3,4,0,0,0,40,
31,3,9,2,2,5,4,0,0,0,45,
35,3,9,0,2,1,4,1,0,0,40,
48,3,10,0,6,4,4,1,0,0,40,
43,5,9,2,0,5,4,0,0,0,20,
27,3,9,0,3,4,4,0,0,0,40,
24,3,9,4,2,1,4,1,0,1590,40,
44,4,9,2,3,0,4,1,0,1887,70,
52,5,9,2,13,0,4,1,0,0,22,
49,3,10,2,0,5,4,0,0,0,40,
31,3,9,4,0,3,4,0,0,0,40,
59,3,7,0,4,1,4,1,0,0,40,
27,3,13,2,7,0,4,1,0,0,40,
38,5,14,4,9,1,4,1,0,0,40,
51,0,13,2,9,0,4,1,0,0,40,
24,3,9,4,2,1,4,1,0,0,40,
58,4,13,2,3,0,4,1,0,0,45,
46,3,10,0,0,4,4,0,0,0,40,
55,3,3,6,6,4,4,0,0,0,40,
76,3,9,0,0,1,4,0,0,0,8,
25,3,10,0,0,4,4,0,0,0,40,
51,3,10,2,6,0,4,1,7298,0,40,
33,3,9,2,2,0,4,1,0,0,40,
46,3,9,2,13,0,4,1,0,0,40,
51,3,10,2,0,5,4,0,0,0,40,
42,1,11,6,9,4,2,0,0,0,40,
53,3,13,4,7,1,4,1,8614,0,50,
33,1,14,2,9,5,4,0,7688,0,35,
30,3,13,2,9,0,4,1,99999,0,35,
41,1,10,0,2,1,4,1,0,0,40,
42,6,12,0,7,1,4,0,0,0,40,
34,3,9,2,13,0,1,1,0,0,40,
31,3,11,4,7,4,4,0,0,0,40,
46,3,10,2,9,0,4,1,0,1977,50,
35,3,2,3,7,1,4,1,0,0,40,
40,3,9,4,7,1,4,1,0,0,40,
46,1,10,2,10,0,4,1,0,0,40,
43,1,14,2,9,5,4,0,0,0,40,
35,3,9,2,7,0,1,1,0,0,40,
23,3,13,4,0,3,4,0,0,0,20,
50,5,9,2,7,5,4,0,0,0,12,
43,3,9,0,6,2,2,1,0,0,40,
61,3,9,2,13,0,4,1,0,0,40,
29,3,15,4,9,3,4,1,0,0,50,
21,3,9,4,11,1,4,1,0,0,40,
36,1,13,2,9,0,4,1,0,1672,50,
40,3,9,4,7,4,2,0,0,0,40,
23,3,13,4,9,3,4,1,0,0,40,
90,3,13,4,3,1,4,1,0,0,55,
24,3,13,4,3,3,4,1,0,0,40,
20,3,10,4,9,3,4,0,2176,0,12,
40,1,14,2,3,0,4,1,0,0,60,
37,5,11,2,2,0,4,1,0,0,55,
31,3,9,4,2,1,4,0,0,0,40,
22,3,9,4,13,3,4,1,0,0,40,
25,3,10,2,3,0,4,1,0,0,40,
46,3,8,2,2,0,4,1,7298,0,40,
47,1,14,2,9,0,4,1,0,0,60,
48,1,11,2,2,0,4,1,0,0,40,
36,8,14,2,14,0,4,1,0,0,50,
26,8,13,4,14,1,4,0,0,0,80,
28,3,5,2,6,5,4,0,0,0,40,
20,6,10,4,4,1,4,1,0,0,40,
51,3,10,0,5,1,4,0,0,0,40,
32,0,9,2,0,5,4,0,0,0,40,
55,3,6,2,7,0,4,1,0,0,40,
41,1,13,0,10,4,4,0,0,0,40,
46,3,14,2,9,5,4,0,7688,0,35,
45,4,9,2,7,0,4,1,0,0,40,
65,1,9,2,2,0,4,1,0,0,40,
45,3,16,2,9,0,4,1,7688,0,50,
22,3,10,4,0,3,4,0,0,0,40,
22,8,10,4,14,3,4,0,0,0,20,
42,5,15,2,9,0,4,1,0,0,50,
37,3,13,2,3,0,4,1,5178,0,40,
24,3,13,2,3,5,4,0,0,0,40,
67,3,10,0,7,4,2,0,0,0,41,
28,3,9,3,12,1,4,0,0,0,37,
56,3,6,2,7,0,4,1,0,0,35,
31,6,11,2,10,0,4,1,0,0,38,
33,3,10,5,3,4,4,0,0,0,40,
52,8,4,2,14,0,4,1,0,0,40,
45,3,10,2,5,0,4,1,0,0,40,
53,3,13,2,9,0,4,1,0,1902,40,
47,3,4,2,5,0,4,1,0,0,40,
40,3,9,0,11,4,4,0,0,0,30,
35,3,10,4,11,3,4,1,0,0,48,
65,5,4,2,4,0,4,1,0,0,40,
42,3,10,2,7,5,2,0,0,0,30,
23,0,13,4,9,1,4,0,0,0,15,
39,3,10,0,0,1,4,0,0,0,40,
39,3,9,2,2,0,4,1,0,0,30,
37,3,9,2,13,0,4,1,0,0,40,
25,3,11,4,0,1,4,0,0,0,40,
31,5,9,4,7,4,4,0,0,0,40,
39,3,9,0,3,1,4,1,0,0,45,
39,3,13,2,11,0,4,1,0,0,30,
25,3,13,4,0,3,2,1,0,0,35,
30,3,7,2,13,0,4,1,0,0,40,
37,3,5,2,6,5,2,0,0,0,48,
22,3,9,4,2,4,4,0,0,0,36,
46,0,14,2,3,0,4,1,0,1977,40,
54,3,13,0,11,1,4,0,0,1408,38,
33,3,12,4,2,1,4,1,0,0,45,
70,6,13,4,3,1,4,1,0,0,40,
36,3,10,0,0,1,4,1,0,0,45,
53,1,14,0,9,4,4,0,0,0,50,
55,6,9,0,0,1,4,0,0,1617,40,
17,3,7,4,10,3,4,0,0,0,30,
36,3,10,0,5,1,4,1,0,0,40,
36,5,15,4,9,1,4,1,0,0,55,
40,1,9,3,4,3,2,1,0,0,40,
36,3,9,2,13,0,2,1,0,0,50,
28,3,9,2,13,0,4,1,0,0,55,
39,3,14,2,9,0,4,1,99999,0,40,
49,3,3,4,6,1,4,1,0,0,45,
63,4,9,2,3,0,4,1,0,0,40,
61,3,10,2,5,0,4,1,0,0,20,
48,4,9,2,2,0,4,1,0,0,60,
55,3,9,3,6,1,4,1,0,0,40,
18,8,10,4,14,3,4,0,0,0,4,
20,3,9,2,11,2,4,1,0,0,20,
49,3,9,2,7,0,1,1,0,0,40,
27,0,9,2,5,0,1,1,0,0,40,
37,3,6,0,7,4,4,0,0,0,33,
32,6,9,2,10,0,4,1,0,0,40,
33,4,16,2,9,0,4,1,0,0,60,
47,3,11,2,7,0,4,1,0,0,26,
34,3,9,2,6,0,2,1,0,0,40,
61,3,9,0,0,2,2,0,0,0,35,
25,3,9,4,2,3,2,1,0,0,40,
26,3,12,4,11,3,4,1,0,0,30,
18,3,9,4,11,3,4,0,0,0,30,
35,3,9,2,11,0,4,1,0,0,50,
36,3,9,0,0,4,2,0,0,0,40,
56,3,9,2,2,0,4,1,0,0,35,
40,6,11,4,2,1,4,1,0,0,40,
24,3,8,4,7,3,4,0,0,0,38,
66,3,9,6,11,1,4,0,0,0,40,
42,3,9,2,6,5,4,0,0,0,40,
28,3,9,4,13,3,4,1,0,0,20,
39,6,10,0,0,4,4,0,0,0,35,
65,5,11,2,4,0,4,1,0,0,25,
20,3,10,4,7,3,4,0,0,0,20,
52,3,9,2,6,0,4,1,4386,0,40,
24,8,10,4,14,1,1,1,99999,0,50,
39,3,10,0,11,1,4,0,0,0,40,
18,3,9,4,6,1,4,0,0,0,30,
49,3,4,2,6,5,4,0,0,0,40,
21,3,10,4,9,3,4,1,0,0,48,
35,8,9,2,14,0,4,1,0,0,30,
38,3,9,2,0,0,4,1,0,0,40,
55,3,9,2,2,0,4,1,0,0,40,
27,3,6,2,2,2,4,1,0,0,55,
34,3,9,5,0,4,4,0,0,0,40,
54,1,10,4,9,1,4,0,0,0,40,
38,3,9,4,0,4,4,0,0,0,40,
32,3,9,0,0,2,4,0,0,0,40,
33,6,10,5,12,1,4,1,0,0,12,
32,0,12,2,10,0,4,1,0,0,50,
34,3,14,2,3,0,4,1,0,0,50,
46,3,13,2,7,0,4,1,0,0,30,
48,3,14,2,3,0,4,1,0,0,40,
23,3,10,4,3,3,4,1,0,0,40,
48,0,4,3,5,4,4,1,0,0,40,
67,3,9,2,3,0,4,1,0,0,37,
36,3,15,2,9,0,4,1,5178,0,60,
25,3,13,4,7,1,4,0,0,0,20,
43,3,10,2,2,0,4,1,4064,0,38,
27,1,12,4,9,1,4,0,0,0,40,
56,3,2,5,6,4,4,1,0,0,40,
54,5,10,2,2,0,4,1,0,1579,48,
39,3,9,2,11,0,4,1,0,1887,46,
60,5,9,2,11,5,4,0,0,0,25,
27,3,10,4,0,1,4,0,0,0,40,
21,3,10,4,11,3,4,1,0,0,40,
24,3,10,4,9,3,4,0,0,0,40,
31,3,10,2,2,0,4,1,0,0,40,
22,3,6,4,2,3,4,1,0,0,15,
26,3,13,4,3,1,4,0,0,0,45,
45,4,9,2,2,0,4,1,0,0,48,
33,3,9,4,13,2,1,1,0,0,40,
55,8,3,2,14,0,4,1,0,0,48,
29,3,5,0,6,4,2,0,0,0,40,
72,3,9,6,0,1,4,0,6360,0,40,
35,5,9,2,2,0,4,1,0,0,60,
53,6,9,2,2,0,4,1,0,0,40,
40,3,10,4,3,3,4,0,0,0,40,
20,3,9,4,7,3,4,1,0,0,30,
69,3,9,6,0,4,4,0,1848,0,12,
41,1,9,4,7,4,4,0,0,0,25,
45,3,14,2,0,0,4,1,0,0,45,
27,3,9,2,5,0,4,1,0,0,40,
46,4,15,2,9,0,4,1,99999,0,60,
55,3,10,2,13,0,2,1,0,0,35,
31,3,10,2,3,0,2,1,0,0,40,
45,3,10,0,11,1,4,0,0,0,55,
64,3,9,2,3,0,4,1,0,0,5,
38,3,10,2,3,0,4,1,0,0,45,
17,3,6,4,7,3,4,1,0,0,40,
33,3,9,2,0,5,4,0,0,1887,20,
22,3,8,3,7,4,2,0,0,0,50,
23,3,10,4,7,3,4,0,0,0,30,
25,3,9,4,2,4,4,1,0,0,40,
33,3,13,2,9,0,4,1,3103,0,43,
31,8,9,2,14,0,4,1,0,0,30,
37,3,9,4,7,4,4,0,0,0,35,
53,3,9,5,0,4,4,0,0,1876,38,
28,1,10,4,10,3,4,1,0,0,40,
33,3,13,2,9,5,4,0,0,0,40,
41,3,9,2,0,0,4,1,0,0,40,
61,4,13,2,11,0,4,1,0,0,50,
25,3,10,4,7,3,4,0,0,0,25,
20,8,10,4,14,3,4,1,0,0,56,
35,3,9,0,3,4,4,0,0,0,40,
64,1,11,2,3,0,4,1,0,0,40,
28,3,9,2,5,0,4,1,0,0,38,
39,5,10,4,9,1,4,1,0,1564,12,
53,3,9,0,13,4,4,1,0,0,40,
28,3,9,4,0,1,4,0,0,0,40,
38,0,10,0,5,4,2,0,0,0,40,
25,1,13,4,9,1,4,1,0,0,35,
19,3,10,4,7,1,4,0,0,0,30,
20,3,12,4,0,1,4,0,0,0,30,
27,3,13,4,6,1,1,1,0,0,40,
55,1,9,2,9,2,4,0,0,2246,40,
52,6,14,2,9,5,2,0,0,1848,40,
21,8,10,4,14,3,4,0,0,0,40,
30,3,9,4,0,3,4,0,0,0,40,
47,3,9,0,3,1,4,0,0,1974,40,
22,3,6,4,2,2,4,1,0,0,30,
24,3,9,2,5,0,4,1,4386,0,40,
26,3,13,4,11,1,4,0,0,0,40,
27,3,9,2,6,0,4,1,0,0,45,
57,3,5,2,6,0,4,1,0,0,40,
18,1,14,4,9,3,4,0,0,0,60,
30,3,13,4,9,1,4,1,0,0,45,
34,5,13,0,9,4,4,0,0,0,50,
40,3,10,2,0,0,4,1,5178,0,60,
60,3,9,0,7,4,2,0,0,0,38,
25,3,8,2,2,0,4,1,0,0,40,
39,3,13,2,11,0,4,1,0,0,55,
48,3,9,2,0,5,4,0,0,0,40,
27,5,10,2,3,0,4,1,0,0,30,
33,5,9,0,2,1,4,1,0,0,65,
65,4,9,2,3,0,4,1,0,0,40,
52,3,9,2,2,0,4,1,0,1977,40,
27,3,13,4,12,3,4,1,0,0,40,
32,3,10,4,2,4,4,1,0,0,40,
45,5,10,5,11,4,4,1,0,0,50,
18,8,7,4,14,3,4,1,0,0,16,
27,3,13,4,3,1,4,1,0,0,45,
57,5,10,2,3,5,4,0,0,0,60,
44,3,10,0,11,4,4,1,0,0,55,
30,3,14,2,9,0,4,1,0,0,44,
26,3,10,0,0,1,4,0,0,0,40,
28,0,10,2,0,0,4,1,0,0,40,
61,3,9,2,13,0,4,1,0,0,40,
49,5,9,2,2,0,4,1,0,0,50,
33,3,14,2,9,0,4,1,15024,0,40,
50,3,12,2,6,0,4,1,0,0,50,
53,5,4,2,12,0,4,1,0,0,99,
33,3,9,2,2,0,4,1,0,0,40,
22,3,10,4,0,3,4,1,0,0,10,
45,1,13,0,10,1,4,1,0,0,40,
26,8,10,4,14,1,4,1,0,0,60,
50,8,4,5,14,3,4,0,0,0,20,
47,5,9,2,2,0,4,1,0,0,40,
52,0,13,2,9,0,4,1,0,0,40,
57,3,9,6,0,1,4,0,0,0,36,
21,8,10,4,14,3,4,0,0,0,35,
58,3,9,0,0,4,4,0,2174,0,40,
50,1,14,0,9,1,0,0,0,0,50,
33,0,10,4,0,3,1,0,0,0,40,
34,5,7,2,2,0,4,1,0,0,40,
20,3,10,4,7,3,4,0,0,0,20,
37,1,14,2,10,0,4,1,7688,0,50,
57,3,12,0,0,1,2,0,0,0,40,
57,5,9,2,11,0,4,1,0,0,48,
21,3,12,4,0,3,4,0,0,0,8,
40,3,10,0,11,1,4,1,0,0,40,
23,3,10,5,2,1,4,1,0,0,40,
54,3,9,2,0,0,4,1,0,0,20,
38,3,10,2,3,0,4,1,0,0,40,
32,3,10,2,3,0,4,1,15024,0,60,
22,6,10,4,0,1,4,0,0,0,40,
27,3,9,4,0,1,4,0,0,0,42,
42,3,3,2,7,0,4,1,0,0,40,
36,3,9,4,0,1,4,0,0,0,47,
22,3,9,2,11,0,2,1,0,0,40,
40,6,5,5,6,1,2,1,0,0,40,
26,3,9,2,6,0,4,1,0,0,45,
46,6,9,4,13,1,2,1,0,0,40,
28,3,7,2,2,1,4,1,0,0,60,
46,6,13,4,3,1,4,1,0,0,45,
55,3,9,0,5,1,4,0,0,0,40,
76,3,10,0,0,1,4,0,0,0,20,
27,3,13,4,9,1,4,1,0,0,60,
50,3,9,2,13,0,4,1,0,0,40,
75,3,9,2,2,0,4,1,0,0,20,
42,0,14,2,3,0,4,1,0,0,40,
36,1,14,4,9,1,2,0,0,0,40,
51,3,9,2,10,0,4,1,0,0,40,
43,3,15,2,9,0,4,1,15024,0,55,
44,3,13,2,13,0,4,1,0,0,40,
20,8,10,4,14,1,2,0,0,0,20,
60,3,3,2,2,0,4,1,0,0,45,
47,6,13,2,9,0,4,1,0,0,45,
73,3,7,2,6,0,4,1,0,0,15,
27,3,9,2,5,0,2,1,0,0,40,
50,3,9,2,2,0,4,1,15024,0,50,
35,3,4,2,2,0,4,1,0,0,40,
31,3,9,4,6,3,2,1,0,0,50,
45,3,13,2,2,0,4,1,0,0,40,
57,3,9,2,2,0,1,1,0,0,40,
34,3,9,2,2,0,4,1,0,0,40,
19,3,10,4,7,3,4,0,0,0,16,
25,3,9,4,5,3,2,1,0,0,40,
39,3,13,2,9,5,4,0,0,0,50,
28,3,9,2,2,0,4,1,0,0,40,
48,6,14,0,9,4,4,0,0,0,40,
38,3,9,2,2,0,4,1,0,0,44,
53,3,3,2,8,5,2,0,0,0,10,
19,3,9,4,5,1,4,1,0,0,40,
41,3,9,2,0,5,4,0,0,0,60,
23,3,12,4,11,3,2,0,0,0,36,
32,3,9,4,2,1,4,1,0,0,40,
35,3,10,0,6,1,0,1,0,0,40,
21,3,11,4,4,1,4,0,0,1602,30,
24,3,13,4,12,3,4,1,0,0,40,
34,3,9,2,2,0,2,1,0,0,40,
29,1,13,2,9,5,4,0,0,0,25,
24,3,10,4,0,1,2,0,0,0,20,
55,3,9,6,0,1,4,0,0,0,40,
28,3,9,3,6,3,1,1,0,0,40,
46,1,9,4,2,3,4,1,0,0,40,
38,3,9,2,6,0,4,1,0,0,40,
29,3,10,0,0,1,2,0,0,0,40,
35,3,13,2,2,0,4,1,0,0,50,
29,3,9,4,5,1,2,1,0,0,40,
41,6,16,2,9,0,4,1,0,0,50,
40,5,9,2,2,0,4,1,0,0,32,
30,3,9,0,0,3,4,0,0,0,40,
72,3,7,0,7,1,2,0,0,0,35,
17,3,7,4,5,3,4,1,0,0,40,
46,4,9,2,10,0,4,1,0,0,70,
38,3,13,4,7,1,4,1,0,0,48,
36,3,13,4,9,1,4,0,0,0,45,
24,5,12,4,2,3,4,1,0,0,40,
28,3,9,0,7,4,4,0,0,0,35,
28,3,9,2,6,0,4,1,0,0,40,
60,8,9,2,14,0,4,1,0,1485,70,
42,1,10,2,10,0,3,1,0,0,40,
48,3,13,2,3,0,4,1,0,0,40,
37,5,9,2,2,0,4,1,0,0,40,
32,3,16,4,9,1,4,1,0,0,40,
55,3,10,2,2,0,2,1,7688,0,40,
30,3,10,2,5,0,4,1,0,0,40,
68,3,4,6,6,1,4,0,0,0,10,
45,3,9,0,7,1,4,0,0,0,30,
26,3,9,0,5,3,4,0,0,0,40,
22,3,10,4,3,3,4,0,0,0,40,
22,3,10,4,2,3,4,1,0,0,40,
36,3,10,2,3,0,4,1,7298,0,40,
52,3,4,4,6,1,2,0,0,0,40,
68,3,15,6,9,4,4,0,0,0,16,
26,1,13,2,9,5,2,0,0,0,40,
52,3,13,0,3,1,4,1,0,0,40,
46,5,9,2,4,0,4,1,0,1672,50,
53,3,14,2,9,0,4,1,7298,0,40,
17,3,7,4,11,3,4,0,0,0,8,
29,3,13,2,9,3,4,1,0,0,75,
41,3,10,2,11,0,4,1,0,0,50,
45,3,10,0,12,1,2,0,0,0,40,
57,3,10,0,3,1,4,0,0,0,50,
30,0,13,2,0,0,4,1,0,0,30,
46,3,9,2,11,0,4,1,0,0,45,
45,3,12,2,5,0,4,1,0,0,40,
59,8,10,2,14,0,4,1,0,0,40,
40,3,12,2,11,0,4,1,0,0,52,
38,6,9,0,7,4,4,0,2036,0,20,
22,3,10,4,3,3,4,0,0,0,40,
59,5,4,2,11,0,4,1,0,0,85,
36,3,10,4,2,1,4,1,0,0,40,
40,3,4,4,4,3,4,1,0,0,40,
18,3,6,4,11,2,2,0,0,0,40,
62,8,9,2,14,0,4,1,0,0,40,
63,3,9,0,11,1,4,0,0,0,40,
29,3,14,4,9,1,4,0,0,0,80,
27,3,13,2,3,5,2,0,0,0,45,
47,6,16,0,9,4,4,1,0,0,50,
20,1,9,4,0,3,4,1,0,0,40,
48,3,12,2,2,0,4,1,0,0,45,
29,3,9,2,0,0,4,1,0,0,30,
22,3,9,4,12,1,4,0,0,0,40,
42,3,12,6,12,4,4,0,0,0,24,
36,3,11,0,2,1,4,1,0,0,40,
60,3,6,0,7,1,2,0,0,0,40,
41,0,9,5,3,1,2,0,0,0,40,
43,3,9,2,11,0,4,1,0,0,40,
33,3,13,2,9,0,4,1,0,0,38,
34,3,4,2,7,5,4,0,0,0,40,
32,3,9,4,13,3,4,0,0,0,35,
22,8,10,4,14,3,4,0,0,0,20,
52,3,5,6,7,1,4,0,0,0,25,
27,3,12,4,11,1,4,1,0,0,40,
60,1,14,2,9,0,4,1,0,0,40,
41,5,13,2,0,5,4,0,7688,0,40,
34,5,13,4,11,1,4,1,0,0,62,
30,3,9,2,3,0,4,1,0,0,40,
35,3,10,5,7,4,4,0,0,0,25,
39,0,13,0,3,4,2,0,0,0,40,
64,3,10,6,0,1,4,0,0,0,40,
17,5,7,4,4,3,4,1,0,0,20,
29,6,14,4,3,1,4,1,0,0,40,
37,1,11,2,10,0,4,1,0,0,40,
43,5,9,2,13,0,4,1,0,0,45,
30,5,9,2,9,0,4,1,0,0,25,
17,3,6,4,11,3,4,0,0,0,12,
29,3,9,4,2,1,4,1,0,0,40,
24,3,10,4,0,3,4,1,0,0,40,
27,5,13,4,11,1,4,1,0,0,50,
69,4,13,5,3,1,4,1,0,0,40,
30,3,9,3,0,1,4,1,0,0,40,
29,3,9,2,6,0,4,1,0,0,40,
17,8,6,4,14,3,4,1,0,0,40,
61,3,4,2,13,0,2,1,0,1651,40,
70,3,4,6,7,4,2,0,0,0,38,
32,3,13,2,12,0,4,1,0,1902,40,
21,8,9,4,14,2,4,1,0,0,40,
27,5,9,4,2,4,4,1,9562,0,50,
27,3,13,4,7,1,4,0,0,0,40,
19,3,10,4,11,3,4,0,0,0,25,
44,6,14,2,9,0,2,1,0,0,60,
36,3,10,4,0,1,4,0,0,0,40,
45,3,14,2,3,0,4,1,7298,0,50,
29,3,13,4,9,1,4,0,0,0,60,
34,0,13,2,10,0,4,1,7298,0,54,
28,1,13,4,9,2,4,1,0,0,50,
34,3,3,4,5,3,4,1,0,0,40,
18,3,9,4,0,3,4,0,0,0,20,
39,3,10,0,4,4,4,0,0,0,45,
34,3,10,4,5,1,4,1,0,0,40,
35,1,14,0,0,4,4,0,0,0,41,
24,3,9,4,5,3,4,1,0,0,40,
41,3,13,2,11,0,4,1,0,0,70,
50,6,16,2,9,0,4,1,0,1902,45,
68,3,10,0,3,1,4,1,0,0,30,
35,3,7,4,6,1,4,1,0,0,50,
47,3,11,2,5,0,4,1,0,0,40,
43,1,14,0,9,4,4,0,0,0,40,
35,3,9,2,4,0,4,1,0,0,40,
34,3,10,4,3,1,4,0,0,0,17,
26,3,9,4,2,3,4,1,0,0,40,
50,3,10,0,11,1,4,0,0,0,40,
22,3,9,4,2,3,4,0,0,0,40,
20,3,9,4,4,3,1,1,0,0,40,
18,8,9,4,14,3,4,0,0,0,40,
52,5,9,2,2,0,1,1,0,0,40,
71,6,9,2,10,0,4,1,0,0,28,
55,3,9,0,0,1,4,0,0,0,40,
17,3,7,4,11,3,4,0,0,0,8,
36,3,10,6,9,3,4,0,0,0,40,
25,8,13,2,14,0,4,1,0,0,40,
39,1,8,2,13,0,4,1,0,1848,40,
27,3,13,4,7,1,1,1,0,0,40,
42,3,9,0,0,4,4,0,0,0,40,
22,3,9,3,11,1,4,1,0,1719,40,
57,3,11,4,2,1,4,1,0,0,40,
34,3,10,4,2,1,2,1,0,0,28,
31,3,14,4,9,1,4,0,0,0,60,
24,3,13,4,11,3,4,1,0,0,40,
41,5,9,4,7,1,2,1,0,0,60,
30,3,10,0,9,1,4,0,6849,0,40,
17,3,7,4,0,3,4,0,0,0,32,
26,4,9,5,11,4,4,0,0,0,20,
32,3,2,4,4,1,3,1,0,0,50,
55,3,6,2,3,0,4,1,0,0,45,
19,3,8,3,7,3,3,0,0,0,20,
28,3,14,0,9,1,4,0,0,0,50,
55,8,9,2,14,5,4,0,2885,0,40,
49,3,15,2,9,0,4,1,0,0,60,
23,3,13,4,3,1,4,1,0,0,40,
43,3,9,2,2,0,4,1,0,0,40,
40,3,10,2,2,0,4,1,0,0,40,
41,3,13,2,9,0,4,1,0,0,40,
23,3,10,4,2,3,4,1,0,0,40,
59,0,9,2,2,0,4,1,0,1887,40,
20,3,9,4,5,3,4,1,0,0,35,
21,3,9,4,2,3,4,1,0,0,40,
28,8,13,3,14,1,1,0,0,0,10,
44,4,10,2,3,0,4,1,0,0,50,
31,5,13,2,11,0,4,1,0,0,48,
50,5,13,4,2,1,4,1,4416,0,45,
54,3,9,2,6,0,4,1,0,0,45,
28,3,9,2,13,0,4,1,0,0,50,
34,3,9,0,13,1,4,1,0,0,40,
46,3,14,2,3,0,4,1,0,0,40,
28,4,13,2,3,0,4,1,0,0,60,
23,3,9,4,0,3,2,1,0,2001,40,
29,3,13,2,12,0,4,1,0,0,40,
35,3,9,2,2,0,4,1,0,0,40,
41,5,10,2,4,0,4,1,7688,0,50,
90,8,10,4,14,3,1,1,0,0,10,
35,5,14,2,3,0,4,1,7688,0,55,
20,3,9,2,5,0,3,1,0,0,40,
42,3,14,0,9,1,4,0,2354,0,16,
56,3,4,2,6,5,4,0,5013,0,45,
31,3,13,4,11,3,4,1,0,0,45,
23,3,9,4,12,3,4,1,0,0,50,
60,3,9,4,5,1,4,1,0,0,40,
28,3,10,4,2,3,4,1,0,0,40,
32,3,10,2,13,0,4,1,0,0,60,
36,3,14,4,3,1,4,0,14084,0,40,
44,5,13,2,3,0,4,1,0,0,60,
34,3,10,2,2,0,4,1,0,0,48,
27,3,9,4,11,3,1,1,0,0,40,
49,3,9,0,3,4,4,1,0,0,50,
48,3,9,0,7,4,2,0,0,0,40,
47,3,9,2,2,0,4,1,0,0,50,
34,3,13,2,3,0,4,1,0,0,65,
27,3,12,4,11,1,4,1,0,0,40,
31,1,13,2,6,0,4,1,4064,0,40,
24,3,10,2,2,0,4,1,0,0,40,
24,3,9,0,5,1,4,1,0,0,30,
25,3,10,2,6,0,4,1,0,0,40,
36,3,11,0,11,4,4,0,0,0,40,
38,0,9,2,0,0,4,1,0,0,45,
57,3,3,2,13,0,4,1,0,0,40,
24,3,10,2,4,0,4,1,0,0,50,
41,6,9,2,12,0,4,1,0,0,40,
56,6,11,2,2,0,2,1,0,0,60,
19,3,9,4,0,3,4,0,0,0,40,
44,3,9,4,7,2,2,1,0,0,32,
34,3,11,4,2,1,4,0,0,0,40,
25,3,13,4,3,3,4,1,0,0,40,
27,6,9,2,12,0,4,1,0,0,40,
22,3,9,4,9,1,4,1,0,0,40,
59,3,10,2,2,0,4,1,0,1887,55,
34,3,7,2,13,0,4,1,0,0,50,
30,3,9,2,13,0,4,1,0,0,65,
21,3,10,4,0,1,4,0,0,0,38,
24,3,10,4,5,2,4,1,0,0,40,
19,8,10,4,14,3,4,0,0,0,15,
82,8,10,6,14,1,0,1,0,0,3,
35,3,13,2,11,0,4,1,0,0,50,
32,3,11,2,2,0,4,1,0,0,40,
45,3,10,0,0,4,4,0,0,0,45,
30,3,9,4,0,4,4,0,0,0,40,
28,5,13,2,2,0,4,1,0,0,55,
28,5,13,2,11,5,4,0,0,0,5,
29,3,9,4,0,1,4,0,0,0,44,
60,3,10,2,2,0,4,1,0,0,40,
28,3,11,4,11,1,4,0,0,0,40,
38,0,10,0,3,1,2,0,0,0,40,
31,3,9,2,2,0,4,1,0,0,50,
28,3,10,2,7,0,4,1,0,0,35,
42,3,10,2,7,5,4,0,0,0,23,
40,1,5,2,7,5,4,0,0,0,40,
24,3,10,4,7,1,4,1,0,0,40,
37,4,10,2,3,0,4,1,0,0,60,
36,3,9,2,2,0,4,1,0,0,40,
39,3,13,4,3,1,4,1,0,0,40,
22,3,5,3,7,2,4,1,0,0,35,
46,3,10,2,6,0,4,1,0,1628,40,
28,3,13,2,9,0,4,1,0,0,43,
34,3,10,0,0,4,4,0,0,0,40,
42,3,10,0,11,4,4,0,0,0,43,
43,3,9,2,2,0,4,1,0,0,40,
35,3,9,4,11,3,4,0,0,0,40,
60,3,15,2,9,0,4,1,3781,0,16,
33,3,10,4,2,1,2,1,8614,0,40,
22,3,9,2,13,2,4,1,0,0,80,
39,3,11,2,2,0,4,1,0,0,40,
33,3,13,2,3,0,2,1,5178,0,40,
39,3,9,2,2,0,4,1,0,0,40,
37,5,7,2,13,0,4,1,0,0,45,
63,5,4,2,4,0,4,1,0,0,60,
46,6,10,2,3,0,4,1,7688,0,38,
48,3,9,5,6,4,2,0,0,0,40,
33,3,9,4,0,3,2,0,0,0,40,
65,3,10,6,9,1,4,0,1848,0,20,
39,3,9,4,0,3,4,0,0,0,40,
43,3,13,0,3,1,2,0,0,0,40,
28,3,6,2,2,0,4,1,0,0,40,
50,5,9,0,3,1,4,0,99999,0,35,
24,6,13,4,9,1,4,1,0,0,20,
48,3,9,0,13,1,4,1,0,0,40,
35,3,10,4,7,1,4,1,0,0,40,
62,3,9,2,13,0,4,1,0,0,40,
42,5,10,4,3,1,4,1,0,0,40,
60,3,9,2,3,0,4,1,99999,0,40,
50,3,9,2,3,0,4,1,0,0,50,
40,3,15,4,3,1,4,0,0,0,40,
39,1,9,2,2,0,4,1,0,0,40,
43,8,13,2,14,0,4,1,0,0,40,
43,1,9,0,10,4,4,0,0,0,40,
35,3,9,2,2,0,4,1,0,0,38,
39,3,13,2,3,0,4,1,0,0,45,
30,1,13,2,10,0,4,1,0,0,40,
32,3,10,2,11,0,2,1,0,0,65,
18,3,10,4,0,1,4,1,0,0,40,
37,3,12,4,11,4,2,0,0,0,40,
26,3,13,4,0,3,4,0,0,0,40,
51,3,9,2,2,0,4,1,0,0,42,
35,8,10,0,14,1,0,0,0,0,36,
33,3,13,2,11,0,4,1,0,0,45,
46,3,13,2,2,0,4,1,0,0,44,
40,3,11,2,3,0,4,1,0,0,50,
34,3,11,2,2,0,4,1,0,0,48,
29,3,9,2,6,0,4,1,0,0,40,
47,5,10,6,7,4,4,0,0,0,35,
34,3,13,2,9,0,1,1,0,0,40,
45,3,9,3,0,4,4,0,0,0,30,
53,3,9,5,2,1,4,1,0,0,35,
52,5,14,2,3,0,1,1,0,0,40,
64,3,4,2,4,0,4,1,0,0,40,
42,3,14,4,3,1,4,1,0,0,45,
44,3,10,2,12,0,4,1,0,0,44,
41,3,9,2,11,0,4,1,7298,0,50,
53,1,14,2,3,0,4,1,0,0,43,
25,3,9,4,2,1,4,1,0,0,35,
20,3,7,5,7,3,4,0,0,0,40,
29,3,11,4,8,3,4,0,0,0,40,
56,3,9,2,2,0,4,1,0,0,40,
45,3,16,2,9,5,4,0,0,1977,30,
56,3,9,2,11,5,4,0,0,0,35,
38,4,10,2,3,0,4,1,7298,0,40,
62,3,9,2,11,0,1,1,0,0,40,
28,5,13,4,9,1,4,1,0,0,60,
31,3,9,2,11,0,4,1,3908,0,40,
24,3,13,4,11,3,4,1,0,0,40,
65,3,13,2,0,0,4,1,0,0,34,
40,3,9,5,5,1,2,1,0,0,30,
31,3,13,4,9,1,4,1,0,0,40,
35,3,9,0,13,1,4,1,0,1741,60,
42,0,14,2,9,0,1,1,0,1902,40,
20,3,9,4,11,1,4,0,0,0,30,
30,1,10,0,0,1,4,0,0,0,40,
25,3,13,4,3,3,4,1,0,0,45,
22,3,9,4,7,3,4,1,0,0,40,
65,8,9,6,14,4,4,0,0,2206,10,
31,3,10,2,9,5,4,0,3908,0,40,
56,3,10,2,3,0,2,1,0,0,50,
51,3,9,0,7,2,2,1,0,0,32,
36,5,6,2,4,0,4,1,0,0,60,
44,6,10,0,0,1,2,0,0,1590,40,
49,3,14,0,3,4,4,1,0,1755,45,
28,3,9,2,2,0,4,1,0,0,40,
57,3,13,2,9,0,4,1,7298,0,40,
33,5,10,4,11,1,4,1,0,0,65,
49,3,13,2,0,0,4,1,5178,0,40,
74,6,16,4,9,2,4,0,0,3683,20,
48,3,13,2,3,0,4,1,5013,0,45,
38,3,13,2,3,0,4,1,15024,0,40,
39,3,9,4,6,1,4,0,0,0,40,
46,3,13,2,3,0,4,1,7298,0,65,
56,3,13,2,9,0,4,1,0,0,40,
27,3,13,2,3,0,4,1,0,0,40,
17,3,7,4,8,3,4,0,0,0,40,
28,3,5,0,9,1,2,0,0,0,40,
18,8,6,4,14,3,4,1,0,0,40,
42,3,14,0,0,1,4,0,0,0,25,
39,3,10,5,0,4,2,0,0,0,40,
29,5,9,2,4,0,4,1,3464,0,40,
21,3,10,4,9,3,4,1,0,0,10,
36,3,10,4,0,4,1,0,0,0,40,
56,3,6,6,6,4,2,0,0,0,40,
49,3,3,2,2,0,4,1,0,0,40,
47,4,10,2,11,0,4,1,0,0,80,
44,3,10,5,0,4,4,0,0,0,40,
40,3,2,4,7,1,4,1,0,0,45,
43,6,13,2,3,0,4,1,15024,0,40,
62,3,8,2,4,0,4,1,0,0,48,
52,3,15,2,9,5,4,0,3103,0,30,
25,3,9,4,7,4,2,0,0,0,40,
63,4,14,0,9,1,4,1,0,0,70,
51,3,16,2,9,0,1,1,0,0,99,
25,3,9,4,0,3,1,0,0,0,40,
62,8,10,2,14,0,4,1,0,0,40,
27,3,9,4,11,1,4,0,0,0,40,
48,0,10,4,0,1,4,1,0,0,30,
32,3,9,2,13,0,4,1,0,0,40,
36,3,10,2,11,0,4,1,0,0,45,
30,5,9,0,2,1,4,1,0,0,40,
45,6,14,0,3,4,4,0,0,0,40,
27,3,9,2,13,0,4,1,0,0,50,
41,3,13,0,7,1,4,1,0,0,37,
61,3,9,2,7,0,2,1,0,0,40,
70,4,13,0,3,4,4,0,0,0,55,
55,3,7,4,6,1,2,0,0,0,40,
35,3,13,4,7,1,4,0,0,0,45,
36,3,11,2,5,0,4,1,0,0,38,
29,3,10,4,12,3,4,1,0,0,60,
30,3,13,2,7,5,4,0,0,0,40,
45,3,7,2,2,0,4,1,0,0,40,
39,0,13,0,9,4,4,0,5455,0,60,
18,3,9,4,7,3,4,1,0,0,20,
28,3,9,2,13,0,2,1,0,0,40,
27,3,13,2,3,0,4,1,0,0,45,
38,3,9,4,6,1,4,1,0,0,40,
33,3,9,2,2,0,4,1,0,0,40,
25,3,9,2,13,0,4,1,0,0,40,
25,8,9,2,14,5,4,0,0,0,4,
38,3,7,4,7,3,2,0,0,0,40,
23,3,10,4,4,4,4,1,0,0,45,
40,3,11,0,9,4,4,1,0,0,40,
36,4,9,2,3,0,4,1,99999,0,50,
20,3,10,4,11,3,4,0,0,0,20,
41,3,9,2,6,0,4,1,0,0,48,
44,3,10,5,0,4,4,0,0,0,38,
49,4,13,2,0,0,4,1,0,0,40,
22,3,12,4,0,1,2,0,0,0,40,
26,3,10,4,0,1,4,0,0,0,40,
47,3,12,2,2,0,4,1,0,0,40,
48,3,9,6,7,4,4,0,0,0,25,
28,4,9,4,3,3,4,1,0,0,40,
37,0,10,5,3,1,4,1,8614,0,55,
44,3,13,2,9,0,4,1,0,0,40,
20,8,8,4,14,1,2,0,0,0,35,
53,3,13,2,0,0,4,1,7298,0,40,
36,3,14,4,3,1,4,1,0,0,15,
77,3,4,2,6,0,3,1,0,0,30,
21,3,9,4,7,3,4,1,0,0,35,
24,3,13,4,0,1,1,0,0,0,40,
30,3,12,4,12,1,4,0,0,0,40,
51,1,11,0,0,4,4,0,0,0,50,
22,3,10,0,11,3,1,0,0,0,30,
23,3,10,4,11,3,1,1,0,0,25,
47,3,16,2,3,0,4,1,99999,0,50,
17,3,8,4,11,3,4,1,0,0,20,
48,3,13,4,7,1,4,1,0,0,50,
43,3,10,2,3,0,4,1,0,0,40,
34,3,8,2,2,0,4,1,0,0,40,
19,3,9,4,0,3,4,0,0,0,35,
42,6,10,4,3,1,4,0,0,0,40,
23,3,13,4,3,3,1,1,0,0,40,
61,5,15,2,9,0,4,1,0,0,50,
63,3,7,2,7,0,4,1,0,0,30,
65,3,9,6,11,4,4,0,0,0,40,
37,3,11,2,0,0,4,1,7298,0,40,
41,1,12,2,12,0,4,1,0,0,40,
35,3,10,2,10,0,2,1,0,0,40,
21,3,9,0,11,2,4,0,0,0,40,
48,1,13,4,0,4,4,0,0,0,35,
51,6,10,2,11,0,4,1,0,1887,40,
43,3,13,2,11,0,4,1,0,0,55,
22,6,10,4,9,1,4,1,0,0,15,
56,5,10,2,2,0,4,1,0,0,60,
47,3,9,0,0,1,4,0,0,0,40,
26,3,13,4,0,3,4,1,0,0,24,
39,3,10,2,7,5,4,0,0,0,24,
45,5,10,4,4,3,4,1,0,0,75,
49,3,9,0,7,4,4,1,0,0,40,
23,3,9,4,5,1,4,1,0,0,30,
69,3,9,2,0,0,4,1,0,0,36,
41,0,14,2,3,0,4,1,0,0,60,
40,5,9,5,3,2,4,1,0,0,40,
25,3,9,4,6,1,4,1,0,0,40,
52,3,9,4,5,4,4,1,0,0,40,
28,3,10,4,9,1,2,0,3325,0,50,
50,0,12,2,2,0,4,1,0,0,40,
21,3,11,4,12,3,4,0,0,0,30,
48,3,10,2,11,0,4,1,0,0,40,
27,3,15,2,9,0,4,1,0,0,42,
63,3,9,2,2,0,4,1,0,0,30,
47,6,16,2,9,0,4,1,0,0,40,
37,5,16,4,9,1,4,1,14084,0,45,
28,3,10,2,11,0,2,1,0,0,40,
58,3,9,0,0,1,4,0,0,0,40,
41,3,10,2,11,0,4,1,0,0,51,
67,4,10,2,11,0,4,1,0,0,40,
62,5,9,2,11,5,4,0,0,0,48,
28,3,10,2,5,0,4,1,0,0,40,
26,3,8,4,5,3,4,1,0,0,40,
46,5,15,2,9,0,4,1,0,0,65,
29,3,9,2,2,0,4,1,0,0,40,
39,3,13,2,2,0,1,1,0,0,40,
25,3,14,4,9,3,4,0,0,0,35,
20,3,10,4,11,1,4,0,0,0,35,
21,3,10,4,0,3,4,1,0,0,40,
25,3,13,4,9,1,4,1,0,0,50,
44,4,15,2,9,0,4,1,0,0,50,
37,3,9,4,0,3,4,1,0,0,38,
50,3,14,2,3,0,1,1,7298,0,40,
29,3,9,5,0,4,4,0,0,0,40,
18,3,10,4,11,3,2,0,0,0,21,
32,3,13,4,3,4,4,0,0,0,40,
58,3,11,0,0,1,4,0,0,0,60,
50,3,9,2,2,0,4,1,0,0,40,
29,3,10,4,7,1,4,0,0,0,18,
58,3,9,2,3,0,4,1,0,0,60,
29,6,10,4,7,3,4,0,0,0,40,
36,3,9,2,13,0,4,1,0,0,45,
21,3,9,4,2,1,4,1,0,0,35,
49,3,9,0,3,4,4,0,0,0,40,
60,3,14,0,9,1,4,0,0,0,50,
39,3,10,2,11,0,4,1,3103,0,50,
50,3,12,2,2,0,4,1,0,1902,40,
30,3,10,4,11,1,4,0,0,0,48,
55,3,9,0,7,1,4,1,0,0,40,
64,1,9,0,13,4,4,1,0,0,20,
29,4,12,4,9,2,2,0,0,0,40,
40,3,13,2,3,0,4,1,7298,0,40,
42,3,9,2,2,0,4,1,0,0,50,
55,3,9,6,11,4,4,0,0,0,40,
43,3,9,0,13,1,4,1,0,0,45,
28,3,8,4,11,1,2,1,0,0,40,
46,6,12,2,12,0,4,1,0,0,38,
34,3,9,4,6,4,4,1,0,0,40,
47,3,14,2,0,5,4,0,7688,0,38,
43,5,14,4,3,1,4,0,0,0,40,
24,3,10,4,0,3,2,0,0,0,25,
21,3,7,2,2,0,4,1,0,0,40,
65,3,13,2,2,0,4,1,0,0,40,
20,3,10,4,7,1,4,1,0,0,40,
31,6,14,0,0,1,4,0,0,0,25,
38,6,9,2,0,0,4,1,3464,0,40,
22,3,10,4,11,1,4,1,0,0,40,
20,3,10,4,9,1,3,0,0,0,20,
44,3,10,2,11,0,4,1,0,0,60,
44,1,14,2,9,5,4,0,0,0,40,
41,3,16,2,9,0,4,1,0,0,60,
38,3,9,0,2,1,4,1,0,2205,40,
21,3,10,4,7,3,4,0,0,0,25,
24,3,10,3,11,4,3,0,0,0,30,
24,3,14,4,9,1,4,0,0,0,45,
28,3,9,2,0,3,4,0,0,0,40,
39,3,13,4,3,1,4,0,0,0,35,
48,3,10,0,2,1,4,1,3325,0,40,
24,1,9,4,10,1,4,1,0,0,40,
50,3,9,2,9,0,1,1,0,0,35,
50,1,10,2,2,0,4,1,4064,0,55,
68,3,10,2,0,0,4,1,0,0,40,
31,6,14,2,9,0,4,1,0,0,50,
22,3,2,4,2,1,4,1,0,0,40,
18,8,10,4,14,3,4,1,0,0,48,
25,3,9,3,6,1,4,1,0,0,40,
28,3,10,4,11,1,4,0,0,0,40,
17,1,7,4,0,3,4,0,0,0,15,
24,6,16,4,9,1,4,0,0,0,99,
20,3,6,5,11,1,4,0,0,0,36,
45,0,12,2,0,0,4,1,0,0,40,
44,3,10,3,2,4,4,0,1506,0,45,
57,3,4,2,2,0,4,1,0,0,40,
33,3,13,2,11,0,4,1,0,1902,55,
24,8,13,4,14,3,4,1,0,0,40,
22,3,10,4,10,3,1,1,0,0,24,
41,3,9,0,7,1,4,0,0,0,40,
51,4,13,2,3,0,4,1,0,0,40,
46,1,13,5,9,4,4,1,0,0,40,
52,3,9,0,6,1,4,0,0,0,38,
50,3,13,2,11,0,4,1,0,0,40,
26,4,13,4,0,3,4,0,0,0,50,
17,3,6,4,11,2,2,0,0,0,12,
64,3,10,2,3,0,4,1,0,0,40,
51,3,9,2,12,0,4,1,0,0,40,
28,5,9,2,9,0,4,1,0,0,35,
51,3,13,0,0,1,4,0,0,0,40,
39,5,13,0,0,1,4,1,0,1762,40,
48,3,10,0,7,4,4,0,0,0,32,
44,3,10,2,7,3,4,0,0,0,40,
47,3,7,2,7,0,4,1,0,0,40,
52,3,9,6,2,3,4,0,0,0,40,
58,3,10,4,0,1,4,0,0,0,39,
19,3,7,4,7,1,4,0,0,0,40,
40,3,13,2,12,0,4,1,0,0,40,
23,3,10,4,0,3,4,1,0,0,40,
31,3,13,2,7,0,4,1,0,0,40,
40,1,12,2,3,0,4,1,0,0,40,
48,4,10,2,11,0,4,1,0,0,38,
46,3,14,0,3,1,4,0,0,0,50,
32,3,9,2,5,5,2,0,3908,0,40,
50,3,9,2,2,0,4,1,0,0,40,
18,3,9,4,6,1,4,1,0,0,37,
26,3,14,4,3,1,4,0,0,0,30,
36,3,13,4,11,1,4,0,0,0,20,
26,3,11,0,11,3,4,0,594,0,35,
19,3,10,4,11,3,4,0,0,0,15,
53,3,12,2,3,0,4,1,15024,0,40,
54,3,10,4,11,1,2,1,0,0,41,
29,3,10,2,0,3,4,0,0,0,6,
81,3,14,6,9,4,4,1,0,0,60,
37,3,14,4,9,1,4,0,0,0,38,
40,3,11,0,13,1,4,1,0,0,50,
36,3,10,6,0,4,2,0,0,0,40,
18,3,8,4,0,3,4,0,0,0,30,
44,6,7,5,12,1,2,1,0,0,40,
36,3,9,5,7,4,2,0,0,0,35,
69,6,16,2,9,0,4,1,0,0,50,
17,3,8,4,9,3,4,1,0,0,7,
38,3,11,2,2,0,4,1,0,0,40,
27,3,9,4,6,4,2,1,0,0,40,
52,3,12,2,3,0,4,1,0,0,40,
24,3,12,4,11,1,4,1,0,0,35,
57,3,13,2,3,5,4,0,0,0,40,
19,3,6,4,6,3,4,0,0,0,40,
38,3,9,0,2,1,0,1,0,0,50,
46,3,4,3,8,4,4,0,0,1594,24,
21,3,9,2,9,3,4,1,0,0,40,
29,3,10,4,0,1,4,0,0,0,40,
33,8,10,0,14,1,4,0,0,0,40,
26,3,9,2,4,0,4,1,0,0,70,
28,3,9,5,4,1,4,1,0,0,55,
26,3,10,2,11,5,4,0,0,0,40,
37,8,15,2,14,0,4,1,0,0,6,
49,3,13,2,7,0,4,1,0,0,40,
28,3,13,2,3,0,4,1,0,0,55,
57,0,10,0,7,1,4,1,0,0,40,
60,3,4,2,13,0,4,1,0,0,40,
20,8,9,4,14,3,4,1,0,0,25,
38,3,9,2,0,0,4,1,0,0,42,
51,5,9,2,2,0,4,1,3137,0,60,
60,3,10,0,0,1,4,0,0,0,40,
37,3,13,2,3,2,4,1,3411,0,47,
44,0,9,4,2,3,2,0,0,0,40,
19,5,10,4,7,3,4,0,0,0,25,
59,3,14,2,2,5,1,0,0,0,35,
50,3,9,2,7,0,4,1,0,0,40,
35,0,13,2,2,0,4,1,0,0,40,
46,0,10,0,6,4,4,1,0,0,40,
18,3,10,4,11,3,2,1,0,0,35,
32,3,3,2,6,0,0,1,0,0,40,
32,3,11,0,7,4,4,0,0,0,40,
39,3,9,2,2,0,4,1,0,0,40,
25,3,9,4,2,2,4,0,0,0,40,
30,3,14,2,3,0,4,1,15024,0,60,
37,3,13,2,12,0,4,1,0,1977,40,
38,4,10,2,3,0,4,1,0,0,80,
36,3,12,0,7,4,4,0,0,0,37,
56,3,10,2,11,0,4,1,0,0,40,
35,0,13,6,0,1,4,1,0,0,40,
56,3,9,0,0,1,4,1,0,0,41,
17,3,6,4,7,3,4,1,0,0,14,
46,3,14,2,3,0,4,1,0,1977,45,
56,3,9,0,0,1,4,0,0,0,40,
61,6,8,2,2,0,4,1,0,0,40,
25,3,10,2,11,0,4,1,0,0,43,
27,3,9,4,6,4,2,0,0,0,40,
50,5,9,2,4,0,4,1,0,0,30,
33,5,11,2,4,0,4,1,0,0,62,
33,3,11,2,2,0,4,1,7298,0,40,
38,3,10,4,4,4,4,1,0,0,60,
51,3,7,2,6,0,4,1,0,0,40,
27,3,12,4,11,1,4,1,0,0,42,
49,1,14,6,9,4,4,0,0,0,16,
26,3,9,5,6,4,2,0,0,0,40,
42,3,14,2,3,0,4,1,0,0,60,
37,3,13,4,6,1,2,1,0,1719,32,
38,3,10,4,0,3,4,0,0,0,40,
48,3,9,2,7,0,4,1,0,0,40,
41,3,13,0,12,4,2,1,7430,0,45,
33,3,9,2,3,0,4,1,4386,0,60,
30,3,9,4,7,1,4,1,0,0,40,
25,6,13,4,9,1,4,0,0,0,50,
50,3,13,2,11,0,4,1,0,0,40,
54,4,9,2,3,0,4,1,0,0,36,
37,3,7,0,2,1,4,1,0,0,40,
59,5,13,2,11,0,4,1,15024,0,55,
17,3,6,4,11,3,2,0,0,0,24,
65,8,7,2,14,0,4,1,1797,0,40,
56,5,9,6,0,4,4,0,99999,0,40,
57,3,9,0,7,1,4,1,0,0,38,
33,3,6,4,7,3,2,1,0,0,20,
41,5,14,2,2,0,4,1,0,0,65,
45,3,13,6,7,3,1,0,0,0,40,
50,3,9,2,11,0,4,1,0,0,48,
18,3,9,4,11,2,4,1,0,0,25,
19,3,10,4,0,3,4,0,0,0,20,
26,3,10,2,9,5,1,0,0,0,40,
61,8,12,2,14,0,4,1,0,0,2,
67,8,7,2,14,0,4,1,0,0,40,
41,3,10,2,9,0,4,1,0,0,40,
29,3,9,4,2,1,4,1,0,0,50,
27,3,10,4,2,1,2,1,0,0,40,
35,3,9,0,0,4,4,0,0,0,38,
37,3,13,4,2,1,4,1,0,0,90,
22,3,7,4,0,1,4,1,0,0,40,
25,3,6,4,8,3,4,0,0,0,24,
26,3,9,2,11,0,4,1,0,0,50,
27,1,9,0,10,3,4,1,0,0,40,
26,3,13,4,0,1,4,1,6849,0,65,
51,3,9,2,2,0,4,1,0,0,40,
45,3,9,2,3,0,1,1,0,0,40,
60,3,9,2,11,0,4,1,0,0,40,
35,3,10,2,3,0,4,1,0,0,55,
24,3,9,4,6,3,4,1,0,0,40,
40,1,9,0,2,3,4,0,0,0,40,
69,8,9,6,14,1,4,0,0,0,20,
44,3,13,2,9,0,2,1,0,1977,50,
65,3,9,0,3,2,4,0,1848,0,50,
52,4,10,2,0,5,4,0,0,0,40,
38,3,9,5,2,4,4,0,0,0,35,
18,3,7,4,11,3,4,0,0,0,49,
24,3,11,4,6,3,4,1,0,0,40,
52,3,10,2,3,0,4,1,0,0,60,
21,3,9,4,6,1,4,1,0,0,44,
67,5,16,2,11,0,4,1,20051,0,40,
64,5,10,6,2,1,4,0,0,0,8,
25,3,10,4,3,3,2,1,0,0,40,
34,0,14,2,0,0,4,1,0,0,50,
39,5,9,2,4,0,4,1,0,0,50,
26,3,9,4,5,3,4,1,0,0,52,
19,3,6,4,4,3,4,1,0,0,25,
35,3,9,2,3,0,4,1,0,0,50,
26,3,14,4,9,1,4,0,0,0,40,
38,3,9,5,7,3,4,1,0,0,35,
45,3,10,2,6,0,4,1,0,0,65,
18,3,7,4,7,4,4,0,0,0,28,
51,3,10,0,0,1,4,0,0,0,63,
36,3,9,5,7,4,2,0,0,0,28,
18,3,10,4,7,3,4,0,0,0,16,
37,1,11,4,10,1,4,1,4650,0,40,
37,3,13,2,3,0,4,1,0,0,60,
39,0,9,2,0,5,4,0,0,0,40,
21,3,10,4,7,3,4,1,0,0,40,
46,6,16,2,9,0,4,1,7688,0,45,
33,3,9,5,11,1,4,0,0,0,35,
23,3,13,4,0,4,2,0,0,0,40,
52,5,9,0,11,4,2,1,0,0,40,
28,3,9,4,0,3,4,0,0,0,40,
23,6,10,4,9,1,4,1,0,0,40,
48,4,10,2,3,0,4,1,0,0,40,
17,3,7,4,11,3,4,0,0,0,20,
22,5,10,4,9,3,4,0,0,0,3,
26,3,9,4,0,3,1,1,0,0,80,
40,3,9,2,2,0,4,1,0,0,40,
90,3,6,2,3,0,4,1,0,0,40,
28,3,9,0,11,3,4,0,0,0,40,
44,3,9,2,13,0,4,1,0,0,40,
29,3,13,2,7,0,4,1,7298,0,42,
45,3,11,2,3,0,4,1,0,1977,50,
43,3,9,2,6,0,2,1,0,0,40,
17,8,6,4,14,3,4,1,0,0,8,
49,0,13,2,3,0,4,1,0,0,40,
27,3,13,4,12,3,4,1,0,0,50,
60,5,9,0,2,4,4,0,0,0,40,
33,3,9,2,6,5,3,0,0,0,40,
53,5,6,2,2,0,4,1,0,0,50,
19,3,10,4,11,1,4,1,0,0,40,
28,5,9,0,4,1,4,1,0,0,40,
22,3,12,4,5,3,4,1,0,0,20,
48,5,9,2,13,0,4,1,0,0,60,
76,8,6,2,14,0,4,1,1173,0,40,
19,3,10,4,7,3,4,0,0,0,25,
28,3,11,2,7,2,4,0,3137,0,40,
58,3,10,2,11,0,2,1,0,0,40,
19,5,10,4,2,3,4,0,0,0,25,
37,8,9,0,14,1,1,0,0,0,42,
22,3,10,4,2,3,4,1,0,0,40,
52,5,15,2,9,0,4,1,0,0,50,
31,3,13,2,6,0,4,1,0,0,50,
50,5,16,2,9,0,4,1,3781,0,40,
62,3,9,6,2,4,4,1,0,0,40,
26,3,13,4,9,1,4,1,0,0,50,
64,6,9,6,0,1,4,0,0,0,24,
38,3,10,2,2,0,4,1,0,0,40,
44,3,15,2,9,0,4,1,15024,0,80,
28,5,9,0,3,1,4,0,0,0,40,
19,3,9,4,7,3,4,0,0,0,52,
39,3,9,4,6,1,4,0,0,0,10,
50,3,6,2,2,0,4,1,0,0,40,
39,4,14,2,9,5,4,0,0,0,40,
36,3,13,4,12,3,4,1,0,0,40,
39,3,11,2,5,0,4,1,0,0,49,
51,4,12,4,11,1,4,0,0,0,25,
28,3,9,4,7,3,4,0,0,0,32,
57,5,15,2,9,0,4,1,0,0,30,
40,1,15,5,9,3,2,0,0,0,40,
27,3,10,0,11,4,4,0,0,0,40,
32,3,10,4,11,3,4,1,0,1876,60,
49,6,9,0,3,4,4,0,0,0,44,
34,5,6,4,7,3,4,0,0,0,40,
24,3,9,4,6,3,4,1,0,0,40,
54,3,4,0,6,1,4,1,0,0,40,
52,3,8,2,2,0,4,1,0,0,45,
43,3,7,2,5,5,4,0,0,0,25,
84,8,3,6,14,1,4,1,0,0,15,
79,8,12,2,14,5,4,0,0,0,2,
35,3,10,2,6,0,4,1,0,0,46,
56,3,9,0,13,1,4,1,0,0,30,
30,3,9,4,2,1,4,1,0,0,40,
54,3,9,6,7,4,4,0,0,0,40,
35,3,13,4,11,1,1,1,0,0,50,
32,3,10,4,0,3,2,0,0,0,40,
44,4,13,2,3,0,4,1,0,0,60,
32,3,9,1,7,2,4,0,0,0,10,
60,3,8,2,0,0,4,1,0,0,40,
40,3,10,0,7,1,4,1,0,0,45,
50,3,4,2,6,0,2,1,0,0,40,
58,3,5,2,5,0,4,1,0,0,50,
41,3,9,2,2,0,4,1,0,0,45,
28,3,9,2,11,0,4,1,0,0,40,
53,3,9,4,0,2,4,1,0,0,35,
71,8,10,2,14,0,4,1,6514,0,40,
17,8,5,4,14,3,4,0,0,0,25,
45,3,9,0,11,1,4,0,0,0,40,
23,3,9,4,5,3,4,0,0,0,30,
25,3,10,2,11,0,4,1,0,0,50,
40,5,10,4,2,1,4,1,0,0,35,
28,3,13,4,3,1,4,0,0,0,60,
27,3,8,4,13,1,4,1,0,0,40,
19,1,10,4,0,3,4,1,0,0,15,
24,3,9,4,5,3,2,1,0,0,25,
38,3,13,5,9,4,4,1,0,0,40,
24,6,14,4,0,1,2,0,0,0,40,
18,3,7,4,7,3,2,1,0,0,7,
58,3,9,0,3,4,4,0,0,0,40,
35,3,14,4,9,3,4,1,0,0,44,
43,3,5,4,6,1,4,0,0,0,20,
45,3,9,2,6,0,2,1,3137,0,35,
24,3,9,2,11,0,4,1,0,0,40,
63,3,5,2,4,0,2,1,0,0,40,
40,3,5,2,6,0,4,1,0,0,40,
21,3,13,4,7,2,4,1,0,0,20,
20,6,10,2,7,0,4,1,0,0,40,
42,3,9,2,6,5,4,0,7298,0,40,
49,8,10,2,14,0,4,1,0,0,20,
47,0,9,2,2,0,4,1,0,0,40,
48,4,9,2,2,0,4,1,0,0,36,
61,3,4,2,13,0,4,1,0,1651,40,
23,8,12,2,14,0,4,1,0,0,40,
35,6,13,2,3,0,4,1,0,0,40,
46,3,10,2,4,5,4,0,0,0,20,
18,3,8,4,7,3,4,1,0,0,25,
28,5,13,4,9,1,4,1,0,0,50,
62,8,13,2,14,0,4,1,0,0,4,
20,3,9,4,7,3,4,0,0,0,20,
28,3,9,2,13,0,4,1,0,0,40,
57,3,9,2,11,0,4,1,0,0,40,
56,3,4,2,2,0,4,1,0,0,40,
33,3,9,2,2,0,4,1,0,0,40,
19,3,9,4,5,3,4,1,0,0,40,
29,3,9,2,6,0,4,1,0,0,40,
30,3,10,4,2,2,4,1,0,0,55,
53,1,13,0,9,4,4,0,0,0,57,
44,6,9,2,10,0,4,1,0,0,38,
22,3,10,2,5,0,4,1,0,0,28,
40,3,9,0,2,1,4,1,0,0,40,
25,3,11,4,0,1,4,1,0,0,40,
30,5,4,2,4,0,4,1,0,0,40,
51,3,11,0,0,4,4,0,0,0,38,
17,3,7,4,8,3,4,0,0,0,24,
46,1,13,2,10,0,4,1,0,0,40,
50,6,10,2,0,0,4,1,0,0,40,
34,3,10,4,3,1,4,0,0,0,50,
42,8,14,2,14,0,4,1,0,0,50,
41,0,13,2,0,0,4,1,0,0,40,
32,3,13,4,7,4,3,1,0,0,40,
32,3,9,2,6,0,4,1,0,0,40,
47,3,10,2,9,0,4,1,0,0,70,
50,3,10,2,11,0,4,1,0,0,40,
77,3,4,6,8,4,4,0,0,0,23,
33,3,9,0,3,1,4,1,0,0,40,
47,4,9,2,6,0,4,1,0,0,48,
64,3,7,2,13,0,4,1,0,0,40,
34,3,9,2,3,0,4,1,0,0,50,
34,1,9,4,9,4,2,0,0,0,35,
67,1,14,4,3,2,4,0,15831,0,72,
37,1,9,4,7,1,4,1,0,0,40,
34,3,13,2,9,0,4,1,0,0,40,
22,8,10,4,14,3,4,0,0,0,29,
50,5,16,0,11,1,4,1,0,0,64,
60,3,13,2,3,0,4,1,0,0,45,
46,1,13,0,9,4,4,0,0,0,43,
44,3,13,2,2,0,4,1,7298,0,40,
43,3,9,2,11,2,4,0,0,0,44,
48,3,14,2,9,0,4,1,0,0,40,
36,3,9,4,0,2,4,0,2907,0,40,
48,3,10,4,0,1,4,0,0,0,43,
37,3,10,2,0,0,4,1,0,0,40,
51,3,14,2,11,0,4,1,0,0,40,
52,3,14,2,9,0,4,1,0,0,45,
27,3,3,4,11,3,1,0,0,0,20,
43,1,14,2,3,0,4,1,0,0,40,
23,3,9,4,7,3,2,1,0,0,25,
66,3,12,2,6,0,4,1,5556,0,40,
37,5,6,2,7,5,4,0,2635,0,40,
35,3,10,4,0,1,4,0,0,0,40,
42,1,13,2,9,0,4,1,5178,0,40,
49,3,6,4,7,4,4,0,0,0,38,
51,1,13,2,9,5,4,0,0,0,40,
71,0,9,6,3,1,4,1,0,0,9,
50,1,14,2,9,5,4,0,0,1902,40,
63,3,9,6,0,4,4,0,0,0,40,
41,6,14,4,9,3,4,0,0,0,35,
24,6,10,4,6,3,4,0,0,0,40,
41,1,10,0,7,4,4,0,0,0,45,
33,1,12,2,0,0,4,1,0,0,40,
42,1,10,2,2,0,2,1,0,0,40,
23,3,13,4,11,3,1,1,0,0,40,
49,3,11,0,9,1,4,0,0,0,38,
28,5,8,2,2,1,4,1,0,0,40,
31,3,3,2,5,0,4,1,0,0,56,
28,3,13,4,0,3,2,1,0,0,35,
37,3,7,2,2,0,4,1,0,0,25,
19,3,10,4,3,3,4,1,0,0,40,
51,1,13,2,9,0,4,1,0,0,26,
25,3,11,2,11,0,4,1,0,0,41,
49,4,9,2,3,0,4,1,0,0,50,
47,3,9,0,11,4,4,0,0,0,45,
48,1,9,2,7,0,4,1,0,0,40,
41,1,9,0,0,1,4,0,0,0,40,
32,3,9,0,0,4,4,0,0,0,40,
26,8,9,4,14,4,4,0,0,0,16,
46,3,9,2,5,0,2,1,0,0,40,
17,3,6,4,11,3,4,0,0,0,20,
34,3,7,0,5,1,4,1,0,0,43,
44,3,9,4,0,2,4,0,0,0,30,
23,3,12,4,7,3,4,0,0,0,20,
35,3,10,4,9,4,1,1,4650,0,20,
30,3,13,4,13,1,4,1,4865,0,40,
65,8,10,2,14,0,1,1,0,0,20,
34,3,13,2,11,0,4,1,0,0,45,
34,0,15,2,9,0,4,1,0,0,40,
39,3,11,2,0,0,4,1,0,0,40,
28,3,11,2,0,0,4,1,2407,0,40,
53,1,14,2,3,0,4,1,7688,0,70,
34,3,7,4,13,4,4,1,0,0,40,
21,3,9,4,2,1,4,1,0,0,40,
53,3,4,2,4,0,4,1,0,0,45,
54,5,14,0,9,1,4,1,0,0,50,
32,3,10,0,11,4,4,0,0,0,40,
39,6,13,4,9,1,4,1,0,0,35,
39,3,10,0,6,4,4,0,0,0,40,
29,3,9,2,3,0,4,1,0,0,40,
29,3,9,0,9,1,4,0,0,0,40,
43,3,9,2,2,0,4,1,0,0,42,
20,8,10,4,14,3,4,1,0,0,15,
39,3,14,2,0,0,4,1,0,0,40,
45,3,10,0,3,1,4,0,0,0,40,
36,3,10,2,6,0,4,1,0,0,40,
71,8,11,6,14,1,4,0,0,0,40,
62,8,9,2,14,0,4,1,0,0,40,
43,1,10,0,0,1,4,0,594,0,20,
31,3,9,4,11,4,2,0,0,0,58,
39,3,9,2,3,0,4,1,0,0,60,
32,3,13,2,9,5,4,0,0,1902,32,
45,1,9,2,2,0,2,1,0,0,40,
19,3,9,4,5,3,4,1,0,0,50,
43,3,10,2,9,0,4,1,0,0,48,
32,3,11,2,13,0,4,1,0,0,40,
43,5,13,4,11,1,4,0,0,0,60,
34,3,13,2,0,0,4,1,0,0,27,
66,4,10,2,9,0,4,1,0,0,40,
37,3,11,2,2,0,4,1,0,1887,40,
46,4,12,2,3,5,4,0,0,0,40,
23,3,13,4,9,3,4,0,0,0,40,
41,3,13,4,9,1,4,1,0,0,40,
63,3,9,2,5,0,2,1,0,0,40,
55,3,9,2,5,0,4,1,3103,0,40,
35,5,15,2,9,0,4,1,0,0,50,
28,3,5,4,2,1,4,1,0,0,50,
37,3,13,2,9,0,4,1,0,0,55,
63,8,9,2,14,0,4,1,0,0,20,
43,3,13,2,9,0,4,1,0,0,42,
30,5,11,4,2,3,4,1,0,0,60,
36,1,14,2,9,5,4,0,0,0,60,
54,3,13,2,11,0,4,1,0,0,40,
36,0,13,2,0,0,4,1,0,0,50,
78,4,13,2,3,0,4,1,0,2392,40,
77,3,13,2,3,0,4,1,0,0,50,
28,3,9,3,7,1,1,0,0,0,40,
39,5,9,2,2,0,4,1,0,0,72,
37,3,13,5,12,1,1,1,0,0,40,
34,3,11,2,9,0,4,1,7298,0,45,
22,1,13,4,9,3,4,0,0,0,35,
54,3,13,4,7,1,4,0,0,0,50,
21,3,10,4,11,3,4,0,0,0,20,
36,3,6,2,2,0,4,1,0,0,40,
62,5,9,6,0,2,4,0,0,0,30,
40,3,10,2,11,0,4,1,0,0,40,
47,5,10,0,9,4,2,0,0,0,40,
38,3,13,2,11,0,4,1,0,0,70,
28,3,3,4,2,1,4,1,0,0,40,
46,3,13,0,9,4,4,0,0,0,40,
22,3,10,2,7,0,4,1,0,0,35,
37,3,9,0,11,4,4,0,0,0,25,
69,3,6,5,6,1,4,0,0,0,28,
43,3,13,2,3,0,4,1,0,0,50,
53,3,13,4,7,1,1,0,0,0,21,
20,3,9,4,11,3,2,0,0,0,35,
22,3,13,4,9,1,4,1,0,0,50,
48,3,5,2,2,0,4,1,0,0,44,
40,0,14,2,9,0,4,1,0,0,40,
68,8,10,2,14,0,4,1,0,0,20,
39,3,10,0,7,1,4,0,0,1721,55,
57,3,9,2,12,0,2,1,0,1887,40,
23,3,6,4,7,4,4,1,0,0,60,
25,1,13,2,9,5,4,0,0,0,38,
22,3,9,4,9,3,2,1,0,0,40,
23,3,8,4,8,3,4,1,0,0,30,
41,1,13,2,9,0,4,1,0,0,45,
25,3,10,4,6,1,4,0,0,0,25,
58,3,10,2,11,0,4,1,0,0,40,
33,3,9,0,11,1,1,1,0,0,45,
28,3,14,2,9,0,4,1,0,0,48,
19,3,7,4,6,1,4,0,0,0,25,
44,3,10,0,0,2,4,0,0,0,40,
68,3,1,4,6,1,4,1,0,0,10,
33,6,9,2,2,0,4,1,0,0,40,
24,3,9,0,3,1,4,0,0,0,40,
44,5,9,2,4,0,4,1,0,0,50,
38,3,13,2,3,0,4,1,7688,0,40,
31,3,9,5,2,4,4,0,0,0,40,
29,3,9,0,0,1,4,0,0,0,40,
65,3,5,6,11,1,4,0,0,0,40,
55,3,9,6,0,2,4,0,0,0,40,
49,3,9,2,3,0,4,1,0,0,40,
27,3,9,4,6,3,2,0,0,0,40,
41,3,9,0,11,1,4,1,0,0,30,
33,5,10,2,2,0,4,1,0,0,50,
22,5,9,4,4,3,4,1,0,0,40,
41,3,9,2,9,0,4,1,0,1902,40,
66,3,9,2,7,0,2,1,0,0,4,
38,3,10,0,11,1,4,1,0,0,60,
43,3,9,2,6,0,4,1,0,0,42,
40,1,10,2,5,0,4,1,0,0,40,
32,3,10,2,11,0,4,1,0,0,40,
30,3,9,4,11,4,4,0,0,0,35,
35,3,13,2,0,0,4,1,0,0,40,
41,3,14,2,9,0,4,1,15024,0,50,
33,1,13,4,9,1,0,1,0,0,60,
36,3,13,2,3,0,4,1,0,0,55,
33,5,13,2,9,0,4,1,0,0,60,
53,3,9,2,3,0,4,1,0,0,60,
27,3,13,4,11,1,4,1,0,0,45,
22,3,13,4,5,3,4,0,0,0,15,
26,3,9,2,11,0,2,1,0,0,36,
64,3,9,2,11,5,4,0,0,0,21,
48,3,10,0,0,4,4,0,0,0,45,
23,3,9,4,0,3,4,0,0,0,40,
26,3,10,4,11,4,4,0,0,0,40,
35,5,13,2,9,0,4,1,0,0,40,
46,3,10,2,11,0,4,1,0,0,40,
65,5,10,6,3,4,4,0,0,0,45,
53,3,9,6,6,1,4,1,6849,0,40,
18,3,3,4,7,2,4,1,0,0,54,
34,5,15,2,9,0,4,1,0,0,55,
28,3,9,4,6,4,4,0,0,0,40,
37,3,13,2,3,0,4,1,0,0,60,
61,8,13,2,14,0,4,1,0,0,10,
59,3,13,2,9,0,4,1,5013,0,40,
32,3,14,4,3,1,4,0,13550,0,60,
31,3,13,2,9,5,4,0,0,0,35,
25,1,13,4,9,1,4,0,0,0,40,
81,3,2,2,9,0,4,1,0,0,15,
47,3,9,5,7,2,2,0,0,0,35,
39,3,9,2,2,0,4,1,0,0,40,
37,3,10,2,7,0,2,1,0,0,30,
44,3,9,2,6,0,4,1,0,0,45,
37,3,12,2,2,0,4,1,0,0,45,
41,3,10,2,0,0,4,1,0,0,50,
27,8,3,2,14,5,4,0,0,0,40,
55,3,10,2,9,0,4,1,0,0,40,
60,3,13,2,11,0,4,1,0,0,40,
22,3,12,4,5,1,4,1,0,0,36,
23,3,13,4,11,1,4,1,0,0,25,
19,3,9,4,6,1,4,0,0,0,60,
45,3,10,2,6,0,4,1,0,0,44,
36,3,9,5,7,4,2,0,0,0,30,
46,3,13,2,9,0,4,1,0,0,40,
48,3,7,2,6,0,4,1,0,0,40,
39,5,9,2,7,0,4,1,0,0,50,
29,3,13,2,13,0,4,1,0,0,20,
39,3,9,0,0,1,4,0,0,0,40,
26,3,9,4,3,3,3,0,0,0,40,
37,3,12,0,9,4,4,1,0,0,25,
49,3,10,2,0,5,4,0,0,0,40,
27,3,13,4,11,3,4,1,0,0,40,
28,3,6,4,5,2,4,1,0,0,40,
35,3,10,0,11,4,4,0,0,0,30,
54,8,9,2,14,0,4,1,2635,0,40,
17,3,6,4,7,3,4,1,0,0,40,
18,3,9,4,5,3,0,1,0,0,40,
33,3,10,4,0,4,3,0,0,0,38,
33,3,12,2,11,0,1,1,0,0,60,
51,3,10,2,0,5,4,0,0,0,35,
49,3,9,4,0,3,1,0,0,0,40,
49,4,10,0,3,1,4,1,0,2339,50,
41,3,10,2,11,0,4,1,0,0,35,
64,3,2,0,8,1,4,0,0,0,12,
40,3,10,2,9,0,4,1,0,0,40,
49,0,9,6,0,1,4,0,0,0,40,
23,3,13,4,9,3,4,0,0,0,40,
34,3,10,0,0,4,4,0,0,0,40,
38,3,7,2,2,0,4,1,5178,0,40,
47,5,10,2,4,0,4,1,0,0,86,
30,3,9,4,0,2,4,0,0,1974,40,
36,3,12,2,0,0,4,1,0,0,40,
23,1,13,4,9,1,4,0,0,0,40,
47,5,10,2,3,0,4,1,0,0,80,
61,3,9,0,0,1,4,0,0,0,40,
47,5,13,2,11,0,4,1,0,0,40,
56,3,13,2,9,0,4,1,0,0,40,
20,3,8,4,11,1,4,0,0,0,55,
33,3,9,2,6,5,4,0,0,0,46,
36,5,9,2,4,0,4,1,0,0,50,
38,8,9,2,14,5,4,0,0,0,35,
34,1,10,2,10,0,4,1,0,0,40,
56,3,9,2,13,0,4,1,0,0,50,
32,3,11,4,3,1,4,0,0,0,23,
26,3,12,2,6,0,4,1,5178,0,40,
49,3,13,4,3,1,4,1,0,0,40,
71,3,9,2,10,0,4,1,0,0,40,
19,3,10,4,7,3,4,0,0,0,15,
20,3,10,4,12,1,4,0,0,0,40,
42,3,9,0,0,4,4,0,0,0,35,
51,3,10,2,3,5,4,0,0,0,20,
38,3,10,3,9,3,2,0,0,0,40,
38,3,6,2,6,0,4,1,0,0,40,
35,5,13,0,3,1,4,1,0,0,25,
24,1,13,2,9,5,2,0,0,0,40,
40,3,9,0,0,4,2,1,0,0,40,
21,3,9,4,5,3,4,1,0,0,35,
49,3,9,0,13,1,4,1,0,0,40,
18,8,10,4,14,3,2,0,0,0,24,
54,3,9,2,3,0,4,1,0,1902,55,
52,3,13,3,3,1,4,0,0,0,42,
27,3,13,4,9,1,4,0,0,0,60,
20,3,9,4,6,1,4,1,0,0,40,
38,8,14,2,14,5,2,0,15024,0,2,
31,3,10,0,6,1,4,1,0,0,40,
25,3,9,4,0,3,4,0,0,0,40,
19,0,10,4,5,3,4,1,0,0,20,
33,3,10,2,2,0,4,1,0,0,50,
23,3,13,4,7,1,4,1,0,0,40,
34,3,14,0,9,4,4,0,0,0,40,
42,3,13,0,9,4,4,1,0,653,50,
37,1,14,0,3,1,4,0,0,0,40,
25,3,13,4,3,3,4,0,0,0,40,
40,3,11,2,2,0,4,1,0,0,40,
33,5,13,4,11,1,4,0,0,0,40,
31,3,10,4,0,1,4,0,0,0,40,
32,4,13,2,11,0,4,1,0,0,45,
63,8,13,2,14,0,4,1,0,0,8,
54,4,13,2,11,0,4,1,0,0,70,
32,5,9,2,2,0,4,1,0,0,44,
29,1,9,2,13,0,2,1,0,0,40,
26,1,10,2,9,0,4,1,0,0,40,
39,5,10,2,4,0,4,1,0,0,60,
57,3,13,2,9,0,4,1,3103,0,50,
54,3,10,2,4,0,4,1,0,0,40,
57,3,6,2,6,0,4,1,0,0,40,
23,0,13,4,9,1,4,1,0,0,40,
27,5,10,2,3,0,4,1,0,0,45,
42,3,13,4,3,1,4,1,0,0,55,
31,3,6,2,2,0,4,1,0,0,40,
49,1,14,0,9,1,4,0,0,0,60,
50,3,9,2,2,0,4,1,0,0,40,
46,1,9,0,0,4,4,0,0,0,30,
37,3,9,0,11,1,4,1,0,0,60,
26,3,9,2,2,0,4,1,0,0,40,
27,3,13,0,0,1,4,0,0,0,35,
24,3,10,4,3,3,4,1,0,0,25,
24,4,9,4,2,3,4,1,0,0,40,
29,3,9,0,11,1,4,0,0,0,34,
47,3,13,2,9,0,4,1,0,0,50,
33,5,10,2,11,0,4,1,0,1740,50,
26,3,12,0,9,4,4,0,0,0,45,
20,3,10,4,2,3,4,1,0,0,40,
25,3,11,2,9,5,4,0,0,1887,40,
57,6,13,0,0,4,4,1,2174,0,37,
36,3,9,2,13,0,4,1,0,0,50,
25,3,14,2,3,0,4,1,0,0,40,
46,3,13,2,6,0,4,1,0,0,40,
39,3,9,2,0,0,4,1,4508,0,24,
29,3,10,2,2,0,4,1,0,0,40,
18,3,7,4,3,3,4,0,0,0,20,
46,3,11,2,12,0,4,1,0,0,40,
61,3,13,2,11,0,4,1,0,0,50,
41,3,9,6,11,1,4,0,0,0,40,
50,3,10,0,6,1,2,0,0,0,40,
53,3,13,2,3,0,1,1,99999,0,50,
36,1,13,4,10,1,4,1,0,0,60,
38,3,10,4,0,4,2,0,0,0,40,
75,5,9,2,11,0,4,1,0,0,35,
26,3,11,2,0,5,4,0,0,0,40,
44,3,13,2,3,0,4,1,0,0,40,
25,3,9,4,0,3,4,0,0,0,40,
31,3,10,4,11,3,4,0,0,0,40,
49,3,8,4,13,1,1,1,0,0,35,
34,3,9,2,6,0,4,1,0,0,48,
31,5,9,2,9,0,4,1,0,0,40,
47,5,10,0,2,1,4,1,0,0,40,
38,3,13,2,3,0,4,1,7298,0,50,
18,3,9,4,2,3,4,0,0,0,20,
47,3,5,0,7,1,4,0,0,1719,30,
42,3,9,4,2,1,4,1,0,0,40,
29,3,13,4,11,3,4,1,0,0,40,
38,1,10,0,10,1,4,1,0,0,75,
22,3,10,4,11,3,2,0,0,0,20,
32,3,9,4,2,3,4,1,0,0,40,
20,3,10,4,0,3,4,1,0,0,48,
41,3,15,2,11,0,4,1,0,0,50,
46,3,9,2,13,0,2,1,0,0,46,
44,3,9,2,0,5,4,0,0,0,38,
35,3,13,4,0,1,4,0,0,0,40,
18,8,10,4,14,3,4,1,0,0,25,
60,3,9,2,2,0,4,1,15024,0,40,
36,1,5,2,2,0,4,1,0,0,25,
30,3,10,4,2,4,4,1,0,0,40,
40,6,16,2,9,0,4,1,0,0,50,
21,3,10,4,0,3,4,0,2176,0,20,
25,3,13,4,9,1,4,0,0,0,40,
56,6,14,0,9,1,4,1,0,1669,40,
42,3,10,2,3,0,4,1,99999,0,55,
26,3,4,4,5,4,4,1,0,0,40,
66,4,9,2,0,5,4,0,0,0,40,
48,3,4,2,2,0,4,1,0,0,32,
35,3,10,4,11,4,4,1,0,0,50,
41,3,14,2,9,0,4,1,0,0,45,
19,3,10,4,11,3,4,0,0,0,20,
55,5,9,2,11,0,4,1,0,0,40,
42,5,13,2,2,0,4,1,15024,0,60,
45,3,10,0,13,1,4,1,0,0,50,
29,3,13,4,5,1,4,1,0,0,40,
42,5,16,2,9,0,4,1,15024,0,40,
65,3,9,0,11,1,4,0,0,0,20,
30,3,12,4,7,2,1,1,0,0,40,
43,3,10,2,2,0,4,1,0,0,40,
61,3,4,2,6,0,4,1,0,0,40,
22,3,10,4,7,1,4,0,0,0,50,
23,3,7,5,7,4,4,0,0,0,40,
34,3,9,2,6,0,4,1,0,0,40,
51,3,9,6,9,4,4,0,0,0,35,
21,3,10,4,0,3,4,0,0,0,15,
31,3,12,4,9,1,1,1,0,0,40,
34,3,12,4,0,1,4,0,0,0,35,
33,0,10,2,3,5,2,0,0,0,40,
32,3,14,5,3,1,4,1,0,2824,55,
44,3,7,2,11,0,4,1,0,0,40,
21,6,10,4,7,3,2,1,0,0,20,
75,1,9,0,0,1,4,0,0,0,20,
55,0,14,2,3,0,1,1,0,0,60,
43,5,9,2,7,5,4,0,0,0,16,
31,3,9,2,2,0,4,1,0,0,45,
41,3,10,2,2,0,4,1,0,0,45,
26,1,14,4,9,1,4,1,0,0,50,
23,3,11,4,2,4,2,0,0,0,40,
42,0,9,0,0,4,2,0,0,0,40,
29,3,9,4,0,1,4,0,0,0,40,
21,3,9,4,0,1,4,1,0,0,50,
28,3,13,4,3,3,4,1,0,0,40,
64,8,9,2,14,0,4,1,0,0,40,
35,0,10,4,7,4,2,0,0,0,40,
65,3,13,2,13,0,4,1,0,0,20,
34,3,13,4,9,1,4,1,2463,0,50,
58,3,13,0,11,1,4,1,0,0,50,
63,8,15,2,14,0,4,1,0,0,30,
50,3,13,2,11,0,4,1,99999,0,60,
59,3,9,0,7,1,4,0,0,0,40,
46,3,13,2,3,0,4,1,7688,0,40,
30,3,11,2,9,0,4,1,0,0,40,
28,3,13,4,5,3,4,1,0,0,40,
51,8,3,2,14,0,2,1,0,0,8,
47,3,14,0,11,1,4,1,27828,0,60,
30,3,13,0,11,1,4,1,0,1564,40,
34,3,9,4,2,3,4,1,0,0,40,
51,6,10,0,9,1,4,0,0,0,40,
41,3,9,2,3,0,4,1,0,0,40,
57,3,10,2,9,0,4,1,0,0,40,
28,5,11,2,4,0,4,1,0,0,60,
62,1,9,6,7,1,4,0,0,0,18,
22,6,10,4,12,3,4,1,0,0,20,
38,3,13,2,9,0,4,1,0,0,40,
34,8,7,4,14,1,4,1,0,0,30,
45,1,9,2,13,0,4,1,0,0,40,
37,3,12,2,2,0,4,1,0,0,55,
21,3,9,0,6,2,4,1,0,0,40,
49,3,9,4,2,1,2,1,0,0,40,
24,3,9,4,7,3,2,1,0,0,40,
47,3,13,0,3,1,4,1,0,2258,40,
20,0,10,4,12,3,4,0,0,0,24,
27,3,15,2,9,5,4,0,0,0,50,
40,3,9,5,7,1,4,0,0,0,40,
19,8,10,4,14,3,4,0,0,0,30,
31,1,13,0,9,1,4,0,0,0,40,
43,3,9,2,6,0,4,1,0,1977,52,
48,3,13,2,3,0,4,1,15024,0,50,
64,5,9,2,4,0,4,1,7298,0,45,
39,3,9,5,2,4,4,1,0,0,40,
50,3,9,2,2,0,4,1,0,0,40,
52,3,11,0,7,4,4,0,0,0,40,
44,3,14,2,9,5,4,0,0,0,45,
50,8,9,2,14,0,4,1,0,0,55,
54,3,9,2,13,0,4,1,0,1887,65,
17,5,6,4,4,3,4,1,0,0,35,
33,0,9,2,0,0,2,1,0,0,40,
28,3,6,4,6,3,4,0,0,0,40,
39,5,13,2,11,0,4,1,0,0,60,
33,3,11,4,2,4,4,1,0,0,40,
59,3,4,4,7,2,4,1,0,0,32,
74,3,2,6,8,1,2,0,0,0,15,
54,3,10,2,10,0,4,1,0,0,40,
31,3,12,2,6,0,4,1,0,0,55,
31,3,10,5,11,4,4,0,0,0,40,
20,3,10,4,11,3,1,0,0,0,20,
54,1,14,2,9,0,4,1,0,1977,40,
42,3,11,2,0,0,4,1,2407,0,40,
57,5,15,2,9,0,4,1,0,0,36,
49,3,9,6,2,4,1,0,0,0,40,
40,3,16,2,3,0,1,1,3103,0,40,
19,8,9,4,14,3,4,1,0,0,30,
38,3,9,4,0,1,4,1,0,0,40,
39,3,9,2,6,0,4,1,0,0,42,
43,3,12,2,11,0,4,1,7688,0,50,
32,8,10,0,14,1,4,1,0,0,40,
57,3,13,2,11,5,4,0,0,0,40,
38,3,15,2,9,0,4,1,0,0,99,
25,3,13,4,7,1,4,0,0,0,38,
40,3,13,4,9,1,4,0,0,0,45,
34,3,13,2,3,0,4,1,0,0,48,
35,5,9,0,4,3,4,1,0,0,50,
53,3,10,0,0,1,4,0,0,0,34,
21,3,10,4,6,4,4,1,0,0,40,
43,3,13,2,2,0,4,1,0,0,40,
43,5,9,2,2,0,4,1,0,0,60,
22,3,11,4,9,4,2,0,0,0,35,
64,5,9,2,11,0,4,1,0,0,35,
19,8,8,4,14,3,4,1,0,0,28,
40,3,14,4,9,1,4,0,3325,0,40,
34,3,9,2,5,0,4,1,0,0,70,
46,3,9,2,0,5,4,0,0,0,40,
35,3,9,4,6,2,4,1,0,0,40,
32,3,10,2,13,0,4,1,0,0,60,
26,3,10,4,2,3,4,1,0,0,40,
25,3,9,4,2,1,4,1,0,0,40,
55,3,13,2,12,0,4,1,0,0,55,
22,3,10,4,11,3,4,0,0,0,40,
29,6,10,0,0,3,4,1,0,0,20,
38,5,9,2,3,0,4,1,0,0,99,
55,3,10,6,7,1,4,0,0,0,35,
26,3,9,2,3,0,4,1,0,0,40,
34,4,13,4,9,1,3,1,0,0,60,
25,6,9,4,0,3,4,0,0,0,40,
39,3,9,0,9,1,4,0,4650,0,40,
18,8,7,4,14,3,4,1,0,0,25,
58,6,5,2,4,0,4,1,0,0,40,
34,1,11,4,2,3,4,0,0,0,40,
29,5,10,4,3,3,1,1,0,0,45,
49,6,16,0,9,4,4,1,0,0,50,
38,3,13,4,0,1,4,0,0,0,35,
21,3,10,4,7,3,4,1,0,0,35,
28,3,13,2,9,0,4,1,0,0,40,
42,3,10,2,3,5,4,0,0,0,40,
29,5,12,4,7,3,4,1,0,0,60,
48,3,9,0,0,4,4,0,0,0,45,
40,3,13,2,4,0,4,1,0,0,40,
36,3,10,2,2,0,4,1,0,0,40,
34,3,13,2,11,0,4,1,0,0,60,
57,5,2,2,11,0,4,1,0,0,35,
24,3,5,4,7,1,4,1,0,0,40,
32,3,5,5,7,4,4,0,0,0,23,
18,5,9,4,11,3,4,1,0,0,48,
39,3,9,2,13,0,4,1,0,0,56,
39,3,7,0,13,3,4,1,0,0,40,
18,3,7,4,7,3,4,0,0,0,12,
20,3,10,4,2,3,4,1,0,0,40,
27,8,5,4,14,3,4,0,0,0,40,
54,3,6,2,13,0,4,1,0,0,40,
40,5,9,2,13,0,4,1,0,0,75,
27,3,10,2,0,0,4,1,0,0,30,
27,3,9,4,6,3,4,0,0,0,40,
43,0,13,4,12,1,4,1,0,0,50,
22,3,13,4,3,2,4,0,0,0,40,
17,3,7,4,11,4,4,0,0,0,12,
37,4,12,2,11,0,4,1,0,0,50,
49,3,6,5,3,1,2,1,4416,0,99,
33,3,11,4,7,4,2,1,0,0,40,
21,6,10,4,3,3,4,1,0,1602,10,
45,3,9,0,2,1,4,1,0,0,40,
33,3,9,2,5,0,4,1,0,0,40,
25,3,13,2,2,0,4,1,2829,0,60,
71,3,9,2,11,0,4,1,0,0,36,
23,1,13,4,9,3,4,0,0,0,45,
41,3,15,2,9,0,4,1,0,0,80,
21,8,6,4,14,4,4,0,0,0,30,
47,3,9,3,11,4,4,0,0,0,20,
30,3,13,4,11,1,4,1,0,0,65,
40,3,10,2,0,5,4,0,0,0,40,
44,3,10,0,11,4,4,0,0,0,48,
50,3,14,2,9,0,4,1,0,1977,40,
31,6,9,2,4,0,4,1,0,0,40,
68,3,9,2,10,0,4,1,0,0,24,
45,3,8,2,0,0,4,1,2407,0,50,
38,3,13,4,9,3,4,1,0,0,40,
78,4,7,2,3,0,4,1,0,0,10,
31,4,11,2,4,0,4,1,0,0,55,
39,3,9,0,0,1,4,1,0,0,40,
36,5,4,2,6,0,4,1,7298,0,45,
46,1,14,0,9,4,4,0,0,0,50,
30,3,10,2,0,0,1,1,0,0,50,
34,3,10,4,11,4,4,1,0,0,35,
30,0,9,5,0,2,2,1,0,0,35,
47,3,13,2,11,0,2,1,0,0,40,
40,3,10,2,0,5,4,0,0,0,17,
62,8,9,2,14,0,4,1,0,0,40,
44,5,9,2,11,0,2,1,0,0,70,
40,3,9,0,2,2,4,0,0,0,40,
20,3,10,4,13,3,4,1,0,0,40,
45,3,13,2,3,0,4,1,0,0,40,
55,3,13,2,3,0,4,1,15024,0,42,
51,3,9,4,6,3,4,0,0,0,40,
38,3,10,2,5,0,4,1,0,0,40,
49,1,14,2,9,0,4,1,0,0,40,
49,6,13,2,3,0,4,1,15024,0,40,
30,1,9,5,7,4,4,0,0,0,26,
20,3,10,4,3,3,4,1,0,0,40,
34,3,5,5,4,4,2,1,0,0,40,
42,1,9,6,13,4,4,0,0,0,40,
46,3,14,2,11,0,4,1,0,2415,65,
43,3,13,4,9,1,4,0,0,0,40,
62,3,9,4,0,1,4,0,0,0,38,
21,3,10,4,6,3,4,0,0,0,70,
58,1,2,6,5,4,2,1,0,0,40,
30,3,13,2,0,5,4,0,0,0,40,
37,3,9,5,2,4,4,1,0,0,70,
22,6,13,4,12,3,4,0,0,0,40,
64,6,5,4,0,1,4,0,0,0,38,
42,3,9,2,13,0,4,1,0,0,50,
43,6,9,2,2,0,4,1,0,0,40,
34,3,10,0,0,1,4,0,0,0,40,
25,3,9,4,7,3,4,0,0,0,6,
21,3,10,4,0,3,4,1,0,0,40,
45,0,9,2,0,0,4,1,0,0,40,
55,5,12,2,3,0,4,1,0,0,55,
24,3,9,4,2,3,4,1,0,0,50,
70,5,10,2,3,0,4,1,0,0,35,
27,1,13,4,9,1,4,1,0,0,35,
34,3,10,2,2,0,4,1,0,0,40,
57,3,13,2,13,0,4,1,0,0,40,
37,5,9,2,3,0,4,1,0,0,40,
52,3,2,2,3,0,4,1,0,0,50,
32,3,9,2,2,0,4,1,0,0,48,
42,3,11,2,2,0,4,1,0,0,40,
24,3,13,4,6,3,2,0,0,0,40,
50,3,9,2,5,0,2,1,0,0,40,
36,3,12,2,2,0,4,1,0,0,50,
42,3,9,2,6,0,4,1,0,0,40,
40,3,9,4,0,1,4,0,6849,0,38,
39,0,13,4,0,1,4,1,0,0,45,
51,3,13,2,3,0,4,1,0,1977,60,
38,6,13,2,10,0,2,1,0,0,52,
18,3,9,4,7,3,4,1,0,0,40,
63,5,3,4,11,1,4,0,0,0,3,
50,3,14,2,11,0,4,1,15024,0,40,
82,5,9,2,2,0,4,1,0,0,40,
33,3,9,0,5,3,4,1,0,0,45,
37,3,10,2,13,0,1,1,0,0,40,
24,3,9,3,13,3,4,1,0,0,40,
31,3,13,4,3,4,4,0,0,0,50,
59,3,9,0,6,3,4,0,0,0,40,
18,3,8,4,4,3,4,1,0,0,55,
47,5,10,2,11,0,4,1,0,0,40,
48,3,7,2,4,0,4,1,0,0,50,
27,3,13,4,9,4,3,0,0,0,33,
34,3,7,4,7,3,1,1,0,0,40,
50,3,11,2,10,0,4,1,0,0,84,
57,5,10,2,4,0,4,1,0,0,75,
60,3,9,2,10,0,4,1,0,0,40,
39,3,9,2,0,0,4,1,0,0,40,
56,8,10,0,14,4,4,0,0,0,50,
18,3,9,4,11,3,4,0,0,0,25,
26,3,12,2,9,5,4,0,0,0,75,
37,3,10,2,11,5,4,0,7298,0,40,
20,3,9,4,11,3,4,0,0,0,30,
29,1,14,4,9,1,4,1,0,0,45,
30,3,9,0,13,1,4,1,0,0,52,
21,3,10,4,7,3,4,1,0,0,15,
24,1,10,4,10,3,4,0,0,0,40,
51,3,9,2,6,0,4,1,0,0,40,
31,3,9,0,0,4,4,0,0,0,40,
45,3,13,2,9,0,4,1,0,1977,40,
36,1,10,2,2,0,4,1,0,0,40,
29,3,13,4,9,3,4,0,0,0,72,
20,3,9,4,11,1,4,0,0,0,35,
46,3,10,6,0,1,4,0,0,0,60,
44,3,9,2,13,0,4,1,0,0,45,
39,3,9,0,3,1,4,0,0,0,38,
39,3,13,0,3,1,4,1,0,0,55,
45,3,9,2,6,0,4,1,0,0,44,
28,3,10,2,3,0,4,1,0,0,55,
44,3,10,2,0,5,4,0,0,0,35,
48,1,9,2,3,0,2,1,7298,0,38,
27,3,9,4,0,1,4,0,0,0,70,
34,5,9,2,3,0,4,1,0,0,40,
35,3,9,2,2,0,4,1,0,0,40,
28,0,9,4,2,1,4,1,0,0,40,
25,3,15,4,9,1,4,0,0,0,30,
21,3,10,4,11,3,2,0,0,0,20,
18,3,7,4,7,3,4,1,0,0,15,
63,5,4,6,4,4,4,0,0,0,10,
18,3,7,4,11,3,2,0,0,0,8,
32,3,9,2,2,0,4,1,0,0,40,
25,8,7,4,14,4,4,0,0,0,40,
19,3,7,4,13,3,4,1,0,0,20,
23,3,10,4,13,1,4,1,0,0,60,
38,3,14,2,3,0,1,1,0,0,40,
36,3,14,2,9,0,4,1,0,1977,60,
43,3,9,0,7,1,2,0,0,1762,35,
45,3,13,2,3,0,4,1,0,0,40,
30,3,9,2,2,0,3,1,0,0,40,
46,3,9,2,2,0,2,1,4064,0,40,
24,0,10,0,0,4,2,0,0,0,25,
42,3,10,4,3,1,4,0,0,2444,40,
23,3,10,4,11,3,4,0,0,0,40,
27,3,9,4,0,1,4,1,0,0,50,
48,3,10,4,5,1,4,1,0,0,40,
31,4,9,4,2,1,4,1,0,0,44,
31,3,2,4,7,2,4,0,0,0,25,
18,3,8,4,11,3,4,0,0,0,25,
36,3,9,4,11,1,4,0,0,0,40,
58,3,13,2,3,0,4,1,7688,0,50,
51,5,9,2,4,0,4,1,0,1579,40,
22,3,9,4,0,3,4,0,0,0,40,
72,3,6,2,11,0,4,1,0,0,15,
61,3,6,2,4,0,4,1,0,0,55,
42,3,10,2,6,0,4,1,3908,0,40,
37,0,9,0,9,4,1,0,0,0,40,
30,4,9,2,3,0,4,1,0,0,50,
40,3,12,0,3,1,4,0,0,0,40,
20,3,9,4,0,3,4,1,0,0,40,
65,3,13,2,11,0,4,1,0,0,15,
36,3,10,0,11,4,4,0,0,0,40,
37,3,9,4,6,1,4,1,0,0,40,
33,5,10,2,11,0,4,1,0,0,60,
64,1,9,6,7,4,4,0,0,0,40,
61,5,13,2,4,0,4,1,0,0,20,
38,3,13,4,11,4,4,0,0,0,45,
27,3,13,2,3,0,4,1,0,1977,50,
24,3,13,4,9,3,1,0,0,0,40,
39,3,13,4,9,1,4,1,0,0,40,
44,3,13,2,11,0,4,1,0,0,40,
47,3,10,0,0,2,4,0,0,0,40,
73,8,15,2,14,0,4,1,0,0,40,
66,3,13,2,0,0,1,1,0,0,40,
53,3,10,2,0,0,4,1,0,0,50,
43,6,13,2,3,0,4,1,0,0,55,
57,6,16,2,9,0,4,1,0,0,40,
44,3,12,0,6,3,4,0,0,0,45,
59,3,13,2,3,0,4,1,0,2002,50,
52,5,9,6,7,2,2,0,0,0,40,
46,3,10,4,2,3,4,1,0,0,40,
20,3,10,4,7,3,4,0,0,0,40,
37,0,9,2,0,0,4,1,0,0,40,
41,5,10,2,3,0,4,1,0,0,50,
39,0,9,2,0,0,2,1,0,1628,40,
30,3,9,2,11,0,4,1,0,0,55,
59,3,10,0,6,1,4,1,0,0,56,
22,3,13,4,0,3,4,0,0,0,40,
40,3,9,0,0,4,4,0,0,0,30,
39,5,13,2,9,0,4,1,0,0,50,
24,3,6,0,5,4,4,0,0,0,58,
63,3,9,2,2,0,4,1,0,0,40,
51,3,12,0,9,1,4,0,0,0,40,
34,4,13,4,3,1,4,1,0,0,50,
38,3,11,2,3,0,4,1,0,0,50,
17,3,7,4,11,3,4,0,0,0,15,
20,3,10,4,0,3,4,0,0,0,25,
42,5,9,2,2,0,4,1,0,0,40,
41,3,13,2,11,5,4,0,0,0,12,
56,1,9,2,3,0,4,1,0,0,40,
17,3,6,4,11,3,4,1,0,0,5,
31,3,13,2,9,5,4,0,7688,0,43,
23,3,10,2,11,5,4,0,0,0,40,
33,8,10,4,14,3,4,1,0,0,40,
36,1,13,5,9,1,4,1,0,0,40,
37,3,3,2,7,0,1,1,0,0,40,
52,3,9,5,2,3,2,0,0,0,40,
28,3,9,2,3,0,4,1,0,0,50,
59,3,9,2,2,0,4,1,0,0,40,
30,3,6,4,6,2,1,1,0,0,40,
32,3,11,4,2,1,4,1,0,0,40,
30,3,4,4,2,1,4,1,0,0,50,
53,3,9,2,2,0,2,1,0,0,40,
54,5,6,2,2,0,4,1,0,0,36,
26,3,13,4,3,1,2,1,0,0,50,
34,3,13,3,6,1,1,1,0,2339,40,
31,3,11,0,11,1,0,0,0,0,40,
34,3,9,4,0,3,4,1,0,0,40,
58,3,9,0,12,1,4,1,4787,0,39,
30,6,9,2,10,0,4,1,0,0,40,
53,3,9,2,2,0,4,1,0,0,40,
27,3,10,0,0,3,4,0,0,0,20,
23,3,3,2,5,0,4,1,0,0,40,
24,3,11,2,2,0,4,1,0,0,45,
36,3,13,2,11,0,4,1,0,1977,35,
33,0,9,0,0,4,2,0,0,0,35,
22,6,10,4,12,3,4,0,0,0,10,
47,3,9,2,2,0,4,1,0,0,44,
34,3,12,2,11,0,2,1,0,1902,50,
44,0,15,0,9,4,4,1,0,0,40,
41,3,11,4,9,1,4,0,0,0,45,
45,8,9,5,14,1,1,1,0,0,4,
24,3,9,2,2,0,4,1,0,0,44,
65,8,13,2,14,0,4,1,0,0,40,
45,3,13,0,9,4,4,0,0,0,50,
23,3,13,4,11,1,4,1,0,0,55,
54,3,9,2,6,0,4,1,0,0,40,
40,3,7,4,6,1,4,0,0,0,37,
45,3,3,0,8,4,4,0,0,0,35,
50,3,9,2,11,0,4,1,0,0,40,
40,3,12,4,7,2,4,1,0,0,25,
24,3,10,4,2,1,4,1,0,0,40,
42,3,9,2,2,0,4,1,0,1672,40,
50,3,10,2,11,0,4,1,0,0,60,
58,5,10,0,2,4,4,1,0,0,40,
47,3,10,2,6,0,4,1,0,0,46,
37,3,16,2,9,0,4,1,0,0,99,
37,5,9,4,2,3,4,1,0,0,35,
22,3,12,4,13,1,4,1,0,0,45,
29,5,9,2,13,0,4,1,0,0,48,
45,3,13,2,3,0,1,1,0,0,40,
49,5,10,2,3,0,4,1,0,0,60,
44,1,11,2,13,0,4,1,4386,0,40,
72,3,9,0,7,1,4,0,0,0,16,
63,5,9,2,7,0,4,1,0,0,12,
26,3,9,2,9,0,4,1,0,0,50,
58,5,11,2,2,0,4,1,0,0,42,
40,3,9,2,2,0,4,1,0,0,50,
56,3,10,2,11,0,4,1,0,0,40,
55,5,10,2,4,0,4,1,0,0,72,
28,3,13,4,11,2,4,0,0,0,45,
57,3,9,2,3,5,4,0,0,0,40,
37,3,14,0,3,1,4,1,0,0,45,
44,3,9,0,0,1,4,0,0,0,40,
31,3,9,2,6,0,4,1,0,0,40,
42,3,10,2,0,0,4,1,0,0,40,
18,3,10,4,7,3,4,0,0,0,25,
57,5,6,2,2,0,4,1,0,0,40,
53,1,10,2,7,0,4,1,0,0,35,
38,3,9,2,3,0,4,1,0,0,44,
33,3,9,0,11,1,4,0,0,0,50,
42,3,14,0,9,4,4,0,0,0,40,
70,8,9,2,14,0,4,1,0,0,60,
50,3,9,2,2,0,4,1,0,0,50,
50,3,9,2,6,0,4,1,0,0,40,
28,3,12,2,5,0,4,1,0,0,40,
72,0,7,0,0,1,4,0,0,0,8,
33,3,9,2,11,0,4,1,0,0,40,
47,3,9,2,7,0,1,1,0,0,25,
48,3,10,2,9,0,4,1,0,0,40,
64,5,13,2,9,0,4,1,0,0,24,
19,3,7,4,8,1,4,0,0,0,35,
48,3,11,0,0,4,4,0,0,0,40,
37,3,9,2,6,0,4,1,0,1848,48,
55,3,9,2,2,0,4,1,15024,0,35,
24,3,14,4,8,1,4,0,0,0,45,
42,0,9,0,0,1,4,0,0,0,40,
43,3,9,2,0,5,4,0,0,0,50,
34,3,12,4,2,3,2,0,0,0,40,
55,4,14,2,3,0,4,1,0,0,60,
22,3,9,2,7,0,4,1,0,0,40,
39,3,10,0,0,1,4,0,0,0,60,
50,5,13,2,3,0,4,1,0,0,35,
47,1,10,2,13,0,4,1,0,1887,40,
25,3,13,4,11,3,4,0,0,0,20,
52,3,7,0,7,4,4,0,0,0,20,
30,3,9,2,13,0,4,1,0,0,40,
37,5,9,0,2,1,4,1,0,0,50,
73,4,9,2,11,0,4,1,0,0,20,
50,3,4,0,2,1,4,1,0,0,60,
34,3,10,2,3,0,4,1,0,0,45,
24,3,12,4,11,1,2,1,0,0,40,
66,3,10,2,11,0,4,1,0,0,24,
22,3,9,4,11,3,4,1,0,0,55,
69,1,6,2,13,0,4,1,0,0,25,
23,3,9,4,2,3,4,1,0,0,40,
55,3,13,6,6,4,4,0,0,0,40,
35,3,10,6,0,4,4,0,0,0,30,
20,3,10,4,0,3,4,0,0,0,35,
70,4,10,2,3,0,4,1,0,0,20,
54,3,11,2,12,0,4,1,7688,0,40,
34,3,9,4,7,1,1,1,0,0,40,
38,6,16,2,9,0,4,1,0,0,45,
33,3,4,0,5,3,4,1,0,0,40,
43,3,9,5,7,1,4,0,0,0,26,
60,4,10,2,3,0,4,1,0,0,40,
81,5,13,6,9,1,4,0,0,1668,3,
32,5,9,2,3,0,4,1,0,0,55,
34,3,9,2,13,0,4,1,0,0,45,
46,5,14,4,3,1,4,1,0,0,25,
30,6,10,4,7,3,0,1,0,0,84,
23,8,9,4,14,2,1,0,0,0,20,
29,3,10,2,7,0,4,1,0,0,40,
51,3,9,2,13,0,4,1,0,0,60,
31,3,4,4,5,2,4,1,0,0,25,
36,0,9,4,0,3,2,0,0,0,36,
23,3,10,4,5,3,2,1,0,0,22,
35,3,9,2,6,0,4,1,0,0,30,
28,1,14,4,9,1,4,0,0,0,40,
33,6,13,2,3,0,4,1,0,0,40,
40,3,10,2,5,0,4,1,0,0,40,
27,3,10,2,13,0,4,1,0,0,45,
38,4,9,2,3,0,4,1,0,0,40,
47,3,11,0,9,1,4,0,0,1669,40,
25,3,10,2,0,5,2,0,0,0,56,
45,3,13,2,3,0,4,1,7688,0,50,
38,3,10,4,0,3,2,0,0,0,40,
66,8,10,2,14,0,4,1,0,0,40,
65,1,10,4,9,1,2,0,0,0,40,
30,3,11,4,2,3,4,1,0,0,40,
54,3,7,2,7,5,4,0,0,0,43,
49,3,8,0,6,1,4,0,0,0,40,
41,5,11,2,9,5,4,0,0,0,15,
48,0,9,2,0,0,4,1,0,0,40,
23,3,3,4,8,4,4,0,0,0,12,
77,3,9,2,7,0,4,1,0,0,25,
19,3,10,4,7,3,4,0,0,0,20,
30,3,9,3,0,1,4,0,0,0,30,
41,4,13,2,3,0,4,1,0,1902,55,
35,3,9,2,3,0,4,1,0,0,55,
20,3,10,4,0,3,4,0,0,0,40,
66,4,13,2,3,0,4,1,10605,0,40,
49,3,9,4,2,4,4,0,0,0,40,
52,3,13,2,11,0,4,1,0,0,45,
24,3,14,2,9,5,4,0,0,0,35,
50,3,9,2,2,0,4,1,0,0,15,
22,3,7,4,13,1,4,1,0,0,65,
19,3,10,4,7,3,4,1,0,0,20,
39,3,7,4,9,4,4,0,0,0,30,
45,3,13,2,7,0,1,1,0,0,38,
61,1,13,0,7,1,4,1,0,0,30,
45,3,12,0,13,1,4,1,0,0,55,
36,1,13,2,9,3,4,1,0,0,40,
40,3,14,2,3,0,4,1,0,2415,45,
38,3,9,2,3,0,4,1,0,0,50,
52,1,10,2,13,0,2,1,0,0,40,
29,0,11,2,12,0,4,1,0,0,42,
33,3,9,4,4,1,4,1,0,0,40,
40,5,10,4,2,3,4,1,0,0,40,
34,3,9,4,2,1,4,1,0,0,55,
46,1,13,0,10,1,2,1,0,0,50,
44,3,14,2,2,0,4,1,15024,0,45,
19,3,9,4,7,3,4,0,0,0,13,
44,3,9,2,0,5,4,0,0,0,40,
40,3,9,4,2,1,0,1,0,0,40,
20,3,10,4,9,3,4,0,0,0,2,
24,3,12,4,5,3,4,1,0,0,30,
76,3,9,6,7,1,4,1,0,0,17,
20,3,9,2,12,2,4,1,0,0,40,
33,3,15,4,9,1,4,1,0,0,40,
31,3,10,2,12,0,4,1,0,0,40,
33,3,9,0,7,4,4,0,0,0,40,
19,3,9,4,2,3,4,1,0,0,35,
29,3,13,4,3,1,4,1,0,1590,50,
30,3,9,2,11,0,4,1,0,0,45,
48,3,14,0,3,1,4,1,99999,0,50,
42,3,13,2,3,0,4,1,0,0,40,
37,3,7,2,13,0,4,1,0,0,40,
54,4,9,2,3,0,4,1,7688,0,60,
42,3,12,2,0,0,4,1,7688,0,42,
28,5,9,4,7,1,4,0,0,0,28,
42,1,10,2,10,0,4,1,0,0,52,
60,6,14,2,3,5,4,0,3103,0,40,
76,8,9,6,14,1,4,0,0,0,25,
21,3,11,4,7,3,4,0,0,0,40,
29,3,10,4,4,3,4,1,0,0,40,
43,3,13,2,9,0,4,1,0,0,40,
44,3,9,0,11,3,4,1,0,0,38,
45,3,13,0,0,4,4,0,4687,0,35,
38,3,10,4,11,4,2,0,0,0,40,
28,3,10,2,0,0,4,1,0,0,50,
29,3,9,4,11,3,4,0,0,0,40,
20,3,10,4,7,3,4,1,0,0,40,
49,4,14,2,11,0,4,1,0,0,40,
36,1,10,2,10,0,4,1,0,0,56,
40,4,13,2,3,0,4,1,0,0,50,
17,3,8,4,0,3,4,0,0,0,30,
45,3,9,2,2,0,4,1,0,0,40,
42,3,10,4,4,1,4,1,0,0,28,
29,3,13,4,3,4,2,0,0,0,40,
57,5,13,2,3,0,4,1,4386,0,13,
23,3,13,4,0,1,4,1,0,0,40,
20,3,10,4,0,3,2,0,0,0,40,
23,3,9,4,5,3,4,1,0,0,24,
39,3,9,4,7,1,4,1,0,0,40,
34,3,10,2,2,0,4,1,0,0,40,
43,5,13,4,11,1,4,1,0,0,45,
25,6,10,4,5,3,4,1,0,0,40,
40,3,10,2,11,0,4,1,0,0,60,
52,5,9,0,4,1,4,1,0,0,25,
48,3,9,6,6,4,4,0,0,0,36,
37,3,11,4,11,4,2,0,0,0,6,
36,3,9,2,11,0,4,1,0,0,50,
33,3,11,2,13,0,4,1,0,0,40,
36,1,9,2,0,5,4,0,0,0,40,
24,3,13,4,0,1,4,1,0,0,10,
42,1,9,0,4,1,4,1,0,0,40,
35,4,12,4,11,3,4,1,0,0,40,
40,0,9,0,0,4,4,0,0,0,22,
50,4,15,2,9,0,1,1,0,0,40,
40,3,14,2,3,0,4,1,0,0,50,
22,3,9,4,11,2,2,1,0,0,40,
57,4,9,2,3,0,4,1,0,0,40,
51,1,9,2,13,0,4,1,0,0,40,
61,0,9,4,0,4,4,0,0,0,35,
71,3,9,6,11,4,4,0,0,0,20,
47,3,9,2,2,0,4,1,0,0,40,
38,3,13,4,7,2,4,0,0,0,45,
25,3,13,4,11,1,4,1,0,0,65,
33,3,7,2,5,0,4,1,0,0,50,
40,6,7,0,13,4,4,0,0,0,52,
39,8,7,4,14,1,2,0,0,0,40,
29,3,9,2,0,5,4,0,2829,0,40,
33,3,9,4,2,1,4,1,0,0,40,
46,3,10,4,0,3,2,0,0,0,36,
24,3,9,2,11,5,4,0,0,0,40,
28,3,14,4,3,1,3,1,0,0,30,
20,3,9,4,2,1,4,1,0,0,40,
34,3,10,0,5,4,4,0,0,0,40,
34,6,13,2,0,0,4,1,0,0,55,
25,3,10,4,0,4,2,0,0,0,40,
36,3,13,2,12,0,4,1,0,0,40,
61,3,9,2,6,0,4,1,0,0,40,
38,3,10,5,7,1,4,0,0,0,58,
57,3,9,6,7,2,4,0,0,1719,25,
20,8,9,4,14,3,4,0,0,0,40,
56,3,9,2,7,5,4,0,0,0,10,
24,3,13,4,3,1,4,0,0,0,40,
60,3,10,0,11,1,4,0,0,0,48,
37,3,10,2,3,0,4,1,0,0,50,
27,3,10,2,13,0,4,1,0,0,40,
54,3,10,5,7,1,4,1,0,0,28,
40,3,9,2,7,0,1,1,0,0,30,
18,3,8,4,7,3,4,1,0,0,15,
51,0,9,2,0,0,4,1,0,0,40,
40,5,10,2,12,0,4,1,0,0,50,
64,0,9,2,9,0,4,1,0,0,8,
24,3,9,4,7,1,4,0,2174,0,40,
33,3,9,2,12,5,2,0,0,0,38,
31,3,9,0,3,4,4,0,0,0,40,
26,1,9,2,10,0,4,1,3103,0,40,
54,3,13,4,0,1,4,0,14084,0,40,
31,3,2,4,5,1,4,1,0,0,37,
39,3,8,3,13,1,2,1,0,0,45,
22,3,10,4,12,3,4,1,0,0,40,
31,3,10,4,2,1,4,1,0,0,40,
68,3,3,5,7,1,4,1,0,0,12,
59,0,6,0,7,1,4,0,0,0,37,
35,5,9,2,2,0,4,1,2829,0,45,
25,3,13,4,0,3,4,1,0,0,40,
23,3,9,4,2,4,4,1,0,0,40,
35,3,10,0,3,4,4,1,0,0,60,
17,6,6,4,7,3,4,1,0,0,30,
19,3,10,4,5,1,4,1,0,0,45,
53,3,14,2,3,0,4,1,0,1977,55,
59,3,3,0,6,4,4,0,0,0,40,
37,3,9,4,0,3,4,0,0,0,37,
74,5,9,6,7,1,4,1,0,0,20,
28,3,10,4,13,1,4,1,0,0,50,
40,3,13,4,0,1,4,1,0,0,40,
30,3,10,3,2,1,4,1,0,0,40,
20,3,10,4,7,3,2,1,0,0,40,
80,3,15,2,9,0,4,1,0,0,35,
51,3,9,2,6,0,2,1,0,0,40,
17,3,6,4,11,3,4,1,0,0,15,
37,0,13,2,9,0,4,1,0,0,40,
19,8,9,4,14,3,2,0,0,0,24,
58,3,9,4,7,1,4,1,0,0,40,
57,3,10,2,2,0,4,1,0,0,40,
37,3,10,0,6,1,4,1,0,0,40,
23,0,10,4,2,4,0,1,0,0,40,
36,3,13,4,0,1,4,0,0,0,32,
33,3,9,2,2,0,4,1,0,0,40,
30,3,10,2,11,5,4,0,0,0,40,
30,3,9,4,0,4,4,0,0,0,24,
41,3,15,2,9,0,4,1,99999,0,65,
57,8,10,2,14,0,1,1,0,0,60,
23,3,9,4,11,3,4,1,0,0,40,
40,3,15,4,9,1,4,0,14084,0,50,
53,3,9,6,0,1,2,0,0,0,40,
31,6,10,4,12,1,4,1,0,0,13,
41,8,3,2,14,0,4,1,0,0,40,
36,3,9,4,0,2,4,1,0,0,40,
30,3,8,0,7,1,4,0,0,0,40,
44,3,9,2,10,0,4,1,0,0,40,
36,3,9,4,7,3,4,1,0,0,40,
42,3,12,2,9,0,4,1,0,0,40,
48,5,9,2,2,0,4,1,0,0,30,
22,3,13,4,9,3,4,1,0,0,40,
38,3,9,2,6,0,4,1,0,0,40,
31,3,9,4,2,1,4,1,0,0,50,
32,3,9,0,7,3,4,1,2174,0,40,
35,3,9,2,5,0,2,1,0,0,40,
21,3,10,4,11,3,4,1,0,0,43,
26,3,9,2,6,0,4,1,0,0,40,
19,1,9,4,0,3,2,0,0,0,40,
43,3,9,1,2,5,2,0,0,0,42,
33,3,9,2,2,0,4,1,0,0,60,
30,3,13,4,2,3,4,1,0,0,10,
52,3,6,2,13,0,4,1,0,0,45,
38,1,13,2,3,0,4,1,0,0,40,
28,3,13,2,3,0,4,1,0,0,46,
57,5,12,2,7,0,4,1,0,0,40,
51,3,13,2,9,0,4,1,0,0,50,
50,3,5,2,6,0,4,1,0,0,48,
32,3,13,2,3,0,1,1,0,0,50,
32,3,13,2,9,0,4,1,0,2415,48,
37,3,9,2,2,0,4,1,0,0,40,
69,5,9,2,11,0,4,1,0,0,33,
33,8,10,0,14,4,0,1,0,0,30,
37,3,10,2,11,0,4,1,0,0,50,
36,3,10,4,0,1,4,1,2463,0,40,
47,5,9,2,13,0,4,1,0,0,45,
63,3,6,2,13,0,4,1,0,0,40,
21,3,10,4,0,1,4,1,0,0,65,
17,3,9,4,7,2,4,1,0,0,35,
56,3,9,5,2,4,4,1,0,0,40,
90,1,12,2,0,0,1,1,0,0,20,
27,3,10,0,0,1,4,0,0,0,38,
38,3,9,0,0,4,4,0,0,0,20,
33,3,12,2,9,0,4,1,0,0,50,
26,3,9,4,3,1,4,0,0,0,40,
20,3,10,4,7,3,4,0,0,0,35,
42,3,7,2,13,0,4,1,0,0,40,
55,3,9,0,3,1,4,0,0,0,40,
32,6,10,2,9,5,2,0,0,0,40,
66,3,13,2,11,0,4,1,20051,0,40,
66,1,16,0,9,1,4,0,3273,0,40,
49,3,10,0,7,1,4,0,0,0,40,
34,3,9,0,10,1,2,1,0,0,45,
38,3,13,2,3,0,4,1,0,0,50,
40,4,9,2,3,0,4,1,0,0,40,
22,0,12,4,7,3,4,1,0,0,20,
46,5,9,2,13,0,4,1,0,0,40,
29,3,9,2,6,0,4,1,0,0,50,
19,3,8,4,5,3,0,1,0,0,20,
71,8,9,6,14,1,4,0,0,0,40,
37,1,13,0,9,4,4,0,1151,0,35,
52,1,14,4,9,1,4,1,0,0,32,
27,3,14,4,0,1,4,0,0,0,46,
52,3,9,2,13,5,4,0,0,0,40,
31,3,9,4,2,3,4,1,4101,0,40,
37,4,10,2,2,0,4,1,0,0,50,
28,3,9,4,5,1,4,1,0,0,40,
25,3,4,2,2,0,4,1,0,0,40,
31,3,10,2,0,0,4,1,0,0,50,
29,3,9,2,2,0,4,1,0,0,40,
45,3,9,6,0,4,4,0,0,0,35,
69,3,4,2,7,0,4,1,0,0,20,
50,3,7,2,6,0,2,1,0,0,40,
54,6,16,2,9,0,4,1,0,0,46,
17,3,5,4,7,3,4,0,0,0,20,
34,3,9,4,12,3,1,1,14084,0,35,
32,5,9,2,7,5,4,0,0,0,5,
23,3,10,4,6,3,4,1,0,0,40,
66,3,13,2,9,0,4,1,0,0,45,
61,3,9,2,2,0,4,1,0,0,40,
55,3,10,0,6,1,4,0,0,0,40,
24,3,9,4,5,1,4,1,0,0,40,
30,3,9,0,11,4,4,1,1151,0,30,
49,3,11,0,3,1,4,1,0,0,45,
21,8,10,4,14,3,4,0,0,0,3,
56,4,9,2,11,0,4,1,0,0,50,
25,3,9,2,11,0,4,1,0,0,40,
49,3,13,0,10,1,4,1,0,0,40,
58,3,13,2,12,0,4,1,0,0,40,
40,0,13,4,0,1,4,1,0,0,40,
62,3,14,0,9,1,4,0,0,0,45,
54,3,13,2,12,0,4,1,0,0,25,
34,5,11,4,7,2,4,0,0,0,40,
18,3,6,4,2,3,4,1,0,0,30,
28,8,7,4,14,1,2,0,0,0,40,
32,3,9,2,11,0,1,1,0,0,40,
22,1,13,4,9,1,4,0,0,0,35,
34,6,13,4,9,1,4,1,0,0,48,
53,8,13,2,14,0,4,1,0,0,30,
47,3,9,2,7,0,4,1,0,0,40,
19,3,10,4,11,3,4,0,0,0,40,
41,4,10,2,3,0,4,1,0,2415,55,
46,3,10,2,7,5,4,0,5013,0,40,
56,5,4,0,11,2,4,1,0,0,20,
42,3,9,0,6,1,2,0,0,0,40,
25,3,13,4,9,3,4,0,0,2339,35,
42,3,9,2,0,0,4,1,0,0,50,
43,3,13,0,9,1,4,0,14344,0,40,
17,3,7,4,11,3,4,0,0,1602,12,
57,5,4,2,2,0,4,1,0,0,40,
40,3,14,2,3,0,4,1,0,0,50,
62,1,9,6,7,1,4,0,0,0,40,
20,3,10,4,0,3,4,1,0,0,16,
47,3,10,2,13,0,4,1,0,0,50,
40,3,10,2,3,0,4,1,0,0,40,
44,3,9,2,3,5,1,0,0,0,40,
48,3,13,2,2,0,4,1,0,0,55,
39,4,11,2,4,0,4,1,0,0,60,
46,1,10,2,2,0,2,1,0,0,40,
72,4,15,2,9,0,4,1,99999,0,50,
53,3,9,2,6,0,4,1,0,0,30,
47,0,10,2,5,0,4,1,0,0,40,
40,5,9,0,2,1,4,1,0,0,45,
34,3,9,5,13,1,1,1,0,0,40,
41,3,9,4,0,3,4,1,0,0,40,
41,3,9,2,2,0,4,1,0,0,40,
20,3,10,4,5,3,4,1,0,0,35,
42,4,2,2,11,0,4,1,0,0,60,
54,1,13,4,9,1,4,1,0,0,50,
39,4,13,2,9,5,4,0,0,0,40,
37,3,9,0,6,1,4,1,0,0,40,
59,3,16,2,11,0,4,1,0,0,40,
69,3,3,2,0,0,4,1,1797,0,40,
24,3,13,4,9,3,2,0,0,0,35,
36,3,11,2,6,0,4,1,3103,0,40,
21,8,10,4,14,3,4,1,0,0,30,
68,8,9,6,14,1,4,1,0,0,32,
20,3,10,5,2,1,4,1,0,0,40,
26,5,11,4,7,1,4,0,0,0,35,
48,3,8,6,5,4,4,0,0,0,50,
39,4,15,2,9,0,4,1,0,1902,50,
21,3,12,4,7,3,4,0,0,0,18,
22,3,9,4,3,2,4,0,0,0,42,
34,3,11,0,9,4,4,0,0,0,40,
33,3,10,2,3,0,4,1,0,0,45,
46,3,5,2,6,0,4,1,0,0,40,
47,3,7,2,2,0,4,1,7298,0,40,
65,3,13,2,3,0,4,1,0,0,40,
23,3,9,2,5,0,4,1,0,0,40,
28,3,10,4,7,1,4,0,0,0,30,
34,5,9,0,3,1,4,1,0,0,60,
20,3,10,4,7,1,4,1,0,0,40,
28,3,7,4,0,1,4,1,0,0,40,
52,4,13,2,3,0,4,1,0,0,60,
40,6,14,2,9,5,1,0,0,0,38,
22,3,13,4,3,3,4,0,0,0,7,
29,4,9,2,3,0,4,1,0,0,45,
31,5,4,2,9,0,4,1,0,0,60,
42,0,14,2,9,0,4,1,0,1902,40,
38,3,9,4,2,4,2,0,0,0,40,
22,3,7,2,6,0,4,1,0,0,70,
21,8,10,4,14,3,4,1,0,0,40,
43,3,5,2,3,0,4,1,0,0,40,
43,4,13,2,3,0,4,1,0,0,50,
33,3,10,2,3,0,4,1,0,0,50,
17,4,6,4,7,3,2,1,0,0,35,
54,5,15,2,9,0,4,1,5178,0,50,
45,3,9,0,0,4,4,0,0,0,40,
55,1,6,2,2,0,4,1,0,0,45,
51,5,9,2,13,0,4,1,0,0,35,
65,0,6,0,2,4,4,1,0,0,40,
21,3,13,4,9,3,1,0,0,0,45,
40,3,9,6,7,4,2,0,0,0,40,
58,3,10,4,0,1,2,0,0,0,37,
53,0,9,6,3,1,4,0,0,0,58,
39,3,14,2,9,0,4,1,0,1848,50,
56,1,9,2,7,0,4,1,0,0,40,
37,3,10,2,0,0,4,1,0,0,50,
44,3,13,2,2,0,4,1,0,0,40,
49,3,5,5,5,3,4,1,0,0,38,
36,3,10,2,6,0,1,1,0,0,50,
59,4,13,2,2,0,4,1,0,0,60,
33,3,9,0,0,3,4,0,0,0,40,
36,3,15,4,3,1,4,1,27828,0,50,
26,3,10,2,3,5,4,0,0,0,25,
22,3,6,4,11,1,4,0,0,1762,25,
25,3,14,4,0,3,4,1,0,0,40,
28,3,10,2,0,5,4,0,0,0,15,
41,3,12,0,0,4,4,0,0,0,38,
45,3,11,2,4,0,4,1,0,0,70,
43,3,9,2,5,0,4,1,0,0,40,
30,3,5,4,5,4,2,1,0,0,40,
33,3,9,3,2,4,4,1,0,0,50,
34,3,10,2,0,0,4,1,0,0,40,
21,3,11,4,7,1,4,1,0,0,30,
31,3,13,2,11,0,4,1,0,1902,45,
48,3,3,2,13,0,4,1,0,0,40,
22,3,10,4,0,3,4,0,0,0,20,
47,3,10,0,11,4,4,0,0,0,60,
27,3,13,4,12,1,1,0,0,0,40,
18,3,7,4,5,1,4,1,0,0,25,
43,3,14,2,9,0,4,1,0,0,40,
36,3,10,6,11,1,4,0,0,0,20,
37,0,9,0,2,1,4,1,0,0,40,
24,3,11,4,2,3,4,1,0,0,20,
24,3,9,4,13,1,4,1,0,0,40,
38,3,13,2,7,0,4,1,3908,0,70,
48,3,13,2,3,0,2,1,0,0,40,
75,3,2,2,7,2,2,0,0,0,16,
43,5,13,0,9,1,4,1,0,0,70,
64,3,13,0,3,1,4,0,0,0,50,
67,8,16,2,14,0,4,1,20051,0,5,
36,3,9,0,11,1,4,0,0,0,40,
53,3,10,2,12,0,4,1,0,0,40,
22,3,10,4,9,1,2,1,0,0,20,
73,5,9,4,7,1,4,0,0,0,36,
46,3,9,0,0,1,4,0,0,0,40,
45,3,9,2,2,0,4,1,5013,0,40,
43,3,9,2,2,0,4,1,0,0,40,
20,3,9,4,0,3,2,1,0,0,20,
43,0,10,0,5,1,1,1,0,0,40,
21,3,8,4,0,2,2,1,0,0,48,
40,3,9,5,11,4,2,0,0,0,25,
36,3,13,2,9,0,4,1,0,0,40,
64,4,13,0,11,1,4,1,0,0,45,
19,8,10,4,14,3,4,0,0,0,40,
46,3,10,2,9,0,4,1,5178,0,38,
46,1,14,0,3,4,4,0,0,0,65,
41,1,13,4,9,1,4,0,0,0,70,
29,8,10,0,14,4,4,0,0,0,8,
28,3,10,4,0,2,4,0,0,0,40,
23,3,10,2,11,0,4,1,0,0,45,
30,0,13,4,10,1,4,0,0,0,60,
44,3,13,3,0,1,4,0,0,0,40,
27,3,9,2,13,0,4,1,0,0,45,
25,3,9,4,7,4,4,0,0,0,34,
29,3,6,2,2,0,4,1,0,0,40,
54,3,9,2,6,0,4,1,0,0,40,
27,3,13,4,4,1,4,1,0,0,65,
34,3,9,2,2,0,4,1,0,0,35,
38,3,10,2,11,0,4,1,0,0,50,
24,8,9,4,14,2,0,0,0,0,40,
56,3,14,2,9,5,4,0,0,0,40,
35,4,9,2,11,0,4,1,0,0,62,
23,8,11,4,14,1,0,0,0,0,30,
23,3,10,4,2,1,4,1,0,0,40,
19,3,10,4,11,3,2,0,0,0,20,
42,3,15,2,9,0,4,1,7298,0,35,
46,3,13,2,3,0,4,1,15024,0,45,
48,4,9,0,11,4,1,0,0,0,84,
27,3,9,4,11,1,4,1,0,0,40,
22,8,12,4,14,2,4,1,0,0,15,
49,4,10,2,11,0,4,1,0,0,70,
23,3,10,4,7,3,4,1,0,0,20,
24,3,9,4,7,3,4,1,0,0,40,
34,3,9,4,6,3,1,1,0,0,40,
25,0,9,4,13,3,4,1,0,0,40,
33,5,10,2,2,0,4,1,0,0,50,
22,3,12,4,0,3,4,0,0,0,27,
54,1,9,4,0,1,4,0,0,0,30,
39,4,14,4,9,1,4,0,0,0,40,
25,3,13,4,9,1,4,0,0,0,40,
75,4,9,2,0,0,4,1,0,0,26,
28,5,9,4,6,2,2,1,0,0,30,
50,3,13,0,11,1,4,0,0,0,50,
62,5,13,2,2,0,4,1,0,0,55,
40,3,9,2,6,0,4,1,0,0,40,
58,1,13,4,9,1,4,0,0,0,37,
24,0,12,2,3,5,4,0,0,0,40,
21,3,9,4,7,2,4,0,0,0,30,
40,3,13,2,3,0,4,1,15024,0,50,
45,3,11,2,9,0,4,1,0,1902,42,
48,3,9,2,3,0,4,1,0,0,60,
34,3,9,4,13,1,4,1,0,0,70,
23,3,9,4,8,4,3,0,0,0,40,
43,1,14,4,3,1,4,0,10520,0,50,
42,1,10,4,2,1,4,1,0,0,40,
39,5,13,2,9,0,4,1,15024,0,50,
52,4,9,2,4,0,4,1,0,0,60,
21,8,10,4,14,1,4,0,0,0,35,
56,5,13,4,3,1,4,0,0,0,60,
48,0,9,2,0,5,4,0,0,0,40,
37,5,9,0,3,1,1,0,0,0,70,
25,3,9,2,2,0,4,1,0,0,35,
40,3,13,2,5,3,4,1,0,0,40,
34,3,7,4,6,3,2,1,0,0,45,
52,3,9,0,7,1,4,1,0,0,40,
41,3,13,2,12,0,4,1,0,1902,42,
36,1,9,4,7,1,4,1,0,0,40,
21,3,11,4,2,3,4,1,0,1504,40,
28,3,13,4,9,1,4,0,0,0,40,
31,5,13,2,3,0,4,1,0,0,60,
20,3,10,4,0,3,4,1,0,0,9,
68,3,9,2,9,0,4,1,0,0,40,
35,3,9,2,13,0,4,1,0,0,40,
32,3,9,4,6,3,2,1,0,0,40,
64,3,14,2,3,0,4,1,0,0,50,
17,3,6,4,5,3,4,0,0,0,23,
25,3,13,4,9,1,4,1,0,0,20,
74,8,9,6,14,1,4,0,0,0,25,
31,3,11,2,6,0,4,1,0,0,40,
51,6,16,2,3,0,4,1,7298,0,40,
67,3,9,2,11,0,4,1,0,0,10,
42,3,9,4,2,1,4,1,3325,0,40,
29,3,9,4,7,1,4,1,0,0,40,
31,3,9,2,6,0,2,1,0,0,40,
21,3,9,2,2,0,4,1,0,0,37,
67,3,6,2,13,0,4,1,0,0,16,
41,6,9,0,10,1,4,1,0,0,40,
27,3,13,4,12,1,4,0,0,0,36,
51,3,8,0,13,4,4,1,0,0,50,
21,8,7,2,14,5,4,0,0,0,40,
28,3,9,2,2,0,4,1,0,0,46,
21,3,10,4,2,3,4,1,0,0,40,
28,3,11,2,6,0,4,1,0,0,40,
29,3,9,2,7,0,4,1,0,0,35,
39,4,9,2,3,0,4,1,0,0,70,
21,3,13,4,0,1,4,1,0,0,40,
43,3,11,2,2,0,4,1,0,0,40,
44,5,9,4,2,1,4,1,14344,0,40,
28,3,7,2,13,0,4,1,0,0,50,
31,3,5,4,11,1,4,1,0,0,43,
18,8,9,4,14,3,4,1,0,0,30,
27,3,10,2,0,5,0,0,0,0,45,
34,6,10,2,10,0,4,1,0,0,40,
25,3,9,4,12,1,4,1,0,0,40,
34,3,13,2,12,0,4,1,0,0,40,
43,1,9,2,2,0,4,1,7688,0,40,
40,4,14,2,2,0,4,1,0,0,50,
21,3,9,4,7,4,2,0,0,0,35,
25,3,10,0,3,4,4,0,0,0,25,
21,3,9,4,0,1,4,0,0,0,40,
19,5,10,4,13,3,4,1,0,0,30,
49,4,12,2,2,0,4,1,0,0,40,
20,3,10,4,7,3,4,1,0,0,20,
36,3,7,2,13,0,4,1,0,0,47,
32,3,10,5,3,4,2,0,0,0,40,
23,3,10,4,0,3,4,1,0,0,32,
21,3,10,4,11,3,4,1,0,0,10,
25,3,13,4,3,3,4,1,0,0,40,
26,3,3,4,13,1,4,1,0,0,40,
24,3,13,4,11,3,4,0,0,0,40,
22,3,10,4,9,4,4,0,0,0,20,
26,3,9,2,7,5,4,0,0,0,40,
22,3,5,4,6,4,4,1,0,0,40,
41,1,13,2,10,0,4,1,0,0,40,
18,3,9,2,0,5,4,0,0,0,40,
24,3,13,4,11,3,4,1,0,0,40,
38,3,9,2,2,0,4,1,0,1740,48,
36,3,13,4,0,1,4,0,0,0,17,
45,1,14,0,9,3,4,0,0,0,55,
38,1,10,2,12,0,4,1,0,0,40,
38,3,9,2,2,0,4,1,0,0,50,
34,5,9,4,4,1,4,1,0,0,40,
53,1,12,4,0,1,2,1,0,0,40,
32,3,11,2,9,5,4,0,0,0,40,
17,3,7,4,11,3,2,0,0,0,30,
45,6,13,2,3,0,4,1,7298,0,40,
31,1,9,2,10,0,4,1,0,0,48,
47,6,16,2,9,0,4,1,0,0,45,
27,3,9,4,11,1,4,1,0,0,50,
61,0,10,2,0,5,4,0,0,0,30,
33,3,9,2,13,0,4,1,0,0,40,
67,3,9,5,6,2,4,0,0,0,40,
38,3,13,5,2,1,4,1,0,0,40,
25,3,9,0,11,4,4,0,0,0,40,
33,1,3,4,7,4,3,0,0,0,40,
27,3,9,2,0,5,4,0,0,0,40,
45,3,9,2,2,0,4,1,0,0,60,
24,3,13,4,0,2,1,0,0,0,40,
23,3,11,4,12,1,4,1,0,0,40,
48,3,10,0,0,4,4,0,0,0,40,
61,0,10,2,0,0,4,1,0,0,40,
22,3,9,4,9,3,4,0,0,0,20,
34,3,11,0,12,4,4,0,0,0,40,
32,3,9,2,6,0,4,1,5178,0,40,
35,0,10,0,0,1,4,0,0,0,50,
36,3,6,4,2,1,4,1,0,0,40,
24,3,9,4,3,4,4,1,0,0,40,
60,3,5,2,2,0,4,1,0,0,40,
28,8,13,4,14,1,4,0,0,0,43,
64,3,9,0,2,4,4,1,0,0,20,
22,3,9,4,11,4,4,0,0,0,35,
27,3,3,4,8,1,4,0,0,0,65,
36,6,10,0,13,1,4,1,0,0,60,
27,3,9,4,11,4,2,0,0,0,30,
52,3,10,6,11,1,4,0,0,0,40,
57,5,9,2,4,0,4,1,0,0,45,
23,3,10,4,0,1,1,1,0,0,24,
29,5,9,2,6,0,4,1,0,0,40,
34,3,9,4,13,1,2,1,0,0,80,
38,3,9,4,7,4,2,0,0,0,30,
50,5,9,2,4,0,4,1,0,0,84,
50,3,7,2,13,0,4,1,0,0,40,
51,5,13,2,3,5,4,0,0,0,40,
17,4,6,4,2,3,4,1,0,0,40,
25,3,7,3,5,1,4,0,0,0,40,
19,3,9,2,2,0,4,1,0,0,40,
43,5,9,2,2,0,4,1,0,0,40,
59,3,10,5,11,1,4,1,14084,0,60,
39,3,14,4,9,1,4,1,6849,0,40,
18,3,5,4,6,3,4,1,0,0,40,
27,3,14,4,3,3,4,0,0,0,40,
39,3,11,4,4,1,4,1,0,0,60,
44,3,13,2,11,0,4,1,0,0,40,
19,3,9,4,0,2,4,0,0,0,35,
32,1,9,4,7,3,4,1,0,0,40,
48,3,9,2,2,0,4,1,0,0,40,
46,3,12,2,11,0,4,1,0,0,50,
65,3,7,6,11,2,4,0,0,0,20,
57,4,13,2,9,0,4,1,0,0,45,
48,3,9,4,7,4,2,0,0,0,32,
46,3,4,2,7,0,1,1,0,1651,40,
27,3,6,2,5,0,4,1,0,0,40,
29,1,10,2,10,0,4,1,0,1485,40,
21,8,9,4,14,4,2,0,0,0,25,
20,8,10,4,14,3,4,0,0,0,12,
51,8,9,2,14,0,4,1,0,0,40,
35,4,10,2,11,0,4,1,0,1740,40,
29,5,9,2,4,0,4,1,0,0,70,
30,1,10,2,10,0,4,1,15024,0,40,
65,3,9,6,7,1,4,0,0,0,15,
20,8,9,3,14,1,4,0,0,0,35,
47,0,10,2,0,0,4,1,0,0,40,
41,3,9,0,2,4,4,1,2174,0,40,
17,3,5,4,2,3,4,0,0,0,16,
38,1,3,2,5,2,4,1,0,0,40,
38,1,14,2,9,0,4,1,0,0,40,
39,5,9,4,11,2,4,0,0,0,4,
24,8,9,5,14,1,4,0,0,0,38,
52,3,6,2,6,0,4,1,0,0,41,
46,5,10,2,3,0,4,1,0,0,58,
22,3,13,4,3,1,4,0,0,0,30,
56,3,14,4,11,1,4,1,0,0,50,
37,5,7,0,9,4,2,0,0,0,30,
59,3,13,0,11,1,4,1,0,0,55,
19,5,7,2,2,3,4,1,0,2129,55,
31,3,5,4,2,1,3,1,0,0,45,
22,3,10,4,11,1,1,1,0,0,20,
48,5,16,4,9,4,4,0,0,0,60,
63,4,13,2,3,0,4,1,0,0,60,
33,3,9,2,3,0,4,1,7298,0,45,
53,3,9,4,4,1,4,1,0,0,10,
38,3,11,2,2,0,4,1,0,0,40,
39,3,12,2,11,0,4,1,0,0,24,
59,3,15,3,9,4,4,1,0,0,50,
45,3,9,2,6,0,4,1,0,0,40,
39,3,10,0,0,1,4,0,0,0,45,
60,6,9,6,0,1,4,0,0,0,35,
38,3,13,0,9,4,4,0,0,0,56,
31,3,9,0,0,1,4,1,0,0,40,
61,5,13,2,9,0,4,1,0,0,50,
66,8,13,2,14,0,4,1,0,0,24,
26,3,13,4,11,1,1,1,0,0,20,
60,4,15,2,9,0,4,1,0,2415,80,
68,8,4,6,14,1,4,0,0,0,15,
32,3,10,0,3,2,4,1,0,0,60,
25,1,13,4,3,1,4,0,0,0,20,
43,1,9,2,3,0,4,1,0,0,40,
26,8,13,4,14,3,4,1,0,0,44,
55,3,14,2,3,0,4,1,99999,0,55,
66,3,6,6,13,1,4,0,0,0,11,
31,3,9,2,2,0,4,1,0,0,40,
35,3,3,2,6,0,1,1,0,0,50,
58,4,15,4,9,1,4,1,27828,0,40,
56,3,14,2,9,0,4,1,0,0,40,
22,3,10,4,7,3,4,1,0,0,16,
46,1,13,2,3,0,2,1,0,0,40,
33,3,10,2,7,5,4,0,0,0,35,
26,6,14,2,9,0,4,1,0,0,30,
42,5,13,2,4,0,4,1,0,0,50,
45,3,9,4,7,3,4,0,0,0,40,
43,3,10,2,9,5,3,0,0,0,6,
19,3,7,4,11,3,4,1,0,0,20,
27,3,13,4,3,3,4,0,0,0,99,
51,3,9,2,11,0,4,1,7688,0,40,
42,3,9,4,13,3,4,1,0,0,40,
43,5,10,2,11,0,4,1,7298,0,50,
38,3,13,2,12,0,4,1,0,0,45,
44,3,9,0,0,4,4,0,0,0,40,
36,3,9,2,2,0,4,1,0,0,64,
37,3,9,2,7,5,1,0,0,0,60,
29,3,13,4,3,1,4,1,0,0,50,
53,8,9,0,14,1,4,0,0,0,40,
42,5,13,3,3,1,4,1,0,0,45,
80,3,10,6,0,1,4,0,0,0,20,
61,3,7,2,13,0,4,1,0,0,40,
55,3,10,2,2,0,4,1,5013,0,52,
20,3,10,4,7,3,4,0,0,0,25,
23,3,9,4,2,4,4,1,0,0,40,
48,0,10,2,2,0,4,1,0,0,40,
24,3,13,4,3,3,4,0,0,0,50,
71,6,9,2,2,0,2,1,0,0,40,
49,3,7,2,7,5,4,0,0,0,6,
39,0,9,4,1,1,4,1,0,0,50,
22,3,13,4,0,3,4,0,0,0,25,
67,0,13,6,0,1,4,0,0,0,40,
18,3,9,4,11,3,4,0,0,0,25,
38,3,13,2,3,0,4,1,0,1848,54,
38,8,4,2,14,0,4,1,0,0,45,
50,3,9,0,0,1,4,0,0,0,40,
56,5,12,2,4,5,4,0,0,0,40,
23,3,10,4,7,1,4,0,0,0,20,
26,3,10,2,13,0,4,1,0,0,40,
32,3,9,2,6,0,4,1,0,0,40,
44,3,13,4,9,3,4,1,10520,0,40,
27,3,9,3,4,3,4,0,0,0,40,
40,1,10,2,10,0,4,1,7298,0,40,
43,3,12,2,5,0,4,1,0,0,60,
31,6,10,2,2,0,4,1,0,0,35,
57,3,10,2,2,0,4,1,0,0,40,
25,3,13,4,3,1,4,1,0,0,35,
22,3,11,4,7,3,2,0,0,0,36,
20,1,11,4,0,3,4,0,0,0,35,
27,3,9,2,11,5,4,0,3464,0,40,
39,3,10,0,3,4,4,0,0,0,40,
27,6,14,4,9,1,4,1,0,0,40,
41,1,9,5,13,3,4,1,0,0,40,
31,1,13,4,9,1,4,1,0,0,45,
41,3,12,2,11,0,4,1,0,0,20,
25,3,13,4,3,1,4,1,0,0,40,
29,6,12,4,9,1,2,1,0,0,40,
22,3,9,2,7,3,4,1,0,0,50,
62,3,4,2,10,0,4,1,0,0,91,
29,0,9,0,3,1,3,0,0,0,40,
44,3,10,2,3,5,4,0,0,0,70,
32,3,13,2,0,5,4,0,0,0,2,
19,8,9,4,14,4,2,0,0,0,40,
20,3,11,4,6,4,4,0,0,0,40,
65,6,10,2,6,0,2,1,0,0,40,
24,3,9,4,5,1,4,0,0,0,36,
37,5,14,2,3,0,4,1,0,0,50,
43,1,9,0,12,1,2,0,0,0,40,
38,5,13,2,11,5,4,0,0,0,60,
28,3,12,4,11,3,4,0,0,0,35,
33,3,9,4,5,3,4,1,4416,0,40,
32,3,9,2,0,5,4,0,0,0,40,
38,3,14,2,3,0,4,1,0,0,45,
33,3,10,0,12,1,4,0,0,0,40,
42,5,13,2,3,0,4,1,0,0,60,
27,3,9,4,2,1,4,1,0,0,40,
41,3,9,0,5,4,4,1,0,0,40,
47,1,14,2,9,0,4,1,0,0,60,
55,3,7,2,3,0,4,1,0,0,45,
30,5,10,4,2,3,4,1,0,0,8,
54,3,10,6,2,4,4,0,0,0,50,
40,3,13,2,0,0,4,1,0,0,40,
21,3,9,4,0,1,4,0,0,0,40,
34,3,13,0,2,4,4,0,0,0,25,
30,3,13,2,9,0,4,1,0,0,40,
31,3,10,4,0,1,4,0,0,0,45,
22,3,9,4,13,1,4,1,0,0,37,
37,3,9,2,7,0,2,1,0,0,40,
41,8,5,2,14,5,1,0,0,0,40,
52,1,14,4,9,3,4,0,0,0,40,
57,4,10,2,9,0,4,1,0,0,40,
48,3,10,0,0,1,4,0,0,0,48,
58,3,9,2,3,0,4,1,0,0,40,
35,5,5,2,2,0,4,1,0,0,50,
40,3,9,4,3,1,4,0,0,0,45,
30,3,9,0,11,1,4,0,0,0,25,
26,5,9,2,3,0,4,1,0,0,40,
46,5,9,2,9,0,4,1,0,0,60,
26,0,10,2,0,0,2,1,0,0,40,
50,0,13,0,9,4,2,0,0,0,40,
22,3,9,2,13,0,4,1,0,0,50,
36,3,14,6,12,4,1,0,0,0,40,
30,3,9,2,11,0,4,1,0,0,52,
58,3,12,2,3,0,4,1,0,0,50,
17,8,7,4,14,3,4,1,0,0,40,
72,3,11,5,7,4,4,0,6723,0,25,
19,3,9,4,0,1,4,0,0,0,40,
29,3,4,2,7,5,4,0,0,0,40,
20,8,9,4,14,3,2,0,0,0,25,
30,3,10,2,2,0,4,1,0,0,40,
47,5,10,0,7,4,4,0,0,0,45,
51,3,10,2,9,0,4,1,0,0,45,
26,3,6,2,5,0,4,1,0,0,40,
24,3,10,4,3,1,4,1,0,0,42,
44,3,14,0,11,1,4,1,0,0,24,
43,3,9,2,3,0,4,1,0,0,50,
35,3,13,4,3,1,4,1,0,0,50,
51,3,9,2,12,0,4,1,7298,0,50,
41,3,9,2,3,0,4,1,0,0,40,
38,3,10,0,0,4,3,0,0,0,40,
39,6,9,2,0,5,1,0,3464,0,20,
54,3,6,5,11,4,4,0,0,0,43,
62,3,9,4,2,1,4,1,0,0,40,
45,3,16,2,3,0,4,1,0,0,60,
30,3,9,4,3,3,2,0,0,0,35,
32,3,9,2,2,0,4,1,0,0,40,
23,5,9,0,7,1,4,0,0,0,40,
84,1,11,6,0,1,4,0,0,0,14,
46,3,13,4,9,3,4,1,0,0,60,
67,1,14,0,0,1,4,0,2009,0,40,
29,3,13,2,9,0,4,1,0,0,40,
33,3,11,4,3,1,4,1,0,0,55,
23,3,10,2,12,0,4,1,0,0,42,
63,8,9,2,14,0,4,1,0,0,55,
55,8,9,5,14,1,2,0,0,2001,40,
42,6,15,0,9,4,4,0,0,0,40,
17,3,7,4,7,3,0,0,0,0,20,
60,3,3,2,13,0,4,1,0,0,40,
31,3,8,0,13,3,4,1,0,0,40,
28,3,4,4,0,3,4,1,0,0,40,
31,3,5,2,5,0,2,1,0,0,48,
65,8,13,2,14,0,4,1,10605,0,40,
31,3,13,4,3,1,4,1,14084,0,50,
61,3,9,0,5,1,2,0,0,0,40,
43,6,15,2,9,0,4,1,0,0,50,
40,6,10,4,0,4,2,0,0,0,49,
39,3,9,4,3,1,4,1,0,0,40,
37,1,10,3,0,4,2,0,0,0,27,
47,3,10,2,2,0,0,1,0,0,40,
45,0,10,2,13,0,4,1,0,0,65,
30,3,9,2,2,0,4,1,0,0,60,
30,5,15,4,9,3,4,1,0,0,40,
49,3,10,0,9,1,4,1,14084,0,44,
51,1,9,2,2,0,4,1,0,0,40,
31,3,13,4,9,1,4,0,0,0,72,
48,4,13,2,3,5,4,0,0,0,25,
20,3,10,4,0,3,1,0,0,0,30,
32,3,9,2,3,0,4,1,3103,0,40,
31,8,10,4,14,4,2,0,0,0,40,
19,3,9,4,0,1,4,1,0,0,25,
50,3,14,0,3,1,4,0,0,0,35,
33,3,9,2,3,0,4,1,0,0,50,
25,8,13,4,14,3,4,1,0,0,20,
49,3,9,0,2,1,4,1,0,1876,40,
30,3,10,2,13,0,4,1,0,0,40,
23,3,13,4,11,1,4,1,0,0,40,
44,3,16,2,3,5,4,0,15024,0,32,
24,3,11,4,11,4,4,1,0,0,5,
28,3,11,4,0,1,1,0,0,0,45,
56,3,9,0,0,4,4,0,0,1617,40,
38,3,9,4,0,1,4,0,0,0,38,
20,3,10,4,0,3,4,0,2176,0,20,
82,3,9,6,3,1,4,0,0,4356,18,
52,0,13,2,10,0,4,1,0,0,60,
32,3,10,4,2,1,2,1,0,0,40,
37,3,11,5,9,4,4,0,0,0,32,
36,3,13,2,9,0,4,1,0,0,40,
39,3,13,2,0,0,4,1,0,0,40,
30,3,9,2,2,3,1,1,3411,0,40,
49,1,9,2,10,0,4,1,0,0,56,
40,1,11,0,3,4,4,0,0,0,40,
42,3,7,2,13,0,4,1,0,0,45,
35,3,13,4,9,1,4,1,0,0,40,
39,3,9,0,7,4,4,0,0,0,81,
32,1,11,3,2,1,4,1,0,0,40,
22,3,7,4,2,1,4,1,0,0,50,
53,1,10,0,0,1,4,0,0,0,40,
25,3,9,4,0,1,4,1,0,0,40,
17,2,6,4,14,3,4,1,0,0,30,
44,3,9,2,2,0,4,1,0,0,70,
52,3,14,2,9,0,4,1,0,0,40,
42,6,9,2,13,0,0,1,0,0,40,
34,3,7,2,13,0,4,1,0,0,50,
27,3,10,2,6,0,4,1,0,0,40,
37,3,9,4,6,1,2,1,0,0,40,
39,6,14,2,9,2,3,0,7688,0,38,
26,3,9,2,9,0,4,1,0,0,40,
48,3,14,2,3,5,4,0,0,1902,38,
57,3,9,0,11,4,4,0,0,0,28,
36,5,11,5,3,1,4,1,0,0,48,
27,3,13,4,11,1,4,0,0,0,40,
17,3,7,4,5,3,4,1,0,0,15,
30,3,3,2,2,0,4,1,0,0,40,
37,3,11,2,0,5,2,0,0,0,48,
31,1,13,4,11,3,4,0,0,0,40,
23,3,12,4,0,1,4,0,0,0,20,
32,3,6,4,2,2,4,1,0,0,45,
58,3,9,2,11,0,4,1,0,0,40,
31,3,9,4,7,4,4,0,0,0,8,
44,3,13,2,3,0,2,1,0,0,40,
39,0,13,0,12,4,2,0,0,625,40,
59,3,9,2,2,0,4,1,0,1485,45,
42,3,13,2,13,0,4,1,0,0,48,
45,3,9,2,0,0,4,1,0,0,35,
20,3,9,4,2,1,4,1,0,0,35,
35,3,9,2,0,0,4,1,0,0,40,
50,3,12,2,12,0,2,1,0,0,40,
56,3,9,4,5,3,4,1,0,0,28,
48,3,11,2,11,0,4,1,0,0,40,
58,5,14,6,7,1,4,0,0,0,15,
32,3,11,2,2,0,4,1,0,0,50,
23,3,10,4,11,3,4,0,0,0,12,
48,3,9,0,6,1,4,1,0,0,40,
33,3,9,0,10,1,4,1,0,0,70,
48,3,13,4,9,1,4,0,0,0,45,
55,3,9,6,7,1,4,0,2202,0,35,
40,1,11,4,3,4,0,0,0,0,40,
50,3,10,2,9,0,4,1,0,0,40,
52,5,6,2,2,0,4,1,0,0,35,
19,3,9,4,7,1,4,0,0,0,30,
55,5,6,2,11,0,4,1,7688,0,50,
36,5,15,2,11,0,4,1,0,0,30,
39,3,13,5,9,4,1,0,0,0,40,
22,3,10,4,0,4,4,0,0,0,40,
44,3,13,2,3,0,4,1,7688,0,50,
34,3,9,0,2,1,4,1,0,1408,38,
33,3,10,2,7,0,4,1,0,0,50,
55,3,14,0,9,1,4,0,14084,0,40,
35,3,14,2,3,0,4,1,0,0,45,
50,3,7,6,6,1,4,0,0,0,40,
43,3,10,0,0,4,2,0,0,0,40,
29,3,11,4,12,1,4,1,0,0,40,
56,3,10,2,13,0,2,1,0,0,40,
33,3,13,2,9,0,4,1,99999,0,40,
24,3,9,2,11,0,4,1,0,0,50,
46,3,11,0,11,4,4,0,0,0,40,
60,4,9,2,0,5,4,0,15024,0,15,
48,4,14,2,7,0,4,1,0,0,40,
65,1,7,2,13,0,4,1,0,0,35,
29,3,9,4,5,1,4,1,0,1408,40,
42,3,9,2,13,0,4,1,0,1740,43,
44,3,15,2,9,0,4,1,0,0,50,
73,5,10,2,11,0,4,1,0,0,6,
21,3,10,4,12,1,4,0,0,0,50,
32,4,9,2,4,0,4,1,0,1902,55,
43,0,14,2,10,0,4,1,0,0,35,
21,3,9,4,2,1,2,1,0,0,32,
30,3,10,5,13,1,4,1,0,0,20,
54,3,13,2,12,0,4,1,0,0,48,
19,3,10,4,7,3,4,0,0,0,15,
55,6,10,2,0,5,4,0,0,0,37,
20,3,10,4,11,3,4,0,0,0,28,
53,3,13,2,3,0,4,1,0,0,40,
51,3,14,4,9,1,4,1,0,0,55,
33,3,9,2,13,0,4,1,0,0,40,
62,3,10,6,8,4,4,0,0,0,40,
24,5,9,4,7,3,4,1,0,0,30,
17,4,5,4,11,3,4,0,0,0,40,
26,3,10,4,0,1,4,0,0,0,45,
36,3,9,0,2,1,4,1,0,0,40,
32,3,6,2,3,5,4,0,0,0,35,
58,3,16,2,9,0,4,1,0,0,50,
38,3,13,2,12,0,4,1,0,0,40,
72,3,9,3,6,4,4,1,2346,0,40,
26,0,9,0,0,3,4,0,0,0,40,
45,8,9,6,14,4,4,0,0,0,38,
72,8,11,6,14,1,4,0,0,0,30,
60,3,10,2,3,0,4,1,15024,0,40,
27,3,9,2,11,0,4,1,0,0,50,
38,3,11,2,6,0,4,1,0,0,48,
37,4,10,2,11,0,4,1,0,1485,44,
28,3,10,4,0,3,4,1,0,0,40,
38,4,13,2,11,0,4,1,0,0,40,
29,3,9,2,11,0,4,1,0,0,60,
19,3,9,4,7,3,4,0,0,1721,40,
28,3,13,4,5,2,4,1,0,0,25,
70,8,13,0,14,1,4,0,0,0,7,
40,5,9,2,2,0,4,1,0,0,50,
26,3,11,0,2,3,4,1,0,0,40,
43,3,12,2,11,0,2,1,0,0,60,
29,3,10,2,0,5,4,0,0,0,40,
25,0,10,2,10,0,2,1,0,0,40,
29,3,9,2,6,0,2,1,0,0,40,
60,3,2,0,2,1,3,1,0,0,38,
31,3,13,2,0,5,4,0,0,0,40,
51,1,4,2,13,0,4,1,0,0,40,
18,3,10,4,0,3,4,0,0,0,15,
36,3,13,0,12,4,4,1,0,0,20,
35,3,13,2,0,0,1,1,0,0,40,
48,3,13,0,0,3,4,1,0,0,38,
78,5,4,2,4,0,4,1,0,0,25,
72,3,13,2,10,0,4,1,0,0,17,
24,3,10,4,3,3,4,1,0,0,40,
58,8,7,2,14,0,4,1,0,0,16,
36,3,7,4,10,1,2,1,13550,0,40,
48,3,10,2,5,0,4,1,0,0,30,
28,3,9,0,0,1,4,0,0,0,40,
26,3,14,4,7,3,4,0,0,0,40,
29,3,13,4,11,1,4,0,0,0,60,
47,3,3,2,7,0,2,1,0,0,40,
50,3,13,0,3,1,4,0,0,0,50,
35,0,3,4,2,1,4,1,0,0,40,
17,3,7,4,13,3,4,1,0,0,20,
41,3,10,2,2,0,4,1,0,0,48,
37,3,9,2,13,0,4,1,0,0,42,
35,1,9,2,7,0,0,1,0,0,40,
56,3,4,2,2,0,4,1,0,0,40,
23,3,10,2,13,0,4,1,0,0,40,
33,3,12,0,9,4,4,0,0,0,32,
79,4,9,2,3,0,4,1,0,0,40,
28,3,13,4,9,1,2,1,0,0,40,
55,3,7,0,11,3,4,0,0,0,20,
59,6,14,2,9,0,4,1,0,0,50,
22,3,13,4,9,3,4,0,0,0,40,
19,3,7,4,11,3,1,0,0,0,19,
41,3,3,3,4,1,4,1,0,0,35,
32,3,11,2,0,0,4,1,0,0,40,
67,8,4,2,14,0,4,1,2414,0,40,
45,3,9,0,7,4,4,0,0,0,35,
61,3,3,2,4,2,4,0,0,0,45,
34,3,13,4,11,1,4,0,0,0,40,
43,5,11,2,2,0,4,1,0,0,40,
38,3,13,2,0,0,4,1,7298,0,50,
35,3,16,2,9,0,4,1,0,0,60,
65,3,9,0,10,1,4,1,0,0,20,
24,3,13,2,3,0,4,1,0,0,55,
37,3,9,2,0,0,4,1,0,0,40,
34,5,10,2,4,0,4,1,0,0,50,
42,3,9,2,13,0,4,1,0,0,60,
18,3,4,4,7,3,4,0,0,0,40,
43,0,10,6,3,4,0,0,0,0,15,
31,3,10,2,7,0,4,1,0,0,40,
19,3,10,4,11,3,4,0,0,0,20,
40,4,10,2,3,0,1,1,0,0,50,
32,3,13,2,9,0,4,1,0,0,40,
47,3,10,2,3,0,4,1,0,0,40,
32,1,10,2,13,0,4,1,0,0,40,
46,4,16,5,9,1,4,1,0,0,35,
40,3,13,2,3,0,4,1,0,0,65,
36,3,13,4,2,1,4,1,0,0,35,
33,3,11,2,11,0,4,1,0,0,36,
23,6,3,4,13,1,4,1,0,0,35,
21,3,6,5,6,3,4,1,0,0,40,
40,3,9,2,7,5,2,0,0,0,32,
53,6,16,2,9,0,4,1,0,0,50,
20,8,10,4,14,3,4,1,0,0,15,
53,5,10,2,13,0,4,1,0,0,72,
58,3,5,2,5,0,2,1,0,0,60,
51,3,9,2,11,0,4,1,0,0,55,
31,3,9,2,7,0,4,1,0,0,65,
35,5,9,2,2,0,4,1,0,0,40,
23,8,7,4,14,3,0,1,0,0,40,
31,1,10,0,0,1,4,0,0,0,35,
21,3,10,4,7,4,4,0,0,0,35,
39,5,14,2,2,0,4,1,0,0,55,
36,3,15,2,9,5,4,0,15024,0,45,
51,3,6,2,2,0,4,1,0,0,40,
18,3,7,4,7,3,4,1,0,0,12,
32,3,10,0,0,1,4,1,0,0,48,
56,3,13,0,7,1,4,0,0,0,32,
35,3,12,4,10,1,4,1,0,0,40,
63,3,8,6,11,4,4,0,0,0,40,
61,3,9,2,3,0,4,1,0,0,50,
23,3,10,4,7,3,4,1,0,0,40,
52,1,14,2,9,0,4,1,0,0,50,
19,3,9,4,11,1,4,1,0,0,50,
33,6,14,2,9,0,4,1,0,0,50,
35,3,13,2,11,0,2,1,0,0,50,
35,3,9,0,13,1,4,0,0,0,60,
38,3,15,2,9,5,4,0,0,0,40,
23,3,13,4,0,1,4,0,0,0,60,
22,3,11,0,12,1,4,1,0,0,60,
20,3,9,4,5,1,4,1,0,0,40,
19,3,9,4,5,1,4,1,0,0,40,
47,3,9,2,6,0,2,1,0,0,40,
59,3,7,2,2,0,4,1,0,0,40,
38,3,9,4,11,3,4,0,0,0,40,
36,3,9,2,7,0,4,1,0,0,50,
27,3,3,4,7,2,4,1,0,0,40,
24,3,11,2,13,0,4,1,0,0,40,
35,3,9,4,7,3,2,0,0,0,35,
22,6,10,4,7,2,2,1,0,0,39,
37,3,9,2,13,0,4,1,0,0,52,
36,3,9,2,2,0,4,1,7298,0,40,
28,3,9,5,7,1,4,0,0,0,25,
55,3,9,2,11,5,4,0,0,0,50,
29,8,3,2,14,5,4,0,0,0,40,
32,3,13,2,11,0,4,1,0,0,44,
66,8,10,0,14,2,4,0,0,0,35,
47,1,10,3,2,2,4,1,0,0,45,
23,3,13,4,7,1,4,0,0,0,40,
50,1,14,0,9,1,4,0,0,0,45,
40,5,9,2,4,0,4,1,0,0,84,
51,3,9,4,6,1,4,0,0,1590,40,
34,3,9,4,9,1,4,0,0,1669,45,
28,3,13,4,10,1,4,0,0,0,40,
52,6,16,2,9,0,4,1,0,1887,70,
39,4,9,2,3,0,4,1,3103,0,60,
43,3,13,2,0,0,4,1,0,0,40,
36,3,13,4,9,3,4,0,0,0,35,
25,3,13,4,9,3,4,0,0,0,15,
42,3,10,0,0,4,4,0,0,0,38,
35,3,10,2,13,0,4,1,0,0,40,
43,3,14,2,3,0,4,1,7688,0,53,
34,3,9,2,2,0,4,1,0,0,40,
50,6,13,2,3,0,4,1,0,0,38,
30,3,10,2,13,0,4,1,0,0,60,
44,3,14,2,9,0,4,1,0,0,44,
52,3,11,2,2,0,4,1,0,0,40,
35,3,12,2,11,0,4,1,0,0,60,
36,3,11,0,9,1,4,1,0,0,40,
30,3,13,4,3,3,1,0,0,0,52,
36,4,13,2,11,0,4,1,15024,0,45,
39,3,13,4,3,1,4,0,0,0,40,
25,3,2,2,4,0,4,1,0,0,96,
26,3,13,4,12,1,4,1,0,0,40,
20,3,9,4,11,3,2,0,0,0,20,
20,3,10,4,10,3,4,1,0,0,40,
70,8,3,2,14,0,4,1,0,0,20,
26,3,9,4,13,3,4,1,0,0,50,
24,3,10,4,0,1,2,0,0,0,35,
48,3,13,2,12,0,4,1,0,0,40,
62,3,9,0,8,4,2,0,0,0,99,
48,3,9,2,6,0,4,1,0,0,40,
52,3,13,2,11,0,4,1,0,0,40,
25,3,13,4,11,1,4,1,0,0,44,
58,3,3,2,6,0,4,1,0,0,40,
40,0,13,4,9,1,4,0,0,0,45,
29,8,10,2,14,5,4,0,0,0,40,
45,4,4,2,3,0,4,1,0,0,52,
19,3,10,4,7,2,4,0,0,0,20,
37,3,7,4,5,1,2,1,0,0,40,
23,3,7,2,6,0,4,1,0,0,40,
31,5,9,0,2,1,4,1,0,0,60,
64,5,4,2,2,0,4,1,0,0,20,
28,1,10,4,0,3,4,0,0,0,16,
32,3,9,4,2,3,4,1,0,0,40,
49,1,10,0,0,1,4,0,0,0,44,
35,3,10,0,0,1,4,0,0,0,40,
19,8,10,4,14,3,4,0,0,0,35,
45,3,16,2,3,0,4,1,0,0,45,
39,3,8,2,13,0,4,1,15024,0,70,
55,3,10,4,0,1,2,0,0,2339,45,
46,5,13,0,7,4,1,0,0,0,60,
19,3,10,4,0,3,4,0,0,0,16,
29,3,9,2,6,5,4,0,0,0,40,
25,6,9,2,10,3,4,1,0,0,35,
37,3,13,4,0,1,4,0,0,0,40,
30,3,9,4,0,4,4,1,0,0,40,
28,3,9,2,6,0,1,1,0,0,40,
36,0,10,5,0,4,2,0,6497,0,56,
32,3,10,4,3,4,2,0,0,0,35,
34,3,7,4,6,1,4,1,0,0,40,
34,3,9,4,0,1,4,0,0,0,36,
20,3,10,4,11,3,4,0,0,0,40,
27,4,14,4,13,3,4,1,0,0,40,
36,0,9,2,0,5,4,0,0,0,40,
35,3,10,2,11,0,4,1,0,0,40,
37,3,9,0,3,1,4,1,0,0,35,
32,3,9,2,2,0,4,1,0,0,50,
32,3,14,4,9,1,4,0,0,0,20,
52,3,9,0,11,1,4,0,0,0,48,
50,3,10,2,2,0,4,1,0,0,40,
23,3,9,4,7,1,4,0,0,0,30,
25,3,9,2,2,0,4,1,0,0,45,
31,3,9,0,11,1,4,0,0,0,32,
31,5,10,2,7,5,4,0,0,0,30,
41,3,11,5,7,1,4,1,0,0,40,
47,3,10,2,12,0,4,1,0,0,60,
20,8,10,4,14,3,4,0,0,0,10,
20,3,10,4,0,1,4,0,0,0,45,
29,3,6,0,6,1,2,0,0,0,25,
51,1,10,6,0,1,4,0,0,0,40,
30,1,13,2,9,5,4,0,0,0,33,
23,8,10,4,14,1,4,0,0,0,12,
48,3,13,2,0,0,4,1,0,0,35,
39,3,9,5,3,1,4,1,14344,0,40,
62,3,13,2,11,0,4,1,0,0,35,
22,3,13,4,7,1,4,1,0,0,30,
46,0,13,2,3,0,4,1,7688,0,40,
51,1,14,2,9,0,4,1,0,1977,35,
20,3,9,4,11,1,4,0,0,0,32,
40,4,12,2,11,0,4,1,15024,0,50,
31,3,13,4,12,1,4,1,0,0,40,
30,3,10,4,2,3,4,1,0,0,40,
52,3,9,2,0,5,4,0,0,0,38,
20,3,9,4,9,2,4,0,0,0,40,
37,1,11,2,3,0,4,1,0,0,40,
65,3,13,6,7,1,4,0,0,0,40,
40,3,13,4,9,1,4,1,4650,0,40,
60,1,13,2,10,0,4,1,7298,0,48,
27,3,9,4,2,1,4,1,0,0,35,
62,3,13,2,11,0,4,1,0,0,60,
53,3,9,0,11,1,4,0,0,0,35,
38,3,13,2,11,0,4,1,0,0,50,
49,3,11,2,9,0,4,1,0,0,40,
21,3,9,4,6,3,4,1,0,0,40,
18,3,10,4,0,3,4,1,0,0,40,
25,3,13,4,9,2,4,1,0,0,40,
36,3,7,2,2,0,4,1,0,0,40,
52,3,9,2,3,0,4,1,0,0,55,
19,3,10,4,12,3,4,1,0,0,14,
23,3,13,4,0,1,4,0,0,0,40,
63,5,13,2,11,0,4,1,0,0,15,
63,5,11,2,7,0,4,1,0,0,45,
62,4,13,0,11,1,4,1,99999,0,40,
51,5,12,2,11,0,4,1,3103,0,30,
76,1,10,6,0,1,4,0,0,0,30,
50,3,9,2,2,0,4,1,5013,0,45,
45,4,9,2,2,0,4,1,0,0,50,
44,4,10,0,11,3,4,1,0,0,45,
51,3,4,2,13,0,2,1,0,0,40,
42,1,13,4,3,3,4,1,4650,0,35,
43,1,14,2,9,0,4,1,0,0,40,
53,3,7,2,6,0,4,1,0,0,40,
29,3,11,2,0,0,4,1,0,0,40,
41,3,10,2,9,0,4,1,0,0,40,
44,0,9,0,2,4,4,1,0,0,40,
35,3,6,6,7,1,2,0,0,1980,40,
27,3,9,2,2,0,4,1,0,0,40,
35,3,10,2,9,0,4,1,0,0,50,
60,3,11,6,2,1,4,0,0,0,30,
49,3,10,0,3,1,4,1,14344,0,45,
33,3,13,2,3,0,4,1,0,0,45,
35,3,13,2,11,0,4,1,0,0,40,
31,6,10,2,0,0,4,1,0,0,38,
54,3,9,2,0,0,4,1,7298,0,60,
57,5,16,2,9,0,4,1,0,0,35,
30,3,5,4,2,3,4,1,0,0,45,
45,3,6,4,6,1,1,1,0,0,40,
41,3,10,2,6,0,4,1,7298,0,42,
25,3,13,4,7,3,4,1,0,0,18,
51,4,10,2,3,0,4,1,0,0,40,
42,3,3,5,0,2,4,1,0,0,40,
28,3,11,4,5,1,4,1,0,0,45,
47,8,6,2,14,5,4,0,0,0,20,
53,0,13,0,12,1,0,1,0,0,40,
31,3,13,4,3,1,4,0,13550,0,50,
46,3,7,2,7,0,2,1,7688,0,40,
25,0,9,4,0,2,4,0,0,0,40,
47,3,9,2,6,0,4,1,0,0,40,
26,3,13,2,9,0,4,1,0,0,50,
30,3,9,2,13,0,4,1,0,0,40,
48,3,9,2,2,0,4,1,0,0,40,
22,3,10,4,7,3,2,1,0,0,40,
32,5,10,2,2,0,4,1,0,0,30,
33,5,16,4,9,1,4,1,0,0,45,
31,3,9,2,7,0,4,1,0,0,40,
43,3,10,2,7,5,4,0,0,0,20,
26,3,11,4,7,1,4,0,0,0,40,
34,3,9,2,4,0,2,1,0,0,40,
50,1,13,2,9,5,4,0,0,0,40,
30,6,9,5,0,4,2,0,0,0,40,
17,3,7,4,7,3,4,1,0,0,20,
35,1,14,4,9,3,2,0,0,0,40,
29,3,10,2,2,0,4,1,0,0,40,
27,0,12,2,0,0,4,1,4064,0,40,
32,5,13,2,3,0,2,1,0,0,40,
34,3,13,4,11,3,4,1,0,0,40,
32,3,9,5,5,1,4,0,0,0,40,
47,0,10,0,0,4,4,0,0,0,40,
40,3,10,4,11,1,4,0,0,0,40,
26,3,11,4,7,1,4,0,0,0,40,
30,3,9,4,7,1,4,0,0,0,40,
54,3,9,0,2,1,4,1,0,0,40,
53,3,13,2,9,0,4,1,0,0,55,
38,3,13,2,3,0,4,1,0,0,40,
43,3,4,5,4,1,2,1,0,0,40,
25,3,10,4,4,3,4,1,0,0,20,
39,3,9,2,2,0,4,1,0,0,40,
57,1,9,2,13,0,4,1,0,0,25,
47,3,9,2,7,0,4,1,0,0,34,
45,3,9,0,7,2,2,0,0,0,35,
24,6,13,4,9,1,4,1,0,0,40,
32,5,6,0,2,1,4,1,0,0,40,
25,3,10,4,11,1,4,1,0,0,35,
57,3,3,5,6,1,4,0,0,0,40,
28,3,13,2,9,5,4,0,0,1977,24,
28,3,9,2,11,0,4,1,0,0,51,
27,3,13,4,9,1,4,0,0,0,55,
28,3,13,4,0,1,4,0,0,0,20,
74,8,2,2,14,0,2,1,0,0,40,
44,5,9,2,4,0,1,1,0,0,42,
27,3,9,4,6,3,4,1,0,0,45,
61,3,13,2,3,0,4,1,0,0,40,
25,3,7,4,7,1,4,1,0,0,99,
28,3,5,4,5,3,2,0,0,0,24,
20,3,10,4,2,3,4,1,0,0,40,
33,3,11,4,11,3,1,1,0,0,40,
38,6,9,0,7,1,4,1,0,0,40,
31,3,9,4,11,4,2,0,0,0,25,
40,3,14,4,9,1,4,0,0,0,45,
43,3,10,2,3,0,4,1,0,0,55,
38,3,14,2,3,0,4,1,0,0,60,
19,3,10,4,3,3,2,1,0,0,30,
56,3,12,2,7,0,4,1,0,0,50,
38,3,14,0,3,1,4,1,0,0,45,
30,8,13,2,14,5,4,0,0,0,4,
22,3,9,2,8,5,4,0,4508,0,40,
18,6,9,4,7,3,4,1,0,0,25,
68,3,10,6,7,1,4,0,0,0,20,
35,3,11,0,13,1,4,1,0,0,50,
42,3,4,2,7,2,1,0,0,0,48,
32,3,6,0,2,4,4,1,0,0,40,
43,0,10,2,9,5,4,0,0,0,40,
30,3,6,4,6,4,2,0,0,0,40,
62,3,10,2,12,0,4,1,2829,0,24,
38,3,11,2,6,0,4,1,0,0,40,
27,3,9,4,5,3,4,1,0,0,40,
28,3,16,4,9,1,4,0,0,0,60,
26,3,11,4,7,1,4,1,0,0,40,
21,3,10,4,6,3,4,1,0,0,20,
19,3,9,4,7,2,2,1,0,0,40,
20,3,10,4,0,3,4,1,0,0,30,
25,6,13,4,10,1,2,1,0,0,40,
28,5,10,4,2,3,4,1,0,0,50,
36,3,11,4,0,1,4,1,0,0,42,
23,3,13,4,2,1,0,1,0,0,40,
24,3,13,2,0,5,4,0,0,0,50,
23,3,9,4,7,1,4,0,0,0,40,
24,3,13,4,9,3,4,0,0,0,20,
25,5,9,4,7,1,4,1,0,0,8,
24,3,9,4,6,1,4,1,0,0,40,
30,3,9,2,3,0,4,1,0,0,62,
26,3,13,4,11,3,4,0,0,0,45,
62,8,14,2,14,0,4,1,0,0,50,
36,3,10,2,3,5,4,0,0,0,33,
45,3,9,2,7,0,1,1,0,0,40,
31,3,12,0,11,4,4,0,0,880,45,
34,3,9,4,0,1,4,1,0,0,48,
65,4,13,2,3,0,4,1,0,0,44,
42,3,11,0,9,4,4,0,0,0,40,
27,6,15,4,9,1,4,1,0,0,70,
40,3,10,2,11,5,2,0,0,0,40,
53,0,10,2,0,0,4,1,0,0,40,
54,3,9,2,11,0,4,1,0,0,50,
30,6,13,4,9,2,4,1,0,0,35,
59,3,9,2,13,0,4,1,0,0,45,
42,5,9,0,3,4,4,1,0,0,55,
23,3,9,4,0,1,4,0,0,0,40,
28,3,13,2,7,5,4,0,0,0,15,
20,3,9,4,5,3,4,1,0,0,40,
22,3,10,4,11,1,4,0,0,0,20,
73,8,13,2,14,0,4,1,0,0,30,
47,5,10,2,2,0,4,1,0,1977,40,
44,3,10,2,6,0,4,1,0,0,40,
40,3,8,0,2,1,4,1,0,0,40,
37,3,11,2,12,5,4,0,0,0,37,
39,3,9,0,6,3,4,1,0,0,50,
49,3,10,2,11,0,4,1,7688,0,40,
44,5,10,0,7,1,4,1,0,0,45,
27,3,5,2,6,5,4,0,0,0,37,
50,3,9,2,0,0,4,1,0,0,40,
39,3,13,2,9,0,4,1,0,0,40,
41,3,9,4,11,4,2,0,0,0,40,
55,3,13,2,10,0,4,1,0,0,40,
53,3,2,2,7,0,2,1,0,0,35,
53,1,14,0,9,4,4,0,0,0,50,
31,3,14,2,3,0,4,1,0,2415,70,
21,3,9,4,2,1,4,1,0,0,40,
30,3,9,5,6,1,2,1,0,0,40,
74,8,9,6,14,1,4,0,0,0,10,
53,3,14,4,3,1,4,0,0,0,60,
47,3,10,2,2,0,4,1,0,1485,47,
60,3,13,0,3,1,4,0,0,0,40,
59,3,5,5,6,4,4,0,0,0,40,
37,3,13,4,3,1,4,1,0,0,48,
47,0,13,2,2,0,4,1,0,1740,40,
49,3,5,2,2,0,4,1,0,0,40,
73,1,10,4,9,2,4,0,0,0,11,
58,3,9,0,7,4,2,0,0,0,20,
18,8,7,4,14,3,2,1,0,0,15,
35,3,10,4,5,3,2,1,0,0,40,
24,6,10,2,9,5,4,0,0,0,50,
62,3,9,6,0,1,4,0,0,0,38,
58,3,9,2,0,5,4,0,0,0,40,
51,3,10,2,0,0,4,1,15024,0,40,
21,3,9,4,11,3,2,1,0,0,40,
30,3,13,2,2,0,4,1,0,0,40,
27,3,11,4,9,1,4,0,0,1876,36,
25,3,13,2,12,0,4,1,5178,0,40,
31,3,9,4,2,1,0,1,0,0,45,
31,3,9,4,7,4,2,0,0,0,34,
44,3,10,2,2,0,4,1,5178,0,50,
52,4,16,2,9,0,4,1,99999,0,65,
30,3,12,2,11,0,4,1,0,0,40,
29,3,9,4,13,3,2,1,0,0,40,
36,3,7,0,13,1,4,1,0,0,40,
54,5,13,2,4,0,4,1,0,0,50,
59,1,10,5,10,1,4,1,0,0,40,
55,3,10,4,0,1,4,1,0,0,45,
70,8,11,4,14,1,4,1,0,0,30,
22,3,12,4,0,3,4,0,0,0,20,
42,3,9,0,6,1,4,0,0,0,40,
36,3,12,2,11,5,4,0,0,0,40,
32,3,13,2,9,0,4,1,0,0,40,
44,3,4,2,2,0,4,1,0,0,40,
22,8,9,4,14,4,2,1,0,0,45,
25,3,7,3,5,1,4,1,0,0,40,
31,3,9,2,13,0,4,1,0,0,50,
33,3,9,4,7,3,4,1,0,0,40,
54,5,12,2,11,0,4,1,0,0,50,
42,5,9,4,3,1,4,1,0,0,48,
49,3,9,2,13,0,4,1,0,0,44,
30,3,9,2,0,0,4,1,0,0,44,
54,3,9,0,3,4,4,0,0,0,45,
39,3,10,4,13,4,4,1,0,0,40,
24,3,10,4,6,3,4,1,0,0,40,
21,3,9,4,0,3,4,0,0,0,44,
23,3,5,4,7,4,2,0,0,0,30,
54,3,9,0,0,4,4,0,0,0,42,
23,3,14,4,11,1,4,0,0,0,20,
39,3,9,0,6,4,4,1,0,1726,40,
23,3,10,4,9,1,4,1,0,0,25,
67,8,9,6,14,2,4,0,0,0,8,
19,8,7,2,14,5,1,0,0,0,40,
41,3,10,2,6,0,2,1,0,1902,40,
32,3,7,4,7,1,2,1,0,0,40,
57,3,9,2,2,0,4,1,0,0,40,
18,3,9,4,0,2,4,0,0,0,30,
60,6,16,2,9,0,4,1,7688,0,60,
21,3,10,4,6,3,4,0,0,0,40,
53,3,10,6,0,2,4,0,0,0,22,
38,3,13,2,3,0,4,1,7688,0,55,
21,3,10,4,5,1,4,1,0,0,40,
53,3,16,0,3,1,4,0,0,0,55,
24,3,9,4,2,1,4,1,0,0,40,
36,0,12,2,7,0,4,1,0,0,40,
29,3,14,4,3,1,2,1,0,0,60,
23,3,10,4,11,1,4,1,0,0,40,
44,3,10,2,3,0,4,1,0,0,50,
32,1,14,2,9,0,4,1,0,0,48,
25,3,13,4,3,1,4,0,0,0,50,
41,5,9,0,2,4,4,1,0,0,27,
18,3,9,4,7,3,4,0,0,0,30,
57,3,10,2,2,0,4,1,0,1672,45,
62,3,13,6,3,1,4,1,10520,0,50,
29,3,13,4,5,3,4,1,0,0,40,
19,3,9,4,7,3,2,0,0,0,40,
35,5,15,2,9,0,4,1,0,0,65,
52,3,13,2,9,0,4,1,0,0,50,
28,3,6,4,6,4,4,0,0,0,40,
38,3,9,4,7,3,4,1,0,0,40,
42,3,10,6,11,4,2,0,0,0,40,
41,3,13,4,9,1,2,1,0,0,40,
23,3,13,4,9,1,4,1,0,0,38,
31,3,14,2,11,0,4,1,0,0,76,
31,3,3,4,6,1,4,1,0,0,45,
46,3,14,2,9,0,4,1,0,0,40,
18,3,7,4,11,3,4,0,0,0,20,
57,5,14,2,12,0,4,1,0,0,38,
25,3,11,4,0,1,4,0,0,0,38,
32,3,14,2,3,0,4,1,0,0,40,
27,3,5,4,4,3,4,1,0,0,40,
46,0,13,2,9,0,4,1,7688,0,45,
17,8,6,4,14,3,4,0,0,0,17,
43,6,9,4,2,4,4,1,0,0,40,
56,5,13,3,9,1,4,0,0,0,40,
19,3,9,2,2,5,4,0,0,0,40,
20,0,9,4,0,3,4,0,0,0,40,
42,3,10,4,6,1,4,1,0,0,45,
90,3,9,6,13,4,4,1,0,0,99,
25,3,7,5,6,1,2,1,0,0,35,
27,3,9,4,7,1,2,0,0,0,40,
48,3,9,2,13,0,4,1,0,0,44,
48,0,10,4,0,1,2,1,0,0,40,
27,3,9,2,2,0,4,1,0,0,48,
46,3,13,6,12,4,4,0,0,0,38,
32,3,3,2,7,2,4,1,0,0,40,
22,3,11,2,12,0,4,1,0,0,40,
24,3,13,1,9,5,4,0,0,0,40,
31,3,9,2,2,0,4,1,0,0,65,
20,3,10,4,9,1,4,0,0,0,18,
28,5,15,4,9,1,4,1,2176,0,40,
40,4,9,2,3,0,4,1,0,0,60,
39,3,9,2,6,0,4,1,0,0,40,
54,1,9,2,13,0,4,1,0,0,40,
59,1,10,2,10,0,4,1,0,0,42,
17,3,7,4,11,3,4,0,0,0,18,
25,5,10,4,2,3,4,1,0,0,80,
49,1,9,2,10,0,4,1,0,0,40,
55,5,9,0,3,1,4,1,34095,0,60,
39,3,9,2,2,0,4,1,0,0,40,
67,3,10,6,9,1,4,0,0,0,16,
28,3,9,4,7,4,4,1,0,0,40,
35,3,5,2,6,0,4,1,0,0,40,
44,3,9,2,0,0,4,1,0,0,48,
51,3,14,2,9,0,4,1,0,0,47,
55,3,13,6,4,3,1,1,0,0,40,
45,1,9,2,10,0,4,1,0,0,78,
32,3,9,2,2,0,4,1,0,0,48,
45,3,10,0,3,4,4,0,0,0,40,
45,3,14,2,3,0,4,1,15024,0,60,
35,3,13,4,11,1,4,1,0,0,40,
55,1,9,2,13,0,4,1,0,0,44,
59,3,10,2,2,0,4,1,0,0,40,
22,3,9,4,0,1,4,0,0,0,55,
46,1,14,6,3,4,2,0,0,0,35,
23,3,9,4,4,3,4,1,0,0,40,
47,3,13,2,3,0,4,1,0,0,45,
34,3,9,2,2,0,4,1,0,0,30,
51,3,7,0,13,3,4,1,0,0,40,
40,3,11,2,11,0,4,1,0,0,50,
24,6,10,4,0,3,4,1,0,0,12,
20,3,10,4,4,1,4,1,0,0,72,
44,3,10,0,13,4,4,1,1831,0,50,
26,3,9,0,2,4,4,1,0,0,40,
35,1,9,5,0,4,4,0,0,0,38,
23,3,10,4,6,4,1,1,0,0,40,
40,3,9,0,2,1,4,1,0,0,50,
49,1,9,2,10,0,4,1,0,0,40,
32,3,9,4,6,1,4,1,0,0,45,
28,3,11,0,9,4,4,0,0,0,40,
51,3,14,2,3,0,4,1,15024,0,60,
62,3,11,2,3,0,4,1,0,0,50,
31,3,10,2,6,0,4,1,0,0,40,
47,1,12,2,10,0,4,1,0,0,40,
36,3,11,4,12,1,4,0,0,0,3,
44,6,9,4,2,1,4,1,0,0,40,
18,8,9,4,14,3,4,0,0,0,20,
46,3,13,2,3,0,4,1,0,0,40,
32,3,9,4,2,1,4,1,0,0,40,
51,5,12,0,13,4,2,0,0,0,30,
48,3,13,2,3,0,4,1,0,0,45,
28,3,13,4,6,4,2,0,0,0,40,
57,4,10,2,12,0,4,1,0,0,60,
33,3,11,2,11,0,4,1,0,0,40,
42,3,9,5,6,1,4,1,0,0,15,
17,3,6,4,7,3,4,1,0,0,40,
63,8,5,5,14,1,2,1,0,0,40,
31,4,13,2,3,0,4,1,0,0,55,
34,8,14,4,14,1,4,1,4650,0,30,
35,3,10,4,6,1,4,1,0,1974,40,
20,3,9,4,5,3,4,1,0,0,40,
36,3,9,2,3,5,4,0,0,0,40,
24,3,10,4,11,1,4,0,0,0,24,
33,3,10,2,13,0,2,1,0,0,50,
36,3,10,2,0,0,4,1,0,0,40,
31,3,13,0,3,4,4,0,0,0,40,
29,3,12,0,11,4,4,0,3418,0,40,
47,3,13,2,11,0,4,1,0,0,60,
30,3,16,2,9,0,4,1,5178,0,75,
34,3,9,2,4,0,4,1,0,0,50,
23,3,9,4,6,2,4,0,0,0,40,
33,3,11,0,0,1,4,1,0,0,40,
59,3,6,0,6,1,4,0,0,0,40,
67,5,13,0,9,1,4,1,0,0,40,
26,3,9,0,6,1,4,1,0,0,40,
27,3,9,2,6,0,1,1,2885,0,40,
20,3,9,2,9,3,4,0,0,0,36,
24,3,13,4,0,3,4,1,0,0,39,
44,0,11,0,12,1,4,1,0,0,40,
31,3,9,2,2,0,4,1,0,0,40,
28,3,15,2,9,0,4,1,0,0,60,
19,3,9,4,7,3,4,0,0,0,20,
31,5,13,2,3,5,4,0,0,1902,40,
20,3,9,4,0,1,4,0,0,0,40,
64,3,9,0,7,1,4,0,0,0,15,
47,6,9,2,0,5,4,0,0,0,40,
36,3,10,4,0,1,4,0,0,0,35,
48,3,9,2,2,0,4,1,0,0,44,
19,5,10,4,7,3,4,0,0,0,40,
22,3,9,4,11,3,2,0,0,0,35,
56,3,5,0,0,1,4,1,0,0,40,
22,3,10,4,0,1,4,1,0,0,50,
37,3,13,2,9,0,4,1,0,0,99,
57,1,13,6,9,1,4,0,0,0,35,
38,3,12,2,11,0,4,1,0,0,50,
34,3,9,4,6,4,2,0,0,0,40,
22,8,7,5,14,4,2,0,0,0,40,
38,0,10,0,3,1,4,0,0,0,40,
30,4,10,2,3,0,1,1,0,1902,40,
32,3,13,4,9,1,4,1,0,0,45,
29,3,8,3,7,1,2,0,0,0,40,
56,3,9,2,6,0,4,1,0,0,40,
42,3,11,2,3,5,4,0,7298,0,35,
66,8,6,0,14,1,4,1,2050,0,40,
71,1,9,6,3,2,4,0,0,0,33,
20,3,7,4,13,3,4,1,0,0,40,
25,3,9,4,6,3,4,1,0,0,36,
42,3,9,2,2,0,4,1,0,0,40,
20,8,9,4,14,3,4,0,0,0,40,
61,3,10,2,9,0,4,1,0,0,50,
24,6,13,2,3,5,4,0,0,0,40,
51,3,5,4,7,4,2,0,0,0,40,
27,3,9,4,0,1,4,1,0,0,40,
41,3,10,2,3,5,4,0,0,1902,40,
31,3,9,0,6,1,4,1,0,0,40,
39,3,9,0,8,4,2,0,0,0,16,
36,8,9,2,14,0,2,1,0,0,40,
51,5,15,2,9,0,4,1,0,0,40,
52,3,9,4,3,4,4,0,0,0,40,
49,3,13,2,9,0,4,1,0,0,40,
43,3,10,2,2,0,4,1,0,0,40,
45,3,13,2,3,0,4,1,0,1977,60,
49,3,9,0,6,1,4,1,0,0,40,
19,3,9,4,7,1,4,0,0,0,40,
44,5,9,2,4,0,4,1,0,0,40,
67,4,9,2,13,0,4,1,0,0,40,
58,3,15,2,9,0,4,1,0,0,45,
36,3,13,2,9,0,4,1,7688,0,40,
67,3,9,6,0,1,4,0,15831,0,16,
61,3,16,2,9,0,4,1,0,0,40,
55,1,4,4,7,4,2,0,0,0,40,
23,8,12,4,14,3,1,1,0,0,16,
35,0,9,4,0,1,4,1,0,0,40,
35,3,6,4,7,4,2,0,0,0,38,
20,6,10,4,0,3,4,0,0,0,10,
51,3,9,2,0,5,2,0,0,0,40,
23,3,13,4,9,3,4,1,0,0,40,
39,3,9,2,4,0,4,1,0,0,24,
36,3,10,0,7,4,4,0,0,0,40,
47,3,9,2,11,0,4,1,0,0,45,
27,3,13,4,11,1,4,1,0,0,80,
29,3,9,2,2,0,4,1,0,0,40,
21,6,10,4,10,1,4,1,0,0,40,
18,3,10,4,0,1,4,0,0,0,20,
24,3,10,4,3,3,4,1,0,0,20,
39,0,9,2,2,0,4,1,0,0,40,
51,6,10,2,3,0,4,1,0,0,40,
47,3,13,2,12,0,4,1,15024,0,40,
62,3,10,0,0,4,4,0,0,0,30,
49,3,13,2,3,0,4,1,0,0,40,
20,3,7,2,7,0,4,1,0,0,40,
24,3,10,4,11,1,4,1,0,0,40,
25,3,9,4,3,3,4,0,0,0,40,
54,5,13,2,11,0,4,1,0,0,40,
25,3,9,4,2,3,4,1,0,0,40,
20,8,9,2,14,5,4,0,0,0,45,
43,3,10,0,11,4,4,0,0,0,55,
26,3,13,4,3,1,4,1,0,1876,38,
24,3,9,2,5,0,4,1,0,0,40,
18,3,7,4,7,3,0,1,0,0,20,
45,4,10,2,9,5,4,0,0,0,40,
45,5,9,2,3,0,4,1,0,0,25,
26,3,13,4,11,1,4,1,0,0,40,
47,3,10,4,7,3,4,1,0,0,40,
54,8,9,2,14,0,4,1,0,0,40,
21,7,9,4,2,3,2,1,0,0,40,
29,3,9,0,7,4,4,0,0,0,99,
68,3,10,2,9,0,4,1,0,0,15,
21,3,10,4,3,1,2,1,0,0,48,
28,4,10,4,3,1,4,1,0,0,30,
46,3,9,2,3,5,4,0,0,0,40,
35,3,9,5,13,4,2,0,0,0,48,
50,5,6,4,2,1,4,1,0,0,25,
48,4,10,0,3,1,4,1,0,0,40,
17,8,6,4,14,3,4,1,0,0,40,
59,3,13,2,2,0,4,1,15024,0,50,
23,3,10,4,3,3,2,1,0,0,40,
53,3,9,6,11,1,4,0,0,0,30,
50,4,14,2,11,0,4,1,0,0,40,
32,8,3,4,14,4,4,0,0,0,45,
53,3,8,3,5,1,3,1,0,0,56,
52,3,9,2,6,0,2,1,0,0,48,
38,3,13,2,9,0,4,1,0,0,50,
43,3,14,2,3,0,4,1,0,0,50,
35,3,13,2,7,5,4,0,0,0,32,
41,3,15,2,3,0,4,1,0,0,50,
22,3,10,4,11,3,4,1,0,0,40,
39,3,9,2,7,0,4,1,0,0,60,
45,3,14,2,11,0,4,1,0,0,40,
31,3,5,2,4,5,4,0,0,0,42,
40,3,13,2,9,0,4,1,0,1887,40,
47,5,3,2,13,0,4,1,0,0,20,
53,3,9,2,2,0,2,1,0,0,40,
53,4,13,2,11,0,4,1,0,0,60,
33,1,13,4,12,1,2,1,0,1564,52,
24,3,13,4,0,3,4,0,0,0,20,
34,3,10,4,7,1,4,0,0,0,40,
46,4,9,2,11,0,4,1,0,0,50,
29,0,10,2,10,0,4,1,0,0,60,
61,6,7,6,7,4,4,0,0,0,32,
31,3,9,2,4,0,4,1,0,0,40,
29,3,9,3,12,3,2,1,0,0,40,
42,3,9,5,2,4,4,1,0,0,40,
50,0,10,2,3,0,4,1,0,0,40,
34,3,9,0,0,1,4,0,0,0,40,
39,3,4,2,13,0,4,1,0,0,40,
74,3,2,2,13,0,2,1,0,0,20,
40,3,10,2,11,0,4,1,0,0,40,
75,5,15,2,9,0,4,1,0,2174,50,
40,1,13,2,9,5,4,0,0,0,40,
36,3,7,2,2,0,4,1,0,0,40,
61,8,13,2,14,0,4,1,0,0,40,
42,8,7,2,14,0,4,1,0,0,22,
28,3,13,2,3,5,4,0,0,0,40,
19,3,10,4,0,1,4,0,0,0,18,
36,3,12,5,7,4,2,0,0,0,32,
33,8,11,0,14,1,4,0,0,0,40,
50,0,10,0,0,4,4,0,0,880,40,
47,3,12,2,9,5,2,0,15024,0,40,
48,3,9,4,12,4,2,0,0,0,33,
60,4,9,0,2,1,4,1,0,0,40,
30,3,14,4,9,1,2,1,0,0,30,
32,3,13,2,3,0,4,1,0,0,50,
45,1,14,2,9,5,4,0,0,1977,35,
51,3,10,2,12,0,4,1,0,0,40,
53,3,5,3,6,4,2,1,0,0,75,
34,3,14,4,12,4,2,0,0,0,40,
48,5,14,2,3,0,4,1,0,0,40,
68,8,9,2,14,0,4,1,0,0,45,
32,3,12,0,6,1,4,0,0,0,50,
63,8,9,2,14,0,4,1,0,0,4,
31,3,9,0,3,4,2,0,0,0,40,
58,5,13,0,7,1,4,0,0,0,20,
32,3,12,2,3,0,4,1,0,0,60,
32,3,13,4,9,1,4,1,0,0,40,
40,3,13,0,11,3,4,1,0,0,80,
50,3,13,2,3,0,4,1,99999,0,55,
38,5,6,5,6,1,4,1,0,0,40,
30,3,9,2,6,0,4,1,0,0,40,
21,3,9,4,0,4,4,0,0,0,40,
28,3,13,4,9,3,4,0,0,1564,40,
63,3,9,2,11,0,4,1,0,0,48,
32,3,12,0,9,4,4,0,0,880,36,
25,3,9,4,11,1,4,1,0,0,45,
59,3,10,2,12,0,4,1,0,0,40,
22,1,11,4,0,3,4,0,0,0,10,
49,3,10,4,2,3,4,1,0,0,40,
36,3,13,4,3,1,4,1,0,0,40,
31,8,9,2,14,5,4,0,0,0,30,
46,3,10,0,8,4,4,0,0,0,30,
37,1,15,2,9,0,4,1,0,0,60,
48,3,13,2,11,0,2,1,0,0,40,
43,3,10,2,7,0,4,1,0,1672,44,
41,3,9,2,3,0,4,1,0,0,40,
54,3,9,2,11,0,4,1,3464,0,40,
36,3,10,0,3,1,4,0,0,0,4,
29,3,13,0,7,4,3,0,0,0,40,
66,1,9,2,2,0,4,1,0,2267,40,
59,3,15,4,9,1,4,1,0,0,50,
62,3,13,2,3,0,4,1,0,0,40,
29,3,6,4,2,1,4,1,0,0,40,
28,3,13,2,11,0,4,1,0,0,45,
27,3,13,2,6,0,4,1,0,1887,60,
42,6,9,2,3,0,4,1,0,0,40,
60,3,11,2,2,0,4,1,0,0,46,
58,3,14,2,9,0,4,1,0,0,50,
27,3,10,2,2,0,4,1,0,0,40,
45,3,9,6,2,1,4,0,0,0,40,
50,3,10,2,2,0,4,1,0,0,40,
43,3,10,2,2,0,2,1,0,0,40,
39,3,15,0,3,1,4,1,0,0,50,
21,3,10,4,0,3,4,1,0,0,20,
24,3,9,2,5,0,2,1,0,0,70,
59,5,15,2,4,0,4,1,0,0,30,
36,3,9,2,6,0,4,1,0,0,40,
72,8,10,6,14,4,1,0,0,0,4,
35,3,14,2,3,0,1,1,0,0,65,
33,3,10,0,5,3,4,1,0,0,40,
30,3,9,4,2,1,2,0,0,0,45,
40,3,11,0,2,4,4,1,0,0,50,
26,5,10,2,11,0,4,1,0,0,55,
37,0,11,5,0,1,2,1,0,0,40,
68,5,10,0,13,1,4,0,0,0,20,
45,3,13,2,2,0,4,1,0,0,72,
56,3,9,2,9,0,4,1,0,0,40,
36,3,9,4,0,3,4,0,0,0,40,
50,3,13,2,3,0,4,1,7298,0,50,
38,3,11,2,11,0,4,1,0,0,40,
29,3,13,2,11,0,4,1,0,0,41,
28,3,9,4,7,4,4,0,0,0,28,
39,0,10,2,0,0,4,1,0,0,50,
26,1,13,4,10,1,4,1,0,0,40,
52,4,10,0,3,1,4,1,0,0,65,
52,3,13,0,4,1,4,1,0,0,40,
84,3,9,6,7,1,4,0,0,0,13,
33,0,10,4,7,1,4,0,0,0,10,
46,0,15,2,9,0,4,1,15024,0,50,
30,3,9,4,11,1,4,0,0,0,35,
38,3,13,2,9,0,4,1,0,0,40,
66,3,9,6,8,1,4,0,0,0,8,
62,0,14,2,0,0,4,1,0,0,40,
31,3,13,2,3,0,2,1,0,1887,40,
31,3,13,2,2,0,4,1,0,0,40,
39,3,9,2,6,0,4,1,2829,0,40,
60,5,9,0,2,1,2,1,0,0,50,
27,3,13,4,12,3,4,0,0,0,40,
37,8,11,2,14,5,0,0,0,0,40,
38,3,10,0,0,3,4,0,0,0,40,
25,3,9,4,5,2,4,1,0,0,40,
48,3,9,2,3,5,4,0,0,0,40,
42,5,13,4,9,1,4,1,0,0,50,
45,1,14,2,9,0,4,1,0,0,50,
22,3,10,4,11,3,4,1,0,0,40,
50,3,9,2,2,0,4,1,0,0,40,
21,3,9,4,4,1,4,1,0,0,40,
44,1,10,0,0,4,4,0,0,0,40,
60,5,9,5,7,1,2,1,0,1876,50,
21,8,10,4,14,3,4,0,0,0,6,
51,3,9,2,6,0,4,1,0,0,48,
30,3,9,3,2,2,4,1,0,0,40,
46,5,12,0,2,1,4,1,0,0,40,
43,3,11,2,3,0,4,1,0,0,45,
57,3,9,4,7,1,2,1,0,0,48,
48,3,14,2,9,0,4,1,0,1902,40,
39,4,13,2,11,0,1,1,7688,0,40,
68,5,9,2,4,0,4,1,2414,0,40,
33,3,10,4,7,1,4,1,0,0,24,
22,7,9,4,5,3,4,1,4416,0,40,
18,8,7,4,14,2,4,1,0,0,7,
28,3,9,4,6,1,4,1,0,0,50,
32,3,14,2,9,0,1,1,0,0,40,
56,3,9,0,2,1,4,1,0,0,42,
36,3,9,2,7,0,4,1,0,0,50,
34,3,10,2,3,0,4,1,0,0,55,
18,3,9,4,11,1,4,0,0,1721,40,
39,3,6,6,6,1,2,1,0,1590,40,
25,3,13,4,3,1,4,0,0,0,40,
27,5,10,4,2,1,4,1,0,0,35,
56,5,14,0,11,1,4,1,0,1876,60,
33,5,9,2,2,0,4,1,0,0,40,
49,4,16,2,9,0,2,1,0,0,60,
44,5,9,2,3,0,4,1,0,0,84,
30,5,7,4,2,1,4,1,0,0,45,
27,3,9,0,2,1,4,1,0,0,50,
25,3,13,4,0,1,4,1,0,0,40,
30,4,13,4,3,1,4,1,0,0,40,
38,3,12,2,7,0,4,1,0,0,40,
38,3,9,2,2,0,4,1,0,0,40,
46,3,10,0,11,4,4,0,0,0,40,
37,3,9,6,6,4,4,0,0,0,20,
62,3,9,2,3,0,4,1,0,0,40,
55,5,9,2,7,0,4,1,0,0,40,
47,5,9,3,2,1,4,1,0,0,40,
45,3,9,2,9,5,4,0,0,0,14,
50,3,9,2,2,0,4,1,0,0,40,
36,3,9,0,6,4,4,1,0,0,40,
45,3,9,4,11,1,4,0,0,0,20,
23,3,9,4,13,1,4,1,0,0,38,
37,3,12,2,3,0,4,1,7688,0,50,
38,6,16,2,9,0,4,1,0,0,55,
27,3,10,4,5,3,2,1,0,0,40,
29,3,13,2,11,5,4,0,0,0,50,
45,1,14,4,9,1,4,0,0,0,40,
41,4,9,2,11,0,4,1,0,1887,55,
38,5,10,4,7,1,4,0,0,0,20,
27,3,13,4,9,1,4,1,0,0,40,
51,0,10,2,5,0,3,1,0,0,40,
44,0,9,0,2,1,4,1,0,0,40,
33,0,14,2,13,0,2,1,0,0,40,
28,4,9,2,11,0,2,1,99999,0,40,
32,3,13,2,3,0,4,1,0,0,45,
43,3,14,2,9,0,4,1,0,0,55,
45,1,9,0,7,3,2,0,0,0,40,
52,0,12,2,7,0,4,1,7298,0,40,
24,3,9,4,7,1,4,1,0,0,35,
19,8,10,4,14,3,4,1,0,0,40,
47,3,11,2,9,0,4,1,0,0,40,
53,4,16,0,3,1,4,1,14084,0,50,
31,3,13,2,11,0,4,1,0,0,40,
30,3,11,4,2,1,4,1,0,0,40,
56,3,9,2,0,0,4,1,0,0,40,
49,0,13,2,9,0,4,1,0,0,40,
38,3,9,2,13,0,4,1,0,0,40,
19,3,10,4,0,3,4,1,0,0,18,
39,3,11,2,2,0,4,1,0,0,40,
38,3,9,2,3,0,4,1,0,0,40,
47,3,9,2,13,0,4,1,0,0,55,
58,3,7,2,2,0,4,1,0,0,40,
27,3,9,4,13,1,2,1,2174,0,40,
59,1,14,0,9,1,4,1,0,0,40,
24,3,13,4,11,1,4,1,0,0,47,
42,3,11,2,6,0,4,1,2407,0,40,
53,6,14,2,3,0,4,1,0,0,60,
35,3,9,2,5,0,4,1,0,0,50,
36,1,9,2,0,5,1,0,0,0,40,
26,3,9,2,2,0,4,1,0,0,40,
33,3,5,5,0,1,4,1,0,0,48,
29,3,10,2,9,0,4,1,0,0,40,
43,3,7,2,5,0,4,1,0,0,40,
35,3,13,2,11,0,4,1,15024,0,50,
48,3,13,3,9,2,1,0,0,0,36,
45,1,14,0,9,1,4,0,0,0,40,
43,3,9,0,3,1,4,0,0,0,40,
27,3,5,4,7,3,4,1,0,0,30,
21,3,4,4,2,3,4,1,0,0,40,
63,8,9,6,14,1,4,0,0,0,4,
39,3,10,2,0,0,4,1,15024,0,40,
52,5,13,2,11,0,4,1,15024,0,55,
41,4,13,6,9,4,4,0,0,0,40,
48,3,9,2,2,0,4,1,7688,0,70,
27,8,7,0,14,4,4,0,0,0,35,
53,6,9,0,3,1,4,1,0,1092,40,
33,1,12,2,2,0,4,1,0,0,50,
37,3,6,4,2,3,4,1,0,0,35,
18,8,10,4,14,3,4,0,0,0,40,
43,0,16,5,9,4,2,0,0,0,24,
20,3,10,4,0,1,4,0,0,0,40,
47,3,15,2,9,0,4,1,0,0,50,
36,5,9,2,4,0,4,1,0,0,70,
41,3,9,2,13,0,4,1,0,1887,45,
67,3,4,2,2,0,4,1,1797,0,40,
38,3,13,3,2,1,2,1,0,0,40,
47,5,14,4,3,1,2,1,0,0,25,
39,3,11,2,12,0,4,1,0,0,40,
34,5,13,2,3,0,4,1,0,1485,35,
36,3,9,4,7,3,2,1,0,0,35,
24,3,10,2,0,0,2,1,0,0,40,
50,5,9,2,4,0,4,1,0,0,84,
21,3,9,4,7,1,4,0,1055,0,30,
21,3,5,4,7,3,4,0,0,0,50,
40,3,9,4,2,1,4,1,0,0,40,
19,3,10,4,0,1,4,0,0,0,25,
38,3,9,4,6,1,4,0,0,0,40,
34,3,11,2,2,0,4,1,0,0,50,
44,1,10,0,3,1,4,1,0,0,50,
20,3,12,4,11,3,4,0,0,0,25,
44,3,9,4,3,1,4,1,0,1564,55,
49,1,9,0,0,1,4,0,594,0,10,
45,4,12,2,9,0,4,1,0,0,50,
24,3,9,4,2,3,4,1,0,0,40,
34,3,9,0,0,3,4,1,0,0,40,
58,5,9,2,11,0,4,1,0,0,72,
39,3,9,2,2,0,4,1,0,0,45,
22,3,9,4,7,3,4,1,0,0,40,
38,3,13,2,9,5,4,0,0,0,32,
32,0,15,2,9,0,4,1,15024,0,50,
45,6,9,0,13,1,4,1,0,0,48,
23,3,9,2,6,0,2,1,0,0,45,
35,3,12,2,2,0,4,1,0,0,45,
52,3,10,2,2,0,4,1,0,0,45,
55,3,10,0,2,1,4,1,0,0,40,
23,3,9,4,4,3,4,1,0,0,40,
22,3,13,2,0,3,0,0,2885,0,25,
27,3,9,2,0,0,4,1,0,0,40,
24,3,12,4,0,3,4,0,0,0,15,
21,3,10,4,2,1,4,1,0,0,40,
49,3,13,0,11,2,4,0,0,0,35,
32,3,8,2,6,0,4,1,0,0,40,
64,3,10,6,7,4,4,0,0,0,24,
37,5,9,4,4,4,4,1,0,0,50,
61,3,4,3,6,1,4,1,0,0,40,
44,3,9,2,2,5,4,0,0,0,40,
53,3,9,2,2,0,4,1,0,0,52,
43,3,14,4,9,1,4,1,0,0,50,
60,6,16,2,9,0,4,1,0,1902,40,
23,3,10,4,11,3,4,0,0,0,40,
25,3,14,2,6,1,4,1,0,0,40,
29,3,9,4,0,1,4,0,0,0,40,
51,3,13,0,9,4,4,0,0,0,55,
47,3,2,3,4,1,4,1,0,0,12,
20,3,9,4,3,4,4,0,0,0,40,
25,3,7,2,13,0,4,1,5178,0,40,
27,3,6,2,6,0,4,1,0,0,40,
23,3,9,4,0,1,4,0,0,0,40,
18,3,9,4,7,3,4,0,0,0,27,
23,3,4,2,13,0,4,1,0,0,32,
59,5,9,0,3,1,4,1,0,0,60,
46,3,9,4,0,1,4,0,0,0,37,
66,8,4,0,14,1,4,1,0,0,40,
46,1,14,2,9,0,2,1,0,0,38,
36,1,7,4,7,4,4,0,0,0,23,
44,3,9,3,6,4,4,0,0,0,40,
17,3,7,4,11,3,4,1,0,0,20,
27,3,10,4,3,1,4,1,0,0,45,
32,3,10,2,11,0,4,1,0,0,40,
53,3,9,0,7,1,2,1,0,0,40,
22,3,10,4,9,3,4,1,0,0,98,
30,3,12,4,9,3,4,0,0,0,40,
47,5,13,2,9,0,4,1,0,2002,30,
68,5,10,2,11,0,4,1,0,0,40,
39,3,9,2,11,0,4,1,0,0,40,
22,3,13,4,0,3,4,0,0,0,40,
62,8,4,2,14,0,4,1,6418,0,40,
20,3,9,4,11,3,4,0,0,0,35,
21,3,9,4,5,2,4,1,0,0,38,
34,3,11,4,7,1,4,1,0,0,50,
30,5,9,2,3,0,4,1,0,0,75,
25,3,10,4,0,3,4,0,0,0,40,
23,6,9,4,7,3,4,0,0,0,21,
40,6,13,2,9,2,4,1,0,0,40,
26,0,9,4,0,1,1,1,0,0,40,
57,5,11,2,2,0,4,1,0,0,40,
36,3,11,2,3,0,4,1,0,0,60,
43,8,10,0,14,4,1,0,0,0,40,
49,6,13,0,9,1,4,1,0,0,40,
58,3,9,2,2,0,4,1,0,0,40,
32,3,10,0,3,1,2,1,0,0,40,
59,3,9,2,0,0,4,1,0,0,45,
42,6,13,4,0,2,4,0,0,0,40,
37,3,13,2,3,0,1,1,0,0,40,
40,3,15,2,9,0,4,1,15024,0,45,
47,3,9,2,13,0,4,1,0,0,40,
56,3,13,2,9,0,4,1,0,0,45,
30,3,9,4,0,3,4,0,0,0,40,
42,3,9,6,3,1,2,0,0,0,35,
21,3,9,4,7,3,4,1,0,0,40,
21,3,9,3,6,3,4,0,0,0,40,
47,3,9,2,12,5,4,0,0,0,40,
22,5,10,4,4,3,4,1,0,0,20,
35,3,12,4,0,1,4,0,14344,0,40,
41,3,7,4,5,2,2,0,0,0,40,
43,0,13,2,5,0,4,1,0,0,53,
60,3,10,2,11,0,4,1,0,0,55,
73,3,4,2,11,0,4,1,0,0,30,
90,3,13,2,3,5,4,0,0,0,40,
62,0,9,2,0,0,4,1,0,0,38,
28,3,9,2,2,0,4,1,0,0,40,
45,3,10,2,2,0,4,1,0,0,40,
19,3,9,4,11,1,4,1,0,0,45,
30,3,9,4,2,1,4,1,0,0,35,
19,3,8,4,5,3,2,0,0,0,52,
23,3,10,4,7,3,2,1,2202,0,80,
22,0,13,4,9,3,4,1,0,0,10,
19,3,9,4,0,3,4,0,0,0,28,
45,0,12,0,0,4,1,1,0,2080,40,
26,1,9,4,7,4,2,0,0,0,25,
42,1,6,2,5,0,4,1,99999,0,40,
62,5,9,2,4,0,4,1,0,0,35,
61,3,6,2,11,0,4,1,0,0,40,
34,3,13,0,11,1,0,1,0,1564,60,
22,1,9,4,7,3,4,0,0,0,53,
56,3,14,2,9,0,4,1,0,0,40,
32,3,10,2,9,0,4,1,0,0,40,
24,8,10,4,14,4,4,1,0,0,40,
26,3,9,0,2,1,4,1,0,0,40,
32,3,9,4,11,3,2,0,0,1669,45,
58,3,12,0,0,1,4,1,0,1876,40,
25,5,12,2,0,5,4,0,0,0,35,
23,3,10,4,0,3,4,0,0,0,25,
23,3,10,2,12,0,4,1,0,0,40,
54,3,10,2,0,0,4,1,0,0,40,
28,3,10,4,3,1,4,0,0,0,35,
35,3,13,2,11,0,4,1,0,0,40,
30,3,10,2,9,0,4,1,0,0,25,
23,3,8,2,2,0,4,1,0,0,40,
42,3,10,2,12,0,4,1,0,0,50,
72,3,6,6,0,1,4,0,0,0,20,
21,3,9,2,6,0,4,1,0,0,40,
37,3,13,4,2,1,4,1,0,0,40,
54,3,9,0,7,1,4,0,0,0,40,
58,3,14,0,0,1,4,0,0,1980,45,
32,3,13,4,9,3,4,1,0,0,40,
65,3,10,6,0,1,4,0,0,0,15,
22,3,13,2,6,0,4,1,0,0,45,
52,3,13,2,3,0,4,1,0,0,40,
65,3,6,6,11,1,4,0,0,0,20,
33,5,9,4,7,1,4,0,0,0,35,
35,3,9,4,6,4,4,1,6497,0,65,
27,3,10,4,0,3,4,0,0,0,40,
34,6,9,4,7,3,2,1,0,0,42,
53,5,9,2,11,0,4,1,0,0,70,
23,3,6,2,2,0,4,1,0,0,40,
43,6,16,5,9,4,4,0,0,0,40,
58,3,11,2,3,0,4,1,3908,0,40,
38,3,6,5,0,4,4,1,0,3770,40,
26,3,9,2,5,0,4,1,0,0,50,
60,3,13,2,3,0,4,1,0,0,50,
28,3,9,2,6,0,4,1,0,1672,50,
33,0,9,4,0,3,4,0,0,0,30,
29,1,10,2,13,0,4,1,0,0,40,
54,6,16,4,3,1,4,0,0,0,50,
41,3,4,2,4,0,4,1,0,0,36,
63,5,10,0,3,1,4,1,0,0,50,
31,3,9,2,0,5,4,0,0,0,27,
23,3,13,4,11,3,2,0,0,0,25,
31,3,10,3,13,1,2,1,0,0,40,
41,3,15,2,9,0,4,1,0,0,45,
51,3,9,2,13,0,4,1,0,0,40,
59,3,10,2,2,0,4,1,0,0,40,
23,3,10,4,9,1,4,0,0,0,45,
24,5,10,4,3,1,2,1,0,0,45,
67,5,9,0,9,1,4,0,0,0,20,
65,8,9,6,14,1,4,0,0,0,35,
47,1,13,2,9,0,4,1,0,0,40,
21,3,9,4,2,1,4,1,0,0,40,
38,3,4,2,4,0,4,1,0,0,40,
55,3,13,0,9,4,4,0,0,0,40,
39,3,14,0,9,3,4,0,1506,0,40,
24,3,9,5,7,4,4,0,0,0,50,
24,3,9,2,10,0,1,1,0,0,40,
38,3,10,2,11,0,4,1,7298,0,40,
19,3,9,4,7,3,4,1,0,0,24,
32,3,9,2,2,0,4,1,0,0,50,
63,5,10,2,3,0,4,1,0,0,60,
18,3,10,4,11,1,4,0,0,0,30,
36,3,10,2,13,0,4,1,0,0,45,
41,3,13,0,13,3,2,1,6497,0,40,
57,3,10,4,10,1,4,1,0,0,40,
48,3,9,2,2,0,4,1,0,0,40,
44,3,9,0,11,1,4,0,0,1504,40,
25,3,10,4,3,3,1,1,0,0,40,
48,3,8,2,3,0,4,1,0,0,50,
20,3,10,4,11,3,4,0,0,0,8,
74,5,9,2,11,0,4,1,0,0,55,
44,3,9,4,3,1,4,0,0,0,40,
26,3,10,2,6,5,4,0,0,0,40,
54,1,9,2,4,0,4,1,0,0,40,
39,3,9,2,5,0,4,1,0,0,48,
38,3,10,0,0,1,4,0,7443,0,40,
18,3,6,4,7,2,4,0,0,0,40,
32,1,14,4,9,1,3,0,0,0,40,
24,3,10,4,7,3,4,1,0,0,40,
19,5,5,4,9,1,4,1,0,0,35,
28,3,9,2,6,0,4,1,0,0,40,
28,3,9,5,5,1,3,1,0,0,30,
49,1,9,2,2,0,4,1,0,0,40,
50,3,13,2,2,0,4,1,0,0,40,
63,3,9,6,6,2,2,0,0,0,40,
58,5,9,2,4,0,4,1,0,0,50,
68,4,9,6,7,4,4,0,0,0,15,
41,0,10,2,3,0,2,1,0,0,40,
21,8,9,4,14,1,4,0,0,0,40,
27,3,10,2,9,0,4,1,3103,0,50,
24,3,13,4,9,1,4,1,0,0,40,
50,3,13,0,3,4,4,0,0,0,40,
47,3,10,0,7,3,4,0,0,0,44,
64,8,9,0,14,1,4,1,8614,0,40,
54,3,9,6,7,4,4,0,0,0,40,
28,3,13,4,0,3,1,0,0,0,30,
26,6,14,4,9,1,4,0,0,0,40,
35,6,13,5,3,1,4,1,0,0,42,
48,3,9,2,11,0,4,1,2885,0,15,
50,3,12,2,11,5,4,0,3942,0,40,
39,3,9,0,0,1,4,0,0,0,40,
46,3,13,4,11,1,4,1,0,0,45,
41,3,10,6,0,4,2,0,0,0,48,
24,3,4,2,11,0,4,1,2580,0,40,
57,3,9,0,2,1,4,1,0,0,40,
32,3,9,4,5,1,4,1,0,0,40,
41,3,12,2,3,0,2,1,0,0,50,
55,3,9,2,2,0,4,1,0,0,40,
41,8,11,0,14,1,4,1,0,0,80,
69,3,4,0,6,4,2,0,2964,0,40,
22,3,9,4,7,1,2,0,0,0,40,
45,3,9,2,7,0,4,1,3942,0,40,
33,3,9,4,0,1,2,1,0,0,40,
57,3,10,5,11,1,4,0,0,0,40,
38,5,13,2,3,0,1,1,0,1902,65,
40,3,9,2,2,0,4,1,0,0,50,
48,5,10,0,5,3,4,0,0,0,40,
38,1,10,3,3,4,2,0,0,0,35,
26,6,13,4,9,1,4,0,0,0,60,
24,3,9,4,6,3,4,1,0,0,40,
35,3,9,3,7,4,2,0,0,0,20,
37,3,10,2,2,0,4,1,5178,0,75,
42,3,9,0,6,1,4,1,0,0,40,
37,3,9,2,0,5,4,0,0,0,40,
37,3,9,4,3,1,4,0,0,0,50,
28,3,14,4,3,1,4,0,0,0,80,
22,3,9,2,2,0,4,1,0,0,40,
24,3,7,4,0,1,4,0,0,0,40,
45,1,10,2,0,0,4,1,0,0,40,
29,5,9,4,2,1,4,1,0,0,50,
23,3,10,4,0,3,2,0,0,0,25,
24,0,13,4,3,1,4,1,0,0,40,
25,3,12,4,9,3,4,0,0,0,40,
58,3,9,0,11,2,4,0,0,0,32,
28,4,11,4,11,1,4,1,0,0,60,
58,3,9,6,11,1,4,0,0,0,35,
18,3,7,4,7,3,4,1,0,0,16,
59,3,4,2,10,0,4,1,0,0,40,
39,3,9,0,0,4,4,0,0,0,40,
53,4,10,2,11,0,4,1,0,0,50,
54,3,15,4,9,2,4,0,0,0,65,
51,3,9,2,13,0,4,1,0,0,50,
59,3,14,2,11,0,4,1,7298,0,55,
42,6,9,4,10,1,4,1,0,0,40,
36,3,10,2,0,5,4,0,0,0,40,
37,3,10,4,0,1,4,0,0,0,60,
32,3,10,4,5,3,4,1,0,0,40,
38,5,9,2,12,0,4,1,0,0,50,
19,3,9,5,0,3,4,0,0,0,30,
55,1,13,6,9,1,4,0,0,0,48,
30,3,9,4,2,1,4,1,0,0,40,
27,3,10,2,9,0,4,1,0,0,50,
65,8,9,2,14,0,4,1,0,0,25,
44,3,13,4,3,1,4,0,0,0,5,
23,8,3,4,14,1,4,1,0,0,50,
32,3,13,2,6,0,4,1,0,0,50,
60,3,9,3,7,4,4,0,0,0,20,
28,3,9,4,6,1,1,1,0,0,40,
44,3,9,2,3,0,4,1,0,0,40,
29,3,9,4,5,1,4,1,0,0,16,
57,6,9,2,2,0,4,1,0,0,40,
41,3,10,0,13,1,4,1,0,0,60,
34,5,7,2,13,0,4,1,0,0,60,
44,3,10,0,3,4,4,0,0,0,42,
44,3,13,0,13,1,4,1,0,0,40,
57,3,2,2,5,0,4,1,0,0,22,
37,3,13,4,9,1,4,1,0,0,30,
35,3,13,2,9,0,4,1,0,0,16,
51,3,14,2,3,0,4,1,99999,0,50,
27,3,10,4,3,1,4,1,0,0,45,
41,6,10,2,0,5,4,0,3103,0,40,
28,8,13,4,14,1,4,1,0,0,8,
37,5,16,2,9,0,4,1,0,0,60,
18,3,10,4,7,3,4,1,0,0,8,
24,6,4,4,12,4,4,0,0,0,20,
53,3,8,2,0,5,4,0,0,0,40,
40,3,9,0,6,1,4,1,0,1980,48,
54,3,10,0,6,1,4,1,0,0,60,
22,3,10,4,9,1,4,0,0,0,40,
44,3,6,3,0,4,2,0,0,0,30,
43,3,10,0,3,4,4,0,0,0,45,
58,6,13,2,9,5,4,0,0,0,20,
59,1,13,2,9,5,4,0,0,0,45,
31,3,13,2,3,0,4,1,0,0,45,
35,3,9,4,6,3,4,1,0,0,40,
17,3,6,4,11,3,4,0,0,0,20,
45,3,10,0,9,4,4,0,0,0,32,
40,3,10,0,5,1,4,1,0,0,40,
35,3,9,2,5,0,4,1,0,0,45,
25,0,13,4,12,1,4,1,0,0,45,
58,3,9,0,5,1,4,1,0,0,40,
39,3,10,0,5,1,4,1,0,0,50,
69,8,2,2,14,0,1,1,0,0,34,
23,3,9,2,3,0,4,1,0,0,54,
32,6,13,4,9,1,4,0,0,0,40,
48,3,12,2,13,0,4,1,0,0,44,
41,3,13,2,5,0,4,1,0,0,40,
74,3,5,6,2,1,4,1,0,0,10,
43,3,13,2,9,0,4,1,0,0,50,
18,3,10,4,7,3,4,1,0,1721,20,
24,0,13,4,1,1,4,1,0,0,40,
58,3,10,2,0,5,4,0,0,0,32,
54,3,14,2,9,0,4,1,0,0,40,
60,3,4,2,2,0,4,1,0,0,40,
28,3,10,2,4,0,4,1,0,0,40,
41,3,9,2,13,0,4,1,0,0,40,
62,8,10,2,14,0,2,1,0,0,35,
27,6,10,0,0,4,2,1,0,0,40,
30,3,10,0,7,3,4,0,0,0,20,
63,1,13,0,2,1,2,1,0,0,35,
33,3,9,4,11,1,4,1,3325,0,50,
34,3,9,2,13,0,4,1,0,0,45,
20,8,5,4,14,3,4,1,0,0,40,
51,3,9,2,10,0,4,1,0,0,40,
21,3,6,4,7,3,2,1,0,0,25,
50,3,9,2,2,0,4,1,0,0,40,
43,3,9,2,6,0,4,1,0,0,40,
27,3,9,2,2,0,4,1,2885,0,40,
19,3,9,4,0,3,4,0,0,0,40,
20,8,9,4,14,1,3,1,0,0,43,
17,3,8,4,7,3,4,0,0,0,6,
47,3,12,0,13,1,2,1,0,0,40,
25,1,13,4,0,2,2,0,0,0,40,
71,3,14,4,7,1,4,0,0,0,20,
21,3,9,4,6,3,2,0,0,0,40,
69,8,7,2,14,0,4,1,0,0,48,
48,3,12,2,6,0,4,1,0,0,40,
57,3,4,6,11,2,4,0,0,1602,3,
58,5,10,2,4,0,4,1,0,2415,40,
34,3,9,2,6,2,3,0,0,0,20,
33,1,10,2,5,0,4,1,0,0,66,
56,3,3,2,7,0,4,1,0,0,40,
40,0,14,4,9,1,4,1,0,0,40,
28,3,9,4,7,1,4,1,0,0,32,
42,3,14,2,11,0,4,1,0,0,40,
19,8,10,4,14,3,4,0,0,0,20,
41,3,11,0,12,1,4,0,3325,0,40,
28,4,9,4,0,3,4,0,0,0,35,
40,3,6,0,6,1,4,0,0,0,35,
23,3,10,4,6,3,1,1,0,0,30,
46,8,9,2,14,5,4,0,0,0,40,
39,3,14,4,11,1,4,1,0,0,50,
39,3,13,4,11,1,4,1,0,1876,50,
45,3,9,4,5,1,4,0,0,0,40,
21,8,10,4,14,3,4,0,0,0,35,
50,5,10,0,11,1,4,0,0,0,40,
33,3,9,2,0,0,4,1,0,0,40,
34,3,7,2,6,3,4,0,0,0,40,
55,3,9,2,13,0,4,1,0,0,32,
62,0,9,6,0,4,4,0,0,0,40,
31,3,13,2,11,0,4,1,0,0,40,
35,5,5,2,2,0,4,1,0,0,40,
30,3,9,5,2,1,4,1,0,0,40,
57,4,10,2,11,0,4,1,0,0,50,
50,3,9,2,3,0,2,1,0,1887,55,
51,3,9,2,13,0,4,1,0,0,50,
47,3,9,2,11,0,4,1,4386,0,45,
37,3,13,4,9,1,4,1,0,0,45,
58,3,4,2,13,0,4,1,0,0,40,
39,3,13,0,3,4,4,0,0,0,50,
34,3,10,4,6,1,4,1,0,0,40,
45,3,9,5,0,4,4,0,0,0,38,
19,8,10,4,14,3,4,1,0,0,40,
42,3,13,2,9,0,4,1,99999,0,40,
40,3,11,0,12,1,4,1,3325,0,40,
39,5,15,2,9,0,4,1,0,1977,50,
36,3,14,2,9,0,4,1,0,0,40,
56,3,9,0,0,2,0,0,0,0,35,
19,8,10,4,14,2,4,0,0,0,15,
37,3,10,2,5,0,2,1,0,0,40,
60,1,9,2,7,0,4,1,0,0,40,
56,3,9,2,2,0,4,1,0,0,40,
51,3,4,2,3,0,0,1,3908,0,47,
34,3,13,4,9,1,4,0,0,0,36,
23,8,10,4,14,3,4,0,0,0,10,
19,3,9,4,4,3,2,1,0,0,30,
37,0,9,4,3,4,2,0,0,0,40,
58,3,13,2,3,0,4,1,0,0,40,
33,3,7,4,0,1,4,0,0,0,35,
39,3,13,4,3,1,4,1,0,0,40,
36,3,9,4,0,1,4,0,4865,0,40,
26,3,13,4,9,1,1,0,0,0,40,
22,3,11,4,12,3,4,0,0,0,36,
32,3,14,4,0,1,4,1,0,0,40,
17,3,7,4,11,4,4,1,0,0,15,
57,8,10,0,14,1,4,0,0,0,40,
68,3,4,6,7,4,0,0,0,0,20,
70,3,9,2,11,0,4,1,3432,0,40,
30,3,9,4,4,3,4,1,0,0,40,
19,6,10,4,0,2,4,0,0,0,15,
51,3,9,2,9,0,4,1,0,0,40,
19,3,10,4,0,2,4,1,0,0,30,
47,3,9,2,2,0,4,1,0,0,40,
41,3,13,2,9,0,4,1,7688,0,55,
36,3,10,2,6,0,4,1,0,1887,40,
30,3,10,2,2,0,4,1,0,0,40,
26,3,9,2,6,0,4,1,0,0,45,
41,1,13,0,9,1,4,1,0,0,20,
25,3,10,2,0,0,4,1,0,0,45,
62,3,5,2,7,0,4,1,0,0,40,
23,3,14,4,9,1,4,1,0,0,40,
26,8,13,4,14,4,4,0,0,0,10,
25,3,9,4,11,3,0,1,6849,0,40,
30,3,13,4,11,1,4,0,0,0,45,
48,3,9,4,5,1,4,1,0,0,40,
20,3,9,4,7,2,3,1,0,0,40,
51,3,10,2,3,5,4,0,0,0,15,
19,3,10,4,5,3,4,1,0,0,10,
31,3,9,4,6,1,4,1,0,0,40,
36,3,13,2,3,0,4,1,7298,0,50,
21,8,10,4,14,3,4,0,0,0,40,
40,3,9,4,11,3,2,1,0,0,40,
30,5,7,4,4,3,2,1,0,0,40,
28,5,10,4,2,1,4,1,0,1590,40,
57,3,5,2,2,0,2,1,0,0,40,
18,3,7,4,11,3,4,1,0,0,15,
54,3,9,2,2,0,4,1,0,0,40,
32,3,9,2,6,0,2,1,0,0,40,
52,3,14,4,9,1,4,1,0,0,40,
27,3,9,5,6,4,4,0,0,0,40,
45,3,13,2,3,0,4,1,0,0,48,
18,3,10,4,7,3,4,1,0,0,20,
37,5,9,4,2,1,4,1,0,0,35,
52,3,9,2,6,0,2,1,0,0,40,
59,3,5,4,7,1,2,1,0,0,50,
27,3,11,4,6,1,4,1,0,0,40,
43,0,9,2,6,0,4,1,0,0,40,
56,3,10,2,2,0,4,1,0,0,40,
44,5,10,2,4,0,4,1,0,0,72,
37,3,11,4,2,1,4,1,0,0,45,
28,3,11,0,3,1,4,1,10520,0,50,
48,5,9,5,7,2,4,0,0,0,25,
58,5,13,2,3,0,4,1,0,0,50,
29,3,9,2,2,0,4,1,0,0,45,
37,3,12,2,11,0,4,1,0,0,40,
35,4,15,2,9,0,4,1,0,0,50,
36,3,11,0,2,1,4,1,0,0,38,
52,3,9,2,0,0,4,1,0,0,48,
30,3,9,0,13,1,4,1,0,0,40,
22,3,5,4,2,3,4,1,0,0,40,
55,5,12,2,11,0,4,1,0,0,60,
61,3,9,2,3,5,4,0,15024,0,38,
33,3,9,0,5,4,4,1,0,0,30,
46,3,10,2,11,0,4,1,0,0,50,
64,3,7,6,12,4,4,0,0,0,16,
28,3,6,3,2,4,4,1,0,0,40,
19,3,9,4,0,1,4,0,0,0,42,
36,3,9,5,0,1,4,1,0,0,40,
43,5,13,2,2,0,4,1,0,0,40,
39,5,16,0,0,2,3,1,0,0,40,
56,3,13,2,3,0,4,1,0,0,42,
24,1,10,4,10,3,4,1,0,0,40,
40,3,9,2,11,0,4,1,0,0,60,
45,4,12,2,3,0,4,1,0,0,50,
56,1,14,6,9,1,4,0,0,0,40,
46,3,9,5,2,4,2,0,0,0,40,
35,0,13,4,9,3,4,0,0,0,40,
36,5,15,2,9,0,4,1,0,0,60,
50,5,15,2,9,0,4,1,0,0,50,
61,3,4,6,7,1,2,0,0,0,21,
31,3,11,4,13,3,4,1,0,1980,60,
63,3,10,2,9,0,4,1,0,0,40,
41,3,11,2,3,0,4,1,0,0,40,
48,3,9,2,6,0,4,1,0,0,40,
45,3,9,0,11,1,4,0,0,0,35,
24,3,9,2,6,0,4,1,0,0,40,
34,3,10,0,9,1,2,1,0,0,40,
27,3,13,4,11,1,4,0,0,0,40,
26,3,11,4,2,3,4,1,0,0,48,
27,3,9,4,5,3,4,1,0,0,40,
55,3,11,2,3,0,4,1,0,0,40,
38,3,9,2,3,0,4,1,0,0,40,
31,3,9,2,0,5,4,0,0,0,40,
51,5,12,2,11,0,4,1,0,0,40,
56,3,8,2,9,0,4,1,0,0,40,
39,3,12,2,6,0,4,1,0,0,40,
50,3,10,2,2,0,4,1,0,0,40,
34,1,13,2,9,0,4,1,0,2051,40,
44,3,9,0,11,1,4,1,3674,0,50,
21,3,9,4,10,3,4,1,0,0,40,
37,3,10,2,6,0,4,1,0,0,70,
34,8,6,0,14,1,4,1,0,0,40,
18,3,8,4,0,1,4,0,0,0,30,
34,8,9,2,14,0,4,1,2885,0,80,
38,3,9,2,6,0,4,1,0,0,65,
19,3,9,4,0,3,4,1,0,0,12,
46,3,9,2,2,0,4,1,0,0,40,
19,3,10,4,11,3,4,0,0,0,25,
22,3,10,4,11,3,4,0,0,0,20,
38,3,9,2,2,0,4,1,0,0,50,
33,3,14,0,3,3,4,0,14084,0,50,
83,5,9,6,3,1,4,1,0,0,8,
34,3,10,2,12,0,4,1,0,0,40,
38,3,9,2,2,0,4,1,0,0,40,
33,3,10,6,0,4,4,0,0,0,40,
27,3,9,2,0,5,2,0,0,1887,40,
38,3,9,2,2,0,4,1,0,0,60,
25,3,10,4,7,1,4,1,0,0,25,
38,3,9,2,12,0,4,1,0,0,40,
52,3,13,2,3,0,4,1,0,0,48,
33,6,14,4,9,1,4,1,0,0,50,
17,3,7,4,7,3,4,0,0,0,20,
28,3,13,4,3,1,4,0,6849,0,60,
52,1,9,0,0,4,2,0,0,0,40,
34,3,9,5,5,1,4,1,2463,0,40,
25,3,13,4,9,3,4,0,0,0,15,
17,3,5,4,7,3,2,1,0,0,26,
22,3,9,4,7,3,2,1,0,0,80,
22,3,9,4,5,1,2,1,0,0,40,
46,3,10,2,11,0,4,1,0,1887,40,
58,3,9,0,6,1,2,0,0,0,40,
39,3,10,0,11,2,4,0,0,0,35,
59,1,10,6,7,1,4,0,0,0,40,
61,3,9,2,0,0,4,1,0,0,40,
32,3,11,2,2,0,4,1,0,0,45,
50,3,13,2,3,0,1,1,0,0,40,
51,3,9,2,2,0,4,1,0,0,40,
43,3,13,2,7,5,1,0,0,0,45,
20,3,10,4,2,3,4,1,0,0,40,
38,1,13,2,3,0,2,1,0,0,40,
44,0,11,2,2,0,2,1,0,0,40,
28,3,11,4,11,1,4,1,0,0,50,
50,3,14,2,9,5,4,0,0,0,40,
53,3,16,0,9,1,4,1,0,0,50,
42,5,13,2,11,0,4,1,0,0,45,
47,3,14,2,9,0,1,1,0,0,45,
39,3,9,2,0,5,4,0,0,0,40,
38,5,9,4,4,1,4,1,0,0,60,
34,6,13,4,9,3,4,1,0,0,50,
40,3,10,2,9,5,4,0,0,0,40,
63,3,10,6,11,1,4,0,0,0,20,
53,3,10,2,3,5,4,0,0,0,40,
43,3,11,0,9,1,4,1,0,0,48,
28,3,10,4,3,1,4,1,0,1669,60,
68,3,9,6,3,1,4,0,0,0,10,
22,8,4,4,14,4,4,0,0,0,40,
46,6,13,2,9,0,4,1,0,0,38,
57,3,9,4,0,2,4,0,0,0,40,
38,3,9,0,0,1,4,0,0,0,35,
66,3,14,2,11,0,4,1,0,0,40,
29,3,12,4,11,3,4,0,0,0,40,
54,3,13,2,11,0,4,1,7688,0,50,
38,3,9,4,9,1,4,1,0,0,40,
35,3,7,5,8,4,4,0,0,0,8,
30,3,13,4,9,3,4,0,0,0,37,
39,3,9,4,0,4,2,0,0,0,40,
31,3,14,4,9,1,2,1,0,0,40,
50,3,9,2,6,0,4,1,0,0,50,
30,5,9,2,2,0,4,1,0,0,60,
25,3,13,4,11,3,4,0,0,0,40,
24,3,13,4,8,1,4,0,0,0,40,
59,1,9,5,10,2,2,0,0,2339,40,
45,3,13,2,0,0,4,1,0,0,15,
64,3,3,5,7,2,4,0,0,0,20,
61,3,8,2,7,5,4,0,0,0,40,
42,3,11,0,12,4,4,0,0,0,40,
28,3,3,2,6,0,4,1,0,0,40,
53,3,9,0,5,1,4,1,0,0,40,
33,5,7,0,5,1,4,1,0,0,7,
34,1,14,2,9,0,2,1,0,0,40,
41,3,10,2,7,0,4,1,0,0,48,
67,3,10,2,5,0,4,1,9386,0,24,
46,3,12,6,9,4,4,0,0,0,27,
32,3,9,2,11,5,4,0,0,0,40,
41,3,9,2,13,0,4,1,0,0,40,
30,3,13,2,9,0,3,1,0,0,40,
54,5,13,0,3,1,4,1,0,0,50,
33,3,9,0,7,4,2,1,0,0,40,
20,8,9,4,14,3,4,1,0,0,32,
34,3,13,4,3,1,4,0,0,0,40,
20,3,10,4,11,3,4,1,0,0,30,
17,8,9,4,14,3,2,1,0,0,40,
45,3,10,0,0,1,4,0,0,0,48,
21,3,9,4,7,3,4,1,0,0,40,
25,3,13,2,9,0,4,1,0,0,40,
38,3,9,2,2,0,4,1,0,0,41,
17,3,7,4,2,3,4,0,0,0,15,
35,3,9,0,11,1,4,0,0,0,30,
38,3,13,2,2,0,4,1,0,0,40,
48,1,12,2,10,0,4,1,0,0,56,
25,3,9,4,7,1,2,1,0,0,40,
57,3,14,4,3,1,4,1,0,0,40,
32,3,13,0,3,1,4,0,0,0,50,
39,1,13,5,9,1,2,1,0,0,30,
23,3,13,4,0,3,4,0,0,0,35,
21,3,9,4,5,4,4,1,0,0,45,
47,3,9,0,0,4,4,0,0,0,48,
25,3,4,4,6,2,4,0,0,0,40,
18,8,7,4,14,3,4,0,0,0,35,
41,0,10,3,0,1,2,1,4650,0,40,
19,3,9,4,7,3,4,0,0,0,15,
24,3,9,4,2,1,4,1,0,0,42,
57,3,13,2,3,0,4,1,15024,0,50,
51,8,16,4,14,1,4,1,0,2824,40,
32,3,9,2,13,0,4,1,0,0,40,
28,5,11,2,2,0,4,1,0,0,45,
40,3,13,2,3,0,4,1,0,0,75,
21,6,10,4,9,3,4,1,0,0,20,
45,5,13,2,11,0,4,1,0,0,40,
17,8,8,4,14,3,4,0,0,0,25,
55,3,6,2,13,0,4,1,0,0,50,
42,3,10,2,0,0,2,1,0,0,40,
49,3,9,2,0,0,4,1,0,0,38,
38,3,9,2,5,0,4,1,0,0,40,
50,3,13,4,3,1,4,1,0,0,40,
47,3,9,2,6,0,4,1,0,0,48,
43,3,13,2,3,5,2,0,0,0,40,
39,3,13,2,11,0,4,1,0,0,40,
42,3,9,2,13,0,4,1,0,0,30,
32,3,9,0,2,2,2,0,0,0,50,
44,0,12,0,3,1,4,0,2354,0,40,
50,4,15,2,9,0,4,1,99999,0,80,
55,3,9,0,0,4,0,0,0,0,45,
37,3,9,4,6,3,4,1,0,0,40,
59,3,9,0,0,1,4,0,0,0,40,
56,3,7,2,13,0,4,1,0,0,40,
33,5,8,4,2,1,2,1,0,0,32,
35,3,13,2,12,0,4,1,0,0,40,
44,3,9,4,7,4,4,1,0,0,40,
57,6,9,2,3,0,4,1,0,0,40,
31,3,10,4,3,1,2,0,0,0,40,
18,3,7,4,11,1,4,0,0,0,15,
43,3,9,2,2,0,4,1,0,0,70,
33,3,9,2,2,0,3,1,0,0,40,
18,3,10,4,0,3,4,1,0,0,25,
47,3,13,4,0,3,4,1,0,0,40,
53,3,9,0,7,4,4,0,0,0,40,
59,5,11,4,3,1,4,1,0,0,35,
35,3,14,2,9,0,4,1,0,0,38,
49,3,6,2,3,0,4,1,0,0,40,
26,3,12,4,2,1,4,1,0,0,40,
25,3,9,4,5,1,4,1,0,0,60,
36,6,14,4,9,3,4,0,0,0,30,
29,3,9,4,3,1,4,0,0,0,45,
52,3,6,0,7,2,4,0,0,0,25,
50,5,13,2,11,0,4,1,0,0,50,
22,3,13,4,3,3,1,0,0,0,40,
44,5,14,0,3,4,4,0,0,0,40,
32,3,11,2,5,0,4,1,0,0,40,
49,3,9,0,0,4,4,0,0,0,38,
31,3,2,2,4,0,4,1,0,0,45,
33,3,9,2,7,0,4,1,0,0,40,
50,3,9,2,11,5,4,0,0,0,15,
62,8,9,2,14,0,4,1,0,0,40,
26,3,10,4,0,1,4,0,0,1974,40,
46,8,9,0,14,1,4,0,0,0,15,
55,3,13,2,9,0,4,1,7298,0,40,
49,0,9,6,3,1,4,0,0,0,20,
22,3,9,2,11,5,4,0,0,0,40,
43,3,13,2,3,0,4,1,0,0,38,
58,3,10,2,9,0,4,1,0,0,42,
48,6,14,2,9,0,4,1,15024,0,40,
21,3,7,4,7,3,4,1,0,0,50,
67,1,4,6,7,1,4,0,0,0,20,
39,5,7,2,13,0,4,1,0,0,40,
52,0,11,0,4,1,4,0,0,0,40,
25,3,13,4,9,1,4,1,0,0,40,
27,5,10,4,3,1,4,1,0,0,60,
18,3,7,4,11,3,4,0,0,0,20,
41,1,9,2,13,0,2,1,0,0,40,
59,3,16,4,9,1,4,1,0,0,50,
23,3,12,4,7,3,2,1,0,0,44,
42,3,9,0,7,3,4,0,0,0,15,
54,5,15,2,9,0,4,1,0,0,30,
39,3,9,4,2,1,4,1,0,0,60,
57,1,5,2,7,0,4,1,0,0,40,
51,3,6,0,7,4,4,0,0,0,25,
31,5,4,2,2,0,4,1,0,0,40,
24,3,10,3,0,3,2,0,0,0,45,
35,3,10,4,2,3,4,1,0,0,40,
26,3,13,4,3,1,4,0,0,0,40,
42,4,16,2,9,0,4,1,0,0,45,
31,3,9,2,2,0,4,1,0,0,45,
46,3,13,2,13,0,4,1,0,0,40,
38,6,13,2,3,0,4,1,0,0,37,
51,3,13,2,4,0,4,1,0,0,40,
27,3,9,2,6,0,4,1,0,0,40,
33,8,13,4,14,1,2,1,0,0,45,
22,3,10,2,13,0,4,1,0,0,48,
72,8,9,2,14,0,4,1,0,0,40,
25,3,13,4,5,3,4,1,0,0,40,
58,5,13,2,3,0,4,1,0,0,70,
23,3,10,4,9,1,4,1,0,0,45,
63,3,3,6,7,2,1,0,0,0,19,
23,3,5,5,7,1,4,1,0,0,40,
51,3,14,2,11,0,4,1,15024,0,50,
75,3,1,4,8,1,1,0,0,0,48,
52,3,10,0,11,4,4,0,0,0,50,
69,3,9,2,11,0,4,1,0,0,10,
52,3,16,2,9,0,4,1,0,0,40,
40,0,9,4,0,4,2,0,0,0,40,
34,3,16,2,9,0,4,1,0,0,50,
21,6,10,4,9,1,4,0,0,0,8,
30,3,13,4,9,2,4,0,0,0,40,
46,3,3,2,13,0,0,1,0,1902,40,
21,3,10,4,0,3,4,0,0,0,16,
44,3,9,2,6,0,4,1,0,0,40,
51,6,9,2,0,5,4,0,3908,0,40,
40,3,9,0,0,1,4,0,0,0,32,
33,6,9,2,10,0,4,1,0,0,37,
22,5,9,2,2,0,4,1,0,0,60,
23,3,9,2,3,0,4,1,0,0,30,
75,5,10,3,2,1,4,1,0,0,30,
55,3,7,6,5,4,4,0,0,0,40,
24,8,10,4,14,3,4,1,0,0,20,
45,3,10,0,2,1,4,1,27828,0,56,
31,3,9,4,7,3,4,1,0,0,24,
49,3,9,2,0,0,4,1,0,0,40,
26,1,13,4,9,1,4,0,0,0,40,
61,3,14,2,11,0,4,1,3103,0,50,
44,3,14,2,0,0,4,1,3908,0,50,
28,1,10,4,0,4,2,0,0,0,40,
79,8,9,2,14,0,4,1,0,0,40,
51,3,9,0,7,2,2,0,0,0,30,
44,4,16,2,9,0,4,1,0,0,60,
24,3,13,4,3,1,4,1,0,0,40,
46,4,10,2,3,0,4,1,0,0,40,
36,3,9,6,7,4,1,0,0,0,20,
23,3,8,4,7,1,4,0,0,0,38,
25,3,4,2,5,0,4,1,0,0,40,
48,3,10,2,11,0,2,1,0,0,8,
18,3,7,4,7,2,2,0,0,0,24,
25,3,9,4,2,2,4,1,0,0,40,
19,3,9,4,13,3,4,1,2176,0,45,
26,8,13,2,14,0,4,1,0,2002,40,
33,3,9,4,0,3,4,1,0,0,35,
42,3,9,0,7,4,4,0,0,0,40,
22,3,10,4,0,3,4,0,0,0,40,
36,3,13,2,9,0,4,1,0,0,40,
33,3,9,4,5,3,4,1,0,0,40,
34,5,9,2,3,0,4,1,0,0,70,
33,3,14,2,9,0,4,1,0,0,45,
62,5,15,2,9,0,4,1,0,0,15,
30,3,10,4,3,3,2,0,0,0,40,
22,3,10,4,0,3,4,0,0,0,40,
34,3,11,0,2,1,4,1,0,0,40,
43,3,9,6,6,4,4,0,0,0,60,
25,3,13,4,2,3,4,1,0,0,40,
35,3,9,6,7,3,4,0,0,0,40,
28,3,12,4,7,1,2,0,0,0,40,
28,3,10,0,11,4,4,0,0,0,45,
25,3,9,4,5,4,2,0,0,0,25,
40,3,9,2,2,0,4,1,0,0,40,
35,3,5,2,2,0,3,1,0,0,40,
48,5,4,4,4,1,4,1,0,0,50,
63,5,9,2,2,0,4,1,2290,0,20,
31,3,13,2,0,5,4,0,0,0,40,
36,3,12,2,2,0,4,1,0,0,45,
39,3,10,2,6,0,4,1,0,0,40,
24,3,9,4,7,3,2,0,0,0,40,
32,1,13,4,9,1,4,1,0,0,35,
46,3,1,2,6,5,4,0,0,0,40,
19,3,9,4,11,3,4,1,0,0,35,
30,3,10,4,12,1,1,1,0,0,40,
35,3,11,4,2,1,4,1,0,0,40,
23,8,13,4,14,1,4,1,0,0,55,
33,3,9,2,13,0,4,1,0,0,55,
25,3,9,5,2,1,4,1,0,0,40,
64,1,9,2,7,0,1,1,0,0,35,
18,3,9,4,7,3,1,0,0,0,20,
59,3,7,2,2,0,4,1,0,0,40,
45,6,9,0,10,4,2,0,0,0,40,
30,3,16,4,9,1,4,0,0,0,15,
24,3,3,4,6,2,4,0,0,0,40,
22,3,9,4,7,4,4,0,0,0,35,
49,4,10,2,2,0,1,1,0,0,56,
35,3,8,2,6,0,4,1,0,0,40,
48,1,14,4,9,4,4,0,0,1380,40,
18,3,8,4,11,3,4,0,0,0,20,
35,3,10,2,5,0,4,1,0,0,40,
27,3,9,4,3,3,4,1,0,0,40,
28,3,13,4,2,1,2,1,0,0,60,
21,8,10,4,14,3,1,1,0,0,40,
26,3,10,4,7,3,2,0,0,0,50,
44,3,13,2,9,0,4,1,0,1848,40,
39,3,9,5,6,1,2,1,0,0,40,
40,6,13,0,2,1,4,1,0,0,40,
70,5,13,2,9,0,4,1,20051,0,35,
34,3,14,4,3,4,4,0,0,0,50,
34,3,12,0,0,1,2,1,0,0,40,
66,3,10,2,3,0,4,1,0,0,50,
40,3,9,5,13,4,2,1,0,0,40,
61,5,9,2,3,0,4,1,0,1887,40,
59,5,4,2,2,0,4,1,0,0,40,
28,8,14,4,14,1,2,0,0,0,40,
47,3,9,2,6,0,4,1,0,0,40,
33,6,13,2,9,0,4,1,0,0,60,
18,3,7,4,7,2,4,1,0,0,20,
25,3,5,4,2,4,4,1,914,0,40,
22,3,10,4,0,1,4,1,0,0,20,
40,1,13,2,10,0,2,1,0,0,40,
68,8,9,2,14,0,4,1,0,0,25,
30,3,12,0,0,3,4,0,0,1762,40,
73,5,4,2,4,0,4,1,6418,0,99,
45,5,4,2,2,0,4,1,0,0,10,
23,3,7,4,0,4,2,1,0,0,35,
40,3,13,2,11,0,4,1,0,0,45,
39,3,13,2,3,0,4,1,0,1977,40,
23,3,10,2,5,0,4,1,0,0,40,
51,3,9,0,2,3,2,1,0,0,40,
53,3,9,2,4,0,4,1,0,0,45,
24,3,13,4,12,1,4,1,0,0,35,
53,3,13,0,3,4,4,1,0,0,40,
49,5,16,2,9,0,4,1,0,0,60,
34,3,9,2,2,0,4,1,0,0,40,
37,5,9,2,2,0,4,1,0,0,47,
40,6,11,2,2,0,4,1,0,0,40,
23,6,10,4,9,3,4,0,0,0,6,
36,3,14,4,0,1,4,1,13550,0,50,
35,3,13,4,12,1,1,0,4650,0,40,
53,0,13,0,3,4,2,0,0,0,50,
42,1,10,0,13,1,4,1,0,0,65,
32,3,14,2,3,5,4,0,0,0,40,
33,3,9,0,0,3,3,0,0,0,65,
59,3,9,4,2,1,2,1,0,0,60,
36,3,10,2,6,0,4,1,0,0,44,
37,5,15,2,9,0,4,1,0,0,40,
31,3,10,4,11,1,4,1,0,0,45,
46,3,13,2,10,0,4,1,0,0,40,
44,6,13,4,9,1,1,0,0,0,38,
27,3,13,2,3,0,4,1,0,1485,60,
29,5,9,4,4,1,4,1,0,0,40,
39,3,10,2,3,0,4,1,0,0,40,
62,5,9,2,4,0,4,1,0,0,65,
48,5,14,6,3,4,4,0,0,0,40,
42,3,9,4,3,4,2,0,0,0,25,
60,1,14,2,9,0,4,1,0,0,48,
35,3,13,4,3,1,4,0,0,0,40,
39,3,10,4,6,1,4,1,0,0,40,
34,4,12,2,0,5,4,0,0,0,36,
22,3,10,4,0,2,2,1,0,0,22,
18,8,9,6,14,3,4,1,0,0,40,
44,3,11,2,2,0,4,1,0,0,40,
44,6,9,0,0,1,4,0,0,0,40,
49,1,13,0,3,4,4,0,0,625,40,
21,3,9,4,6,1,4,1,0,0,50,
49,3,11,4,11,2,2,1,0,0,40,
52,3,7,5,5,4,4,1,0,0,40,
39,1,13,2,9,0,4,1,0,1887,40,
23,3,13,4,9,3,4,1,0,0,40,
54,3,9,2,2,0,4,1,0,0,49,
31,3,9,0,7,1,4,0,0,0,25,
30,6,14,4,0,1,2,0,0,0,20,
21,3,10,4,11,3,4,1,0,0,40,
38,1,13,2,10,0,1,1,0,0,40,
51,3,10,2,13,0,4,1,0,0,40,
34,5,16,2,9,0,4,1,0,0,50,
22,3,13,4,3,4,4,0,0,0,30,
20,8,10,4,14,3,4,0,0,0,45,
26,3,13,4,3,1,4,1,0,1974,55,
26,3,10,4,7,1,4,0,0,0,35,
41,3,10,2,2,0,4,1,0,0,40,
35,3,13,2,11,0,4,1,0,0,40,
27,1,10,4,13,3,4,1,0,0,40,
65,3,10,2,10,0,4,1,0,0,40,
31,3,7,2,4,0,4,1,0,0,65,
45,4,15,2,9,0,4,1,0,0,35,
37,5,12,2,13,0,4,1,0,0,50,
47,3,9,2,13,0,4,1,0,1887,45,
47,4,12,2,3,0,4,1,0,0,50,
33,3,9,2,9,0,4,1,0,0,40,
40,3,6,2,2,0,2,1,0,0,40,
38,3,10,2,2,0,1,1,0,0,40,
21,3,10,4,11,1,4,1,0,0,40,
40,3,9,2,0,0,4,1,0,0,40,
33,3,9,0,13,1,2,1,0,0,55,
29,3,10,4,12,1,4,1,0,0,52,
41,3,10,5,13,1,4,1,0,0,35,
20,8,10,4,14,3,4,0,0,0,30,
20,6,10,4,3,3,4,1,0,0,54,
34,5,6,2,4,0,4,1,0,0,40,
78,4,13,2,3,0,4,1,9386,0,45,
46,3,9,2,2,0,4,1,0,0,40,
40,3,11,2,9,0,4,1,0,0,40,
59,3,10,2,3,0,4,1,0,0,40,
23,3,9,4,5,1,4,1,0,0,40,
23,3,10,4,0,3,4,1,0,0,24,
47,5,10,2,2,0,4,1,0,0,30,
31,1,13,2,7,0,4,1,0,0,38,
42,5,10,2,5,0,4,1,0,0,56,
46,1,9,0,9,1,4,0,0,0,40,
29,3,9,0,6,1,4,1,0,0,44,
21,3,9,2,0,0,4,1,0,0,40,
55,3,9,2,2,0,4,1,0,0,40,
38,3,11,4,12,3,4,0,0,0,40,
44,6,14,2,3,0,4,1,0,0,40,
61,5,10,0,3,1,4,1,0,0,50,
38,6,13,4,3,3,4,1,0,0,40,
50,4,13,2,9,0,4,1,0,0,45,
53,3,14,2,9,0,4,1,0,0,40,
37,3,9,2,6,0,2,1,0,0,36,
49,3,14,2,3,0,4,1,0,0,45,
30,3,10,2,6,0,4,1,0,0,40,
19,3,11,4,9,3,4,0,0,0,40,
59,5,9,0,9,1,4,1,0,0,20,
43,3,13,2,3,0,4,1,0,0,40,
29,1,13,2,9,0,4,1,0,0,60,
49,3,15,2,9,0,4,1,0,0,45,
36,3,9,0,13,1,4,1,0,0,50,
26,3,7,4,7,3,2,1,1055,0,32,
18,3,10,4,11,1,4,0,0,0,20,
60,3,10,6,11,1,4,0,0,0,15,
43,3,9,0,0,4,4,0,0,0,40,
42,3,9,4,7,3,4,0,0,0,40,
41,3,9,0,11,1,4,1,0,0,50,
55,5,14,2,9,0,4,1,0,1977,40,
31,3,13,4,0,3,4,0,0,0,40,
20,3,10,4,5,3,4,1,0,0,40,
37,3,14,2,3,0,4,1,0,0,40,
51,5,10,2,2,0,4,1,0,0,55,
28,3,10,2,11,0,4,1,0,1902,55,
24,3,11,4,11,1,4,0,0,0,40,
21,6,10,4,0,3,4,0,0,0,30,
21,3,9,4,11,1,4,1,0,0,50,
20,8,10,4,14,3,4,0,0,0,40,
35,3,9,0,0,1,4,0,0,0,45,
30,3,10,2,2,1,4,1,0,0,40,
44,5,9,2,2,0,4,1,0,0,30,
45,3,13,2,2,0,1,1,0,0,40,
42,3,6,2,3,0,4,1,0,0,40,
36,8,9,0,14,1,4,0,0,0,40,
32,3,13,0,3,1,4,0,0,0,40,
33,3,9,4,5,1,4,1,0,0,40,
27,3,5,2,2,0,4,1,0,0,32,
17,3,6,4,7,3,4,0,0,0,15,
45,1,9,4,0,4,4,0,0,0,40,
41,3,13,2,9,0,4,1,0,0,40,
19,3,10,4,6,1,4,0,0,0,35,
45,3,11,0,7,1,4,0,0,0,8,
41,4,16,2,9,0,4,1,99999,0,70,
34,1,9,2,7,5,4,0,0,1740,35,
33,3,13,4,0,1,4,1,0,0,60,
17,8,6,4,14,3,3,0,0,0,20,
51,3,13,0,11,1,4,0,0,0,60,
33,3,9,0,5,3,4,1,0,0,20,
23,3,10,4,5,2,4,0,0,0,18,
52,3,13,3,9,1,4,1,0,0,30,
36,8,10,0,14,3,4,0,0,0,32,
25,3,9,4,0,4,2,0,0,0,40,
38,8,10,2,14,5,4,0,0,0,20,
64,5,5,5,13,1,4,1,0,0,45,
42,3,14,2,9,0,4,1,7688,0,40,
29,3,9,4,13,3,4,1,0,0,40,
26,1,13,4,9,1,4,0,0,0,38,
38,8,9,2,14,0,4,1,0,0,24,
24,3,6,4,7,2,4,1,0,0,30,
43,0,10,2,3,0,4,1,0,0,40,
38,3,6,2,2,0,4,1,3103,0,40,
28,3,13,2,11,0,4,1,0,0,45,
18,8,10,4,14,3,4,0,0,0,25,
44,3,11,2,2,0,2,1,0,0,40,
81,8,9,2,14,0,4,1,0,0,18,
55,3,9,2,3,0,4,1,0,0,40,
52,3,7,6,7,4,2,0,0,0,40,
31,3,13,2,9,0,4,1,0,0,40,
35,3,9,0,0,4,4,0,0,0,40,
39,3,9,4,6,4,2,0,0,0,36,
27,3,9,4,13,3,4,1,0,0,40,
23,6,10,4,0,1,4,1,0,0,15,
26,3,7,5,2,2,4,1,2907,0,50,
33,3,11,4,7,1,4,1,0,0,40,
39,3,10,4,2,4,4,0,0,0,40,
44,3,9,0,13,1,4,1,0,0,40,
38,3,9,0,3,4,4,0,0,0,40,
18,3,8,4,7,3,4,1,0,0,15,
54,3,9,6,7,1,4,0,0,0,15,
45,3,9,4,0,3,2,0,0,0,40,
43,3,14,2,3,0,1,1,0,0,40,
23,1,13,4,9,3,4,0,0,0,40,
37,3,10,4,3,1,4,1,2174,0,40,
33,5,7,2,2,0,4,1,0,0,50,
45,3,13,2,13,0,4,1,0,0,50,
32,4,13,4,3,1,4,1,0,0,55,
47,3,4,2,2,0,4,1,0,0,40,
44,3,12,2,9,0,4,1,0,0,40,
22,3,9,4,6,3,4,1,0,0,40,
17,3,7,4,11,3,4,1,0,0,30,
64,4,16,2,3,0,4,1,0,1902,60,
30,1,13,2,10,0,4,1,0,0,45,
51,3,13,2,9,0,4,1,0,0,70,
26,6,9,4,10,1,4,1,0,0,40,
31,3,10,4,11,1,4,0,0,1504,40,
50,3,7,2,2,0,4,1,0,0,40,
18,8,10,4,14,3,4,1,594,0,10,
63,3,9,4,3,3,4,0,0,0,40,
48,3,11,2,3,0,4,1,0,0,43,
37,4,13,2,11,0,4,1,0,2415,50,
51,8,9,2,14,0,4,1,0,0,28,
29,3,9,4,3,1,4,0,0,0,38,
69,3,14,2,9,0,4,1,0,0,25,
56,3,9,2,13,0,4,1,0,0,60,
26,8,13,2,14,5,4,0,0,0,40,
39,1,14,2,9,0,4,1,7298,0,40,
42,5,9,5,7,1,4,0,0,0,22,
41,0,9,2,12,0,4,1,0,0,40,
45,3,9,2,6,0,4,1,0,1887,40,
23,3,10,4,0,3,4,1,0,0,40,
29,3,13,4,9,1,4,1,0,0,50,
34,3,10,2,2,0,4,1,0,0,50,
31,8,13,2,14,5,4,0,0,1902,20,
46,1,13,2,9,5,4,0,0,0,40,
46,7,9,2,6,5,4,0,0,0,25,
33,3,3,5,7,4,4,0,0,0,40,
46,3,11,2,0,0,4,1,0,0,40,
26,3,9,4,7,3,2,0,0,0,40,
49,1,13,0,9,4,4,0,0,0,50,
66,8,9,6,14,1,3,0,0,0,35,
55,6,9,2,12,5,4,0,0,1887,40,
35,3,9,2,6,0,4,1,0,0,40,
27,3,10,0,0,4,4,0,0,0,40,
31,3,9,4,3,3,4,0,0,0,40,
47,3,10,5,0,4,4,0,0,0,16,
48,5,9,2,2,0,4,1,0,0,40,
27,3,10,4,0,1,4,0,0,0,56,
38,3,9,0,0,1,4,0,0,0,40,
27,3,9,2,3,5,4,0,0,0,40,
23,8,12,4,14,3,4,1,0,1721,20,
17,3,8,4,7,3,4,1,0,0,15,
44,6,13,2,3,0,4,1,0,0,40,
26,3,9,2,11,0,4,1,0,0,48,
37,3,9,4,13,2,4,0,0,0,40,
49,3,13,2,3,0,4,1,0,0,55,
42,3,9,2,2,0,4,1,0,0,40,
26,3,13,4,9,1,4,0,0,0,40,
73,8,11,3,14,1,4,0,0,0,32,
44,3,10,2,2,0,4,1,0,0,40,
47,3,14,4,9,1,4,0,0,0,40,
28,8,10,0,14,3,4,0,0,0,20,
49,3,10,0,12,1,4,1,0,0,40,
17,3,9,4,11,3,4,0,0,0,20,
42,3,10,0,9,1,4,1,0,0,40,
30,3,6,2,2,0,4,1,0,0,40,
36,6,11,2,12,0,1,1,0,0,37,
53,3,13,4,9,1,4,0,0,0,40,
23,3,9,2,5,0,2,1,0,0,40,
35,3,9,0,7,1,4,0,0,0,40,
32,3,7,4,2,1,0,1,13550,0,60,
39,3,13,6,9,4,4,0,0,0,50,
40,3,14,2,9,0,4,1,0,0,60,
28,3,10,2,0,0,4,1,0,0,40,
32,3,9,4,13,3,4,1,0,0,40,
42,3,10,4,0,3,4,0,0,0,40,
35,3,13,4,0,1,4,0,0,0,43,
35,3,8,4,6,4,2,0,0,0,40,
21,3,9,4,6,3,4,1,0,0,40,
71,3,4,6,3,1,4,1,6097,0,40,
31,3,9,5,7,1,4,1,0,0,40,
25,1,10,4,0,4,2,0,0,0,40,
35,3,9,4,0,3,4,0,6849,0,40,
24,3,9,4,7,2,4,1,0,0,25,
69,3,10,2,11,0,4,1,0,0,25,
35,5,14,2,11,0,1,1,0,0,40,
35,3,13,2,11,0,4,1,0,0,40,
42,3,13,4,11,1,4,1,10520,0,50,
51,3,11,2,12,0,4,1,0,0,40,
48,3,9,0,13,1,4,1,0,0,44,
49,3,11,2,0,0,4,1,0,0,40,
53,3,12,2,3,0,4,1,2407,0,99,
43,3,10,2,0,0,4,1,0,0,40,
53,3,13,2,3,0,4,1,0,0,40,
35,3,9,4,6,3,4,1,0,0,40,
36,3,9,4,7,1,4,0,0,0,40,
34,1,14,4,9,1,4,0,0,0,40,
48,3,10,2,7,0,4,1,0,0,40,
53,3,9,0,0,1,4,0,0,0,40,
37,3,10,0,5,3,4,1,0,1504,40,
49,6,15,0,3,1,4,0,0,0,40,
30,8,10,2,14,0,4,1,0,0,40,
41,3,9,2,2,0,4,1,0,0,40,
25,3,10,4,7,3,4,0,0,0,40,
24,3,10,2,2,0,4,1,0,0,65,
34,3,9,4,2,3,4,1,0,0,40,
29,3,9,4,2,4,4,0,0,0,42,
23,3,13,4,12,1,2,0,0,0,45,
46,3,10,5,11,1,4,1,0,0,42,
20,3,10,4,7,3,4,0,0,0,15,
63,3,8,2,2,0,4,1,0,0,40,
40,5,14,2,11,0,4,1,3103,0,50,
33,3,12,0,9,1,4,1,0,0,50,
24,0,10,4,0,3,2,0,0,0,40,
36,3,10,4,7,3,4,1,0,0,45,
25,3,9,4,9,3,4,1,0,0,40,
54,1,5,2,7,0,4,1,0,0,40,
50,5,13,0,11,1,4,1,0,0,50,
58,6,13,2,3,0,4,1,0,0,40,
17,3,7,4,7,3,4,1,0,0,20,
40,3,9,2,3,0,4,1,7688,0,50,
27,3,13,4,11,3,4,1,0,0,40,
20,3,9,5,11,3,4,0,0,0,26,
22,3,7,2,2,0,4,1,0,0,35,
80,5,7,2,3,0,4,1,0,0,25,
52,3,9,0,13,1,4,1,0,0,45,
40,0,13,2,0,0,4,1,7298,0,48,
48,3,6,5,6,3,4,0,0,0,48,
62,3,9,2,5,0,4,1,0,0,25,
32,3,12,2,12,0,4,1,0,0,42,
21,8,10,4,14,1,4,0,0,0,28,
58,0,13,2,3,0,4,1,0,0,40,
37,5,14,2,3,0,4,1,0,0,60,
29,4,16,2,9,0,4,1,0,0,35,
25,3,9,4,7,1,4,1,0,0,40,
26,3,10,4,6,3,4,1,0,0,40,
50,3,10,2,11,0,4,1,0,0,50,
30,0,13,2,9,0,4,1,0,0,40,
30,1,13,2,9,0,4,1,0,0,80,
59,3,9,6,7,1,4,0,0,0,10,
36,3,9,4,5,3,4,1,0,0,40,
37,3,14,2,3,0,4,1,0,0,50,
42,3,13,2,3,5,4,0,0,0,40,
34,3,13,2,3,0,2,1,0,0,45,
27,5,5,2,2,0,4,1,0,0,40,
39,3,13,2,12,0,4,1,0,0,50,
41,3,11,2,7,0,1,1,7298,0,60,
34,5,13,2,2,0,1,1,15024,0,70,
41,3,10,2,3,0,4,1,0,0,40,
50,3,10,0,0,4,2,0,0,0,40,
18,3,9,4,5,2,4,0,0,0,28,
23,3,13,4,3,3,4,0,0,0,15,
26,3,9,2,2,0,4,1,0,0,48,
38,3,10,2,13,0,4,1,7298,0,60,
27,3,10,2,9,0,4,1,0,0,88,
21,3,6,4,5,1,3,1,0,0,40,
41,3,9,2,7,0,4,1,0,0,40,
42,5,12,0,2,3,0,1,0,0,35,
25,3,6,4,6,3,4,1,0,0,40,
43,3,13,2,11,0,4,1,0,0,40,
23,3,10,4,5,3,4,1,0,0,15,
40,1,13,2,9,0,4,1,7688,0,40,
23,3,10,4,11,3,2,1,0,0,9,
18,3,7,4,7,1,4,0,0,0,20,
37,3,13,4,3,1,4,1,0,0,50,
58,3,5,2,6,0,2,1,3781,0,40,
36,3,10,4,2,1,4,1,0,0,40,
36,3,12,2,9,0,4,1,0,0,40,
25,3,11,2,9,5,4,0,7688,0,40,
62,3,13,2,3,0,4,1,15024,0,40,
34,3,10,2,13,0,4,1,4064,0,40,
27,3,13,4,9,1,4,0,4865,0,36,
23,3,9,4,11,3,4,1,0,0,35,
55,3,9,0,0,1,4,0,0,0,40,
42,3,9,2,6,0,4,1,0,0,40,
22,3,9,4,0,3,2,0,0,0,38,
44,3,12,2,11,0,4,1,4386,0,40,
42,1,10,2,13,0,4,1,0,0,40,
21,3,9,4,0,4,4,1,0,0,40,
25,3,12,0,0,1,2,0,0,0,45,
31,3,2,5,5,4,4,1,0,0,35,
42,3,10,0,2,1,4,1,0,0,38,
26,3,5,2,2,0,4,1,0,0,20,
62,3,10,2,3,0,4,1,0,1977,98,
28,3,13,2,3,0,4,1,5178,0,50,
34,3,14,2,3,0,4,1,0,0,40,
51,3,13,2,5,0,4,1,0,0,40,
45,1,14,2,9,5,4,0,0,0,45,
44,3,10,2,13,0,4,1,0,0,50,
47,8,4,2,14,0,4,1,0,0,10,
35,3,10,3,4,3,4,1,0,0,40,
46,3,4,2,13,0,4,1,0,0,40,
46,3,12,4,12,1,4,1,0,0,56,
46,3,13,2,3,0,4,1,0,0,53,
66,5,13,2,3,0,4,1,0,0,8,
34,6,9,5,0,4,4,0,0,0,20,
26,3,12,2,11,0,4,1,0,0,40,
29,3,9,2,2,0,4,1,0,0,40,
30,3,9,4,7,1,2,1,0,0,40,
23,3,13,4,0,3,4,0,0,0,40,
46,3,5,2,6,5,4,0,0,0,40,
44,8,6,2,14,0,4,1,0,0,40,
54,3,14,2,11,0,4,1,0,0,68,
54,5,4,2,4,0,4,1,0,0,60,
71,3,5,6,11,4,4,0,0,0,13,
51,3,8,2,2,0,4,1,0,0,45,
32,3,9,4,2,1,4,1,0,0,40,
75,8,9,1,14,5,4,0,2653,0,14,
57,3,7,3,2,1,4,1,0,0,40,
34,3,5,4,2,1,4,1,0,0,40,
40,3,13,0,11,1,4,1,14084,0,40,
21,3,9,4,3,3,4,0,0,0,40,
50,3,14,2,9,0,4,1,0,0,40,
32,3,11,4,2,1,4,1,0,0,44,
37,1,13,2,9,5,4,0,0,0,50,
19,3,4,2,2,0,4,1,0,0,99,
64,3,9,6,0,1,4,0,0,0,30,
17,3,7,4,7,3,2,1,0,0,20,
37,3,11,2,7,0,4,1,0,0,40,
32,3,10,4,2,1,4,1,4650,0,45,
20,3,10,4,7,3,2,1,0,0,20,
39,5,16,4,9,1,4,1,4787,0,40,
18,3,8,4,5,3,4,1,0,0,40,
42,3,14,2,9,0,4,1,0,1902,50,
43,3,10,2,11,0,4,1,3103,0,40,
42,3,13,2,0,0,4,1,0,0,55,
53,1,13,2,9,5,4,0,0,0,60,
52,3,9,2,11,0,4,1,0,0,40,
51,3,6,4,4,3,4,1,0,0,40,
77,4,10,2,11,0,4,1,0,0,8,
25,3,10,4,11,3,2,0,3418,0,30,
38,1,10,4,9,3,4,1,0,0,40,
20,3,9,4,7,1,4,1,0,0,40,
23,3,9,4,2,1,4,1,0,0,30,
27,3,9,4,0,3,4,0,0,0,40,
19,3,7,4,7,3,4,0,0,0,40,
41,3,13,2,11,0,4,1,0,0,40,
47,0,10,2,3,0,2,1,0,0,40,
72,8,13,5,14,1,4,0,991,0,7,
42,3,14,4,3,1,4,0,4650,0,40,
36,3,13,2,11,0,4,1,0,0,40,
42,4,14,2,4,0,4,1,0,0,60,
24,3,13,4,0,3,4,0,0,0,40,
22,3,9,4,5,3,4,1,0,0,40,
29,3,2,2,7,0,4,1,0,0,40,
42,3,15,2,3,0,4,1,15024,0,40,
24,3,13,4,9,3,4,1,0,0,20,
41,3,10,2,0,0,4,1,0,0,45,
29,3,9,4,10,1,1,1,0,0,40,
36,3,9,0,2,3,4,1,0,0,40,
78,4,9,6,11,1,4,1,0,0,45,
43,3,11,2,12,5,4,0,0,1902,32,
34,6,10,5,3,3,4,0,0,0,40,
20,8,10,4,14,3,4,0,0,0,40,
24,3,8,2,2,0,4,1,0,0,40,
36,0,11,2,12,0,4,1,0,0,40,
49,3,10,2,11,0,4,1,0,0,44,
21,3,5,4,13,3,4,1,0,0,40,
51,3,12,5,7,1,2,0,0,0,40,
30,3,9,2,12,0,4,1,0,0,40,
37,3,9,4,2,1,4,1,0,0,40,
30,3,11,4,0,1,4,0,0,0,40,
20,8,10,4,14,2,2,1,34095,0,10,
24,1,9,4,7,3,4,1,0,0,40,
32,3,13,2,11,0,4,1,0,0,42,
36,3,10,0,9,1,4,1,0,0,50,
30,3,7,3,5,4,4,0,0,0,40,
60,6,10,2,13,0,4,1,0,0,40,
56,1,10,0,3,1,4,0,0,0,40,
57,3,7,2,6,0,4,1,0,0,40,
61,0,13,2,3,5,4,0,0,0,40,
50,3,9,2,2,0,4,1,0,0,40,
56,5,9,2,3,0,4,1,0,0,48,
61,4,10,2,11,0,4,1,0,1902,35,
45,3,14,0,3,4,4,1,7430,0,70,
31,3,14,2,9,0,4,1,5178,0,40,
60,5,9,4,3,1,2,1,0,2559,50,
26,3,10,2,9,0,4,1,0,0,40,
56,5,7,2,7,5,4,0,0,0,40,
45,3,7,6,7,4,4,0,0,0,40,
28,3,12,4,3,1,4,1,0,0,65,
45,5,10,2,3,0,0,1,0,0,40,
58,3,5,2,5,0,4,1,0,0,40,
38,3,11,4,12,1,4,0,2354,0,40,
23,3,13,4,3,3,4,0,0,0,40,
49,3,9,2,2,0,4,1,0,0,40,
19,3,10,4,11,3,4,0,0,0,25,
22,3,9,4,7,3,4,1,0,0,40,
23,3,9,2,6,0,4,1,0,0,50,
23,3,9,2,0,5,4,0,3908,0,40,
40,3,9,2,2,0,4,1,0,0,25,
55,0,13,4,9,1,4,0,0,0,40,
34,6,11,4,9,1,4,0,0,0,40,
21,3,9,2,6,0,2,1,0,0,40,
28,3,9,4,7,3,4,0,0,0,40,
43,0,13,3,12,1,1,1,0,0,40,
17,3,5,4,13,1,4,1,0,0,20,
51,5,6,6,13,2,4,0,0,0,40,
37,3,9,2,11,0,4,1,0,0,40,
54,4,13,2,11,0,4,1,0,0,50,
24,3,13,4,11,1,4,1,0,0,30,
35,3,9,2,2,0,4,1,0,0,40,
48,3,9,4,6,1,2,0,2174,0,40,
23,3,11,4,6,3,4,1,0,0,40,
24,3,9,4,8,1,4,0,0,0,45,
24,3,11,4,0,3,4,0,0,0,20,
50,3,4,2,2,0,4,1,3411,0,40,
34,3,9,2,13,0,4,1,0,0,40,
45,3,9,0,0,1,4,0,0,0,40,
36,3,7,4,2,3,4,1,0,0,40,
33,3,13,2,3,0,4,1,0,0,45,
21,3,9,4,7,3,4,0,0,0,20,
32,3,9,2,2,0,4,1,0,0,40,
22,3,3,4,4,2,4,1,0,0,40,
53,3,9,2,12,0,4,1,0,0,40,
36,3,9,2,6,0,4,1,0,0,40,
22,3,13,4,11,3,4,1,0,0,40,
47,3,9,2,10,5,2,0,0,0,40,
25,8,10,4,14,1,0,0,0,0,20,
30,3,9,0,6,4,4,0,0,0,20,
49,8,9,6,14,1,2,0,0,0,40,
23,3,10,4,11,3,4,1,0,0,40,
40,3,6,5,13,3,4,1,0,0,35,
45,1,12,0,12,3,4,1,0,0,40,
61,1,13,2,9,0,4,1,0,0,42,
35,3,9,0,3,4,4,0,0,0,55,
20,3,10,4,7,3,4,0,0,0,25,
27,3,6,4,0,3,4,1,0,0,60,
23,3,9,4,0,3,4,0,0,0,40,
25,3,13,2,9,0,4,1,0,0,40,
65,1,10,6,0,1,4,0,0,0,35,
25,3,9,4,0,4,2,0,0,0,40,
49,3,13,2,11,0,1,1,0,1977,50,
45,3,13,0,0,4,4,0,0,0,40,
46,3,14,0,3,4,4,0,0,323,45,
67,3,9,6,11,1,4,0,0,0,32,
40,3,9,6,6,4,4,0,0,0,40,
51,3,10,2,3,0,4,1,0,0,60,
44,5,13,2,3,0,4,1,0,2415,50,
35,3,9,2,13,0,4,1,0,0,60,
28,3,10,4,11,1,4,1,0,0,40,
44,3,9,0,5,1,4,0,0,0,48,
37,3,10,2,2,0,4,1,0,0,50,
54,3,10,2,13,0,4,1,0,0,45,
33,0,15,2,9,5,4,0,0,0,40,
46,3,9,0,3,1,4,0,0,0,40,
45,3,14,2,3,0,4,1,4386,0,40,
27,3,12,4,3,1,4,1,3325,0,40,
49,3,14,2,11,0,4,1,0,0,50,
51,3,9,0,11,1,4,1,0,0,45,
27,3,9,2,5,0,4,1,0,0,40,
36,3,9,2,6,0,4,1,0,0,40,
59,3,13,2,9,0,4,1,15024,0,40,
24,3,10,4,11,3,4,0,0,0,15,
66,8,11,6,14,1,4,0,0,0,40,
31,3,9,4,7,3,4,0,0,0,38,
35,0,16,4,9,1,0,0,0,0,60,
34,3,13,2,7,5,1,0,7688,0,50,
50,3,10,2,10,0,2,1,0,0,70,
43,4,9,2,11,0,4,1,0,0,50,
21,3,5,4,2,3,4,1,0,0,30,
33,3,5,4,7,1,4,1,0,0,45,
48,3,10,0,0,1,4,0,0,1590,38,
22,3,9,4,8,3,4,0,0,0,36,
29,3,14,2,3,0,1,1,0,0,40,
42,5,11,2,9,0,4,1,0,0,40,
28,5,9,2,2,0,4,1,0,0,50,
36,3,9,4,9,1,4,0,0,0,38,
66,1,9,6,7,1,4,0,0,0,25,
44,3,13,2,9,5,4,0,0,0,20,
45,1,10,0,0,4,2,0,0,0,40,
49,3,9,0,7,3,2,0,0,0,40,
36,3,13,0,9,4,4,0,0,0,45,
48,3,7,2,5,0,4,1,0,0,60,
19,3,9,4,13,3,4,1,0,0,40,
36,3,13,2,0,0,4,1,0,0,40,
41,3,14,2,3,0,4,1,0,0,45,
32,3,10,2,11,0,4,1,0,0,50,
49,3,9,2,2,0,4,1,0,0,40,
51,5,9,2,3,5,4,0,0,0,40,
20,3,10,0,7,3,4,0,0,0,29,
39,3,13,4,0,3,4,0,0,0,40,
38,3,9,2,12,0,4,1,0,0,40,
19,3,10,4,7,3,4,0,0,0,25,
29,1,13,4,5,3,4,1,0,0,40,
52,4,9,2,11,0,1,1,0,0,40,
22,3,11,4,2,1,4,1,0,0,44,
44,4,10,2,3,0,4,1,0,0,80,
43,3,9,0,2,1,4,1,0,0,40,
41,1,10,2,13,0,4,1,3942,0,40,
63,8,9,2,14,0,4,1,0,0,40,
40,3,11,5,11,1,2,1,0,0,44,
40,3,13,4,3,1,4,1,0,0,30,
18,3,7,4,11,3,4,0,0,0,15,
57,4,15,2,9,0,1,1,0,0,50,
54,1,13,2,3,0,1,1,0,0,40,
44,3,13,0,9,4,4,0,0,0,40,
20,3,10,4,11,1,4,1,0,0,30,
40,3,10,2,7,5,4,0,0,0,40,
29,3,10,4,13,4,4,1,0,0,40,
22,3,13,4,0,1,4,1,0,0,40,
44,3,14,2,3,0,4,1,5178,0,40,
45,3,10,0,11,3,4,1,0,0,45,
52,3,13,2,9,0,4,1,0,0,40,
57,3,9,5,6,1,4,1,2174,0,40,
51,1,9,0,10,1,4,1,0,0,40,
23,3,13,4,11,3,2,1,0,0,10,
22,3,11,2,7,0,4,1,0,0,44,
37,3,10,0,3,1,4,0,0,0,40,
58,0,9,0,0,4,2,0,0,0,40,
61,3,6,6,4,4,4,1,0,0,20,
30,3,14,4,9,1,4,0,0,0,45,
23,3,10,4,0,3,4,0,0,0,40,
30,3,6,0,7,1,0,1,0,0,40,
18,3,9,4,7,3,4,1,0,0,25,
34,3,10,2,7,5,4,0,0,1628,12,
23,3,9,4,5,2,2,1,0,0,40,
23,3,10,4,8,3,4,0,0,0,10,
57,3,13,2,11,0,4,1,0,0,55,
58,3,9,2,3,0,4,1,0,0,45,
59,5,9,2,13,0,4,1,0,0,40,
27,3,13,3,0,1,4,1,0,0,40,
50,3,13,2,4,0,4,1,0,0,45,
44,1,14,0,9,4,4,0,0,0,16,
25,3,13,4,12,3,4,0,0,0,40,
33,3,9,0,7,4,4,0,0,0,30,
22,3,10,4,7,3,4,1,0,0,35,
21,3,10,4,2,3,4,1,0,1719,30,
44,3,7,2,9,5,4,0,5178,0,36,
50,3,10,2,11,0,1,1,0,0,50,
44,3,9,2,13,0,4,1,0,0,45,
53,8,9,2,14,0,4,1,0,0,40,
41,3,13,2,3,0,4,1,0,0,50,
54,1,10,6,0,4,4,0,0,0,40,
60,5,4,2,4,0,4,1,0,0,40,
58,3,14,0,9,1,4,1,0,0,20,
27,3,10,2,12,0,4,1,3908,0,40,
43,3,9,4,0,4,4,0,0,0,60,
33,1,12,2,5,0,4,1,0,0,40,
24,3,10,2,13,0,4,1,0,0,65,
41,3,9,4,13,1,4,1,0,0,40,
21,3,9,4,2,3,4,1,0,0,40,
39,3,10,2,2,3,1,1,0,0,40,
27,4,13,4,3,3,4,0,0,0,40,
50,3,9,2,13,0,4,1,0,0,40,
20,3,9,4,5,3,4,1,0,0,40,
46,0,13,2,3,0,4,1,0,0,40,
49,3,7,2,13,0,4,1,0,0,40,
35,6,13,2,3,5,4,0,0,0,35,
56,5,10,2,7,0,4,1,0,0,45,
41,1,14,0,9,1,4,1,0,1974,40,
41,5,10,0,2,1,4,1,0,2001,50,
42,3,9,2,2,0,4,1,0,0,40,
58,1,4,2,2,0,4,1,0,0,40,
43,3,10,2,0,0,4,1,0,0,40,
25,3,9,0,7,1,4,0,0,0,40,
57,3,9,0,0,4,4,0,0,0,42,
49,3,4,6,6,1,4,0,0,0,40,
23,3,10,2,5,0,4,1,0,0,40,
59,3,9,2,2,0,4,1,0,0,40,
50,3,10,2,13,0,4,1,0,0,70,
33,3,13,4,9,1,4,0,0,0,45,
52,3,14,2,12,0,4,1,0,0,45,
37,4,9,2,2,0,4,1,0,0,40,
30,4,9,0,0,4,4,0,0,0,40,
39,4,9,0,2,4,4,1,0,0,60,
54,1,10,0,2,4,4,1,0,0,42,
52,3,9,2,11,0,4,1,0,0,45,
22,1,9,4,10,4,4,1,0,0,56,
19,8,10,4,14,3,4,1,0,0,25,
65,3,9,2,11,0,4,1,9386,0,10,
32,3,13,4,0,1,4,1,0,0,40,
25,3,4,4,6,4,4,1,0,0,40,
34,3,10,4,2,1,4,1,0,0,40,
47,3,11,4,7,1,4,0,0,0,55,
24,3,9,4,4,3,4,1,0,0,98,
63,0,16,0,3,1,4,0,0,2559,60,
48,3,3,4,8,4,4,0,0,0,35,
26,3,9,4,11,1,4,0,0,0,50,
28,3,10,5,6,1,4,1,0,0,40,
23,3,9,4,7,3,2,1,0,0,12,
57,4,15,2,9,0,1,1,15024,0,50,
64,6,13,0,12,1,4,1,0,0,40,
28,3,13,4,3,3,4,1,0,0,50,
28,3,4,2,11,2,4,1,0,0,40,
34,3,10,2,6,0,4,1,0,0,40,
38,5,7,2,3,0,4,1,0,1887,45,
44,3,12,2,4,0,4,1,0,0,60,
34,3,11,4,9,1,4,0,1639,0,20,
18,3,9,2,2,0,4,1,0,0,25,
36,3,8,2,2,0,3,1,0,0,40,
73,5,9,2,4,0,1,1,0,2457,40,
24,3,9,4,7,3,4,1,0,0,40,
29,1,13,2,3,0,2,1,0,0,40,
33,3,10,2,9,0,4,1,0,0,40,
57,0,9,5,0,2,2,0,0,0,35,
41,3,11,4,2,1,4,0,0,0,40,
55,3,6,6,13,1,2,0,0,0,35,
21,3,6,2,2,0,4,1,0,0,40,
36,5,14,2,9,0,4,1,0,0,45,
26,3,10,4,9,1,3,1,0,0,50,
32,8,13,2,14,5,4,0,0,0,20,
40,3,10,0,12,4,4,0,0,213,40,
32,3,9,2,2,0,4,1,0,0,40,
21,3,10,4,7,3,4,0,0,0,40,
59,6,10,2,3,0,4,1,0,2179,40,
29,3,9,4,11,4,2,0,0,1138,40,
29,5,10,0,6,1,4,1,0,0,48,
59,4,14,2,3,0,4,1,15024,0,80,
58,3,9,2,13,0,4,1,0,0,40,
47,3,9,2,6,0,4,1,0,0,45,
44,3,9,0,0,1,4,0,0,1504,45,
31,3,9,4,7,3,4,1,0,0,40,
42,5,9,2,2,0,4,1,0,0,35,
19,3,9,4,7,3,4,1,0,0,25,
66,3,9,2,11,0,4,1,0,0,50,
41,3,9,2,6,0,4,1,0,0,45,
22,3,10,4,11,3,4,0,0,0,30,
31,3,9,4,11,3,4,0,0,1594,30,
30,3,13,4,11,1,4,1,0,0,40,
36,5,9,5,7,1,4,0,0,0,16,
75,8,16,4,14,1,4,1,0,0,40,
41,6,12,0,9,4,1,0,0,0,36,
19,3,10,4,5,3,4,1,0,0,20,
60,3,9,2,7,0,4,1,0,0,40,
24,3,7,4,13,3,4,1,0,0,40,
25,3,7,2,6,0,4,1,0,0,40,
52,3,10,4,3,1,4,0,0,0,50,
30,3,13,4,3,1,4,0,0,0,45,
37,3,9,2,2,0,4,1,0,0,40,
55,5,16,0,3,1,4,0,0,0,30,
20,3,10,4,0,2,2,0,0,0,24,
32,3,4,4,8,1,4,0,0,0,15,
18,3,9,4,7,3,4,1,0,0,35,
24,3,10,4,2,3,4,1,0,0,40,
33,1,10,2,10,0,4,1,0,0,45,
76,8,10,6,14,4,4,0,0,0,40,
57,1,14,2,10,0,4,1,0,0,14,
53,3,14,0,9,4,4,0,0,1876,38,
19,3,9,4,11,1,4,0,0,0,40,
50,1,15,2,9,0,4,1,0,0,40,
27,3,13,4,3,1,4,1,0,0,50,
40,3,11,5,2,1,4,0,0,0,60,
26,8,6,5,14,1,4,1,0,0,40,
47,4,9,2,11,0,4,1,0,0,55,
39,0,11,2,9,0,4,1,0,0,50,
49,6,10,0,0,3,4,1,0,0,40,
28,5,10,2,9,0,4,1,0,0,7,
33,8,10,2,14,5,2,0,0,0,30,
50,3,13,2,3,0,4,1,15024,0,40,
28,3,7,4,13,3,4,1,0,0,50,
30,3,9,2,11,0,4,1,0,0,40,
47,3,14,2,3,0,4,1,99999,0,50,
39,3,13,2,9,0,4,1,0,0,40,
37,3,9,2,11,0,4,1,0,0,50,
50,3,9,2,11,0,4,1,0,0,80,
37,3,6,2,6,0,4,1,0,0,40,
26,3,9,2,6,0,4,1,0,0,40,
55,3,11,2,2,0,4,1,0,0,40,
46,3,13,2,9,0,4,1,0,0,40,
32,3,9,2,11,0,4,1,0,0,60,
26,3,13,4,2,1,4,1,0,0,45,
32,3,9,2,13,0,4,1,7298,0,40,
43,3,10,4,5,3,1,0,1055,0,40,
19,3,9,0,2,1,4,0,0,0,40,
38,3,9,0,7,1,4,0,0,0,75,
38,3,3,2,11,0,4,1,0,0,40,
65,3,11,2,0,5,4,0,0,0,40,
70,5,10,2,3,0,4,1,0,2246,40,
48,8,9,6,14,4,4,0,0,0,25,
44,3,13,5,6,4,2,0,0,0,7,
32,3,10,4,11,1,4,1,0,0,50,
30,1,9,4,10,3,2,0,0,0,40,
49,0,12,2,0,0,4,1,0,0,60,
23,3,9,4,0,3,2,0,0,0,40,
25,3,10,2,5,0,4,1,0,0,16,
19,3,10,4,0,3,4,0,0,0,15,
27,3,11,4,2,1,4,1,0,0,40,
43,6,9,4,13,1,4,1,0,0,60,
38,3,9,2,2,0,4,1,0,0,50,
42,3,14,2,9,0,4,1,0,0,60,
33,0,13,4,0,3,4,1,0,0,38,
30,3,13,2,3,0,4,1,0,0,40,
29,3,13,4,12,1,4,1,0,0,40,
30,3,7,2,2,0,4,1,0,0,40,
26,3,9,2,12,0,4,1,0,0,40,
43,3,13,2,9,0,4,1,0,0,40,
30,3,9,2,7,5,4,0,0,0,45,
38,3,10,2,13,0,4,1,0,0,40,
48,3,14,2,3,0,4,1,0,0,40,
57,3,13,2,11,0,4,1,0,1887,55,
30,3,9,2,11,5,4,0,0,0,30,
42,1,14,5,3,4,2,1,0,0,45,
31,5,9,2,3,0,4,1,0,0,70,
32,3,10,4,2,1,4,1,0,0,40,
28,3,13,2,3,0,4,1,0,0,40,
63,3,9,2,5,0,4,1,0,0,40,
32,3,9,2,13,0,4,1,0,0,40,
20,3,10,4,5,3,4,1,0,0,12,
51,5,14,2,9,5,4,0,0,0,30,
36,3,13,4,7,1,4,1,2176,0,20,
24,3,10,2,11,0,0,1,0,0,40,
41,1,11,0,0,4,4,0,0,0,44,
21,3,9,4,6,3,4,1,0,0,40,
27,3,10,4,2,1,1,1,0,1876,45,
17,3,5,4,7,3,2,1,0,0,35,
45,3,2,2,7,5,4,0,0,0,40,
39,6,9,5,0,4,4,0,0,625,35,
21,3,10,4,9,3,0,0,0,0,4,
29,3,13,4,9,1,4,1,8614,0,45,
39,3,14,4,11,1,4,1,0,2444,45,
42,3,9,5,13,2,2,1,0,0,40,
22,3,3,2,2,2,4,1,0,0,40,
21,8,10,4,14,3,4,0,0,0,40,
59,3,9,6,0,1,4,0,0,0,40,
40,3,14,2,3,0,4,1,0,0,65,
45,3,10,0,7,1,4,0,0,0,40,
35,3,9,0,3,1,4,1,0,0,50,
58,3,9,2,4,0,4,1,0,0,20,
45,3,10,2,2,0,4,1,0,1848,40,
29,3,9,2,6,0,0,1,0,0,45,
21,3,7,4,2,3,4,1,0,0,45,
51,3,9,2,12,0,4,1,0,0,40,
34,1,10,2,7,5,4,0,0,0,40,
40,3,13,0,0,1,4,0,0,0,35,
45,3,7,0,0,4,4,0,0,0,16,
38,5,6,2,11,0,4,1,0,1887,40,
22,3,13,4,0,3,4,0,0,0,40,
37,3,5,2,7,0,4,1,3137,0,40,
62,3,6,0,7,4,4,0,0,0,40,
32,0,13,4,3,1,4,0,0,0,60,
36,3,13,2,9,5,4,0,0,0,4,
43,3,9,4,2,1,4,1,0,0,40,
37,3,9,2,13,0,4,1,0,0,40,
33,8,13,2,14,5,1,0,0,0,40,
28,3,9,4,13,4,4,1,0,0,55,
49,8,10,6,14,4,4,0,0,0,28,
47,1,9,2,7,5,4,0,0,0,7,
59,3,9,0,0,1,4,0,0,0,40,
35,3,9,2,6,0,4,1,0,0,40,
35,3,13,2,11,0,4,1,0,0,40,
29,5,13,4,9,2,4,1,0,0,40,
57,3,12,0,9,1,2,0,0,0,40,
41,3,13,2,3,0,4,1,0,0,60,
37,3,14,2,9,0,4,1,0,0,45,
20,1,10,4,4,3,4,1,0,0,40,
44,3,9,2,11,0,4,1,0,0,60,
20,1,9,4,0,1,4,0,0,0,30,
38,5,13,2,0,5,4,0,0,0,28,
23,3,9,2,0,2,4,1,0,0,40,
24,3,9,3,11,3,4,0,0,0,36,
46,3,13,2,11,0,4,1,0,0,40,
32,1,9,2,13,0,4,1,0,0,40,
21,5,9,2,2,0,4,1,0,0,40,
32,3,10,2,11,0,4,1,0,0,40,
41,3,10,0,11,3,4,1,2174,0,45,
51,3,9,2,6,0,4,1,0,0,40,
69,5,4,4,4,2,4,1,1848,0,10,
39,4,9,2,2,0,4,1,5178,0,50,
43,3,10,0,2,1,4,1,0,0,40,
51,0,13,2,4,0,4,1,5178,0,40,
43,3,9,0,7,1,4,1,0,0,40,
35,5,7,0,3,4,4,0,0,0,84,
32,3,9,0,2,3,4,1,0,0,40,
25,3,13,4,9,3,4,0,0,0,21,
64,3,10,6,11,1,4,0,0,0,40,
28,3,13,2,3,5,4,0,0,0,40,
44,3,2,2,10,2,4,1,0,0,40,
40,3,13,2,12,0,4,1,0,0,40,
21,3,10,4,5,3,1,1,0,0,40,
23,3,9,4,2,1,4,1,0,0,40,
23,3,10,4,7,4,4,0,0,0,20,
19,3,9,4,7,3,2,1,0,0,40,
61,3,10,2,12,0,4,1,0,0,25,
47,4,4,4,2,1,3,1,0,0,40,
39,3,6,2,5,0,4,1,0,0,45,
51,3,9,2,0,5,4,0,7688,0,40,
25,3,6,2,3,0,4,1,0,0,40,
33,3,9,2,11,0,4,1,0,0,45,
34,6,10,0,0,1,4,0,0,0,38,
54,5,10,2,11,0,4,1,0,0,50,
24,3,13,4,12,3,4,0,0,0,40,
28,3,9,4,6,3,3,1,0,0,50,
33,3,10,2,11,0,4,1,0,0,44,
63,8,9,2,14,0,4,1,0,0,14,
31,3,9,2,13,0,4,1,0,0,60,
70,4,9,2,3,0,4,1,0,0,16,
43,3,9,2,6,5,4,0,0,0,40,
36,3,10,2,0,5,4,0,0,0,12,
50,1,7,4,2,4,4,1,0,0,40,
21,3,10,4,7,1,2,0,0,0,30,
31,3,10,5,12,4,2,0,0,0,40,
19,8,10,4,14,3,4,0,0,0,30,
39,3,10,0,0,4,4,0,0,0,35,
29,3,4,2,7,5,4,0,0,0,40,
39,3,10,0,5,1,4,1,0,0,40,
17,3,4,4,4,2,3,1,0,0,40,
46,3,10,0,11,4,4,0,0,0,40,
62,3,9,2,2,0,4,1,0,0,40,
32,3,6,0,7,4,2,0,0,0,23,
28,3,9,4,7,3,2,0,0,0,40,
19,3,10,4,11,2,2,0,0,0,40,
61,1,16,2,3,0,4,1,4064,0,40,
18,3,10,4,11,3,4,1,0,0,25,
39,5,15,2,9,0,4,1,0,2415,50,
24,1,13,2,10,0,4,1,0,0,45,
38,3,10,2,2,0,4,1,0,0,41,
38,3,14,2,9,0,2,1,0,0,40,
17,3,6,4,11,3,4,1,0,0,20,
28,3,9,2,2,0,4,1,0,0,40,
52,3,9,2,11,0,4,1,0,0,8,
61,3,15,2,9,0,4,1,15024,0,20,
69,3,3,2,6,0,4,1,0,2267,40,
19,3,9,4,11,3,4,0,0,0,25,
26,3,10,2,0,0,4,1,0,0,40,
34,4,10,2,3,0,4,1,0,0,40,
70,3,5,2,6,5,4,0,2653,0,40,
21,3,9,4,0,1,4,0,0,0,25,
43,3,9,2,2,0,4,1,0,0,44,
52,3,9,2,2,0,4,1,0,0,40,
59,3,9,2,2,0,4,1,0,0,40,
21,3,11,4,0,3,4,0,0,0,40,
53,5,14,2,3,0,4,1,0,1977,40,
55,6,10,2,10,0,4,1,0,0,40,
46,4,14,0,11,1,4,1,0,0,60,
36,3,9,5,0,4,4,0,0,0,37,
39,3,9,4,5,3,4,1,0,0,48,
78,8,13,2,14,0,4,1,0,0,3,
30,3,9,4,9,3,4,0,0,0,30,
22,3,10,4,11,3,4,0,0,0,16,
43,3,13,2,3,0,4,1,0,0,40,
36,3,9,0,6,1,4,1,0,0,56,
36,3,13,2,2,3,4,1,0,0,40,
50,3,9,0,2,4,4,0,0,0,40,
27,0,13,4,10,1,4,0,0,0,35,
46,0,9,2,0,0,4,1,0,0,40,
24,3,13,4,9,3,4,1,0,0,20,
41,3,9,0,2,1,4,1,0,0,40,
68,3,9,2,0,0,4,1,0,0,24,
38,1,10,2,3,0,4,1,0,0,40,
47,3,9,2,11,0,4,1,0,0,40,
41,3,10,4,7,1,2,1,0,0,20,
31,5,16,4,9,3,4,0,0,0,48,
29,3,10,2,2,0,4,1,0,0,42,
26,3,9,4,5,3,4,0,0,0,40,
51,3,10,6,6,4,4,0,0,0,36,
26,0,13,4,12,1,3,1,0,0,60,
27,1,13,4,9,1,4,0,0,0,60,
36,3,9,2,12,0,4,1,0,0,50,
28,0,13,4,9,1,4,0,0,0,40,
53,3,13,0,12,1,4,0,0,0,40,
40,6,13,0,9,1,4,1,0,0,40,
38,3,9,0,7,1,4,0,0,0,20,
21,8,4,4,14,3,4,1,0,0,40,
53,3,6,2,7,0,4,1,0,0,34,
34,1,9,2,2,0,4,1,0,0,40,
43,3,9,0,13,1,4,1,0,0,60,
64,3,6,2,0,0,4,1,0,0,40,
21,3,10,4,0,3,4,0,0,0,40,
25,8,13,4,14,1,4,1,0,0,13,
38,0,15,4,9,1,1,0,99999,0,57,
47,1,14,0,10,1,2,1,0,0,50,
48,3,16,2,9,0,1,1,0,1902,40,
57,3,9,2,13,0,4,1,0,0,50,
37,3,13,4,0,1,4,0,0,0,35,
37,3,7,0,4,1,4,1,0,0,40,
51,5,9,2,4,0,4,1,0,0,55,
32,3,12,4,0,1,4,0,0,0,40,
49,3,9,2,6,0,4,1,0,0,40,
52,3,9,2,11,0,4,1,0,0,14,
64,0,12,2,3,0,4,1,9386,0,45,
46,3,9,0,0,4,4,0,0,0,45,
24,6,10,2,9,0,4,1,0,0,40,
39,3,13,2,3,0,4,1,0,0,45,
23,3,9,2,6,5,4,0,3942,0,40,
30,3,10,4,2,1,4,1,0,0,44,
34,3,14,0,9,3,4,0,0,0,60,
30,3,10,2,0,0,4,1,0,0,40,
25,3,13,4,11,1,2,0,0,0,40,
58,1,13,2,9,0,2,1,0,0,40,
32,3,10,2,0,0,4,1,0,0,50,
37,3,9,5,7,4,2,0,0,0,25,
35,3,9,5,7,1,2,0,0,0,40,
18,3,3,4,5,2,4,1,0,0,30,
46,3,13,0,9,4,4,0,0,0,40,
71,3,13,4,2,1,4,1,11678,0,45,
44,3,6,0,0,4,4,0,0,0,40,
45,3,6,0,11,1,4,0,0,0,40,
40,3,8,2,9,0,4,1,0,0,40,
38,3,13,2,9,0,4,1,0,0,50,
52,3,9,2,6,5,1,0,0,0,40,
47,3,9,2,2,0,4,1,0,0,40,
49,3,13,0,12,4,4,0,0,0,35,
59,6,9,2,11,0,4,1,0,0,40,
22,3,11,4,0,3,4,0,0,0,37,
44,1,10,2,3,0,4,1,0,0,40,
76,3,13,6,9,1,4,0,0,0,20,
50,1,6,4,7,1,4,1,0,0,40,
33,1,10,2,10,0,4,1,0,0,40,
43,3,9,2,2,0,4,1,0,0,48,
27,3,9,2,0,5,4,0,5178,0,40,
37,4,9,2,2,0,4,1,0,0,40,
40,3,7,2,13,0,4,1,0,0,55,
49,5,10,0,3,1,0,0,0,0,40,
48,4,10,4,2,1,4,1,0,0,45,
49,3,9,5,9,4,4,0,0,625,40,
22,3,10,2,12,0,4,1,0,0,40,
42,3,9,0,3,1,4,0,0,0,40,
36,3,10,0,9,1,4,0,0,0,40,
57,8,10,2,14,0,4,1,0,0,50,
30,6,9,4,7,1,2,0,0,0,40,
40,1,9,4,2,2,0,1,0,0,40,
42,3,9,2,6,0,4,1,0,0,45,
56,3,9,2,6,0,4,1,0,0,40,
55,3,10,0,9,1,4,0,0,0,40,
25,3,9,2,7,0,4,1,0,0,40,
52,8,9,2,14,0,4,1,0,0,40,
33,3,10,4,0,4,1,0,0,0,35,
55,3,9,2,11,0,4,1,4064,0,40,
47,3,13,2,11,0,4,1,0,0,60,
23,3,12,4,11,3,4,0,0,0,65,
55,4,13,0,11,1,4,0,0,0,50,
43,3,9,4,3,1,4,0,0,0,50,
31,3,11,2,11,0,4,1,0,0,50,
62,6,12,6,9,1,4,0,0,0,40,
42,1,9,2,0,0,4,1,0,0,8,
38,5,9,2,2,0,4,1,0,0,40,
29,3,9,4,12,1,4,1,0,0,42,
26,3,10,4,7,1,4,1,0,0,60,
26,3,9,2,0,5,4,0,0,0,52,
37,5,9,2,4,0,4,1,0,0,72,
79,4,8,6,11,1,4,1,18481,0,45,
61,3,4,4,7,1,4,1,0,0,48,
28,5,4,4,7,2,4,0,0,0,99,
60,4,13,2,3,0,4,1,7298,0,60,
51,4,9,0,10,1,4,1,0,0,81,
34,3,9,2,2,0,4,1,0,0,43,
35,3,9,0,6,3,4,1,0,0,40,
27,1,6,2,2,0,4,1,0,0,60,
44,3,9,0,7,4,4,0,0,0,40,
25,3,9,5,7,4,4,0,0,0,20,
32,3,4,0,7,4,4,0,0,0,40,
36,3,10,2,9,0,4,1,0,0,20,
27,3,14,4,5,4,4,1,0,0,30,
40,3,16,2,9,0,4,1,0,0,60,
43,3,10,0,12,1,4,1,0,0,40,
25,3,13,4,12,1,4,1,0,0,40,
41,3,9,2,13,0,4,1,0,0,50,
30,3,13,2,9,0,4,1,0,0,45,
26,3,13,4,3,1,4,1,0,2258,45,
52,3,7,2,6,0,3,1,0,0,40,
32,3,13,4,9,1,4,0,0,0,45,
33,3,9,2,5,0,4,1,0,0,40,
35,3,9,2,2,0,4,1,0,0,55,
48,3,9,6,7,1,4,0,0,0,44,
62,5,4,2,11,0,4,1,0,0,5,
40,5,12,4,9,3,2,0,0,0,2,
41,8,10,6,14,1,4,0,0,0,20,
28,3,3,4,7,1,4,0,0,0,40,
23,3,10,4,7,1,4,0,0,0,30,
50,0,13,2,3,0,4,1,7298,0,40,
51,6,10,0,0,4,4,0,0,0,35,
63,5,10,2,7,0,4,1,0,0,48,
63,0,9,6,3,1,4,0,0,0,40,
40,3,9,0,11,1,4,1,0,0,60,
20,8,7,0,14,1,4,0,0,0,40,
61,8,10,2,14,0,4,1,99999,0,30,
40,3,9,4,4,1,4,1,0,0,40,
41,3,13,2,9,5,4,0,0,0,15,
41,3,13,4,5,1,2,1,0,0,40,
27,8,13,2,14,5,4,0,0,0,24,
20,6,10,4,9,3,4,0,0,0,15,
28,3,13,2,0,0,4,1,0,1887,40,
35,3,9,2,2,0,4,1,0,0,40,
31,3,13,2,3,0,4,1,0,0,40,
34,3,13,2,11,0,4,1,0,0,50,
57,3,14,2,3,0,4,1,0,0,50,
28,3,9,4,6,1,4,0,0,0,40,
38,3,10,2,12,0,4,1,0,0,40,
37,3,11,4,7,1,4,1,0,0,40,
43,6,10,0,0,1,2,0,0,0,40,
26,5,9,2,3,0,4,1,0,0,40,
26,3,10,2,13,0,2,1,0,0,65,
27,3,11,2,13,0,4,1,0,0,50,
33,3,13,2,9,0,4,1,0,0,45,
45,3,13,4,9,1,4,0,0,0,40,
65,3,13,2,7,0,4,1,0,0,20,
57,5,10,2,11,0,4,1,99999,0,45,
59,3,9,0,7,1,4,0,0,0,38,
18,3,10,4,7,3,4,1,0,0,26,
44,1,8,2,5,0,4,1,0,0,40,
37,3,10,4,2,1,4,1,0,0,40,
27,3,9,2,7,0,4,1,0,0,40,
43,1,13,2,9,5,4,0,0,0,45,
59,4,15,2,9,0,4,1,0,0,40,
19,3,9,4,4,1,4,1,0,0,40,
36,6,9,4,3,4,2,1,0,0,90,
68,5,10,2,11,0,4,1,20051,0,40,
63,3,7,6,11,1,4,0,2176,0,30,
37,3,10,2,3,0,4,1,0,0,57,
46,1,14,0,9,1,4,0,0,1876,60,
31,3,12,0,0,4,4,0,0,0,35,
23,3,9,4,7,3,4,1,0,0,40,
22,3,10,4,11,1,4,1,0,0,30,
49,3,9,2,11,0,4,1,0,1672,44,
36,3,9,0,0,4,2,0,0,0,40,
38,3,10,0,3,1,4,1,0,0,50,
46,1,14,2,3,0,4,1,0,1902,45,
24,3,12,4,0,3,4,0,0,0,40,
26,3,13,4,0,3,2,0,0,0,40,
47,3,4,2,6,5,3,0,0,0,40,
40,3,10,2,5,0,4,1,0,1887,40,
31,1,14,4,9,1,4,0,0,0,50,
42,3,3,3,4,1,4,1,0,0,35,
48,4,11,2,2,0,4,1,0,0,70,
56,3,10,5,12,4,2,0,0,0,38,
50,3,9,2,12,0,4,1,0,0,40,
17,3,6,4,5,3,4,1,0,0,20,
21,3,9,4,7,2,2,1,0,1719,25,
50,3,9,0,0,1,4,0,0,0,40,
49,3,9,0,11,1,4,0,0,0,32,
34,3,9,2,11,5,4,0,0,0,15,
32,5,9,2,11,0,4,1,0,0,60,
28,3,10,2,0,0,4,1,0,0,40,
62,4,13,2,3,0,4,1,0,0,50,
23,3,13,4,9,1,4,1,0,0,15,
24,6,14,4,9,1,2,0,0,0,40,
31,3,11,2,9,5,4,0,0,0,40,
36,3,9,2,13,0,4,1,0,0,40,
58,3,12,2,8,2,4,0,0,0,35,
46,8,3,2,14,5,4,0,0,0,40,
39,3,14,2,9,0,4,1,0,0,40,
48,8,9,4,14,3,4,0,0,0,18,
21,3,9,4,2,1,4,1,0,0,42,
39,3,9,2,5,0,4,1,0,0,40,
21,3,10,4,11,3,4,0,0,0,35,
33,3,11,2,9,0,4,1,0,0,40,
37,3,9,2,2,0,4,1,0,0,50,
29,1,9,4,7,4,4,0,0,0,40,
30,8,13,2,14,5,3,0,0,0,40,
43,3,9,0,6,3,4,0,0,0,40,
22,3,9,4,2,3,4,1,0,0,40,
25,3,14,4,9,3,4,0,0,0,40,
69,1,10,2,7,0,4,1,0,0,40,
17,3,7,4,7,3,4,0,0,0,25,
18,8,7,4,14,3,4,1,0,0,12,
54,3,9,6,5,4,4,0,0,0,40,
65,8,9,2,14,0,4,1,0,0,45,
28,3,8,2,6,2,3,1,0,0,40,
27,1,11,4,12,3,4,0,0,0,38,
35,3,12,0,2,4,4,1,0,0,45,
38,3,11,2,12,5,4,0,0,0,40,
33,6,9,2,12,0,4,1,0,0,40,
26,3,9,4,2,3,4,1,0,0,40,
56,4,10,2,11,5,4,0,0,0,60,
38,3,13,2,9,0,0,1,0,0,70,
51,5,10,2,9,5,4,0,0,2057,60,
26,3,10,4,8,1,4,0,0,0,50,
33,3,13,2,3,0,4,1,0,0,55,
44,3,4,2,5,0,4,1,0,0,50,
36,3,5,0,11,1,4,0,0,0,40,
42,3,10,0,2,4,4,1,0,0,40,
44,3,12,2,9,0,4,1,0,0,40,
44,3,13,2,13,0,4,1,15024,0,55,
21,3,10,4,11,3,4,0,0,0,20,
41,3,10,2,11,0,4,1,0,0,50,
41,3,16,2,3,0,4,1,15024,0,50,
62,3,11,2,9,0,4,1,7298,0,50,
27,3,7,5,2,1,4,1,0,0,45,
38,3,13,2,9,0,4,1,0,0,40,
60,3,10,5,13,1,0,0,0,0,30,
24,3,8,4,6,4,4,1,0,0,40,
24,8,9,2,14,0,4,1,0,0,40,
22,3,9,4,5,3,4,1,0,0,40,
32,8,10,4,14,4,4,0,0,0,40,
22,3,2,4,6,1,4,1,0,0,24,
51,3,13,2,9,0,4,1,0,0,40,
31,3,14,2,3,0,4,1,0,1977,48,
42,1,15,2,3,0,4,1,0,0,55,
48,8,12,0,14,1,4,0,14084,0,40,
49,3,9,2,6,0,4,1,7298,0,43,
37,1,13,4,12,3,4,0,0,0,42,
37,5,15,2,9,0,4,1,0,0,45,
66,3,13,2,7,0,4,1,0,0,40,
18,8,9,4,14,3,4,0,0,0,24,
46,3,11,5,6,1,2,0,0,0,40,
52,3,9,2,2,0,4,1,0,0,40,
23,3,9,4,2,1,4,1,0,0,40,
67,3,9,6,3,4,4,1,0,0,38,
19,3,10,4,11,3,4,0,0,0,25,
37,3,13,4,9,1,4,0,0,0,45,
42,4,9,2,3,0,4,1,0,1977,60,
39,5,10,2,7,0,2,1,0,0,40,
54,3,9,2,11,0,4,1,0,1848,40,
46,3,9,2,6,0,4,1,0,0,40,
47,8,9,5,14,4,2,0,0,0,32,
33,3,9,4,7,4,2,0,0,0,40,
69,5,10,6,4,1,4,0,0,0,14,
21,3,10,4,5,3,4,1,0,0,40,
27,3,9,4,5,2,2,1,0,0,48,
39,3,9,2,3,0,4,1,0,0,40,
23,3,10,0,0,1,2,1,0,0,40,
26,3,11,0,9,4,4,0,0,0,36,
42,3,16,3,9,4,0,0,0,0,40,
36,3,9,0,2,4,4,1,0,0,40,
24,3,9,4,13,4,4,1,0,0,40,
35,3,5,2,7,0,4,1,0,0,40,
42,3,9,0,5,4,2,0,0,0,40,
37,3,11,2,2,0,4,1,4386,0,44,
41,3,16,2,9,0,4,1,0,0,50,
27,3,11,4,6,4,2,0,0,0,40,
42,5,15,2,9,0,4,1,99999,0,50,
44,8,13,2,14,5,4,0,0,0,16,
18,3,9,4,0,3,4,0,0,0,16,
41,3,13,2,12,0,4,1,0,0,40,
31,3,9,2,5,0,4,1,0,0,40,
26,3,10,2,2,0,4,1,0,0,40,
67,3,2,6,6,1,4,0,2062,0,34,
37,3,10,2,3,0,4,1,0,0,60,
51,3,9,2,2,0,4,1,0,0,40,
26,3,10,4,2,3,0,1,0,0,40,
40,3,12,2,9,0,4,1,7688,0,40,
25,3,9,4,5,4,4,1,0,0,40,
38,3,11,2,6,0,4,1,0,0,40,
43,3,9,5,13,1,4,1,0,0,40,
23,3,10,5,4,2,4,0,0,0,40,
44,3,13,2,3,0,4,1,0,1902,50,
60,1,14,0,9,1,4,0,0,0,25,
38,1,14,4,9,1,4,0,0,1669,55,
21,1,10,4,9,1,4,1,0,0,20,
18,3,10,4,0,3,4,0,0,0,25,
49,3,13,0,3,1,2,0,27828,0,60,
43,3,3,0,8,4,4,0,0,0,40,
26,8,7,4,14,1,4,0,0,0,65,
36,3,9,2,13,0,4,1,0,0,25,
31,3,9,2,13,5,4,0,5178,0,35,
38,3,9,0,6,2,4,0,0,0,40,
43,5,10,2,4,0,4,1,0,0,84,
58,3,9,0,7,4,4,0,0,0,35,
55,3,9,0,0,1,4,0,0,0,29,
39,3,12,0,3,4,2,0,0,0,35,
38,3,13,0,9,1,4,0,0,0,35,
54,5,9,6,2,1,4,1,0,2001,35,
57,4,15,2,9,0,4,1,0,0,40,
35,1,12,2,10,0,4,1,0,0,52,
44,5,15,2,9,0,1,1,0,0,60,
36,3,9,2,2,0,4,1,0,0,40,
58,3,9,2,2,0,4,1,0,0,40,
39,3,10,4,7,3,2,0,0,2205,40,
25,3,15,4,9,1,4,0,0,0,8,
54,1,13,2,3,0,4,1,0,0,40,
23,3,13,4,12,1,4,0,0,0,40,
37,3,10,4,11,1,4,1,0,0,60,
60,0,12,2,7,0,2,1,0,0,40,
66,1,4,6,7,1,4,0,0,0,20,
36,3,12,2,6,0,2,1,0,0,50,
29,5,9,3,13,2,1,1,0,1564,50,
29,3,13,4,0,3,1,0,2202,0,40,
25,3,13,0,9,1,4,0,0,0,44,
62,8,9,6,14,1,4,0,0,0,25,
23,3,10,4,0,3,4,1,0,0,40,
38,3,9,4,7,3,2,1,0,0,40,
33,3,10,2,5,0,4,1,0,0,50,
49,4,10,2,4,0,4,1,0,0,60,
57,4,9,2,3,0,4,1,0,0,60,
57,1,13,2,3,0,4,1,0,0,45,
46,3,10,4,6,1,4,0,0,0,45,
37,4,14,2,3,0,4,1,0,0,70,
43,4,13,2,11,0,4,1,0,0,45,
26,3,9,4,7,1,4,0,0,0,35,
40,3,11,5,9,2,4,0,0,0,40,
39,5,9,4,2,2,0,1,0,0,40,
39,3,12,0,7,4,2,0,0,0,40,
31,3,10,2,0,0,4,1,0,0,40,
31,3,13,2,6,0,3,1,0,0,36,
27,3,13,4,0,1,2,0,0,0,40,
36,5,13,2,3,0,4,1,0,0,50,
40,1,13,0,12,1,4,0,8614,0,40,
57,3,9,2,7,0,4,1,0,0,40,
24,3,9,4,7,1,4,0,0,0,35,
30,3,10,4,11,1,4,1,0,0,45,
28,3,8,4,13,1,4,1,0,0,50,
22,3,13,4,3,1,4,1,0,0,40,
31,3,4,4,5,3,4,1,0,0,50,
33,3,9,2,11,0,4,1,0,0,44,
20,3,10,4,5,2,4,1,0,0,15,
25,3,8,2,4,0,3,1,0,0,60,
49,6,10,2,4,0,4,1,0,0,40,
21,3,9,4,7,3,4,0,0,0,35,
45,3,13,2,3,0,4,1,0,0,45,
36,1,9,2,3,0,4,1,0,0,45,
41,3,3,3,8,1,4,0,0,0,32,
23,3,13,4,11,1,4,1,0,1602,12,
47,3,13,2,3,0,4,1,0,0,50,
41,3,9,0,3,1,4,1,0,0,50,
30,3,9,4,5,4,4,0,0,0,40,
29,1,10,4,4,1,4,1,0,0,40,
31,3,4,0,6,4,4,0,0,0,40,
64,8,5,2,14,0,4,1,0,0,50,
55,3,5,2,6,2,1,1,0,0,40,
19,3,9,4,7,1,4,1,0,0,35,
31,6,8,2,12,5,4,0,0,0,40,
18,6,7,4,7,3,4,1,0,0,8,
68,3,9,6,11,1,4,0,0,0,24,
50,8,10,2,14,0,4,1,0,0,40,
36,1,10,4,3,4,2,0,0,0,48,
44,3,15,2,9,0,4,1,0,0,50,
58,5,9,2,0,5,4,0,0,0,20,
20,3,9,4,11,3,2,0,0,0,20,
18,3,6,4,5,3,4,1,0,0,40,
32,3,9,4,5,3,4,0,0,0,30,
49,5,9,0,7,1,4,0,0,0,40,
34,3,9,2,6,0,4,1,0,0,40,
22,3,9,4,0,1,4,0,0,0,40,
40,3,9,2,7,0,4,1,0,0,45,
35,3,9,2,5,0,4,1,0,0,40,
26,3,10,2,11,0,4,1,0,0,50,
44,5,8,2,3,0,1,1,0,0,60,
55,3,9,0,3,1,4,0,0,0,60,
21,3,11,2,2,0,4,1,0,2603,40,
54,3,10,2,2,5,4,0,0,0,40,
39,1,10,4,0,1,4,0,2202,0,44,
52,3,9,0,7,1,4,1,0,0,38,
57,4,13,2,2,0,4,1,0,0,50,
67,8,4,6,14,1,4,0,0,0,35,
58,6,9,0,0,4,4,0,0,0,40,
27,1,10,4,9,2,4,1,0,0,16,
66,8,9,2,14,0,4,1,0,0,15,
41,3,10,0,6,1,4,1,0,0,40,
18,3,7,4,9,3,4,0,0,0,16,
58,3,9,6,2,4,4,1,8614,0,52,
50,3,3,0,7,1,4,1,0,0,37,
31,3,10,4,3,1,4,1,0,0,40,
32,3,6,0,6,1,4,1,0,0,40,
37,5,10,2,2,0,4,1,0,0,45,
26,5,13,2,3,0,4,1,0,0,20,
33,1,11,2,12,0,4,1,0,0,50,
35,6,9,4,7,4,2,0,0,0,40,
44,3,13,4,9,1,4,0,0,0,45,
26,3,13,4,2,3,4,1,0,0,40,
48,0,9,0,0,1,4,1,0,0,40,
40,3,13,4,12,1,4,1,0,0,40,
62,3,6,2,11,0,4,1,0,0,35,
37,3,15,2,11,0,4,1,0,0,45,
18,3,7,4,11,3,4,1,0,0,18,
48,3,9,0,6,2,3,0,0,0,38,
45,3,14,2,9,0,4,1,0,0,50,
35,3,10,2,11,0,4,1,0,0,45,
35,3,9,0,2,4,4,1,0,0,40,
34,5,9,2,9,0,4,1,0,0,51,
29,3,9,2,7,5,4,0,0,0,40,
19,3,10,4,11,3,4,1,0,0,30,
53,6,10,2,10,0,4,1,0,0,60,
49,3,10,0,7,1,4,1,0,0,40,
71,3,9,6,11,2,4,0,0,0,16,
38,3,4,2,2,0,4,1,0,0,36,
39,1,14,2,3,0,4,1,0,0,45,
23,3,13,4,0,1,4,0,0,0,40,
29,4,13,2,11,0,4,1,0,0,50,
52,3,3,0,4,4,4,1,0,0,40,
41,3,10,2,0,5,4,0,0,0,40,
20,3,10,4,7,1,4,1,0,0,35,
30,3,10,2,12,0,4,1,0,0,45,
56,3,6,0,0,4,2,0,0,0,36,
26,3,9,0,11,4,4,0,0,0,40,
36,0,9,0,0,4,4,0,0,0,40,
26,1,13,4,9,3,2,0,0,0,42,
58,3,12,2,6,0,2,1,0,1848,40,
24,3,13,4,0,3,4,1,0,0,40,
41,3,10,0,11,1,1,0,0,0,32,
27,3,10,4,11,3,4,1,0,0,35,
28,6,10,5,3,3,4,1,0,2339,40,
57,4,9,2,3,0,4,1,0,0,40,
21,6,10,4,9,3,4,0,0,0,20,
50,3,9,2,5,0,4,1,0,0,40,
27,3,9,2,5,0,2,1,0,0,40,
58,3,13,4,9,1,4,0,0,0,60,
27,5,13,2,3,0,4,1,0,0,50,
36,3,9,5,11,4,2,0,0,0,17,
68,1,13,2,3,0,4,1,20051,0,40,
33,4,9,6,11,4,4,0,0,0,40,
19,3,10,4,7,3,4,0,0,0,18,
26,3,9,5,0,4,2,0,0,0,40,
37,3,9,4,5,4,2,0,0,0,30,
53,3,9,2,6,0,4,1,0,0,45,
32,3,10,4,12,1,2,1,0,0,38,
18,3,7,4,3,3,4,0,0,0,25,
53,3,9,2,2,0,4,1,0,0,40,
40,5,13,2,9,0,4,1,0,0,40,
50,3,10,0,9,4,4,0,0,0,40,
43,3,13,2,9,5,4,0,15024,0,50,
60,3,13,2,11,0,4,1,0,0,46,
28,5,9,2,11,5,4,0,0,0,40,
34,3,9,0,11,1,4,1,0,1669,45,
37,3,9,0,13,1,4,1,0,0,40,
25,3,9,2,12,0,4,1,0,0,40,
46,3,14,2,3,0,4,1,15024,0,65,
21,3,7,3,5,3,4,1,0,1762,40,
26,3,13,4,9,1,4,0,0,0,45,
47,3,9,4,0,2,4,0,0,0,40,
18,3,8,4,5,3,4,1,0,0,20,
22,3,13,4,11,1,4,0,0,0,16,
36,3,10,0,6,3,4,0,0,0,30,
59,5,9,2,13,0,4,1,0,0,48,
33,3,9,2,7,5,4,0,0,0,38,
33,3,6,0,2,1,4,1,0,0,35,
53,4,13,2,0,5,1,0,0,0,50,
44,6,10,2,3,0,4,1,3411,0,40,
55,3,9,2,3,0,4,1,0,0,50,
56,3,9,2,13,0,4,1,0,0,50,
54,5,10,0,11,1,4,0,0,0,35,
51,3,9,0,9,1,4,1,0,0,40,
31,3,10,4,0,1,4,0,2463,0,38,
43,3,14,2,3,0,4,1,0,0,50,
44,3,9,0,7,4,4,0,0,0,40,
22,3,10,4,3,3,4,1,0,0,50,
43,6,9,2,7,0,0,1,0,0,40,
26,6,12,4,0,4,2,0,0,0,40,
30,3,13,4,11,3,4,1,0,0,18,
30,3,5,2,2,0,4,1,2580,0,40,
46,3,9,4,7,1,4,1,0,0,15,
27,3,13,2,11,0,4,1,0,0,50,
26,3,9,2,2,0,4,1,0,0,50,
36,3,13,4,3,1,4,1,8614,0,40,
25,5,9,5,2,3,4,1,0,0,35,
30,0,15,4,9,1,2,0,0,0,40,
46,6,9,2,7,0,2,1,7298,0,40,
47,3,10,2,0,5,2,0,0,0,48,
66,4,13,2,11,0,4,1,5556,0,26,
43,3,6,2,5,0,4,1,0,0,40,
71,8,9,6,14,1,4,0,0,0,20,
36,0,13,2,0,0,4,1,0,1848,55,
46,8,9,3,14,1,1,1,0,0,40,
44,1,10,6,0,4,4,0,0,0,15,
42,3,16,2,9,0,4,1,0,0,50,
39,3,13,2,13,0,4,1,0,1977,45,
36,3,12,2,3,0,4,1,0,0,50,
60,5,13,2,3,0,4,1,0,1977,45,
37,3,10,2,6,0,4,1,0,0,50,
26,3,13,4,13,3,4,1,0,0,20,
24,3,13,4,0,1,4,0,0,0,30,
17,8,7,4,14,3,4,1,0,0,18,
45,1,14,0,9,1,4,0,0,0,35,
54,3,10,2,3,0,4,1,0,0,48,
22,3,10,4,11,3,4,0,0,0,30,
63,1,14,2,9,0,4,1,0,0,48,
22,3,9,2,2,0,4,1,0,0,43,
27,3,10,4,7,1,4,1,0,0,25,
33,3,5,2,2,0,4,1,0,0,33,
64,3,13,6,9,1,4,0,0,0,30,
50,3,12,2,3,0,4,1,0,0,50,
44,5,11,6,9,4,4,0,0,0,40,
31,3,9,2,13,0,4,1,0,0,50,
44,3,9,0,0,1,1,0,0,0,40,
53,5,6,2,4,0,4,1,0,0,35,
33,1,9,6,7,4,4,0,0,0,40,
34,0,8,2,1,0,4,1,0,0,40,
27,3,9,4,13,1,4,1,0,0,70,
43,8,11,6,14,1,4,0,0,2339,36,
80,5,9,4,3,1,4,1,0,0,20,
31,3,12,0,7,1,4,0,0,0,32,
40,3,9,2,2,0,2,1,0,0,40,
53,1,13,2,9,0,4,1,0,0,40,
58,3,9,2,6,0,4,1,0,0,44,
38,3,10,2,3,0,4,1,0,0,40,
33,3,15,2,9,0,4,1,0,0,40,
48,1,13,2,3,0,4,1,0,0,60,
23,3,10,2,3,5,2,0,0,0,40,
31,5,9,4,2,3,4,1,0,0,50,
52,5,14,2,11,0,4,1,0,0,70,
24,3,9,4,12,3,4,1,0,0,40,
45,5,5,2,4,0,4,1,0,0,40,
36,3,9,2,0,5,4,0,0,0,40,
52,3,3,6,7,4,4,0,0,0,40,
54,3,9,2,2,0,4,1,0,0,40,
39,3,15,2,9,0,4,1,0,0,55,
40,3,13,2,11,0,4,1,0,0,50,
28,3,9,4,12,1,1,1,0,0,50,
21,8,10,4,14,3,4,1,0,0,16,
23,3,10,4,0,1,4,0,0,0,40,
36,4,4,4,2,4,2,1,0,0,40,
22,3,10,4,0,3,4,0,0,0,15,
55,1,14,2,3,0,4,1,0,0,50,
71,3,9,4,5,1,4,1,0,0,17,
47,3,16,2,9,0,4,1,0,0,60,
17,4,6,4,11,3,4,1,0,0,12,
31,3,13,2,3,5,4,0,0,0,50,
32,3,10,4,7,2,1,1,0,0,40,
46,3,10,2,13,0,4,1,3103,0,40,
27,3,13,4,3,3,4,0,0,0,40,
39,0,10,2,3,0,4,1,0,1902,50,
40,3,9,0,5,1,4,0,0,0,48,
30,3,9,4,11,1,4,0,0,1602,30,
17,3,5,4,7,4,4,1,0,0,20,
33,3,14,4,9,1,4,1,0,0,40,
72,3,16,4,9,1,4,1,0,0,30,
34,0,10,1,0,5,4,0,0,0,40,
65,3,9,4,2,2,1,1,0,0,40,
36,3,13,2,9,0,4,1,0,1887,50,
32,3,9,4,6,4,4,1,0,0,40,
26,3,10,4,0,2,4,1,0,0,40,
22,3,9,4,5,1,4,1,0,0,40,
47,3,15,2,9,0,4,1,99999,0,48,
31,3,10,4,7,1,4,1,0,0,40,
28,5,13,4,11,1,4,1,0,0,50,
38,3,14,4,0,1,4,0,0,0,50,
34,3,12,2,0,0,4,1,0,0,28,
44,3,13,2,9,0,4,1,0,0,35,
27,3,10,4,5,3,1,1,0,0,40,
50,1,13,2,10,0,4,1,0,0,44,
47,3,9,2,7,5,2,0,0,0,30,
20,3,10,4,7,1,4,1,0,0,40,
24,3,9,4,11,1,4,1,0,0,38,
29,0,10,2,12,0,4,1,0,0,40,
37,1,11,4,7,4,2,0,0,0,32,
42,3,12,0,0,1,4,1,0,0,40,
20,8,10,4,14,3,4,1,0,0,20,
68,3,10,4,0,1,4,0,0,0,40,
22,1,10,4,0,1,1,0,0,0,40,
72,5,9,2,11,0,4,1,0,0,30,
45,0,10,2,0,0,2,1,0,0,20,
30,1,9,2,7,0,2,1,0,0,40,
33,3,9,2,2,0,4,1,0,0,40,
43,3,9,2,7,0,4,1,0,0,40,
56,3,10,6,3,1,4,1,4416,0,60,
25,5,11,2,4,0,4,1,0,0,40,
41,3,9,0,8,1,4,0,0,0,40,
25,3,13,4,7,1,4,0,0,0,37,
31,6,12,2,12,0,4,1,0,0,40,
36,3,9,2,6,0,4,1,0,0,38,
37,3,13,2,3,0,4,1,0,0,40,
58,5,9,2,2,0,4,1,0,0,20,
26,3,13,4,0,1,2,0,0,0,40,
55,3,10,2,12,0,4,1,0,0,50,
46,0,10,2,3,0,4,1,0,0,48,
44,3,13,4,0,1,4,0,0,1617,20,
44,3,7,2,7,0,2,1,0,0,60,
28,6,13,4,3,1,4,1,0,0,55,
42,3,6,2,13,0,4,1,0,0,50,
41,3,9,0,2,1,4,1,0,0,40,
39,3,13,2,3,0,4,1,0,0,45,
64,5,11,2,4,0,4,1,0,0,30,
20,3,10,4,5,3,4,1,0,0,25,
45,1,10,2,10,0,4,1,0,0,40,
31,3,9,2,0,0,4,1,0,0,50,
36,0,14,2,3,0,4,1,0,0,40,
32,3,5,5,7,4,3,0,0,0,40,
33,5,11,2,4,0,4,1,0,0,65,
51,5,9,0,3,1,4,0,99999,0,35,
36,3,9,0,6,4,4,1,0,0,40,
40,3,9,4,2,1,4,1,0,0,40,
44,3,11,2,0,0,4,1,7298,0,51,
40,3,9,0,0,4,4,0,0,0,45,
46,3,11,0,0,1,4,0,0,0,40,
31,5,15,2,9,0,4,1,0,0,60,
30,3,9,4,11,1,4,0,0,1980,40,
26,3,9,2,5,0,4,1,0,0,40,
25,3,13,4,7,2,4,1,0,0,40,
35,5,12,2,2,0,4,1,0,0,40,
29,3,15,4,9,2,4,1,0,0,50,
39,3,12,5,2,1,4,1,0,0,40,
44,5,10,0,7,4,4,1,0,0,40,
37,3,9,2,6,0,4,1,0,0,60,
79,5,11,2,11,0,4,1,0,0,20,
36,3,13,2,3,0,2,1,0,0,45,
44,3,10,2,2,0,4,1,0,0,60,
23,3,9,2,6,0,4,1,0,1573,30,
27,3,13,4,0,1,4,0,0,0,45,
46,5,13,2,11,0,4,1,0,1902,40,
58,3,9,2,2,0,4,1,0,0,40,
36,3,12,0,3,1,4,1,0,0,48,
36,3,9,2,2,0,4,1,0,1887,60,
21,3,10,4,0,1,4,1,0,0,45,
41,6,9,4,13,1,4,0,14344,0,40,
49,0,9,2,6,0,4,1,0,0,40,
34,3,13,2,11,5,4,0,0,0,40,
29,3,9,2,10,0,4,1,0,0,35,
63,3,13,2,3,0,4,1,0,0,50,
29,0,13,4,9,1,4,0,0,0,40,
65,3,10,2,4,0,4,1,0,0,40,
26,3,13,4,7,1,4,0,0,0,25,
42,3,16,2,9,0,1,1,0,0,40,
44,3,10,0,0,1,1,0,0,0,37,
51,8,9,5,14,1,2,1,0,0,6,
41,5,9,2,6,0,4,1,0,0,25,
22,1,12,4,0,3,2,0,0,0,35,
36,8,10,2,14,5,4,0,0,0,25,
18,3,7,4,5,3,4,1,0,0,40,
33,1,6,2,13,0,4,1,0,0,40,
46,1,13,2,9,0,4,1,0,0,38,
49,3,7,2,8,2,4,0,0,0,40,
41,6,9,2,0,5,4,0,0,0,40,
52,3,10,0,0,4,4,0,0,0,40,
40,3,10,5,5,1,4,1,0,0,40,
53,0,10,4,9,4,4,0,0,0,40,
45,5,9,2,2,0,4,1,0,0,50,
30,1,6,2,2,0,4,1,0,0,40,
56,3,9,2,5,0,4,1,0,0,40,
24,3,9,2,2,0,4,1,0,0,40,
71,5,4,2,4,0,4,1,0,0,50,
20,5,9,0,11,1,4,0,0,0,30,
26,3,13,2,12,0,4,1,0,0,50,
34,3,9,2,11,0,4,1,0,0,65,
36,8,5,0,14,4,4,0,0,0,40,
49,3,9,5,9,4,4,0,0,653,60,
48,3,16,2,9,0,4,1,0,1902,50,
22,3,9,4,7,3,4,0,0,0,40,
30,3,10,0,6,1,4,1,0,1617,40,
51,3,9,0,2,1,4,1,0,0,40,
46,3,10,3,11,4,4,0,0,0,40,
32,4,9,2,3,0,4,1,0,0,45,
42,3,15,2,11,5,0,0,15024,0,40,
52,6,10,2,12,0,4,1,0,0,50,
57,3,9,0,0,2,2,0,0,0,40,
35,3,10,0,0,4,4,0,0,0,39,
52,3,14,2,9,0,4,1,0,0,50,
59,8,5,0,14,1,4,0,0,0,12,
36,3,10,0,3,4,4,0,0,0,40,
33,3,10,2,3,0,4,1,0,0,40,
67,1,9,0,10,1,2,1,0,0,20,
31,5,10,2,11,0,4,1,0,0,48,
31,3,9,2,9,0,4,1,0,0,50,
28,3,10,4,6,1,4,1,0,0,42,
72,8,4,6,14,4,4,0,0,0,20,
36,3,9,0,2,1,4,1,0,0,40,
58,5,9,2,11,0,4,1,0,0,35,
56,3,9,2,6,0,4,1,0,0,40,
35,3,10,4,11,1,4,1,0,0,40,
37,3,11,2,2,0,4,1,0,0,40,
44,3,13,3,3,4,4,0,0,0,40,
26,3,9,4,4,3,4,1,0,0,40,
51,3,9,2,13,0,4,1,0,0,40,
31,3,10,2,2,0,4,1,4386,0,50,
30,3,10,4,11,3,4,0,0,0,40,
20,3,10,4,0,1,4,0,0,0,40,
21,3,10,4,0,3,1,0,0,0,40,
37,3,13,2,9,0,4,1,0,0,50,
53,6,11,2,9,0,4,1,4386,0,40,
54,3,9,2,0,0,4,1,0,0,45,
32,8,13,0,14,4,4,0,0,0,32,
34,8,10,2,14,5,4,0,7688,0,6,
30,3,13,2,11,0,4,1,7298,0,50,
43,6,9,3,3,4,4,0,0,0,40,
48,3,11,0,7,3,4,0,0,0,40,
42,5,13,2,11,0,4,1,0,0,48,
62,3,9,2,6,0,4,1,0,0,40,
31,3,9,2,2,0,4,1,0,0,40,
22,3,9,4,11,1,4,1,0,0,60,
45,3,13,2,3,0,4,1,0,0,32,
34,3,10,5,11,1,4,1,0,0,45,
64,3,9,2,3,0,4,1,0,0,20,
42,5,13,2,4,0,4,1,0,0,65,
60,5,9,2,11,0,4,1,0,0,70,
44,3,9,4,2,2,4,1,0,0,58,
67,8,4,2,14,0,4,1,0,0,4,
45,3,12,0,12,4,4,0,0,0,40,
53,5,15,2,9,0,4,1,0,0,38,
37,3,11,2,13,0,4,1,15024,0,50,
32,8,6,2,14,5,4,0,0,0,40,
23,3,9,4,7,1,4,0,0,0,35,
28,3,13,2,9,0,1,1,0,0,40,
55,3,4,2,2,0,4,1,0,0,41,
58,3,14,4,0,1,4,0,0,0,24,
74,4,10,2,3,0,4,1,20051,0,25,
27,3,9,4,0,3,4,1,0,0,40,
37,3,9,0,0,4,2,0,0,0,40,
22,8,10,4,14,3,1,0,0,0,4,
44,5,6,2,7,0,4,1,0,0,70,
23,3,12,4,0,3,4,1,0,0,40,
41,3,13,2,3,0,4,1,0,0,40,
45,3,10,2,12,0,1,1,0,0,55,
29,3,9,0,6,4,4,1,0,0,40,
33,3,13,4,11,1,4,1,0,0,45,
61,1,14,2,3,0,4,1,7298,0,60,
29,3,12,2,11,5,3,0,7688,0,45,
22,3,10,4,11,2,4,1,0,0,38,
28,3,5,4,2,1,4,1,0,0,40,
30,3,13,2,9,5,4,0,0,0,40,
20,3,10,4,5,3,4,1,0,0,20,
28,8,6,5,14,1,4,1,0,0,30,
45,3,9,2,2,0,4,1,0,0,50,
19,8,10,4,14,1,4,0,0,0,24,
42,3,12,0,3,4,4,0,0,0,40,
34,3,9,4,2,3,4,1,0,0,40,
31,3,13,2,9,0,4,1,0,0,60,
23,3,13,4,3,3,4,0,0,0,40,
50,3,9,2,2,0,4,1,0,0,50,
40,3,6,2,3,0,4,1,0,0,40,
57,3,9,0,0,1,4,0,0,0,45,
35,3,10,2,0,5,4,0,3908,0,27,
24,3,13,4,3,3,4,1,0,0,45,
27,3,10,4,0,1,4,0,0,0,15,
27,1,10,4,10,3,4,0,0,0,40,
45,4,9,2,11,0,4,1,0,0,40,
80,3,16,2,9,0,4,1,0,0,30,
23,6,10,4,7,1,4,1,0,0,50,
46,3,10,2,3,0,4,1,0,0,40,
38,3,13,2,11,0,4,1,0,0,40,
50,3,9,0,11,1,4,1,0,0,60,
90,3,13,2,11,0,4,1,0,0,20,
55,3,10,2,11,0,4,1,0,0,50,
72,3,9,2,3,5,4,0,0,0,50,
65,3,10,6,0,1,4,0,0,0,40,
37,3,6,0,2,1,4,1,0,0,40,
39,6,9,2,0,5,4,0,0,0,40,
38,3,11,2,2,0,4,1,0,0,40,
46,3,10,2,3,0,4,1,15024,0,50,
50,3,9,2,11,0,4,1,0,0,65,
54,3,12,2,3,0,4,1,0,0,40,
40,3,14,4,11,1,4,1,0,0,50,
30,3,4,2,2,0,4,1,2829,0,40,
50,3,9,2,4,0,4,1,0,0,35,
28,3,10,4,2,1,4,1,0,0,30,
34,3,11,2,2,0,4,1,0,0,53,
55,3,9,0,5,1,4,1,0,0,40,
20,3,9,4,5,3,4,1,0,0,40,
19,8,10,4,14,1,4,0,0,0,32,
21,3,10,4,0,1,4,1,0,0,35,
39,3,10,0,7,1,4,0,0,0,20,
43,3,9,2,2,0,4,1,0,0,40,
33,1,9,4,7,4,0,1,0,0,40,
26,3,10,4,0,1,4,0,0,0,40,
45,6,16,2,9,0,4,1,0,0,40,
31,6,10,4,7,3,4,0,0,0,65,
32,3,3,2,2,0,4,1,0,0,60,
60,5,9,2,11,0,4,1,0,0,50,
41,3,9,2,6,0,4,1,0,0,40,
21,3,10,4,7,3,2,1,0,0,20,
27,3,10,0,0,4,2,0,0,0,36,
33,3,3,0,5,4,4,1,0,0,40,
43,3,9,2,2,0,4,1,0,0,40,
27,3,7,2,2,0,4,1,0,1902,40,
18,5,6,4,4,3,4,1,0,0,40,
48,5,10,2,3,0,4,1,0,0,40,
37,3,4,0,3,1,4,1,0,0,50,
58,3,9,2,6,0,4,1,0,0,40,
57,3,8,2,13,0,2,1,7688,0,40,
42,1,13,4,0,1,4,0,99999,0,40,
24,3,9,4,0,2,4,1,0,0,40,
26,3,13,4,7,2,4,1,0,0,15,
43,4,9,0,2,4,4,1,5455,0,50,
34,3,7,2,2,0,4,1,0,0,40,
38,3,13,2,3,5,4,0,0,0,40,
51,5,7,2,4,0,4,1,0,0,45,
31,8,9,2,14,5,2,0,0,0,45,
49,5,16,2,9,5,4,0,0,0,35,
26,3,13,4,0,3,4,0,0,0,40,
28,3,9,0,13,4,2,0,0,0,20,
22,0,10,2,11,0,4,1,0,1902,37,
26,3,9,0,2,1,4,1,0,0,40,
45,3,5,2,7,0,4,1,0,1848,40,
39,3,10,0,3,4,4,0,0,625,40,
23,3,9,2,11,0,4,1,0,0,40,
62,8,9,2,14,0,4,1,0,0,8,
42,1,13,2,9,0,4,1,0,0,60,
39,0,9,2,2,0,4,1,0,0,40,
43,0,11,0,2,1,4,1,0,0,40,
33,5,10,4,4,1,4,1,0,0,70,
68,6,13,2,3,0,4,1,0,0,20,
30,8,14,2,14,0,4,1,0,0,46,
32,3,13,4,0,1,1,1,0,0,40,
25,3,10,4,0,4,3,1,0,0,40,
53,3,3,2,7,2,4,0,0,0,24,
38,3,11,2,3,0,4,1,0,0,55,
62,8,9,2,14,0,4,1,0,0,40,
20,3,9,4,6,3,4,1,0,0,40,
26,3,9,2,2,0,4,1,0,0,40,
23,3,9,4,13,3,4,1,0,0,40,
43,6,9,0,12,1,4,0,0,0,40,
29,6,10,4,10,1,4,1,0,0,36,
34,3,6,5,7,4,4,0,0,0,36,
24,3,10,4,11,3,4,1,0,0,35,
44,1,14,2,9,0,4,1,0,0,35,
19,3,10,4,0,1,4,1,0,0,40,
47,3,13,2,0,0,4,1,0,0,40,
40,3,10,0,7,1,4,0,0,0,48,
45,3,9,6,11,4,4,0,0,0,45,
43,3,9,5,5,4,2,0,0,0,45,
22,8,5,4,14,1,4,1,0,0,30,
50,3,16,0,9,2,4,1,10520,0,50,
72,8,10,3,14,1,4,1,0,0,3,
29,3,13,4,9,1,4,1,0,0,40,
47,3,13,4,3,1,4,1,0,0,50,
24,3,9,4,11,3,4,1,0,0,35,
22,8,10,4,14,1,4,1,0,0,15,
21,3,9,4,0,3,4,0,0,0,40,
30,5,9,2,3,0,4,1,0,1887,50,
37,3,10,6,7,1,4,0,2354,0,40,
74,5,15,0,9,2,4,1,0,0,40,
70,5,10,2,4,0,4,1,2653,0,70,
27,3,11,2,2,0,4,1,0,0,40,
32,1,13,0,0,4,1,0,0,0,46,
30,3,7,2,5,0,4,1,0,0,50,
29,1,11,0,10,4,4,1,0,0,56,
18,3,7,4,5,3,4,1,0,1602,40,
31,3,9,2,2,0,4,1,7298,0,40,
39,6,10,2,10,0,4,1,0,0,70,
21,3,10,4,7,3,4,0,0,0,30,
31,3,9,2,13,0,4,1,0,0,38,
33,1,10,2,10,0,4,1,0,0,40,
39,3,15,0,9,1,4,1,0,0,70,
29,3,9,2,2,0,4,1,0,0,40,
34,3,10,2,12,0,4,1,0,1485,40,
52,6,13,6,3,4,4,0,0,0,55,
35,3,9,4,11,1,4,1,0,0,25,
33,3,6,2,2,0,4,1,0,0,40,
40,8,5,0,14,4,4,0,0,0,5,
43,3,13,2,3,0,1,1,0,0,50,
66,8,2,4,14,1,2,1,0,0,30,
51,1,13,2,3,0,4,1,0,0,40,
36,3,9,4,7,4,4,0,0,0,30,
17,1,7,4,9,3,4,0,0,0,40,
32,3,9,2,2,0,4,1,0,0,40,
39,3,9,4,6,4,2,0,0,0,40,
19,4,10,4,4,3,4,1,0,0,60,
54,3,7,0,0,1,4,1,0,0,40,
45,3,13,0,9,1,4,1,0,0,50,
47,1,13,0,9,1,2,0,0,0,40,
49,5,9,2,4,0,4,1,0,1672,98,
32,3,9,0,0,4,4,0,0,0,40,
28,4,9,2,2,0,4,1,0,0,50,
39,4,13,2,11,0,4,1,0,0,40,
27,4,9,4,11,1,4,1,0,0,50,
42,1,14,2,9,5,4,0,0,0,38,
24,3,13,2,9,0,4,1,0,0,44,
45,3,13,2,2,0,4,1,0,0,45,
19,3,9,4,7,3,4,1,0,0,30,
46,3,6,2,13,0,4,1,0,0,40,
50,3,9,2,13,0,4,1,0,0,40,
32,3,9,4,0,1,4,0,0,0,42,
47,4,15,2,9,0,4,1,99999,0,50,
69,8,13,2,14,0,4,1,10605,0,10,
43,5,9,2,4,0,4,1,0,0,50,
29,3,13,4,2,1,4,1,0,0,40,
43,0,15,2,9,0,1,1,0,2415,55,
90,3,13,4,9,3,4,0,0,0,10,
41,3,15,2,3,5,4,0,0,0,50,
24,3,1,4,4,1,4,1,0,0,36,
24,3,10,4,4,3,4,1,0,0,50,
24,3,10,4,7,1,4,0,0,0,53,
35,3,9,2,0,5,4,0,0,1887,42,
30,3,13,4,0,2,4,1,0,0,40,
46,3,13,5,3,4,4,0,0,0,40,
19,1,10,4,0,3,4,0,0,1721,30,
39,3,5,5,2,3,4,1,0,0,35,
43,3,9,2,13,0,4,1,0,0,40,
35,3,9,4,0,1,4,0,0,0,40,
65,3,9,6,11,1,4,0,0,0,24,
34,3,9,0,2,4,4,1,0,0,40,
41,3,11,2,11,0,4,1,0,0,40,
24,5,10,4,4,3,4,1,0,0,60,
24,3,9,4,7,1,0,1,0,0,35,
34,4,14,4,3,1,4,0,4787,0,45,
33,3,9,2,11,0,4,1,0,0,40,
37,3,9,4,6,1,4,1,0,0,38,
39,5,9,2,13,0,4,1,0,0,60,
58,3,9,0,7,4,4,0,0,0,25,
36,5,9,2,2,0,4,1,0,0,35,
33,0,10,2,12,5,4,0,4064,0,40,
42,1,14,2,9,0,4,1,0,0,55,
31,3,10,4,10,2,2,1,0,0,40,
57,3,9,5,2,4,4,1,0,0,40,
67,0,9,2,12,0,4,1,0,0,40,
23,3,9,0,2,1,4,1,0,0,40,
35,3,10,2,9,0,0,1,0,0,40,
43,3,13,2,9,0,4,1,0,0,55,
39,5,10,2,4,0,4,1,0,0,60,
36,3,9,4,2,1,4,1,0,0,40,
29,1,12,0,7,4,4,0,0,0,13,
25,3,9,4,5,3,4,1,0,0,40,
54,3,6,5,13,4,2,1,0,0,45,
24,3,9,2,2,0,4,1,0,0,44,
50,4,13,2,11,0,1,1,0,0,60,
70,3,6,2,6,0,4,1,0,0,50,
61,3,13,0,11,1,2,1,4787,0,48,
51,0,13,2,3,0,4,1,0,1902,40,
38,5,14,2,4,0,4,1,0,0,70,
51,3,9,0,9,4,4,0,0,0,40,
28,3,9,4,7,1,4,1,0,0,40,
66,5,15,2,9,0,4,1,0,0,25,
57,4,9,5,4,1,4,1,0,0,60,
44,4,13,2,11,0,1,1,0,0,50,
29,3,10,4,0,1,4,0,0,0,40,
21,3,10,4,11,3,2,0,0,0,40,
42,3,6,2,2,3,3,1,0,0,43,
74,3,15,2,9,0,4,1,99999,0,50,
50,3,10,0,11,1,4,0,0,0,40,
65,3,9,0,7,2,4,0,0,0,14,
64,8,9,0,14,4,4,0,0,0,38,
44,3,7,5,7,4,2,0,0,0,30,
34,3,11,2,9,0,4,1,4386,0,50,
17,3,6,4,7,3,4,1,0,0,10,
17,8,6,4,14,3,4,0,0,0,40,
43,3,10,2,13,0,4,1,0,0,60,
32,3,12,0,0,4,4,0,0,0,40,
54,3,13,2,11,0,4,1,3103,0,40,
20,3,10,4,0,3,4,0,0,0,20,
23,3,10,4,9,3,4,1,0,0,10,
34,3,9,2,7,0,4,1,0,0,45,
30,3,10,4,11,3,4,1,0,0,20,
32,3,4,2,6,0,4,1,0,0,40,
40,3,13,2,9,0,4,1,0,0,60,
28,3,10,4,2,1,2,1,0,0,40,
44,3,9,2,2,0,4,1,0,0,45,
29,1,11,2,12,5,4,0,0,0,35,
28,3,16,4,9,1,4,1,594,0,50,
37,3,10,2,3,0,4,1,0,0,40,
56,4,10,2,2,0,4,1,0,0,40,
27,3,13,4,9,1,4,1,0,0,40,
34,3,9,0,6,4,4,0,0,0,20,
37,3,9,0,2,1,4,1,0,0,40,
66,5,13,2,11,0,4,1,0,0,40,
19,3,9,4,9,3,4,1,0,0,30,
60,3,11,0,9,4,4,0,0,0,40,
54,5,10,2,13,0,4,1,2829,0,30,
47,3,9,2,2,0,4,1,0,0,40,
47,3,10,0,9,1,4,1,0,0,48,
48,4,11,2,2,0,4,1,0,0,60,
57,8,9,2,14,0,4,1,0,0,60,
50,4,10,2,3,0,4,1,0,0,50,
62,3,5,6,7,4,2,0,0,0,25,
45,3,10,2,7,0,4,1,0,0,40,
55,1,9,2,5,0,4,1,0,0,40,
62,3,9,6,11,1,4,0,0,0,32,
25,3,6,2,6,0,4,1,0,0,40,
49,3,7,0,3,1,4,0,0,0,38,
32,6,10,4,10,4,2,0,3887,0,40,
25,0,9,4,5,1,0,1,0,0,40,
39,3,10,2,6,0,4,1,0,0,50,
27,1,10,2,3,0,4,1,0,0,50,
43,3,9,2,7,0,2,1,0,0,40,
30,3,9,0,7,2,1,0,0,0,40,
21,3,10,4,11,3,4,0,0,0,20,
33,3,15,2,3,5,4,0,0,0,40,
33,3,10,4,0,1,4,1,0,0,50,
33,3,7,4,0,4,2,0,0,0,38,
70,3,4,6,7,1,4,0,0,0,35,
25,3,10,4,7,3,2,1,0,0,42,
17,3,7,4,7,3,4,1,0,0,25,
20,3,10,4,4,3,4,1,0,0,40,
19,3,10,4,7,2,2,1,0,0,35,
71,0,10,2,3,0,4,1,20051,0,40,
31,3,12,2,3,0,4,1,0,0,40,
26,3,13,2,11,0,4,1,0,0,55,
52,3,14,2,3,0,4,1,0,0,40,
26,3,13,4,3,1,4,0,0,0,40,
38,3,9,0,6,1,4,1,0,0,45,
25,3,10,4,7,1,4,1,0,0,40,
22,3,13,4,9,1,4,0,0,0,9,
48,6,10,2,10,0,4,1,0,1902,40,
53,3,9,2,2,0,4,1,0,0,40,
30,5,12,0,2,1,4,1,0,0,50,
44,3,10,2,2,0,4,1,0,0,60,
32,0,13,2,9,0,1,1,0,0,56,
59,5,7,2,2,0,4,1,0,0,20,
49,3,10,0,5,4,2,0,0,0,40,
65,8,9,2,14,0,0,1,3818,0,40,
31,3,9,4,2,1,4,1,0,0,50,
53,3,3,2,2,0,3,1,5178,0,40,
44,3,5,4,6,1,4,1,0,0,40,
36,3,13,2,9,0,1,1,0,0,55,
36,3,9,4,11,1,4,0,0,0,40,
37,3,5,2,6,0,4,1,0,0,50,
63,8,13,2,14,0,4,1,7688,0,54,
67,4,9,2,9,5,4,0,20051,0,30,
29,3,13,4,11,4,2,1,0,0,40,
52,3,9,0,11,1,4,1,0,0,40,
37,3,9,2,2,0,4,1,0,1628,40,
21,3,10,4,7,1,4,0,0,0,40,
36,3,10,0,3,4,2,0,0,0,38,
24,3,9,4,6,2,2,0,0,0,30,
31,3,9,4,3,3,2,1,0,0,40,
54,0,9,6,0,4,4,0,0,0,35,
44,3,13,2,12,0,4,1,0,0,40,
18,3,10,4,5,3,3,1,0,0,30,
41,3,9,2,13,5,4,0,0,0,40,
37,4,14,0,3,1,4,0,0,0,70,
26,6,13,4,9,1,1,1,0,0,20,
68,5,16,2,9,0,4,1,0,0,50,
31,3,10,2,11,0,4,1,0,0,40,
48,3,9,0,2,1,4,1,0,0,40,
80,8,9,2,14,0,4,1,0,0,8,
26,3,10,2,6,0,2,1,0,0,40,
63,3,5,2,13,0,4,1,0,0,40,
19,3,10,4,6,3,4,1,0,0,20,
30,8,10,4,14,3,4,0,0,0,30,
42,4,9,2,11,0,4,1,0,0,60,
64,0,12,2,7,0,1,1,0,0,40,
32,3,13,4,13,1,4,1,0,0,40,
50,3,9,2,2,0,4,1,0,0,47,
73,3,9,2,4,0,1,1,0,0,40,
32,3,13,4,9,1,2,0,0,0,40,
53,3,10,2,13,0,4,1,7298,0,45,
58,3,13,0,11,1,4,1,0,0,40,
37,1,10,2,2,0,4,1,5178,0,40,
24,3,10,4,2,3,4,1,0,0,15,
53,3,13,2,3,0,4,1,0,0,50,
23,3,10,4,3,3,3,0,0,0,40,
42,8,12,4,14,2,4,0,0,0,40,
30,3,9,2,3,2,4,0,0,0,40,
38,3,13,4,7,3,4,0,0,0,35,
28,3,9,4,2,1,4,1,0,0,40,
19,3,8,4,7,3,4,0,0,0,20,
45,3,9,2,6,0,2,1,0,0,40,
26,3,13,4,0,3,4,1,0,0,40,
33,3,5,4,11,4,4,0,0,0,40,
29,3,9,4,4,1,4,1,0,0,50,
54,3,14,2,3,5,4,0,0,0,55,
23,3,10,4,3,1,4,0,0,0,50,
43,4,9,2,11,0,4,1,0,0,55,
37,3,5,4,8,1,4,0,0,0,30,
31,3,4,2,7,0,4,1,0,0,40,
56,4,8,2,3,0,4,1,0,1651,40,
25,3,7,4,2,3,4,1,0,0,40,
17,3,7,4,7,3,2,0,0,0,25,
37,3,9,6,0,4,4,0,0,0,68,
60,3,11,2,12,0,4,1,0,0,40,
59,0,13,3,3,1,4,0,0,0,40,
59,0,9,2,2,0,4,1,0,0,40,
46,5,15,2,9,0,4,1,15024,0,40,
28,8,9,2,14,2,4,1,0,0,16,
33,8,9,4,14,1,4,1,0,0,40,
24,3,9,4,2,3,4,1,0,1408,50,
29,3,9,2,7,5,4,0,4386,0,40,
33,5,11,0,7,4,4,0,0,0,99,
29,8,9,2,14,0,4,1,0,0,40,
23,6,10,4,10,1,4,1,0,0,40,
20,3,10,4,0,3,4,1,0,0,25,
60,3,9,6,7,1,4,0,0,0,44,
44,3,6,4,11,4,3,0,0,0,35,
18,3,9,4,13,3,4,1,1055,0,25,
52,0,8,4,7,4,2,0,0,0,40,
31,3,9,0,2,1,4,1,0,0,45,
30,3,13,6,9,4,4,0,0,0,55,
33,3,9,2,5,0,4,1,3781,0,40,
20,3,10,4,7,1,4,0,0,0,32,
27,8,13,2,14,5,2,0,0,0,35,
33,3,11,5,0,3,2,0,0,0,50,
25,3,9,4,7,1,2,0,0,0,35,
63,3,9,5,2,1,4,0,0,0,20,
63,5,10,6,3,1,4,1,0,0,35,
43,3,9,5,11,1,4,0,0,0,30,
58,3,7,6,6,1,4,0,0,0,40,
70,8,11,6,14,4,4,0,0,0,35,
35,3,11,4,0,3,4,0,14344,0,40,
42,3,10,2,3,0,4,1,0,0,55,
20,1,10,4,10,3,4,1,0,0,25,
35,3,9,0,2,1,4,1,0,0,40,
62,3,5,2,3,0,4,1,0,0,40,
41,3,9,0,2,4,4,0,1506,0,50,
43,5,13,2,9,5,4,0,0,0,35,
19,3,8,4,6,3,4,1,0,0,40,
46,3,9,4,0,3,4,0,0,0,40,
47,3,13,2,9,0,4,1,15024,0,50,
36,5,13,2,3,0,4,1,7298,0,40,
45,3,12,4,0,1,2,0,0,0,40,
48,3,6,2,2,0,4,1,0,0,30,
29,3,12,4,0,1,1,0,0,0,40,
48,6,13,2,3,0,4,1,5178,0,40,
36,3,9,0,11,4,2,0,0,0,25,
58,3,7,2,2,0,4,1,0,0,40,
43,3,9,4,0,1,2,0,0,0,40,
59,3,13,2,2,0,4,1,0,0,4,
42,3,13,2,3,0,4,1,0,0,40,
33,0,11,2,12,0,4,1,0,0,40,
23,0,10,4,1,2,4,1,0,0,40,
21,3,10,4,5,3,4,1,0,0,25,
48,3,3,0,6,4,3,0,0,0,40,
32,1,9,2,2,0,4,1,0,0,40,
31,3,10,2,0,0,4,1,0,0,50,
66,1,14,6,9,1,4,0,0,0,40,
23,1,13,4,0,1,4,1,0,0,32,
52,3,10,2,0,5,4,0,0,0,35,
17,3,7,4,5,3,4,1,0,0,15,
35,3,10,2,11,0,4,1,0,0,43,
39,3,16,2,9,0,4,1,99999,0,55,
21,8,10,4,14,1,4,0,0,0,10,
24,3,10,4,0,4,4,0,0,0,40,
45,3,9,2,7,0,1,1,0,0,84,
25,3,9,4,2,1,4,1,0,2001,50,
29,0,13,4,9,1,2,1,0,0,40,
56,3,13,2,0,0,4,1,5178,0,44,
34,5,9,0,4,1,4,1,0,0,40,
64,1,9,0,2,1,4,1,0,0,40,
27,3,9,2,0,0,4,1,0,0,39,
47,3,9,0,6,1,4,1,4650,0,40,
36,3,13,2,12,0,4,1,3103,0,42,
44,0,9,0,6,1,4,1,0,0,40,
31,3,9,4,4,1,2,0,0,0,60,
23,3,9,2,0,2,4,0,0,0,35,
45,1,10,2,9,0,4,1,7688,0,50,
31,1,9,4,6,3,4,1,0,0,64,
45,3,6,2,2,0,4,1,0,0,60,
42,3,9,4,0,4,2,0,0,0,35,
33,3,12,2,9,0,4,1,0,0,40,
33,1,14,2,9,5,4,0,0,0,40,
30,5,10,2,0,5,4,0,0,0,20,
25,3,10,4,6,1,4,1,0,0,42,
33,3,14,4,3,1,4,0,0,0,32,
70,5,14,2,3,0,4,1,0,2246,8,
22,3,5,4,13,3,4,1,0,0,40,
30,3,13,2,11,0,4,1,0,0,40,
46,3,12,2,3,0,4,1,15024,0,50,
43,5,8,2,13,0,4,1,0,0,60,
37,3,4,4,6,3,4,0,0,0,25,
59,4,10,2,3,0,4,1,15024,0,60,
51,5,9,4,4,4,4,1,0,0,45,
47,3,13,2,3,0,1,1,2885,0,65,
36,3,10,2,3,0,4,1,0,0,60,
73,1,3,2,9,0,4,1,0,0,6,
32,1,14,4,9,1,4,0,0,0,40,
34,3,9,2,11,0,4,1,0,0,50,
51,1,9,2,13,0,0,1,0,0,40,
20,3,9,4,6,4,4,0,0,0,45,
57,3,10,2,7,0,3,1,0,0,40,
19,3,10,4,7,3,4,1,0,0,20,
45,3,8,2,11,0,4,1,7688,0,40,
55,3,6,2,2,0,4,1,0,0,40,
60,3,10,2,2,0,0,1,0,0,40,
35,3,9,2,12,0,4,1,0,0,40,
20,3,9,4,6,3,4,0,0,0,30,
34,1,13,4,9,2,2,1,0,0,15,
26,3,15,2,9,0,4,1,0,1977,40,
73,0,10,6,12,1,4,0,3273,0,40,
27,3,14,2,9,0,4,1,0,0,55,
37,5,11,4,4,3,4,1,0,0,84,
73,5,9,2,11,0,4,1,0,0,40,
46,0,11,2,12,0,4,1,0,1848,40,
36,1,9,4,0,1,4,1,0,0,40,
54,5,9,2,4,0,4,1,0,0,60,
49,3,7,2,7,0,4,1,0,0,50,
68,1,9,2,4,0,4,1,0,0,40,
34,3,13,4,3,1,4,1,0,1590,50,
30,3,11,4,9,1,2,1,0,0,40,
28,3,13,4,11,4,4,1,0,0,50,
28,3,7,2,3,0,4,1,0,0,50,
25,1,10,2,7,0,4,1,0,0,40,
26,3,10,4,6,1,1,1,0,0,40,
40,3,10,2,12,0,4,1,0,0,55,
32,1,9,0,0,4,4,0,0,0,40,
60,8,7,3,14,4,2,0,0,0,20,
18,3,8,4,8,1,4,0,0,0,30,
36,3,13,2,9,0,2,1,0,0,40,
26,3,13,4,9,3,4,0,0,0,40,
24,3,9,4,9,3,4,0,0,0,45,
90,1,9,2,7,0,4,1,6767,0,40,
20,3,10,4,0,3,4,0,0,0,40,
27,3,13,5,12,3,4,1,0,0,50,
58,1,13,0,9,1,4,0,0,0,50,
37,3,14,2,3,0,4,1,0,1977,40,
65,8,9,6,14,4,4,0,2329,0,75,
28,3,9,4,3,1,4,1,0,0,40,
36,1,13,0,9,1,4,0,0,0,60,
45,1,9,2,2,0,4,1,0,0,40,
23,3,9,4,11,1,4,1,0,0,48,
69,1,9,2,3,0,4,1,0,0,35,
58,5,9,2,3,0,4,1,0,0,40,
22,3,9,4,0,3,4,1,0,0,20,
58,5,13,2,4,0,4,1,0,0,35,
53,0,10,2,10,0,4,1,0,0,60,
44,4,9,2,4,0,4,1,0,0,60,
31,3,6,4,7,1,4,1,0,0,40,
46,3,13,0,6,4,3,0,0,0,40,
48,3,9,2,7,0,4,1,0,0,40,
46,0,10,5,0,4,4,0,0,0,40,
43,3,5,4,6,4,2,0,0,625,40,
43,3,10,0,0,1,4,0,0,0,40,
17,4,6,4,11,3,4,1,0,0,15,
20,3,10,4,11,3,4,1,0,0,40,
22,3,10,4,9,1,4,0,0,0,35,
19,8,10,4,14,3,4,1,0,0,35,
35,3,10,0,7,4,4,0,0,0,40,
29,3,13,4,12,1,4,1,0,0,40,
18,8,10,4,14,3,4,0,0,0,40,
25,3,9,4,2,1,4,1,0,0,35,
54,3,6,2,6,0,4,1,0,0,40,
23,3,10,2,11,3,4,0,0,0,16,
36,3,3,5,8,4,3,0,0,0,35,
26,5,9,2,2,0,4,1,0,0,50,
25,1,9,4,7,3,4,1,0,0,40,
46,3,5,0,7,4,4,0,0,0,40,
41,3,10,0,2,1,4,0,0,0,50,
31,3,9,4,9,3,4,1,0,0,40,
48,0,14,2,9,0,4,1,0,0,40,
52,4,14,0,3,1,2,0,0,0,50,
22,0,9,4,5,3,4,1,0,0,43,
18,3,9,4,2,3,4,1,0,0,25,
46,3,10,4,0,1,4,0,0,0,40,
34,1,10,4,10,3,4,1,0,0,40,
30,0,9,2,1,2,0,1,0,0,48,
31,3,7,4,7,1,4,1,0,0,40,
21,3,9,2,2,0,4,1,0,0,40,
41,5,9,0,11,1,4,1,3674,0,45,
45,6,13,2,3,0,4,1,0,1977,60,
30,6,13,4,0,1,4,1,0,0,40,
21,3,5,4,7,4,4,1,0,0,35,
44,3,10,0,11,4,4,0,0,1408,46,
54,3,7,0,2,3,4,0,0,0,50,
36,3,9,2,2,0,4,1,0,0,40,
50,3,13,4,3,1,4,1,0,0,50,
26,3,13,4,9,4,2,0,0,0,35,
47,1,15,2,9,0,4,1,0,0,35,
36,3,9,4,7,3,4,1,0,0,37,
32,5,10,2,11,0,0,1,0,0,60,
21,3,6,4,7,1,4,0,0,0,35,
30,3,9,2,11,0,4,1,0,0,45,
34,3,9,4,8,1,4,0,0,0,40,
51,3,9,3,2,1,4,1,0,0,45,
55,5,6,2,13,0,4,1,0,0,50,
43,3,10,2,0,0,4,1,0,0,40,
37,3,9,4,5,1,0,1,0,0,30,
28,1,10,4,3,3,4,0,0,0,40,
39,3,10,2,9,0,4,1,0,0,50,
35,5,9,2,2,0,4,1,0,0,40,
59,8,14,2,14,0,4,1,0,0,20,
26,3,9,4,2,3,4,1,0,0,36,
68,3,9,2,0,0,4,1,3818,0,40,
46,3,15,0,9,1,4,1,0,2824,40,
21,3,9,4,7,3,4,1,0,0,37,
23,3,10,4,11,3,4,0,0,0,20,
17,3,6,2,11,3,4,0,0,0,30,
23,1,9,4,7,1,4,0,0,0,40,
34,3,9,6,0,4,4,1,0,0,15,
33,3,12,4,9,1,4,0,0,0,40,
31,3,12,5,13,1,4,1,0,0,45,
31,8,13,2,14,5,4,0,4064,0,30,
56,5,9,2,11,0,4,1,0,0,40,
21,3,9,4,0,3,4,0,0,0,40,
45,3,9,0,0,1,1,0,0,1590,40,
41,4,13,2,3,0,4,1,7688,0,40,
26,3,6,0,5,1,4,0,0,0,30,
41,3,7,6,7,4,4,0,0,0,40,
46,4,14,2,3,0,4,1,0,0,55,
47,6,9,0,0,4,1,0,0,0,40,
43,5,15,2,9,0,4,1,0,0,60,
35,3,9,2,11,0,4,1,0,0,45,
44,5,9,0,11,1,4,1,0,0,50,
58,4,13,2,3,0,4,1,7688,0,30,
25,3,12,0,12,3,4,0,0,1594,25,
44,3,11,4,2,4,4,1,0,0,40,
57,3,10,4,2,1,4,1,0,0,42,
24,3,10,2,5,0,4,1,0,0,40,
38,3,13,4,0,1,4,0,0,0,50,
33,3,4,0,5,1,4,1,2176,0,35,
25,3,10,4,9,3,4,0,0,0,40,
33,3,9,2,6,0,4,1,0,0,84,
50,1,10,2,10,0,4,1,0,0,52,
35,3,9,2,11,0,4,1,5178,0,50,
36,3,13,0,0,1,4,1,0,0,55,
27,3,10,4,7,3,4,0,0,0,40,
22,3,11,4,2,3,4,1,0,0,50,
30,3,9,2,13,0,4,1,0,0,40,
90,3,14,4,3,3,4,0,0,0,40,
39,3,9,5,7,2,2,1,0,0,40,
34,6,13,4,9,1,4,1,0,0,45,
39,3,13,2,3,0,4,1,0,0,60,
19,3,10,4,7,3,4,0,0,0,4,
19,3,6,4,2,1,4,1,0,0,40,
29,3,9,2,2,0,4,1,0,0,40,
66,5,12,2,2,0,4,1,2290,0,30,
38,3,10,2,12,0,4,1,0,0,45,
44,3,3,2,5,0,4,1,0,0,40,
34,5,4,4,2,3,4,1,0,0,40,
35,6,12,6,3,1,4,0,0,0,40,
29,1,13,4,9,1,4,1,0,0,40,
22,3,9,2,13,0,2,1,0,0,40,
33,8,10,4,14,3,4,1,0,0,40,
73,3,11,6,9,1,4,1,25124,0,60,
35,1,10,2,3,0,4,1,0,2377,40,
41,3,9,4,5,1,4,1,0,0,40,
27,5,10,2,7,5,4,0,0,0,50,
25,3,9,4,0,1,4,1,0,0,50,
47,3,13,0,5,1,4,1,0,1564,51,
36,3,13,2,11,5,4,0,0,0,35,
36,3,2,6,7,2,4,0,0,0,20,
25,1,9,0,12,4,4,0,0,0,40,
37,3,7,0,13,1,4,1,0,0,65,
26,1,13,4,12,3,4,1,0,0,40,
53,3,10,2,3,0,4,1,0,1740,40,
36,1,14,2,9,5,4,0,0,0,40,
30,3,13,4,12,1,4,0,4787,0,45,
53,1,10,0,7,1,4,0,0,0,40,
37,5,9,2,2,0,4,1,0,0,45,
41,6,9,0,2,4,4,1,0,0,40,
53,3,13,2,5,0,4,1,0,0,55,
23,3,10,4,7,3,4,1,0,0,32,
28,3,9,2,4,0,4,1,0,0,50,
53,1,6,2,7,0,4,1,0,0,40,
32,3,9,2,13,0,4,1,0,0,20,
33,3,13,4,0,1,4,0,0,0,50,
27,3,9,4,11,2,2,0,0,0,32,
52,3,11,2,2,0,4,1,0,1902,40,
31,3,10,2,0,0,4,1,0,0,55,
27,3,12,4,3,1,4,0,0,0,40,
44,3,9,2,5,5,4,0,3137,0,30,
37,5,14,2,9,0,4,1,0,0,40,
39,3,9,2,2,0,4,1,0,0,60,
18,3,8,4,11,3,2,0,0,0,20,
42,3,9,2,5,0,4,1,0,0,40,
49,3,13,2,2,0,4,1,0,0,40,
35,3,9,0,5,4,2,0,0,0,36,
43,3,9,2,13,0,1,1,0,0,99,
43,3,15,2,9,0,4,1,99999,0,60,
31,3,10,2,2,0,4,1,0,0,40,
27,3,13,4,7,1,4,1,0,0,40,
46,0,10,0,0,1,4,0,0,0,40,
54,3,9,2,11,0,4,1,0,0,44,
37,3,10,2,0,0,2,1,0,0,40,
53,1,10,2,10,0,4,1,4386,0,40,
26,3,10,4,0,1,1,1,0,0,20,
59,4,15,2,9,0,4,1,0,0,55,
36,0,10,5,0,1,2,1,0,0,40,
32,3,9,2,6,0,4,1,0,0,40,
53,1,14,2,9,0,4,1,0,0,40,
26,3,9,4,0,3,2,0,0,0,40,
35,3,9,1,7,5,4,0,0,0,40,
48,3,9,0,3,4,1,0,0,0,40,
30,1,10,5,5,1,2,1,0,0,40,
38,3,8,2,2,0,4,1,7688,0,40,
58,5,9,2,3,5,4,0,0,0,10,
44,3,9,3,13,1,3,1,0,0,32,
30,3,11,5,9,4,4,0,0,0,40,
68,5,9,2,3,0,4,1,0,0,10,
26,1,13,4,9,3,2,0,0,0,40,
26,1,13,4,9,3,4,0,0,0,40,
41,3,2,2,6,0,4,1,0,0,40,
43,6,13,2,9,0,1,1,15024,0,40,
48,3,13,0,3,1,4,1,0,0,47,
55,3,9,0,11,1,4,0,0,0,37,
50,5,10,0,3,4,1,0,0,0,40,
41,3,7,2,2,0,4,1,0,1485,50,
52,3,9,2,11,0,4,1,0,0,36,
24,8,9,2,14,5,4,0,0,0,40,
31,5,9,2,2,0,4,1,0,1902,40,
54,1,11,2,10,0,4,1,0,0,38,
31,5,14,5,12,1,4,0,0,0,25,
31,4,13,2,3,0,4,1,0,0,50,
47,3,9,2,2,0,4,1,0,0,40,
40,3,11,2,9,0,4,1,0,0,40,
46,6,10,0,0,4,4,0,0,0,48,
45,3,9,0,6,1,4,0,0,0,40,
39,3,6,4,7,4,4,0,0,0,25,
34,1,10,4,0,4,4,0,0,0,18,
48,8,10,4,14,1,4,1,8614,0,60,
19,8,10,4,14,3,4,0,0,0,20,
56,3,10,4,0,1,4,0,0,0,40,
47,3,9,5,9,2,3,0,0,0,40,
35,3,10,2,7,5,4,0,0,0,40,
25,3,10,2,2,0,4,1,0,0,40,
43,1,13,5,9,4,4,0,0,0,40,
59,3,13,2,11,0,4,1,0,0,37,
66,8,4,0,14,1,4,1,0,0,10,
63,3,4,2,13,0,4,1,0,0,60,
32,3,10,3,13,1,4,0,0,0,37,
58,8,13,6,14,1,4,0,0,0,40,
43,4,11,2,3,2,4,1,0,0,50,
27,3,9,4,0,1,4,0,0,0,52,
21,3,8,4,5,3,4,1,0,0,32,
44,0,10,0,3,4,4,1,0,0,60,
40,5,9,2,2,0,4,1,0,0,60,
65,3,9,6,0,4,4,0,0,0,40,
50,3,10,2,0,0,4,1,0,0,45,
18,8,9,5,14,3,4,1,0,0,20,
51,6,14,4,9,1,4,1,0,0,40,
44,0,10,0,0,4,2,0,0,0,40,
20,3,10,4,11,3,4,0,0,0,13,
29,3,11,4,3,1,4,1,0,0,40,
50,3,11,2,2,0,4,1,0,0,50,
50,1,9,2,3,0,4,1,5178,0,40,
43,3,6,2,0,0,4,1,0,0,40,
23,3,13,4,12,1,4,0,0,0,40,
41,3,9,2,13,0,4,1,0,0,40,
30,8,10,2,14,5,4,0,0,0,30,
58,5,13,2,4,0,4,1,0,0,25,
50,6,11,2,9,0,4,1,0,0,40,
37,5,13,2,2,0,4,1,0,0,65,
21,3,9,4,4,3,4,1,0,0,24,
33,3,9,2,11,5,4,0,0,0,20,
52,3,10,0,0,4,4,0,0,0,45,
47,3,9,2,13,0,4,1,0,0,40,
45,5,13,4,11,1,4,1,14084,0,45,
34,3,10,2,2,0,4,1,0,0,40,
39,3,10,2,11,0,4,1,0,0,40,
31,3,10,0,7,1,4,0,0,0,15,
19,8,10,4,14,1,4,1,0,0,40,
45,3,10,0,12,1,4,0,0,0,45,
45,5,11,2,10,0,4,1,0,0,3,
34,3,9,4,6,1,4,1,4416,0,30,
27,3,7,3,11,3,1,1,0,0,35,
37,3,9,0,11,4,4,0,0,0,40,
20,3,9,4,0,3,2,0,0,0,20,
32,3,13,4,3,1,4,1,13550,0,48,
24,3,2,4,5,1,4,1,0,0,55,
39,3,9,2,5,0,4,1,0,0,40,
18,3,10,4,11,3,4,0,0,0,30,
62,5,10,2,4,0,4,1,0,0,80,
24,3,13,5,3,1,4,0,0,0,40,
37,3,9,2,13,0,4,1,0,0,45,
46,3,13,6,0,1,4,0,0,0,25,
44,3,9,0,2,1,4,1,0,0,40,
53,3,9,4,11,1,4,1,0,2559,48,
25,3,13,4,5,3,4,1,0,0,35,
44,3,15,2,6,0,4,1,0,0,45,
24,3,13,4,11,1,4,1,0,0,50,
61,3,9,2,13,0,4,1,0,0,20,
45,1,14,0,9,4,4,0,0,0,40,
33,5,10,4,2,3,4,1,0,0,48,
48,3,13,2,9,0,4,1,15024,0,45,
26,1,9,4,5,3,0,1,0,0,30,
40,8,9,0,14,1,2,0,0,0,32,
68,3,13,2,11,0,4,1,20051,0,40,
24,3,9,0,10,3,4,0,0,1762,40,
25,8,13,2,14,0,4,1,0,0,60,
31,1,13,4,9,1,4,0,0,0,50,
55,3,10,0,7,4,4,0,0,0,38,
46,3,12,0,11,4,4,0,0,0,38,
58,3,13,0,3,1,4,1,0,0,38,
56,3,9,6,7,4,4,0,0,0,40,
45,0,13,4,0,1,4,1,0,0,55,
24,3,13,4,3,4,4,1,0,0,40,
35,1,9,0,4,3,1,1,0,0,56,
51,3,9,2,12,0,4,1,0,0,40,
47,3,15,2,9,0,4,1,15024,0,55,
17,3,7,4,0,2,4,0,0,0,10,
21,3,6,4,9,4,2,0,0,0,40,
45,3,13,4,9,1,4,0,0,0,40,
42,3,9,2,11,0,4,1,5178,0,50,
56,3,8,6,7,4,2,0,0,0,40,
39,3,9,2,5,0,4,1,0,0,40,
31,3,4,4,6,1,3,0,0,0,40,
20,0,10,4,12,1,4,1,0,0,40,
65,5,3,2,4,0,4,1,1797,0,21,
44,3,10,2,9,0,4,1,0,0,45,
33,3,9,2,2,0,4,1,0,0,40,
25,3,13,2,9,0,4,1,0,0,45,
38,3,9,2,3,0,4,1,0,0,50,
31,1,6,4,13,2,4,1,0,1741,40,
33,5,13,2,11,3,4,1,0,0,20,
49,5,9,0,7,4,4,0,0,0,40,
28,3,9,4,3,3,4,0,0,0,40,
29,3,9,2,2,0,4,1,0,0,40,
23,3,11,4,7,3,4,1,0,0,20,
37,5,13,2,9,0,4,1,0,0,5,
52,3,10,4,9,1,4,1,0,0,37,
27,3,9,4,6,1,4,1,0,0,40,
47,3,10,2,2,0,4,1,7688,0,55,
21,3,9,4,0,1,4,0,0,0,40,
41,0,13,2,0,5,1,0,0,0,40,
61,3,10,2,0,0,4,1,0,0,40,
32,3,13,2,9,0,1,1,0,0,40,
21,3,10,4,11,1,4,1,0,0,40,
63,3,8,2,11,0,4,1,0,0,40,
34,3,10,2,7,0,4,1,0,0,42,
21,6,12,4,12,3,4,1,0,0,10,
44,3,9,0,7,4,4,0,0,0,33,
26,3,13,4,3,1,1,1,0,0,35,
36,3,14,2,3,0,4,1,0,0,50,
39,3,13,4,9,1,4,1,0,0,40,
52,3,9,2,5,0,1,1,0,0,8,
44,5,13,2,11,0,4,1,0,0,40,
42,3,9,2,9,5,4,0,0,0,40,
60,8,9,2,14,0,4,1,0,0,50,
31,3,13,4,9,1,4,1,0,0,40,
30,3,10,4,2,4,2,1,0,0,40,
23,3,10,4,9,3,4,0,0,0,25,
81,6,2,6,7,1,4,0,0,0,20,
39,3,13,2,12,0,1,1,3137,0,40,
38,3,6,0,6,1,1,0,0,0,40,
21,3,10,4,3,1,4,0,0,0,38,
28,1,9,2,2,0,4,1,0,0,40,
34,3,13,4,3,1,4,0,0,0,40,
47,3,9,4,7,1,4,0,0,0,40,
36,3,9,2,2,0,4,1,0,0,50,
27,3,9,4,13,1,4,1,0,0,99,
56,3,13,4,9,1,4,0,2907,0,52,
57,3,9,6,7,4,4,0,0,0,30,
42,6,10,0,0,3,4,0,0,0,38,
43,3,9,0,2,1,4,1,0,0,35,
48,8,9,3,14,4,4,0,0,0,32,
53,3,9,0,6,1,4,0,0,0,40,
58,3,9,0,11,1,4,0,0,0,24,
19,3,8,4,7,3,4,1,0,0,40,
37,3,9,2,3,0,4,1,0,0,46,
41,5,10,0,9,1,4,0,0,0,15,
31,3,4,5,2,1,4,0,0,0,40,
31,3,13,2,9,0,4,1,0,0,35,
53,1,9,2,0,0,4,1,0,0,40,
19,3,10,4,11,3,4,1,0,0,25,
56,3,16,2,9,0,4,1,0,0,50,
55,0,10,2,0,5,4,0,0,0,40,
51,3,3,2,2,2,4,0,0,0,40,
62,3,10,4,0,1,4,0,0,0,40,
43,3,10,2,11,0,4,1,0,0,50,
45,8,4,0,14,1,0,1,0,0,48,
28,1,9,2,2,0,4,1,0,0,45,
46,3,9,2,3,0,4,1,0,0,40,
62,6,13,2,9,0,4,1,0,0,40,
57,1,9,6,7,4,4,0,0,0,30,
60,1,13,2,9,5,4,0,0,0,45,
23,0,10,4,5,1,4,1,0,0,40,
47,3,10,2,11,0,4,1,99999,0,60,
21,3,10,4,0,3,4,0,0,0,8,
51,3,9,2,5,0,4,1,0,0,48,
61,1,9,2,5,0,4,1,0,0,40,
52,5,13,2,0,5,4,0,99999,0,30,
76,3,13,2,3,0,4,1,0,0,40,
24,3,10,4,5,1,4,1,0,0,39,
31,5,13,4,2,1,4,1,0,0,55,
43,3,13,2,3,0,4,1,15024,0,50,
58,0,10,6,9,4,0,0,0,0,40,
18,8,10,4,14,3,4,0,0,1602,24,
19,3,8,4,0,3,4,0,0,0,25,
44,3,10,0,3,2,4,0,0,0,45,
41,1,10,4,9,2,4,1,0,0,7,
21,3,10,4,11,3,1,1,0,0,20,
40,3,9,0,5,1,2,1,0,0,35,
25,3,10,4,7,3,4,1,0,0,30,
62,1,16,6,9,4,4,0,0,0,40,
42,3,9,2,2,0,4,1,0,0,40,
35,3,11,4,12,1,4,1,0,0,40,
19,3,9,4,11,3,4,0,0,0,12,
60,3,9,2,7,5,4,0,0,0,40,
20,3,9,4,11,3,3,1,0,0,40,
23,3,12,2,5,0,4,1,0,0,25,
18,3,9,4,0,3,4,0,0,0,40,
40,3,10,2,3,0,4,1,0,0,45,
19,3,10,4,7,3,4,0,0,0,15,
51,3,9,0,9,1,4,0,0,0,40,
41,1,13,2,10,0,4,1,0,0,50,
18,3,6,4,7,3,4,0,0,0,20,
41,3,10,3,11,4,2,0,0,0,40,
27,3,10,4,3,3,4,0,0,0,40,
71,5,2,0,2,1,4,0,0,0,28,
25,3,8,2,6,0,4,1,0,0,40,
73,3,9,0,7,1,4,0,0,0,20,
45,3,10,2,7,0,4,1,0,0,40,
25,3,10,2,11,0,4,1,0,0,40,
50,3,9,2,9,5,4,0,0,0,16,
44,3,9,2,13,0,4,1,0,0,40,
44,1,11,0,10,3,4,0,0,0,40,
49,3,9,2,2,0,4,1,3103,0,45,
44,4,10,2,3,0,4,1,7688,0,45,
42,0,9,0,0,1,4,0,0,0,40,
20,3,9,4,8,1,4,0,0,0,45,
66,3,9,6,12,1,4,0,0,0,18,
19,3,10,4,3,3,4,1,0,0,15,
60,3,10,2,2,0,4,1,0,0,55,
46,3,11,5,9,1,4,1,0,0,40,
42,3,11,0,2,1,4,1,0,0,35,
59,3,10,0,3,1,4,0,0,0,52,
58,3,12,2,3,0,4,1,5178,0,60,
47,3,9,0,0,4,4,0,0,0,40,
58,3,10,2,12,0,4,1,0,0,36,
69,8,13,2,14,0,4,1,99999,0,40,
17,8,6,4,14,3,4,0,0,0,40,
19,3,7,4,4,3,4,1,0,0,24,
28,3,10,2,12,0,4,1,0,0,70,
37,3,9,5,9,4,0,0,0,0,40,
30,3,9,2,2,0,4,1,0,0,50,
36,3,10,0,9,1,4,1,0,0,40,
45,3,7,0,13,1,4,1,0,2824,76,
59,3,4,2,7,5,4,0,0,0,99,
45,3,10,2,5,0,4,1,0,0,40,
53,1,16,0,9,1,4,0,10520,0,40,
37,3,9,0,11,4,4,0,0,0,40,
26,3,10,4,11,1,4,0,0,0,40,
53,1,5,2,2,0,4,1,0,0,40,
44,6,9,2,7,5,4,0,0,0,15,
27,3,13,4,2,3,4,1,0,0,40,
22,3,10,4,2,3,4,1,0,0,40,
41,3,9,0,13,1,4,1,0,0,40,
53,3,9,2,6,0,4,1,0,0,40,
58,3,9,2,3,0,4,1,0,0,40,
34,8,8,5,14,4,2,0,0,0,53,
32,3,13,2,9,0,4,1,0,0,60,
32,3,10,2,5,0,4,1,0,0,38,
47,3,14,2,9,5,4,0,7688,0,40,
27,3,9,2,4,0,4,1,0,0,40,
25,3,10,4,5,1,4,1,0,0,40,
40,3,6,0,6,1,2,0,0,0,40,
36,5,10,2,11,0,4,1,0,0,92,
23,1,9,4,13,3,4,1,0,0,40,
44,3,5,2,6,0,2,1,0,0,40,
19,3,9,4,2,3,4,1,0,0,60,
42,3,13,4,11,1,4,1,0,0,40,
60,5,10,2,4,0,4,1,0,0,15,
41,3,9,2,11,0,4,1,0,1848,45,
45,0,9,4,13,4,1,0,0,0,40,
67,8,3,2,14,0,4,1,0,0,49,
36,5,13,2,13,0,2,1,0,0,48,
52,6,14,0,9,1,1,0,0,0,40,
28,3,16,4,0,3,4,1,0,0,18,
83,4,9,0,11,1,4,1,0,0,20,
17,3,7,4,7,3,4,1,0,0,20,
27,3,11,4,2,1,4,1,0,0,40,
35,5,11,4,4,1,4,1,0,0,60,
40,3,10,4,0,1,4,0,0,0,40,
23,3,12,2,11,5,4,0,0,0,25,
51,1,7,2,5,0,2,1,0,0,40,
51,3,2,2,7,0,4,1,0,0,54,
82,8,6,6,14,1,4,1,0,0,20,
28,3,9,4,3,1,4,0,0,0,45,
53,3,9,2,7,0,4,1,0,0,50,
29,3,13,4,0,1,4,0,0,0,35,
19,3,9,4,2,1,4,1,0,0,45,
30,3,13,3,11,1,4,0,0,0,50,
23,3,4,4,6,3,2,0,0,0,40,
66,3,13,2,11,0,4,1,0,0,15,
27,3,7,4,2,1,4,1,0,0,40,
35,3,9,2,6,0,2,1,0,0,40,
17,3,8,4,5,3,4,1,0,0,15,
27,3,9,4,6,1,4,1,0,0,40,
27,3,15,4,9,1,4,1,0,0,50,
44,1,13,2,10,5,2,0,15024,0,40,
64,3,9,2,13,0,4,1,0,0,16,
62,4,9,6,11,1,4,0,0,0,15,
26,3,10,2,11,0,4,1,0,0,40,
40,3,9,5,6,4,4,1,0,0,40,
40,3,16,2,9,0,4,1,0,0,40,
35,3,9,0,0,3,4,0,0,0,40,
25,3,13,4,9,3,1,1,0,0,40,
52,1,10,6,0,1,4,0,0,0,24,
46,3,10,2,0,5,4,0,0,0,40,
30,3,9,2,2,0,0,1,0,0,40,
52,3,10,2,3,0,4,1,0,0,40,
28,3,9,4,13,1,3,1,0,0,40,
17,3,6,4,7,3,4,0,0,0,25,
46,6,10,4,7,3,2,0,0,0,40,
45,3,13,0,3,1,4,1,0,0,40,
21,3,10,4,9,3,4,0,1055,0,32,
18,5,9,2,7,5,4,0,0,0,40,
17,3,7,4,7,3,4,1,0,1721,15,
90,3,10,0,11,4,2,0,0,0,37,
23,3,10,4,2,1,4,1,0,0,40,
41,3,13,2,9,0,4,1,0,0,40,
19,5,10,4,4,3,4,1,0,0,50,
69,3,9,2,13,0,4,1,0,0,40,
23,0,12,4,3,4,4,0,0,0,32,
28,3,10,4,12,1,4,1,0,0,54,
37,3,12,2,11,0,4,1,0,1977,45,
57,3,9,2,11,0,4,1,0,0,30,
30,1,10,4,10,1,2,1,0,1974,40,
48,3,9,5,0,4,4,0,914,0,40,
73,3,9,6,7,2,4,0,0,0,32,
25,3,3,4,6,2,4,1,0,0,40,
33,3,14,4,3,1,4,1,0,0,40,
36,3,9,2,6,0,4,1,0,0,40,
28,3,9,2,2,0,4,1,3411,0,40,
57,3,9,0,7,4,4,0,0,0,40,
31,3,10,4,7,4,2,0,0,0,40,
35,8,5,0,14,3,0,1,0,0,38,
40,6,9,0,7,1,2,0,0,0,48,
32,3,10,4,9,3,4,0,0,0,40,
35,8,13,4,14,1,4,1,0,0,40,
26,3,9,4,0,4,2,0,0,0,40,
27,4,10,5,11,3,4,0,0,0,40,
17,3,6,4,7,3,4,0,0,1602,18,
29,3,10,4,2,1,4,0,0,0,40,
18,3,7,4,7,3,4,0,0,0,30,
20,3,10,4,11,1,4,1,0,0,30,
69,8,9,2,14,0,4,1,0,0,24,
18,6,10,4,7,1,4,0,0,0,40,
56,3,9,4,7,1,2,0,0,0,40,
40,3,10,5,7,4,4,0,0,0,8,
46,3,10,0,3,1,4,1,0,0,40,
41,3,8,2,10,0,2,1,0,0,40,
53,3,10,6,3,4,4,0,0,0,40,
50,3,14,2,3,0,4,1,0,0,50,
23,3,7,4,5,3,4,1,0,0,50,
40,3,13,3,3,1,4,1,0,0,40,
54,4,10,2,13,0,4,1,0,0,40,
45,3,10,0,3,1,4,0,0,0,40,
53,1,9,2,13,0,2,1,0,0,40,
17,8,7,4,14,3,4,1,0,0,20,
50,1,13,0,3,1,4,0,0,0,40,
22,8,13,4,14,1,4,1,0,0,25,
30,3,13,4,7,4,4,1,0,0,40,
40,4,13,2,2,0,4,1,0,0,40,
36,6,14,4,9,1,4,1,0,0,40,
25,5,12,4,11,1,4,1,0,0,50,
29,3,9,2,6,0,4,1,0,0,40,
29,3,13,4,4,3,4,1,0,0,50,
22,3,13,4,11,1,4,0,0,0,40,
56,3,13,0,9,4,2,0,0,0,50,
60,1,14,2,3,0,4,1,0,0,40,
37,3,9,2,6,0,4,1,3464,0,50,
53,3,4,0,6,1,4,0,0,0,40,
23,6,10,4,0,3,4,0,0,0,20,
18,3,9,4,8,2,4,0,0,0,10,
36,3,10,0,11,1,4,0,3325,0,45,
67,4,9,2,3,0,4,1,9386,0,50,
31,3,9,4,5,1,4,1,0,0,60,
26,3,13,2,11,0,4,1,0,0,48,
18,3,7,4,0,2,1,0,0,0,20,
45,1,14,0,9,4,2,0,0,0,40,
64,3,7,2,11,0,4,1,0,0,40,
26,3,9,4,11,1,4,0,0,0,38,
53,3,10,0,9,1,4,0,0,0,40,
27,3,9,4,5,2,4,1,0,0,28,
32,3,10,0,6,4,0,1,0,0,40,
49,5,9,0,3,4,4,0,14084,0,30,
59,3,6,2,2,0,4,1,0,0,40,
44,3,14,2,9,0,4,1,7688,0,55,
61,5,9,2,4,0,4,1,0,0,60,
41,8,9,0,14,4,4,0,0,0,40,
46,6,9,5,0,4,4,0,0,0,37,
32,3,9,4,0,1,4,1,0,0,40,
29,3,9,4,11,1,4,0,0,0,35,
48,3,14,4,3,1,4,1,0,0,40,
32,3,10,0,3,4,4,0,0,0,30,
21,3,9,4,5,3,4,0,0,0,35,
50,5,15,2,9,0,4,1,0,0,50,
44,1,14,2,9,0,4,1,0,0,44,
51,3,9,5,0,2,4,0,0,0,40,
42,3,9,2,2,0,4,1,0,0,40,
27,3,13,4,10,3,4,0,0,0,40,
70,5,9,2,3,0,4,1,0,0,3,
33,3,9,0,3,1,4,0,0,0,40,
65,5,9,2,4,0,4,1,10605,0,60,
39,3,14,4,0,1,4,1,0,0,40,
32,3,9,2,2,0,4,1,0,0,40,
30,3,10,0,9,4,4,0,0,0,40,
43,4,10,2,3,0,4,1,0,0,40,
31,3,5,4,7,3,4,1,0,0,40,
64,0,13,0,0,1,2,0,0,0,40,
37,1,10,5,10,3,3,1,0,0,52,
49,5,9,0,11,1,4,1,0,0,40,
29,3,7,4,6,3,4,1,0,0,48,
35,1,9,0,3,1,4,1,0,0,40,
37,3,12,2,9,0,4,1,0,1740,45,
42,6,14,2,9,0,4,1,0,0,50,
21,8,10,4,14,3,4,1,0,0,40,
23,3,12,4,11,1,4,1,0,0,40,
35,1,9,4,7,4,2,0,0,0,40,
29,6,11,2,10,0,4,1,0,0,40,
23,3,10,4,7,4,4,0,0,0,25,
21,3,10,4,7,1,4,0,0,0,20,
45,3,13,4,9,1,4,1,0,0,40,
24,8,13,4,14,1,4,1,0,0,50,
38,3,9,4,5,1,4,1,594,0,50,
28,8,6,4,14,3,4,0,0,0,38,
23,3,9,4,11,4,4,0,0,0,48,
39,5,13,4,11,3,1,1,0,0,60,
45,3,14,2,3,0,4,1,15024,0,50,
68,3,12,0,3,1,4,0,0,0,43,
60,0,11,0,9,4,4,1,4934,0,40,
38,6,16,2,9,5,4,0,7688,0,40,
41,3,8,5,2,1,2,1,0,0,40,
48,3,9,0,2,2,4,1,0,0,40,
33,3,9,2,6,0,4,1,0,0,40,
48,3,11,2,2,0,4,1,0,0,40,
23,1,10,4,0,3,4,0,0,0,20,
26,3,5,2,2,0,4,1,0,0,45,
55,4,13,2,3,0,4,1,0,2415,50,
35,6,14,2,9,0,4,1,0,0,75,
52,3,10,2,3,0,4,1,3103,0,55,
46,6,9,5,0,4,4,0,0,0,38,
72,8,9,2,14,0,1,1,0,0,1,
18,3,9,4,7,3,4,0,0,0,30,
62,1,9,0,13,2,4,1,0,0,40,
22,3,10,4,13,3,4,0,0,0,30,
40,3,10,2,0,5,4,0,7298,0,40,
26,3,10,2,11,0,4,1,0,0,50,
35,3,12,3,11,3,2,0,0,0,36,
25,5,9,4,11,4,1,0,0,0,40,
46,8,11,2,14,5,2,0,0,0,35,
39,3,13,3,2,1,4,1,0,1564,50,
41,3,10,2,2,0,2,1,0,0,45,
59,3,13,2,5,0,4,1,0,0,40,
37,3,9,2,2,0,4,1,0,0,40,
38,3,10,2,2,0,4,1,0,0,43,
33,3,13,4,3,1,1,1,0,0,40,
23,3,12,2,7,5,4,0,0,0,40,
67,5,14,6,9,1,4,1,18481,0,2,
60,3,13,0,9,1,4,0,8614,0,48,
39,4,13,2,9,0,4,1,0,0,50,
32,5,9,2,13,0,4,1,0,1887,60,
26,3,13,4,9,1,4,0,0,0,45,
39,3,9,0,12,4,4,0,0,0,50,
28,3,10,4,0,1,4,0,0,0,40,
29,3,7,0,2,4,4,0,0,0,52,
43,3,11,2,2,0,4,1,0,0,50,
23,3,10,4,12,3,4,1,0,0,25,
32,3,13,2,11,0,4,1,0,1977,45,
33,5,10,2,9,5,4,0,0,0,60,
45,3,9,0,7,1,2,0,0,0,35,
48,3,9,0,2,4,4,1,0,0,40,
43,1,15,2,9,0,4,1,15024,0,45,
50,5,9,2,13,0,4,1,0,0,40,
63,3,13,4,12,1,4,1,0,0,40,
55,3,9,2,2,0,4,1,3103,0,40,
22,3,13,4,3,3,4,0,0,0,35,
32,5,9,4,7,4,4,1,0,0,60,
27,3,12,2,3,0,4,1,0,0,55,
22,3,13,4,11,3,4,0,0,0,15,
44,3,9,0,13,1,4,1,0,0,68,
34,3,9,5,7,1,4,0,0,0,40,
28,3,9,4,6,1,4,0,0,0,40,
40,3,14,2,9,5,4,0,15024,0,24,
45,3,10,2,13,0,4,1,0,0,55,
17,3,6,4,7,3,4,1,0,0,15,
53,5,8,2,2,0,4,1,0,0,45,
58,3,12,2,2,0,4,1,0,0,40,
55,5,9,4,2,3,4,1,0,0,35,
44,1,11,4,2,1,4,1,0,0,44,
40,5,9,2,2,0,4,1,0,0,30,
58,5,14,2,3,0,4,1,0,0,50,
38,3,9,2,2,0,4,1,0,0,40,
62,3,5,4,8,1,2,0,1055,0,22,
31,3,11,2,2,0,4,1,3464,0,38,
31,3,7,2,2,0,4,1,0,0,40,
30,3,9,4,3,1,4,1,0,1876,45,
37,3,9,0,0,4,4,0,0,0,40,
38,1,9,4,2,1,4,1,0,1876,40,
58,1,8,2,4,0,4,1,0,0,40,
30,3,13,2,3,0,4,1,0,0,50,
28,3,11,4,9,1,4,0,4650,0,40,
46,3,10,0,3,4,4,0,0,0,70,
34,3,13,4,12,1,4,0,0,0,40,
39,4,10,0,2,1,4,1,0,0,99,
61,4,10,6,11,1,4,0,0,0,20,
30,5,11,0,6,1,4,0,0,0,40,
31,3,9,5,7,1,4,0,0,0,40,
21,3,9,4,0,3,4,1,0,0,40,
50,3,9,2,6,0,4,1,0,0,58,
47,3,9,4,0,1,4,1,0,0,33,
20,3,9,4,5,3,4,1,0,0,40,
23,3,13,4,7,3,4,0,0,0,30,
46,3,2,5,7,1,4,0,0,0,40,
20,3,9,4,5,3,4,1,0,0,45,
33,3,13,2,11,0,4,1,7688,0,50,
30,3,10,4,0,4,4,0,0,0,30,
43,1,10,0,10,4,4,0,0,0,40,
23,3,10,4,5,3,4,1,0,0,60,
34,3,13,2,3,0,4,1,0,0,50,
25,3,10,4,0,1,4,1,0,0,40,
50,3,9,2,9,5,4,0,0,0,40,
44,3,14,2,3,5,4,0,0,0,24,
26,3,10,0,9,1,4,0,0,0,40,
35,3,16,4,9,1,4,0,0,0,80,
48,5,9,0,9,1,4,1,0,0,15,
26,3,9,4,6,1,2,1,0,0,40,
41,1,14,0,9,4,4,0,0,0,40,
25,3,13,4,7,3,4,1,0,0,40,
33,3,11,4,9,4,4,0,0,0,55,
24,3,13,2,3,5,4,0,0,0,40,
31,3,13,3,0,1,4,0,0,0,40,
24,1,12,4,9,3,4,0,0,0,2,
41,3,5,4,8,4,4,0,0,0,40,
38,1,10,2,2,0,4,1,0,0,45,
19,3,9,4,2,1,4,1,0,0,40,
19,3,9,4,0,3,4,1,0,0,40,
24,3,9,4,7,1,4,1,0,0,40,
59,8,13,2,14,0,4,1,0,0,40,
67,3,14,3,3,1,4,1,0,0,55,
49,3,6,0,6,1,2,1,0,0,40,
35,3,11,2,12,0,4,1,0,0,40,
44,3,10,2,3,0,4,1,0,0,45,
58,8,10,2,14,0,4,1,99999,0,40,
22,3,12,4,10,3,4,1,0,0,60,
21,6,10,4,3,3,4,1,0,0,10,
50,3,10,2,5,0,4,1,0,0,50,
44,1,12,2,9,0,4,1,0,0,48,
36,1,10,2,0,0,0,1,0,0,40,
30,0,10,2,0,0,4,1,7298,0,48,
52,3,9,2,11,0,4,1,0,0,40,
35,5,9,2,2,0,4,1,0,0,90,
48,1,11,4,10,4,4,1,0,0,48,
23,3,9,2,11,0,4,1,0,2377,40,
37,3,14,4,11,1,4,1,0,0,50,
44,4,14,2,9,0,4,1,0,2415,55,
44,3,9,2,13,0,4,1,0,0,50,
36,3,13,0,9,1,4,1,0,0,40,
26,6,10,2,3,0,4,1,0,0,12,
31,4,13,4,9,1,4,1,0,0,45,
23,8,9,4,14,3,2,1,0,0,12,
29,3,9,2,2,0,4,1,0,0,50,
53,3,9,6,2,4,2,0,0,0,40,
52,3,11,2,3,0,4,1,0,0,40,
55,3,9,2,5,0,4,1,0,1887,40,
31,3,6,2,11,0,4,1,0,0,40,
19,8,9,4,14,1,4,0,0,0,16,
64,8,9,6,14,1,4,0,0,0,30,
55,3,9,2,11,0,4,1,0,0,40,
48,3,14,2,9,0,4,1,0,0,55,
20,3,9,4,2,3,4,0,0,0,40,
50,1,9,2,0,5,4,0,7298,0,30,
45,4,13,2,3,0,4,1,0,0,51,
17,3,6,4,5,2,4,1,0,0,10,
38,3,9,0,7,1,4,0,0,0,25,
43,3,9,0,3,4,4,0,0,0,40,
22,3,9,2,2,0,4,1,0,0,30,
63,3,9,0,2,1,4,0,0,0,40,
36,3,13,2,3,0,4,1,0,0,45,
56,3,13,2,9,0,4,1,0,0,50,
43,6,15,2,9,0,2,1,0,0,40,
41,3,13,2,12,0,4,1,0,0,45,
41,3,9,0,0,4,4,0,0,0,40,
36,3,13,0,9,1,4,1,0,0,45,
59,3,16,2,9,0,4,1,0,0,50,
46,1,12,2,3,0,4,1,0,0,44,
23,3,13,4,9,1,4,0,0,0,36,
46,5,10,5,9,1,4,1,0,0,20,
53,3,13,2,0,0,4,1,0,1902,40,
47,3,9,4,6,4,0,1,0,0,56,
46,0,14,4,9,1,4,0,0,0,40,
47,3,9,2,2,0,4,1,0,0,56,
29,3,9,2,6,0,4,1,0,1887,30,
32,3,11,0,3,4,4,0,0,0,40,
90,3,9,2,6,0,4,1,0,0,40,
63,3,13,2,2,0,4,1,0,0,49,
23,3,11,4,9,3,1,1,0,0,40,
76,8,13,2,14,0,4,1,0,0,30,
23,3,11,4,0,1,4,0,0,0,40,
44,3,10,2,0,5,3,0,0,0,30,
81,4,6,2,3,5,4,0,2936,0,28,
17,3,6,4,7,3,2,0,0,0,12,
56,3,11,2,12,0,4,1,0,0,40,
58,0,6,2,2,0,4,1,0,0,40,
45,3,13,2,0,0,4,1,0,0,45,
25,3,9,2,5,0,4,1,0,0,40,
36,3,13,2,9,5,1,0,0,0,35,
32,3,11,2,12,5,4,0,0,0,24,
25,3,9,4,7,2,4,1,0,0,30,
29,0,10,2,0,0,4,1,0,0,40,
23,3,9,4,0,1,4,1,0,0,60,
41,3,14,2,9,0,4,1,0,0,55,
48,6,13,2,3,0,2,1,0,0,40,
29,3,9,2,13,0,4,1,0,0,60,
27,8,14,4,14,4,1,1,0,0,20,
55,3,10,2,2,0,4,1,0,0,40,
30,3,7,2,5,0,1,1,0,1651,40,
45,3,10,6,7,4,2,0,0,0,40,
50,3,9,0,2,3,4,1,0,0,40,
22,3,9,4,2,1,4,1,0,0,50,
80,1,9,6,7,4,0,0,0,0,32,
30,3,9,2,5,0,4,1,0,0,44,
20,3,10,4,11,3,4,0,0,0,20,
29,5,9,2,11,0,4,1,0,0,35,
56,3,10,2,6,0,4,1,0,0,40,
63,3,13,2,0,0,4,1,0,0,40,
20,3,9,4,5,3,4,1,0,0,40,
38,6,9,2,0,5,2,0,0,0,40,
31,3,9,2,2,0,4,1,0,0,40,
21,3,10,4,11,3,4,1,0,0,35,
47,3,6,2,6,0,4,1,0,0,46,
25,1,13,4,12,4,1,0,0,0,40,
31,3,10,5,0,4,2,0,0,0,38,
28,3,9,4,3,1,4,0,0,0,40,
38,3,9,2,13,0,4,1,0,0,99,
30,1,13,2,10,0,4,1,0,0,40,
39,4,9,2,3,0,4,1,0,1977,40,
27,3,13,4,9,4,4,0,0,0,36,
26,3,10,4,3,1,4,0,0,0,40,
47,3,9,4,0,2,4,0,0,0,40,
27,5,9,4,2,1,4,1,0,2258,50,
43,3,10,2,10,0,3,1,0,0,32,
32,1,13,4,9,1,4,1,0,0,55,
20,3,10,4,11,3,1,1,0,0,30,
21,1,8,4,5,4,2,0,0,0,20,
32,3,11,4,9,1,4,1,0,0,40,
37,3,11,0,6,1,2,1,0,0,48,
45,3,9,2,2,0,1,1,0,0,40,
37,4,12,2,11,0,4,1,0,1887,40,
54,8,5,0,14,1,4,0,0,0,15,
24,3,13,4,9,1,4,1,0,0,25,
28,8,7,4,14,1,4,1,0,0,30,
23,3,10,4,4,3,4,1,0,0,40,
54,8,9,2,14,0,4,1,0,0,40,
40,3,9,2,6,0,4,1,0,0,40,
38,3,10,2,2,0,4,1,0,0,48,
71,3,6,2,6,0,4,1,0,0,40,
51,3,10,0,0,4,4,0,0,0,40,
52,5,10,4,0,4,4,1,0,0,5,
30,3,13,4,11,1,4,0,0,0,40,
34,3,9,2,2,0,4,1,7688,0,40,
38,3,6,0,6,1,4,0,0,0,40,
43,0,11,4,9,1,4,0,13550,0,40,
43,3,7,4,13,1,4,1,0,0,42,
36,0,10,4,3,1,2,1,13550,0,40,
24,6,10,4,0,3,4,0,0,0,40,
29,8,2,4,14,3,1,1,0,0,40,
55,3,6,2,7,5,2,0,0,0,40,
51,3,14,2,9,0,4,1,0,1902,60,
43,1,9,0,3,4,0,0,0,0,40,
28,3,9,0,10,1,4,1,0,0,40,
54,3,12,2,11,0,4,1,0,0,45,
47,3,10,2,9,0,4,1,0,0,40,
47,3,13,2,11,0,4,1,0,0,55,
47,3,10,2,7,0,4,1,0,0,57,
38,3,10,4,0,4,4,0,6497,0,35,
60,5,3,2,4,0,4,1,0,0,40,
19,3,9,4,11,3,0,0,0,0,25,
22,3,10,4,0,3,2,0,0,0,25,
55,1,14,2,9,0,4,1,0,0,40,
44,3,10,5,11,2,2,0,0,0,35,
53,5,2,2,3,0,4,1,7688,0,67,
44,1,14,2,9,5,4,0,4386,0,40,
28,0,13,4,10,1,4,1,0,0,50,
30,1,10,4,13,4,2,0,0,0,40,
39,1,9,4,3,3,0,0,0,0,40,
43,6,9,0,3,4,4,0,0,0,40,
24,3,13,4,11,2,4,0,0,0,40,
27,1,11,4,10,1,4,1,0,0,56,
64,5,3,2,4,0,4,1,0,0,70,
41,1,10,2,4,0,4,1,0,0,40,
28,3,9,4,13,3,4,1,0,0,40,
61,3,9,2,9,0,4,1,0,0,30,
27,3,7,0,6,4,4,0,0,0,40,
49,3,10,0,0,1,4,0,0,0,32,
20,3,10,2,2,0,4,1,0,0,40,
41,3,13,4,9,1,4,0,0,1876,40,
28,1,9,2,2,0,4,1,0,0,40,
36,3,9,0,6,1,4,1,0,0,40,
44,5,13,0,2,3,4,1,0,0,40,
51,3,13,2,0,5,4,0,7688,0,20,
40,3,10,0,9,4,2,0,0,0,38,
19,3,9,4,2,1,4,0,0,0,40,
54,3,10,2,9,5,4,0,0,0,40,
55,5,9,0,2,1,4,1,0,0,40,
57,3,11,6,9,1,4,0,0,0,40,
29,3,10,5,8,1,4,0,0,0,30,
51,3,9,0,11,4,4,0,0,0,43,
44,3,9,0,7,1,4,1,0,0,37,
35,1,11,2,10,0,4,1,0,0,42,
40,3,9,0,13,1,4,1,0,0,40,
46,3,4,5,7,1,4,0,0,0,32,
25,3,10,2,2,0,4,1,0,0,60,
33,3,13,4,9,1,4,1,0,1408,36,
32,3,10,4,6,2,4,0,0,2205,40,
22,3,9,4,12,1,4,0,0,0,40,
39,3,10,2,11,5,1,0,0,0,40,
18,5,9,4,4,3,1,1,0,0,40,
43,3,9,0,0,4,2,0,0,0,45,
46,3,9,4,12,2,4,1,0,0,40,
63,3,10,2,11,0,4,1,7298,0,48,
40,8,10,2,14,0,4,1,0,0,8,
59,3,13,2,3,0,4,1,0,0,60,
40,1,14,4,9,1,4,0,0,0,40,
23,3,9,4,7,3,4,1,0,0,35,
64,8,9,2,14,0,4,1,0,0,10,
36,3,11,2,11,0,4,1,0,0,60,
48,3,9,0,6,4,4,0,0,0,40,
43,3,10,2,9,5,4,0,0,0,40,
18,3,6,4,7,3,4,0,0,0,30,
17,3,7,4,2,3,4,1,0,0,16,
36,3,15,2,9,0,4,1,0,0,50,
53,3,9,2,6,0,4,1,0,0,40,
36,6,10,0,3,1,4,0,0,0,39,
20,3,9,4,5,1,4,1,0,0,40,
22,3,13,4,11,1,4,0,0,0,60,
34,3,13,2,9,0,4,1,0,0,40,
39,3,7,0,7,3,4,1,0,0,40,
57,3,10,6,7,1,4,0,0,0,40,
30,3,6,0,7,4,4,0,0,0,40,
37,3,15,2,9,0,4,1,0,0,60,
51,3,9,2,6,0,4,1,0,0,40,
38,3,9,4,13,4,4,1,0,0,40,
34,3,9,4,3,4,4,0,0,0,35,
47,0,9,3,0,1,2,0,0,0,40,
28,5,9,2,4,0,4,1,0,0,40,
25,3,6,4,7,1,4,1,0,0,24,
25,3,10,4,3,1,4,0,0,0,60,
50,3,14,2,3,0,4,1,15024,0,65,
50,3,9,2,2,0,4,1,0,0,40,
43,3,13,2,2,0,4,1,0,0,48,
27,3,9,4,13,1,4,1,0,1876,75,
32,3,9,2,2,0,4,1,0,0,50,
44,3,6,4,4,4,4,1,0,0,35,
19,3,9,4,11,4,2,0,0,0,20,
53,4,10,6,3,1,4,1,0,0,40,
21,3,9,4,10,1,4,1,0,0,40,
26,3,9,4,13,1,4,1,0,0,40,
68,3,9,2,13,0,4,1,0,419,12,
31,3,10,2,11,0,4,1,0,2051,57,
32,3,13,4,3,2,4,1,0,2444,50,
33,3,14,4,0,3,4,1,0,0,40,
49,8,9,4,14,1,2,1,0,0,40,
24,3,7,2,2,0,4,1,0,0,65,
30,3,9,2,11,0,4,1,0,0,42,
49,3,9,2,2,0,4,1,0,0,40,
18,3,7,4,5,1,2,1,0,0,40,
30,6,10,4,0,1,4,0,0,0,37,
51,3,9,2,2,0,4,1,0,0,40,
52,3,10,2,9,0,4,1,0,0,40,
52,3,9,0,7,2,4,1,0,0,30,
23,1,9,4,7,3,2,1,0,0,32,
23,5,6,4,2,1,4,1,0,0,60,
36,3,9,2,6,0,4,1,0,0,48,
19,3,7,4,2,2,4,1,0,0,25,
53,5,9,2,2,0,4,1,0,0,60,
17,3,7,4,5,3,4,1,0,0,25,
69,3,9,6,5,1,4,0,0,0,8,
46,1,13,0,9,4,4,0,0,0,40,
33,3,9,5,12,1,4,1,0,0,46,
40,3,10,2,6,0,4,1,0,0,45,
56,3,10,2,13,0,4,1,0,0,60,
29,1,14,2,9,0,4,1,0,0,40,
41,3,10,0,0,4,4,0,0,0,38,
22,3,9,2,11,0,4,1,0,0,45,
28,3,4,2,2,0,4,1,0,0,40,
31,3,13,2,2,0,4,1,0,0,46,
35,3,13,4,9,1,4,0,0,0,40,
38,3,10,2,6,0,2,1,0,0,40,
17,3,6,4,7,3,4,0,0,0,10,
39,3,6,2,2,0,4,1,0,0,40,
27,5,10,4,7,1,2,1,0,0,40,
50,3,9,4,0,3,4,0,0,0,40,
56,1,9,2,13,0,4,1,0,0,40,
80,5,9,2,4,0,4,1,0,0,20,
38,5,10,2,4,5,4,0,0,0,15,
52,6,9,2,10,0,2,1,0,0,40,
26,1,13,4,9,3,2,1,0,0,38,
43,3,9,0,7,3,1,0,0,0,40,
45,3,13,4,3,1,4,0,0,0,42,
41,4,11,2,3,0,2,1,0,0,40,
30,3,12,0,0,1,4,0,0,0,25,
24,3,10,2,2,0,4,1,2407,0,40,
43,1,10,0,7,4,4,0,0,0,20,
44,3,13,2,3,0,4,1,0,0,70,
54,3,9,0,13,1,2,1,0,0,40,
23,3,13,4,9,3,4,0,0,2258,40,
33,5,9,2,11,0,4,1,0,0,60,
18,3,7,4,7,3,4,1,0,0,16,
38,3,10,5,9,4,4,0,0,0,40,
41,5,11,2,4,0,4,1,0,0,45,
22,8,8,4,14,1,4,1,0,0,48,
66,4,4,2,2,0,4,1,0,0,40,
70,8,9,2,14,0,4,1,0,0,40,
58,5,6,2,2,5,4,0,0,1977,35,
60,5,14,0,9,4,4,0,0,0,10,
24,1,6,4,2,4,2,1,0,0,65,
61,3,7,0,7,4,4,0,0,0,36,
35,1,13,2,2,0,4,1,0,0,40,
19,3,10,4,9,3,4,0,0,0,40,
52,3,9,4,0,4,2,0,0,0,40,
38,5,13,2,11,0,4,1,7298,0,50,
39,5,9,2,11,0,4,1,0,0,40,
33,5,13,2,2,0,4,1,0,0,50,
52,3,9,0,0,4,4,0,0,0,40,
41,3,9,5,6,4,4,0,0,0,44,
37,3,10,2,11,0,4,1,0,0,55,
38,1,13,2,9,0,4,1,0,0,45,
27,3,10,4,3,1,4,0,0,0,40,
38,3,14,4,0,4,4,0,0,0,40,
38,5,13,2,9,0,1,1,3103,0,60,
49,5,9,2,12,0,4,1,0,0,30,
38,3,13,4,11,1,4,1,0,0,45,
22,3,9,4,6,2,4,1,0,0,55,
40,0,12,2,9,0,4,1,0,0,40,
20,3,9,2,2,0,4,1,0,0,40,
34,0,16,4,9,1,4,0,0,0,99,
24,3,14,4,0,1,4,1,0,0,56,
58,0,13,5,9,1,4,1,4787,0,40,
24,3,10,4,0,3,4,0,0,0,40,
43,3,9,4,2,1,4,1,0,0,45,
38,3,9,4,3,3,4,0,0,0,40,
42,3,9,2,2,0,4,1,0,0,40,
27,3,10,2,6,0,4,1,0,0,40,
18,3,6,4,11,3,4,0,0,0,20,
37,3,9,4,2,2,0,1,27828,0,48,
48,3,9,0,13,1,4,1,0,0,65,
40,3,4,5,7,1,4,0,0,0,25,
50,4,13,2,3,0,1,1,7688,0,50,
57,3,9,5,11,1,0,0,0,0,35,
36,1,10,2,10,0,4,1,0,0,60,
41,3,9,2,4,0,4,1,0,0,40,
90,3,4,2,6,0,4,1,0,0,40,
66,3,4,6,7,1,2,0,0,0,10,
34,5,9,2,4,5,4,0,0,2179,12,
23,3,9,4,2,3,1,1,0,0,1,
35,3,9,2,10,0,4,1,0,0,55,
32,3,9,2,2,0,4,1,2407,0,40,
33,3,13,4,9,1,2,1,0,0,50,
32,4,11,2,3,0,4,1,0,0,40,
31,3,10,2,2,0,1,1,0,0,40,
32,5,10,2,11,0,4,1,0,0,50,
40,3,9,2,7,0,4,1,0,0,40,
27,5,9,4,10,1,4,1,0,0,30,
34,1,9,4,10,1,0,1,0,0,40,
35,3,11,2,7,5,2,0,0,0,40,
29,3,10,2,3,0,4,1,0,0,40,
41,3,9,5,7,4,2,0,0,0,20,
33,6,16,2,9,5,4,0,0,0,48,
22,8,9,2,14,3,4,0,0,0,20,
52,3,13,2,9,0,4,1,0,0,40,
20,3,9,2,2,0,4,1,0,0,40,
18,1,7,4,10,3,4,1,0,0,10,
63,3,13,2,9,0,4,1,0,0,50,
49,3,4,0,7,4,4,0,0,0,35,
58,3,9,2,11,0,4,1,0,0,40,
23,5,9,0,7,4,4,0,0,0,50,
59,3,9,2,2,0,4,1,0,0,40,
49,5,10,2,3,0,4,1,0,0,40,
23,1,13,4,9,3,4,0,0,0,15,
17,8,6,4,14,3,4,1,0,0,40,
20,3,7,4,5,1,4,1,0,0,40,
36,3,11,2,3,0,4,1,0,1887,50,
64,3,10,6,3,1,4,0,0,0,3,
34,3,10,4,3,1,4,0,0,0,40,
63,3,12,3,0,2,4,0,0,0,35,
51,3,9,4,0,1,2,0,0,0,40,
40,6,10,0,0,1,2,0,0,0,35,
55,3,5,2,2,0,4,1,0,0,55,
35,3,9,0,2,1,4,1,0,0,46,
30,3,13,4,6,1,4,1,0,0,25,
47,8,13,2,14,0,4,1,0,0,18,
29,3,6,4,2,1,2,1,0,0,40,
17,8,7,4,14,3,4,0,0,0,8,
32,5,15,2,9,0,4,1,7688,0,45,
55,3,13,2,6,0,4,1,0,0,40,
47,1,10,0,3,1,4,1,0,0,56,
50,3,13,0,7,1,4,1,0,0,40,
42,3,9,2,2,0,2,1,7688,0,45,
32,5,10,2,2,0,4,1,0,0,55,
60,3,12,2,11,0,4,1,0,0,30,
53,3,9,2,2,0,4,1,0,0,40,
58,3,13,6,3,4,4,1,8614,0,40,
45,3,13,4,9,1,4,1,0,0,30,
31,3,9,4,3,3,4,1,0,0,40,
32,5,9,4,2,1,4,1,0,0,40,
37,3,10,0,7,4,4,0,0,0,30,
28,3,10,4,0,1,4,0,0,0,60,
26,3,8,4,2,1,4,1,0,0,40,
47,4,9,2,3,0,4,1,0,0,80,
34,3,10,2,3,0,4,1,0,0,50,
42,3,9,0,6,1,2,1,0,0,40,
48,3,13,2,12,5,4,0,99999,0,40,
32,3,9,4,6,4,2,0,0,0,40,
35,3,11,2,3,5,4,0,0,0,42,
46,1,16,2,9,5,4,0,0,1902,52,
38,3,10,2,7,0,4,1,0,0,40,
49,8,9,3,14,1,4,1,0,0,70,
35,3,13,2,0,0,4,1,0,0,40,
61,8,9,0,14,1,4,1,4865,0,40,
45,3,12,0,0,4,2,1,0,0,35,
31,3,13,4,3,1,4,1,0,0,40,
52,4,10,2,3,0,4,1,0,0,60,
20,3,10,4,5,3,4,1,0,0,50,
64,8,7,2,14,0,4,1,0,0,30,
20,8,10,4,14,3,4,1,0,0,40,
24,3,14,4,12,1,4,1,0,0,50,
29,3,11,2,2,0,4,1,0,0,40,
23,3,13,4,3,1,4,0,0,0,40,
34,6,9,2,0,0,4,1,0,0,40,
54,3,14,6,0,4,4,0,0,0,38,
21,3,10,4,7,1,4,0,0,0,30,
23,3,13,4,0,3,4,0,0,0,30,
79,3,4,6,8,1,4,0,2964,0,30,
55,3,14,2,3,0,4,1,0,0,40,
42,8,9,3,14,1,4,1,0,0,35,
60,3,9,0,12,4,4,0,2597,0,40,
37,3,12,0,2,1,2,1,0,0,40,
47,3,9,0,13,1,4,1,0,1590,40,
20,6,10,4,0,3,4,1,0,0,40,
53,3,13,4,7,1,4,1,0,0,40,
34,3,9,2,6,5,4,0,0,0,40,
43,3,10,0,9,4,2,0,0,0,40,
24,5,10,2,13,0,4,1,0,0,60,
23,3,9,4,10,3,0,1,0,0,40,
29,3,11,4,6,1,3,1,0,0,40,
58,3,10,0,0,4,2,0,0,0,40,
55,8,12,2,14,0,2,1,7688,0,40,
40,3,14,4,0,3,4,0,0,0,40,
43,0,10,2,0,5,4,0,0,0,40,
25,6,14,4,3,1,4,1,0,0,40,
23,1,13,4,9,3,4,1,0,0,24,
34,4,9,2,2,0,4,1,0,0,50,
26,3,10,5,11,4,4,0,0,0,35,
60,3,16,4,9,1,4,0,0,0,65,
39,3,9,2,13,0,4,1,0,0,50,
21,3,9,4,7,3,4,1,0,0,40,
45,3,9,2,13,0,4,1,0,2179,45,
33,3,10,4,3,1,4,1,0,0,40,
26,3,13,4,3,1,4,1,0,0,70,
39,3,10,0,0,4,4,0,114,0,45,
29,3,12,4,9,1,4,0,8614,0,40,
29,8,10,4,14,3,2,0,0,0,40,
52,3,7,2,7,0,4,1,0,0,40,
34,3,13,2,7,0,4,1,0,0,30,
24,3,9,4,6,1,4,1,0,0,48,
77,4,16,2,4,0,4,1,20051,0,40,
34,5,14,2,4,0,4,1,0,0,60,
53,5,5,2,4,0,4,1,0,0,70,
31,3,9,5,2,1,2,1,0,0,40,
58,3,9,0,11,1,4,0,0,0,15,
50,5,14,2,11,0,4,1,7688,0,55,
32,3,9,2,2,0,4,1,0,0,40,
57,3,9,0,7,1,4,0,0,0,40,
32,3,9,4,11,1,4,0,0,0,45,
77,3,5,2,8,5,2,0,0,0,10,
37,5,10,4,2,1,4,1,0,0,40,
51,3,9,2,0,2,4,0,0,0,40,
33,5,12,0,11,4,2,1,0,0,60,
53,1,9,3,13,2,4,0,0,0,35,
32,3,9,0,11,1,4,1,0,0,50,
30,3,10,2,2,0,4,1,0,0,40,
19,3,10,4,0,3,4,0,594,0,20,
33,3,13,3,7,4,4,0,0,0,24,
31,3,11,4,0,1,4,0,0,0,40,
28,3,10,4,0,4,2,0,0,0,40,
19,3,8,4,7,3,4,0,0,0,20,
27,3,9,2,11,0,4,1,0,0,60,
21,3,3,2,5,0,4,1,0,0,40,
24,3,13,4,9,1,4,0,0,0,40,
46,3,9,0,13,1,4,1,0,0,54,
31,3,13,4,3,1,4,0,0,0,40,
60,3,10,2,13,0,4,1,0,0,40,
21,3,6,5,11,4,2,0,0,0,38,
38,8,7,4,14,1,4,0,0,0,32,
31,3,11,0,13,1,4,1,0,0,40,
26,3,13,2,11,0,4,1,0,0,40,
46,3,9,0,8,1,4,0,0,0,25,
25,4,9,2,3,0,4,1,0,0,60,
23,1,10,4,0,1,4,1,0,0,30,
53,4,14,2,3,0,4,1,0,0,40,
42,8,14,2,14,5,4,0,0,1887,48,
29,3,9,2,0,5,4,0,0,2179,40,
45,3,10,2,9,0,4,1,0,0,50,
70,3,13,0,0,1,4,1,0,0,40,
55,4,13,2,11,0,4,1,99999,0,60,
40,6,16,2,9,0,4,1,0,1887,50,
17,3,6,4,7,3,4,1,0,0,30,
18,3,9,4,2,3,4,1,0,0,40,
34,3,14,4,11,4,4,1,0,0,60,
41,3,10,0,0,1,4,0,0,0,40,
28,3,13,4,0,1,4,1,0,0,40,
23,6,9,4,10,3,4,1,0,0,40,
32,3,10,4,3,2,4,1,0,0,40,
56,3,4,2,6,0,2,1,0,0,48,
36,3,9,0,3,4,4,1,0,0,45,
26,3,9,4,0,1,4,1,0,0,50,
62,3,13,6,12,4,4,0,0,0,7,
35,3,12,0,0,4,4,0,0,0,40,
25,1,13,4,9,1,4,0,0,0,40,
28,3,9,2,13,0,4,1,0,0,50,
21,3,10,4,0,3,4,0,0,0,25,
31,3,6,2,13,0,4,1,0,0,40,
23,3,12,4,7,3,4,1,0,0,25,
58,4,13,2,9,0,4,1,0,0,40,
55,1,14,2,9,0,4,1,0,0,40,
54,3,9,2,2,0,4,1,0,0,40,
33,3,9,2,13,0,4,1,3908,0,40,
28,3,7,2,5,0,4,1,7688,0,40,
40,3,7,2,6,0,4,1,0,0,30,
33,5,13,2,11,0,4,1,7298,0,80,
27,3,15,4,9,1,1,1,0,0,10,
55,3,9,0,0,4,4,1,0,0,25,
53,3,9,5,13,4,4,1,0,0,45,
23,3,8,4,13,1,4,1,0,0,46,
66,3,9,6,2,1,4,1,0,0,16,
34,5,11,2,3,0,4,1,0,0,60,
39,3,6,0,13,1,4,1,0,0,40,
21,3,10,4,0,3,2,0,0,0,40,
26,3,10,3,0,3,3,0,0,0,35,
21,3,9,4,0,3,4,0,0,0,40,
59,3,9,2,11,0,4,1,0,0,40,
61,3,6,2,13,0,4,1,0,0,40,
30,3,13,2,11,0,4,1,0,0,50,
22,3,11,2,6,0,4,1,0,0,40,
47,3,9,0,6,4,4,0,0,0,30,
50,3,9,0,7,1,4,1,0,0,40,
67,3,13,0,3,1,4,0,0,2206,5,
59,1,6,2,2,0,4,1,0,0,40,
35,3,12,4,7,1,4,0,0,0,80,
56,5,10,3,4,1,4,0,27828,0,20,
28,3,9,4,0,2,2,1,0,0,40,
34,3,9,0,3,4,4,0,2977,0,50,
63,3,6,6,4,4,4,0,0,0,56,
48,3,10,2,2,0,4,1,0,0,40,
41,0,10,2,9,0,4,1,0,0,44,
26,3,10,4,5,3,2,0,0,0,20,
47,3,6,2,11,0,4,1,0,2179,52,
29,5,11,2,4,0,4,1,0,0,50,
30,3,9,4,5,3,4,1,0,0,40,
19,3,9,4,11,3,4,1,0,0,20,
27,3,13,4,0,1,4,0,0,0,37,
59,5,9,2,4,0,4,1,0,0,70,
19,3,9,4,2,3,4,1,0,0,40,
45,3,5,2,5,0,1,1,0,0,40,
37,3,9,4,0,1,4,1,0,0,40,
44,1,16,3,9,4,4,0,0,0,38,
34,0,13,2,0,0,1,1,0,0,38,
30,3,13,4,12,1,4,0,0,0,35,
30,3,13,2,3,0,1,1,0,0,40,
56,3,7,5,7,1,2,0,0,0,40,
19,3,9,4,7,3,4,0,0,0,40,
37,3,4,2,2,0,4,1,0,0,40,
45,3,14,2,3,0,4,1,0,1977,43,
21,3,10,4,0,3,4,0,0,0,40,
34,5,9,2,4,0,4,1,0,0,45,
27,3,13,2,3,2,4,1,0,0,50,
44,1,14,4,9,1,4,0,0,0,40,
33,3,13,4,3,1,4,1,0,0,40,
32,3,10,4,3,2,4,0,0,0,50,
37,3,10,2,2,0,4,1,0,0,40,
26,3,13,4,11,1,4,0,0,0,48,
49,3,9,2,2,0,4,1,5013,0,60,
20,3,10,4,9,1,4,0,0,0,30,
37,3,10,2,2,0,4,1,0,0,40,
22,3,3,2,2,0,4,1,0,0,48,
44,3,13,4,12,1,4,1,0,0,35,
30,1,9,2,2,0,4,1,0,0,40,
55,1,9,2,7,0,4,1,0,0,40,
36,3,7,2,6,0,4,1,0,0,40,
29,3,8,4,12,1,4,1,0,0,40,
19,8,10,4,14,3,4,1,0,0,22,
45,6,11,2,10,0,4,1,0,0,40,
38,4,13,2,11,0,4,1,0,0,55,
42,3,10,4,2,1,1,1,0,0,40,
27,3,11,4,3,3,4,0,0,0,40,
20,3,10,4,0,3,4,1,0,0,25,
43,3,13,2,9,0,4,1,0,0,35,
21,3,9,4,0,3,4,1,0,0,40,
33,3,13,4,9,1,4,0,0,0,40,
36,5,9,2,2,0,4,1,0,0,80,
34,3,8,2,7,0,4,1,0,0,40,
72,3,4,6,7,1,4,0,0,0,99,
54,3,10,2,3,0,4,1,0,0,44,
30,3,9,2,2,0,4,1,0,0,40,
63,3,9,2,6,0,2,1,0,0,40,
36,3,13,2,3,0,4,1,0,0,50,
25,3,13,4,3,1,4,1,0,0,50,
72,8,12,6,14,1,4,0,0,0,40,
55,3,9,0,2,1,4,1,0,0,40,
44,3,10,2,9,0,4,1,0,0,45,
41,3,9,4,6,4,2,0,0,0,40,
20,8,10,4,14,3,4,1,0,0,40,
47,3,12,2,9,0,4,1,0,0,40,
71,8,10,2,14,0,4,1,3432,0,20,
41,3,13,4,9,1,4,1,0,0,40,
35,3,9,2,13,0,3,1,0,0,40,
18,3,9,4,0,3,4,0,0,0,40,
23,3,9,0,7,4,4,0,0,0,30,
57,3,13,2,3,0,4,1,0,0,40,
56,5,2,4,3,1,0,1,0,0,65,
25,4,10,4,11,3,4,0,0,0,35,
64,8,11,2,14,5,4,0,0,0,15,
35,5,13,4,9,3,4,0,0,0,40,
61,3,11,2,0,0,4,1,0,0,40,
36,6,13,0,9,1,4,0,0,0,55,
18,3,8,4,11,3,2,0,0,0,15,
21,3,10,3,11,3,2,0,0,0,20,
43,8,12,0,14,1,4,0,0,0,35,
32,1,9,2,13,0,4,1,0,0,40,
52,3,8,2,6,0,4,1,0,0,45,
48,3,9,2,2,0,4,1,0,0,55,
40,3,13,0,9,1,4,0,0,0,40,
35,3,9,2,3,0,4,1,5178,0,40,
22,8,10,5,14,4,4,0,0,0,25,
42,3,9,0,0,1,4,0,0,0,40,
60,8,4,6,14,4,4,0,0,0,20,
34,3,10,2,6,0,2,1,0,0,40,
27,3,12,2,12,0,4,1,0,0,40,
47,5,13,4,4,1,4,1,0,0,65,
65,5,5,2,2,0,4,1,0,0,45,
61,4,14,6,3,4,4,0,0,0,99,
18,3,10,4,11,3,4,1,0,0,28,
49,8,9,2,14,0,4,1,0,0,40,
48,3,16,2,9,0,4,1,0,0,45,
26,3,10,4,13,1,2,1,2174,0,75,
30,3,13,4,11,1,4,1,0,0,40,
68,5,9,2,4,0,4,1,0,0,50,
23,3,9,2,11,0,4,1,0,0,80,
65,5,9,2,3,0,4,1,0,0,24,
32,3,13,2,0,0,4,1,0,0,44,
44,3,14,2,3,0,4,1,0,0,40,
48,1,14,2,9,5,4,0,0,0,40,
24,3,11,4,12,1,4,1,0,0,45,
58,3,10,4,4,1,4,1,0,0,40,
32,1,10,3,9,1,4,1,0,0,50,
54,3,14,0,3,1,4,1,0,0,50,
35,3,14,4,9,1,4,1,0,0,45,
35,3,12,0,3,1,4,0,0,0,50,
24,3,9,4,11,3,4,1,0,0,40,
50,3,9,2,9,0,4,1,99999,0,40,
38,5,9,5,2,1,4,1,0,0,40,
57,1,9,2,3,0,4,1,0,0,40,
38,3,10,4,11,1,4,1,0,0,60,
49,3,9,4,2,1,4,1,0,0,40,
25,3,13,4,12,3,4,0,0,0,16,
56,3,10,3,13,1,4,1,0,0,40,
32,3,7,0,7,4,4,0,0,0,40,
22,3,13,4,9,1,4,1,0,0,40,
23,8,10,4,14,2,4,1,0,0,40,
33,3,9,2,2,0,4,1,0,0,40,
42,3,10,0,0,4,4,0,0,0,12,
62,5,9,2,13,0,4,1,0,0,48,
24,8,5,4,14,3,4,1,0,0,40,
26,1,13,4,10,3,4,1,0,0,40,
46,3,10,0,2,4,4,1,0,0,40,
33,3,13,5,11,1,4,0,0,0,50,
65,8,9,2,14,0,4,1,0,0,1,
65,7,9,2,13,0,4,1,2414,0,20,
46,3,10,2,2,0,4,1,7688,0,40,
43,1,11,0,3,1,4,0,0,0,40,
43,3,9,2,2,0,4,1,0,0,40,
35,3,6,2,2,0,4,1,0,0,40,
48,3,9,6,5,2,4,0,0,0,48,
55,0,13,2,3,0,4,1,0,0,40,
45,3,11,2,2,0,4,1,0,0,40,
56,3,13,2,3,0,4,1,4508,0,40,
59,0,14,4,3,1,4,1,0,0,40,
56,1,9,2,2,0,4,1,0,0,40,
21,3,9,4,7,3,2,1,0,0,10,
26,3,7,2,3,0,4,1,3411,0,40,
38,3,9,4,7,4,4,0,0,0,40,
27,3,10,4,0,3,4,0,0,0,40,
48,4,4,2,2,0,4,1,0,0,50,
37,6,14,2,9,0,4,1,0,0,60,
63,5,9,2,2,0,4,1,0,0,30,
27,6,9,4,13,1,0,1,0,0,38,
20,3,10,4,11,3,4,1,0,0,25,
26,3,14,2,9,0,4,1,0,1887,40,
21,8,6,4,14,3,2,1,0,0,40,
51,5,12,2,3,0,4,1,0,0,40,
28,3,12,2,9,0,4,1,0,0,40,
39,3,11,0,7,1,0,0,0,0,40,
35,3,14,2,11,0,4,1,0,0,55,
21,8,10,4,14,1,4,0,0,0,43,
65,3,4,2,2,0,4,1,0,0,40,
54,1,11,2,13,0,2,1,0,0,40,
39,3,4,4,7,3,4,1,0,1602,35,
24,3,10,4,0,3,2,0,0,0,40,
36,3,13,4,3,1,1,0,0,0,40,
70,8,10,2,14,0,4,1,0,0,10,
52,3,9,0,2,1,4,1,0,0,40,
64,3,9,2,6,0,4,1,0,0,40,
43,3,10,0,2,1,4,1,0,0,40,
44,3,11,4,8,1,4,1,594,0,25,
47,0,9,5,0,4,4,0,0,0,40,
32,3,8,2,5,0,4,1,0,0,40,
20,3,10,4,11,3,4,0,0,0,30,
33,3,10,4,0,1,4,0,0,0,38,
52,3,9,0,0,4,4,0,0,0,40,
49,3,4,2,6,0,4,1,0,0,40,
31,3,9,2,11,5,4,0,0,0,18,
62,5,9,4,7,4,4,0,0,0,6,
44,3,10,0,2,1,4,1,0,0,55,
28,1,9,2,10,0,4,1,3908,0,40,
68,1,14,6,9,4,2,0,0,0,40,
40,0,10,4,0,4,4,0,0,0,40,
46,3,4,4,5,1,4,1,0,0,50,
22,3,9,4,6,3,4,0,0,0,40,
37,5,13,0,12,1,4,1,0,0,15,
62,3,14,4,9,1,4,1,0,0,70,
37,3,13,2,3,0,4,1,0,0,50,
35,3,9,4,11,1,4,1,4787,0,40,
44,3,9,2,11,0,4,1,0,0,68,
41,3,11,2,11,0,4,1,0,0,40,
36,1,13,0,9,4,4,1,0,0,40,
26,3,13,0,7,1,4,0,0,0,45,
48,0,9,2,13,0,2,1,0,0,40,
21,3,9,4,7,1,4,0,0,0,28,
39,3,15,2,2,0,4,1,7688,0,40,
38,3,11,0,9,1,4,0,14344,0,40,
44,3,11,2,2,0,4,1,0,0,40,
56,3,6,2,11,5,1,0,0,0,30,
25,3,5,4,13,2,4,1,0,0,40,
32,1,13,4,9,1,4,0,0,0,50,
47,3,10,4,0,1,4,0,0,0,40,
26,3,10,4,5,3,4,1,0,0,40,
31,3,13,4,9,1,2,0,14084,0,60,
23,3,11,4,3,3,4,1,0,0,40,
41,0,10,0,9,4,4,0,0,0,40,
55,5,10,2,3,0,2,1,0,0,25,
23,3,10,0,3,4,4,0,0,0,25,
45,3,9,2,0,0,2,1,7298,0,40,
42,1,13,2,3,0,4,1,0,1485,40,
29,3,10,4,9,1,4,1,0,0,15,
48,3,14,2,3,0,4,1,0,0,40,
36,3,10,0,2,4,4,1,0,0,40,
52,4,13,2,11,0,4,1,15024,0,50,
46,3,11,0,2,4,4,1,0,0,40,
34,3,10,4,0,3,4,1,0,0,40,
27,6,12,4,0,1,4,0,0,0,40,
18,3,9,4,6,3,4,0,0,0,40,
18,3,10,4,7,3,4,0,0,0,24,
42,3,4,2,2,0,4,1,0,0,40,
64,8,10,2,14,0,4,1,0,0,40,
36,3,14,2,3,0,4,1,0,0,45,
20,8,7,4,14,3,2,0,0,0,20,
52,4,15,2,11,0,4,1,0,0,40,
44,4,13,2,3,0,4,1,0,0,45,
53,3,10,2,11,0,4,1,0,0,60,
36,3,13,2,11,0,4,1,0,0,60,
27,3,13,4,12,2,1,1,0,0,40,
52,3,9,2,6,0,4,1,0,0,60,
60,5,14,2,9,0,4,1,0,0,40,
41,3,12,2,12,0,4,1,0,0,45,
64,5,15,2,9,0,4,1,0,0,40,
25,3,2,4,7,2,4,1,0,0,25,
63,3,4,2,7,0,1,1,0,0,40,
54,1,11,0,2,1,4,1,0,0,40,
21,3,9,4,5,3,4,1,0,0,40,
27,3,13,4,0,1,4,1,0,0,40,
63,5,14,2,4,0,4,1,41310,0,50,
37,3,9,0,7,1,4,0,0,0,30,
22,3,9,4,13,1,4,1,0,0,35,
54,3,4,2,2,0,4,1,0,0,40,
54,3,6,0,7,4,4,0,0,0,40,
60,1,9,2,7,0,4,1,0,0,40,
19,3,7,4,5,3,4,1,0,0,25,
25,1,9,0,0,1,4,0,0,0,40,
51,1,9,2,0,5,4,0,0,0,40,
47,0,9,4,3,1,4,0,0,0,40,
44,5,6,4,2,3,4,1,0,0,50,
18,8,10,4,14,3,4,0,0,0,30,
57,3,9,6,9,1,4,0,0,0,57,
22,3,10,4,11,3,4,1,0,0,34,
36,6,10,0,7,4,2,0,0,0,20,
33,8,9,2,14,5,4,0,0,1485,38,
39,3,10,2,6,0,4,1,0,0,40,
49,3,16,2,9,0,3,1,0,0,50,
41,3,9,2,7,0,1,1,0,0,40,
35,3,10,2,0,0,4,1,0,0,38,
40,4,12,0,11,4,4,0,1506,0,40,
30,3,13,4,3,1,4,0,0,0,40,
25,3,9,4,11,1,4,1,0,1504,37,
25,3,10,2,0,0,2,1,0,1902,36,
37,3,14,2,0,0,4,1,7688,0,50,
53,5,15,0,9,1,4,1,0,0,60,
34,5,12,4,9,1,4,0,0,0,25,
22,3,9,4,7,2,4,1,0,0,40,
18,3,9,4,11,3,4,0,0,0,20,
52,8,14,2,14,5,4,0,15024,0,40,
45,3,9,0,11,4,2,1,5455,0,40,
19,3,10,4,0,3,4,0,0,2001,40,
33,4,13,2,11,0,4,1,0,0,65,
45,6,10,2,0,0,4,1,0,0,40,
43,6,13,2,3,0,4,1,0,0,35,
40,3,9,2,2,0,4,1,0,0,35,
41,5,13,2,4,0,4,1,0,0,75,
25,3,9,2,2,0,4,1,0,1579,40,
22,3,13,4,0,3,4,0,0,0,32,
52,3,10,4,0,4,4,1,0,0,45,
45,0,10,2,0,0,4,1,0,0,40,
32,6,16,4,9,1,4,0,0,0,70,
26,3,13,4,13,3,4,1,0,0,20,
24,3,10,0,7,1,2,1,0,0,40,
37,3,9,0,6,4,2,0,0,0,40,
49,3,9,0,7,1,4,0,0,0,40,
43,1,14,2,9,0,4,1,0,0,50,
35,3,9,4,6,1,4,1,0,0,40,
37,3,15,2,9,0,4,1,0,0,50,
17,3,7,4,11,3,4,1,0,0,20,
48,3,9,2,13,0,4,1,0,0,55,
40,8,14,0,14,3,4,0,0,0,55,
26,3,10,4,0,3,4,1,2597,0,40,
35,3,13,2,2,0,1,1,0,0,40,
21,3,10,4,11,3,4,0,0,0,15,
54,3,6,0,7,1,4,1,0,0,70,
40,3,13,0,0,1,2,0,0,0,40,
51,3,10,5,3,1,2,0,0,0,40,
60,5,9,2,7,5,2,0,0,0,50,
22,3,10,4,11,3,4,1,0,0,8,
20,3,9,4,4,3,4,1,0,0,40,
21,3,7,4,4,4,4,1,0,0,40,
21,3,10,4,5,1,4,1,0,0,40,
43,3,10,0,0,1,4,0,0,0,44,
36,3,13,2,2,0,4,1,0,0,50,
65,6,9,2,0,0,4,1,0,2174,40,
48,3,9,2,6,0,4,1,0,0,40,
37,3,14,5,3,1,4,1,27828,0,60,
20,3,8,4,6,3,4,1,0,0,40,
41,6,9,0,3,1,4,0,0,0,40,
55,5,5,2,2,0,4,1,0,0,50,
39,1,13,0,9,4,4,0,0,0,40,
41,0,10,2,13,5,4,0,7298,0,40,
80,3,11,2,2,0,4,1,0,0,24,
59,6,6,2,4,0,4,1,0,0,40,
52,3,7,2,2,0,4,1,0,0,40,
39,3,13,2,3,0,4,1,3103,0,50,
56,5,10,3,9,1,2,1,0,0,50,
69,1,9,6,0,1,2,0,0,0,20,
49,3,13,2,3,0,4,1,0,0,50,
33,3,9,2,3,0,4,1,5013,0,40,
28,4,9,2,3,0,4,1,0,0,45,
49,3,10,2,3,0,4,1,0,0,40,
51,1,9,3,5,4,4,1,0,0,40,
42,3,10,0,7,4,4,0,0,0,32,
66,3,9,6,0,1,4,0,0,0,13,
44,3,11,5,2,2,4,1,0,0,48,
26,3,9,0,11,1,4,1,0,0,40,
43,3,10,0,0,4,4,0,0,0,40,
28,3,6,4,6,1,4,0,0,155,40,
25,8,13,4,14,3,4,0,0,0,30,
17,3,7,4,11,3,4,0,0,0,8,
52,3,13,2,2,0,4,1,0,0,50,
34,8,9,5,14,3,4,0,0,0,8,
24,3,10,4,5,1,4,1,0,0,40,
41,8,13,3,14,1,4,1,0,0,30,
65,3,10,6,11,2,4,0,0,0,45,
36,5,10,2,2,0,4,1,0,0,40,
19,3,9,4,5,2,4,1,0,0,30,
43,3,10,3,11,1,4,1,0,0,45,
39,1,14,2,9,5,4,0,0,0,50,
48,3,7,2,13,0,4,1,0,0,40,
50,1,11,2,10,0,4,1,0,0,40,
21,3,10,4,7,3,4,1,0,0,25,
36,3,9,4,7,1,2,0,0,0,40,
33,3,9,2,7,0,2,1,0,0,36,
50,0,13,2,3,0,4,1,0,0,40,
49,6,14,2,11,0,4,1,99999,0,80,
34,3,13,4,11,4,2,1,0,0,45,
70,4,16,2,3,0,4,1,0,0,40,
39,3,9,0,13,1,4,1,0,0,40,
44,3,10,0,9,1,4,0,0,0,40,
32,3,13,2,12,5,4,0,0,0,40,
40,3,5,4,2,2,2,1,0,0,49,
46,3,9,2,2,0,2,1,0,1902,40,
21,8,10,4,14,3,4,1,0,0,20,
40,3,13,2,7,5,1,0,7688,0,52,
47,3,7,0,2,3,4,1,0,0,8,
19,3,9,4,0,1,4,1,0,0,30,
22,3,10,4,0,2,4,0,0,0,16,
20,3,10,4,10,3,4,0,0,0,16,
46,1,13,0,9,1,4,0,4787,0,25,
41,3,13,2,9,0,4,1,0,1977,45,
17,3,6,4,9,3,3,0,0,0,15,
41,3,9,2,6,0,2,1,0,0,40,
28,3,9,5,2,1,4,1,0,1974,40,
20,8,10,4,14,3,4,1,0,0,25,
24,3,9,4,7,1,4,1,0,0,40,
33,3,10,2,3,0,4,1,0,0,50,
44,0,10,2,3,0,4,1,0,0,55,
26,5,9,4,9,3,2,0,0,0,40,
47,5,11,2,11,0,4,1,0,0,40,
24,3,9,2,6,0,4,1,0,0,40,
58,0,13,2,3,0,2,1,0,0,40,
41,3,9,2,2,0,4,1,0,2002,60,
38,5,4,2,11,0,4,1,0,0,35,
21,3,10,4,0,1,4,0,0,0,40,
33,3,10,4,3,3,4,1,0,0,45,
23,8,10,4,14,3,4,0,0,0,32,
40,3,6,0,6,4,4,0,0,0,40,
47,1,9,0,3,1,4,0,0,0,40,
41,3,13,0,3,4,2,0,0,0,40,
38,3,13,2,4,0,4,1,0,0,50,
50,3,4,0,7,2,4,0,0,0,40,
45,3,9,3,4,2,2,1,0,0,40,
65,8,13,2,14,0,4,1,0,0,40,
33,3,9,4,5,1,4,1,0,0,40,
34,0,12,4,0,1,4,1,0,0,40,
65,3,14,0,11,1,4,1,0,0,28,
24,3,7,4,13,3,4,1,0,0,39,
26,3,13,4,6,2,4,1,0,0,40,
55,3,9,0,2,1,4,1,0,0,40,
66,3,13,0,9,4,4,0,0,0,8,
43,1,13,2,9,0,4,1,0,0,40,
37,3,13,4,0,2,2,0,0,0,40,
22,3,9,2,2,0,4,1,0,0,40,
21,3,7,2,6,0,4,1,0,0,40,
69,8,15,2,14,5,4,0,0,0,25,
27,3,14,4,6,1,4,0,0,0,40,
48,3,9,2,0,0,4,1,4386,0,45,
24,3,13,4,9,4,4,0,0,0,40,
18,2,7,4,14,3,4,0,0,0,10,
53,1,9,6,7,1,4,0,0,0,30,
26,3,9,2,2,0,4,1,0,0,40,
60,3,10,2,11,0,4,1,0,0,40,
21,3,10,4,7,3,4,0,0,0,60,
39,3,3,2,7,0,4,1,0,0,40,
45,3,10,2,3,0,4,1,0,0,60,
76,5,9,2,2,0,4,1,0,0,30,
19,3,10,4,7,1,4,0,0,0,30,
34,3,10,2,9,0,2,1,0,0,40,
54,3,10,0,2,1,4,1,0,0,40,
23,3,13,4,0,1,4,0,0,0,40,
44,1,4,0,5,1,4,1,0,0,40,
27,3,10,0,0,4,2,0,0,0,40,
23,3,8,4,5,3,0,1,0,0,40,
37,5,9,2,4,0,4,1,0,0,50,
41,3,9,2,2,0,4,1,0,0,40,
21,6,10,4,0,3,4,0,0,0,35,
37,0,9,2,0,0,4,1,0,0,40,
63,3,9,4,6,1,4,1,2174,0,40,
35,3,7,2,2,0,4,1,0,0,40,
47,3,5,2,6,0,2,1,0,0,56,
41,3,10,4,4,1,4,1,0,0,40,
50,5,9,0,9,1,1,0,0,0,60,
26,4,9,4,11,3,4,1,0,0,50,
36,1,10,2,12,0,4,1,0,0,42,
47,3,10,2,9,0,4,1,0,0,40,
51,3,10,0,3,4,2,0,0,0,50,
41,3,9,0,0,1,3,0,0,625,40,
40,3,15,2,9,5,4,0,15024,0,30,
32,3,13,2,3,0,4,1,4064,0,50,
37,1,13,2,0,0,4,1,7298,0,40,
40,4,13,0,3,1,4,1,0,0,40,
56,3,13,2,2,0,4,1,0,0,40,
50,3,9,2,2,0,4,1,0,0,40,
28,3,5,2,6,0,4,1,0,0,42,
28,3,9,2,6,0,4,1,0,0,40,
19,5,7,4,0,3,4,0,0,0,30,
44,3,9,2,6,0,4,1,0,0,40,
42,5,15,0,9,4,4,0,7430,0,44,
47,3,10,2,3,0,4,1,0,0,40,
31,3,10,2,6,0,4,1,0,0,40,
61,3,7,2,7,0,4,1,0,0,40,
21,3,10,4,0,3,4,0,0,0,40,
26,3,13,2,7,0,4,1,0,0,45,
58,3,9,2,0,5,4,0,0,0,40,
35,3,13,3,9,1,1,0,0,0,40,
35,3,11,4,0,1,2,0,0,0,40,
29,1,12,4,0,1,4,1,3674,0,40,
40,3,14,2,9,0,4,1,7688,0,40,
33,3,13,2,11,0,4,1,0,0,55,
38,5,10,0,6,4,4,1,0,0,40,
50,5,11,4,7,1,4,1,0,0,50,
66,3,10,2,12,0,4,1,0,0,40,
36,1,10,2,10,0,4,1,0,0,40,
33,3,7,4,11,1,4,0,0,0,40,
55,0,14,2,3,0,4,1,0,0,60,
46,3,9,2,6,0,4,1,0,0,40,
36,3,12,4,2,1,4,1,0,0,40,
41,8,8,0,14,1,4,0,0,0,40,
30,3,9,0,7,4,4,0,0,0,32,
29,3,8,4,3,1,4,1,0,0,42,
60,8,10,6,14,1,2,0,0,0,40,
24,3,9,5,11,4,4,0,0,0,48,
42,5,10,5,7,4,2,0,0,0,50,
26,3,9,5,3,3,4,0,0,0,40,
37,3,13,2,9,0,4,1,0,0,40,
27,3,3,4,4,4,4,1,0,0,48,
26,3,9,2,2,0,4,1,0,0,48,
23,3,11,4,2,4,4,1,0,0,50,
60,3,14,2,3,0,4,1,0,0,60,
49,0,9,0,0,4,2,0,0,0,40,
46,3,10,2,0,0,4,1,0,0,40,
21,3,9,4,6,1,4,1,0,0,40,
48,5,15,2,2,0,4,1,0,0,60,
70,4,5,0,11,1,4,1,0,0,45,
44,1,14,4,9,3,4,0,0,0,55,
58,3,13,2,11,0,4,1,0,0,40,
41,3,12,0,3,1,2,0,0,0,40,
54,3,4,0,6,4,4,0,0,3900,40,
42,4,14,0,3,4,1,1,0,2201,60,
28,3,6,0,5,1,4,1,0,0,40,
65,3,7,2,5,0,4,1,0,0,20,
35,5,9,2,2,2,4,1,0,0,35,
82,3,3,6,7,4,4,1,0,0,20,
48,5,10,2,13,0,4,1,0,0,50,
44,3,16,2,3,0,1,1,15024,0,40,
68,3,14,4,0,1,4,0,6360,0,20,
42,3,9,2,7,0,4,1,0,0,40,
24,3,9,4,0,1,4,0,0,2001,37,
54,3,10,2,5,0,2,1,0,0,40,
22,3,10,4,5,3,4,1,0,0,40,
43,5,10,2,4,0,4,1,0,0,84,
17,3,5,4,7,3,4,0,0,0,35,
46,5,9,0,13,1,4,1,0,0,50,
59,3,10,2,12,0,4,1,0,0,40,
37,3,9,2,5,0,4,1,0,0,40,
70,8,9,2,14,0,4,1,2228,0,24,
57,4,9,2,11,0,4,1,0,1902,30,
47,8,9,2,14,1,4,0,0,0,35,
31,3,9,4,11,4,2,0,0,0,24,
23,3,9,4,0,3,4,0,0,0,40,
17,3,8,4,7,3,4,0,0,1721,25,
63,3,1,2,9,0,3,1,0,0,30,
44,3,15,0,9,1,4,1,0,0,55,
30,3,15,2,9,0,4,1,0,0,60,
23,3,10,4,9,3,4,1,0,0,20,
44,3,14,2,9,0,4,1,0,1887,60,
24,3,10,4,11,3,4,0,0,0,40,
34,3,10,4,5,2,4,1,0,0,20,
37,3,10,2,2,0,4,1,0,0,65,
24,3,7,4,6,4,4,0,0,0,40,
32,3,9,0,6,3,2,0,0,0,40,
42,5,9,2,2,0,2,1,0,0,25,
20,3,10,4,7,3,4,0,0,0,10,
34,6,10,2,9,0,2,1,4386,0,40,
37,3,10,4,13,4,4,0,0,0,20,
47,0,9,0,0,1,4,0,0,0,40,
25,3,5,4,4,2,4,1,0,0,45,
36,5,9,2,4,0,4,1,0,1977,65,
60,3,9,2,11,0,4,1,0,0,50,
64,4,9,2,2,0,4,1,2635,0,10,
32,1,13,2,0,5,4,0,0,0,40,
33,6,6,2,7,0,4,1,0,0,40,
71,3,13,4,3,1,4,0,0,0,14,
55,1,10,0,3,1,0,0,0,0,40,
85,5,9,6,11,1,4,0,0,0,50,
57,5,4,2,9,0,4,1,0,0,40,
39,3,15,2,9,0,1,1,0,2415,67,
25,3,10,4,2,3,4,1,0,0,55,
58,3,10,2,2,0,4,1,0,0,40,
57,3,9,2,2,0,4,1,0,0,40,
30,3,11,0,9,4,4,0,0,0,36,
19,3,7,0,11,4,4,0,0,0,20,
40,3,10,2,9,0,4,1,0,0,40,
28,3,9,4,10,4,0,0,0,0,40,
43,0,13,2,9,0,4,1,0,0,40,
40,8,9,2,14,5,4,0,0,0,35,
19,3,9,4,7,3,4,0,0,0,15,
24,3,9,4,3,1,4,1,0,0,38,
34,3,13,4,11,1,4,1,0,0,65,
22,3,9,4,7,1,4,0,0,0,40,
64,5,11,2,4,0,4,1,0,0,55,
55,8,4,2,14,0,4,1,0,0,40,
26,3,7,2,2,0,4,1,0,0,40,
80,3,9,3,0,1,4,0,0,0,16,
79,1,16,6,9,4,4,0,0,0,40,
58,5,13,2,3,0,4,1,0,0,40,
43,3,13,0,12,1,4,1,0,1876,40,
43,3,9,2,2,0,4,1,0,0,40,
46,3,9,0,7,1,4,1,0,0,25,
35,3,9,2,3,5,4,0,0,0,40,
51,3,11,2,2,0,4,1,5013,0,40,
52,1,14,0,3,1,4,0,4787,0,60,
43,4,13,2,11,0,4,1,0,0,60,
68,3,10,6,3,1,4,0,0,0,45,
34,6,13,2,9,5,4,0,0,0,45,
37,3,13,2,2,0,1,1,0,0,40,
22,3,9,4,11,3,2,0,0,0,40,
32,3,9,2,13,0,4,1,0,0,55,
65,5,6,2,2,0,4,1,0,0,40,
28,3,10,4,6,3,4,1,0,0,60,
37,3,9,2,13,0,1,1,0,0,40,
40,4,13,4,9,1,4,0,0,0,45,
40,3,7,4,7,2,4,1,0,0,40,
52,3,9,5,7,2,4,0,0,0,20,
35,3,10,2,2,0,4,1,0,0,60,
62,5,3,2,4,0,4,1,0,0,30,
49,3,11,2,5,0,4,1,0,0,45,
49,3,9,0,6,2,4,0,0,0,55,
47,3,13,2,9,0,4,1,15024,0,40,
45,3,9,5,3,1,4,0,0,0,40,
37,3,2,3,4,2,4,1,0,0,77,
36,1,11,2,10,0,4,1,0,0,53,
36,3,6,2,2,0,4,1,0,0,70,
44,3,13,2,9,0,4,1,0,1902,50,
51,6,14,2,9,0,4,1,0,1977,60,
25,6,10,2,10,0,4,1,0,0,40,
28,5,9,4,2,1,4,1,0,0,55,
57,3,9,6,11,4,4,0,0,0,32,
46,3,9,2,2,0,0,1,0,0,40,
59,3,6,2,13,0,4,1,0,0,45,
28,3,7,2,5,3,4,1,0,0,40,
25,3,9,0,7,1,4,1,2597,0,40,
35,3,9,3,0,4,2,0,0,0,40,
27,3,12,2,2,0,4,1,0,0,45,
29,3,13,2,11,0,4,1,0,0,40,
43,0,9,0,0,1,4,1,0,0,40,
38,0,9,4,0,3,2,0,0,0,40,
26,3,10,4,0,3,4,0,0,0,40,
55,8,14,2,14,0,4,1,0,0,50,
36,3,9,5,2,3,4,1,0,0,40,
37,3,10,2,6,0,4,1,0,0,40,
23,8,9,4,14,3,4,1,0,0,40,
34,3,9,2,7,0,4,1,0,0,30,
41,3,7,2,10,0,4,1,0,0,55,
44,3,11,5,9,1,4,0,0,0,40,
48,5,11,0,3,1,4,0,0,0,50,
35,1,9,2,10,0,2,1,7298,0,35,
43,1,13,0,9,4,2,0,0,0,42,
57,0,13,2,9,0,4,1,0,0,40,
44,1,9,2,0,2,4,0,0,0,40,
28,3,9,4,7,3,4,1,0,0,40,
55,3,6,6,2,4,2,0,0,0,40,
52,3,9,2,6,0,4,1,0,2051,38,
30,3,9,5,0,4,2,0,0,0,40,
31,3,16,2,9,0,1,1,0,0,50,
21,8,10,4,14,3,4,1,0,0,70,
50,4,15,2,9,0,4,1,0,0,45,
43,5,13,2,4,0,4,1,0,0,70,
33,3,9,4,6,1,3,1,0,0,50,
23,0,11,2,5,0,4,1,0,0,25,
35,3,13,2,4,0,4,1,0,0,65,
18,3,10,4,7,3,4,1,0,0,15,
21,8,10,4,14,4,3,0,0,0,40,
33,1,13,2,10,0,2,1,0,0,70,
30,0,13,4,3,2,1,0,0,0,45,
21,3,10,4,10,3,4,1,0,0,15,
36,1,13,2,0,5,4,0,0,0,35,
38,3,10,2,9,0,4,1,0,0,40,
33,3,14,2,3,0,4,1,7298,0,60,
24,3,11,2,2,0,4,1,0,0,45,
24,3,10,2,9,0,2,1,0,0,40,
39,3,10,0,10,4,2,0,0,0,30,
43,3,9,2,7,0,1,1,2829,0,60,
43,5,13,2,9,0,4,1,0,0,21,
62,8,14,2,14,0,4,1,0,0,2,
30,6,13,4,0,3,2,0,0,0,40,
25,3,7,2,13,0,4,1,0,0,40,
45,3,9,2,7,5,4,0,0,0,35,
22,3,10,4,10,1,4,1,0,0,20,
73,3,13,2,9,0,4,1,0,2246,40,
26,3,10,2,2,0,4,1,0,0,40,
24,3,9,4,6,2,2,1,0,0,45,
18,3,8,4,2,3,4,1,594,0,20,
35,3,13,2,5,0,4,1,7298,0,35,
22,3,10,5,11,4,4,0,0,0,43,
28,3,10,2,5,0,4,1,0,0,40,
38,3,10,2,2,0,4,1,0,0,45,
68,8,16,2,14,0,4,1,0,0,70,
40,1,9,2,0,5,4,0,0,0,40,
32,3,10,2,6,0,4,1,0,0,84,
42,3,9,2,13,0,4,1,0,1902,50,
31,6,9,2,0,2,4,0,0,0,35,
33,3,13,2,9,0,4,1,0,0,50,
54,5,13,0,13,1,4,1,0,0,65,
63,3,9,0,4,1,4,1,0,0,25,
67,5,13,2,11,0,4,1,0,0,30,
47,3,9,0,7,1,2,0,0,0,14,
67,4,13,6,7,4,4,0,0,0,35,
33,3,9,2,0,5,3,0,0,0,19,
33,1,9,5,7,3,4,0,0,0,80,
25,1,13,2,0,0,4,1,0,0,40,
25,3,10,4,0,1,4,0,0,0,40,
35,3,10,0,6,4,4,1,0,0,40,
54,3,9,2,2,0,4,1,7688,0,40,
35,5,9,2,4,0,4,1,0,0,80,
18,3,7,4,7,3,4,1,0,0,12,
54,8,9,0,14,1,4,0,4416,0,25,
30,3,7,2,4,0,4,1,0,0,60,
29,3,6,4,2,1,4,1,0,0,48,
41,3,13,2,9,5,4,0,7688,0,10,
40,3,12,2,12,0,4,1,0,0,40,
46,3,10,2,12,0,4,1,5178,0,40,
39,3,12,2,12,5,4,0,0,0,45,
42,3,13,2,0,5,4,0,0,0,40,
49,5,13,2,2,0,4,1,0,0,50,
23,3,10,4,7,3,4,0,0,0,40,
34,3,4,2,13,0,4,1,0,0,40,
42,5,9,2,2,0,4,1,0,2042,48,
31,3,10,2,2,0,4,1,0,0,50,
72,8,9,2,14,5,4,0,0,0,2,
31,3,11,2,13,0,4,1,0,0,30,
90,3,14,2,9,5,4,0,0,0,40,
27,5,13,4,9,3,4,0,0,0,40,
18,8,9,4,14,2,4,1,0,0,40,
30,5,9,4,2,1,4,1,99999,0,50,
27,1,9,4,9,3,2,0,0,0,40,
27,5,7,2,3,0,4,1,0,0,50,
28,3,9,4,2,1,4,1,0,0,40,
40,3,9,4,0,3,4,0,0,0,45,
43,1,14,5,9,4,2,0,0,0,37,
26,3,9,2,13,0,4,1,0,0,50,
48,5,11,2,7,5,4,0,0,0,15,
41,3,12,2,4,0,1,1,0,0,40,
32,3,9,2,2,0,4,1,0,0,40,
23,3,9,4,2,1,4,1,0,0,40,
35,3,7,2,11,0,4,1,0,0,65,
42,3,10,2,3,0,4,1,0,0,50,
27,6,13,4,9,1,4,0,4101,0,40,
34,3,9,2,13,0,4,1,0,0,40,
25,3,13,4,9,3,4,0,0,0,40,
46,1,13,4,9,3,4,1,4787,0,45,
34,3,10,2,7,0,1,1,0,0,40,
39,3,9,6,0,1,4,0,0,0,40,
33,3,9,4,6,3,4,0,0,0,40,
25,3,13,4,0,1,4,1,0,0,40,
45,3,11,0,3,1,4,1,2174,0,50,
46,3,13,0,9,1,4,1,0,0,40,
23,3,9,0,2,1,4,1,4650,0,50,
37,3,10,4,3,1,2,1,0,0,40,
39,3,14,2,9,0,4,1,0,0,40,
38,5,9,2,5,0,4,1,0,0,40,
35,5,10,2,7,0,4,1,0,0,40,
49,4,13,2,11,0,4,1,0,0,50,
37,3,12,2,9,5,4,0,0,0,13,
45,3,9,0,7,4,4,0,0,0,40,
71,3,8,4,7,1,4,0,0,0,40,
44,3,13,2,11,0,4,1,0,0,60,
19,8,10,4,14,3,4,1,0,0,22,
38,3,11,4,12,1,4,0,0,0,40,
42,1,9,2,2,0,4,1,0,0,40,
29,3,11,2,3,0,4,1,0,0,60,
48,3,7,2,6,0,4,1,0,0,40,
56,4,11,2,11,0,4,1,0,0,54,
32,0,9,2,12,0,4,1,0,0,40,
19,3,9,4,7,1,4,0,0,0,30,
57,5,10,5,11,1,4,1,0,0,35,
55,3,6,4,13,1,4,1,0,0,60,
48,8,7,5,14,4,4,1,0,0,40,
46,4,8,2,2,0,4,1,0,0,45,
36,3,5,5,7,4,2,0,0,0,40,
66,3,13,2,11,0,4,1,0,0,50,
26,3,9,4,0,3,2,1,0,0,40,
58,4,11,2,3,0,4,1,15024,0,40,
62,3,13,2,9,0,4,1,0,0,55,
31,3,13,4,9,4,3,1,0,0,40,
77,8,11,3,14,1,4,0,0,0,25,
25,3,9,2,6,0,4,1,0,0,40,
38,3,13,2,0,0,4,1,0,0,56,
33,3,13,0,3,1,4,0,0,0,40,
51,0,10,0,9,1,2,0,0,0,40,
20,3,11,4,4,3,4,1,0,0,40,
40,0,9,2,0,0,4,1,0,0,40,
20,3,6,4,7,1,4,1,0,0,40,
41,1,10,0,3,4,4,0,0,0,25,
44,3,8,0,6,4,4,0,0,0,40,
35,3,9,2,4,0,4,1,0,0,40,
35,5,9,3,4,1,4,1,0,0,60,
46,0,10,4,0,4,2,0,0,0,40,
24,3,10,4,0,1,4,0,0,0,17,
18,3,10,4,7,3,4,1,0,0,40,
37,3,9,2,6,0,4,1,0,0,40,
58,3,16,4,9,1,4,1,0,0,8,
55,3,11,2,0,0,4,1,0,0,40,
68,3,9,4,11,1,4,0,0,0,30,
41,3,13,2,9,0,4,1,0,0,40,
50,3,14,2,3,0,4,1,15024,0,50,
48,3,9,2,2,0,4,1,0,0,40,
42,8,10,4,14,1,4,1,0,0,45,
45,3,9,2,10,0,4,1,0,0,40,
43,3,10,2,9,0,4,1,0,0,40,
37,3,10,2,2,0,4,1,0,0,35,
43,3,13,2,3,0,4,1,0,0,45,
36,3,9,0,6,4,4,0,0,0,40,
60,3,9,2,7,0,1,1,0,0,30,
27,3,9,0,2,1,4,1,0,0,50,
36,3,13,2,11,0,4,1,0,0,50,
47,6,12,2,13,0,4,1,0,0,40,
33,3,10,4,2,1,4,1,0,0,80,
19,6,8,4,13,3,2,1,0,0,20,
33,3,13,4,7,1,1,0,0,0,35,
34,3,13,2,9,0,4,1,0,0,40,
33,3,9,0,7,4,4,0,0,0,40,
57,3,10,0,11,1,4,0,0,0,48,
59,3,14,4,11,1,4,0,27828,0,45,
36,3,9,2,2,3,4,0,0,2002,40,
60,3,12,2,0,0,4,1,0,0,40,
33,1,11,2,12,0,4,1,0,0,40,
41,3,13,4,9,1,4,0,0,0,45,
20,5,10,4,9,3,4,1,0,0,10,
28,1,13,4,9,1,4,0,2202,0,50,
24,6,14,4,9,1,1,1,0,0,20,
31,3,8,4,4,1,2,1,0,0,60,
38,3,9,3,2,4,4,0,0,0,40,
40,3,13,0,9,1,4,0,0,0,45,
55,6,13,2,9,0,4,1,0,0,15,
49,3,9,2,6,0,4,1,4064,0,50,
33,3,9,0,13,1,4,1,0,0,45,
52,3,3,4,6,1,4,0,0,0,40,
24,1,13,4,9,1,4,1,0,0,35,
46,3,13,0,2,1,4,1,0,0,48,
20,3,10,4,0,3,4,0,0,0,20,
50,3,3,2,5,0,4,1,0,0,40,
22,3,9,4,0,4,4,1,0,0,40,
32,4,10,2,13,0,2,1,0,0,35,
46,3,9,2,11,0,4,1,0,0,65,
62,8,9,2,14,0,4,1,2961,0,30,
39,3,10,2,3,0,4,1,0,1977,62,
26,3,10,4,0,3,4,0,0,0,15,
20,3,10,4,11,3,2,0,0,0,14,
37,4,10,2,3,0,4,1,0,0,50,
40,3,10,0,0,4,4,0,0,0,24,
22,3,10,4,7,3,4,0,0,0,38,
32,3,13,4,3,3,4,0,10520,0,40,
41,3,10,0,12,1,4,1,0,0,50,
24,3,12,2,0,5,4,0,0,0,40,
40,3,9,2,3,0,4,1,0,0,40,
37,6,15,2,9,5,4,0,0,0,39,
42,3,14,2,0,0,4,1,0,1902,40,
56,3,5,6,11,4,4,0,0,0,40,
20,3,10,4,5,1,4,1,0,0,50,
55,1,9,0,0,4,4,1,0,0,40,
29,3,9,4,2,2,4,1,0,0,40,
37,3,9,0,2,1,4,1,0,0,40,
61,5,13,2,13,0,4,1,0,0,60,
26,3,13,4,9,1,4,1,0,0,38,
49,4,10,0,2,1,4,1,0,0,55,
18,1,4,4,4,3,4,1,0,0,40,
30,3,5,4,4,2,2,1,0,0,40,
24,3,9,4,7,3,2,0,0,0,20,
24,6,9,2,12,0,4,1,0,0,40,
37,3,9,4,13,1,4,1,0,0,40,
37,1,9,0,0,4,4,0,0,0,40,
36,3,10,2,6,0,4,1,0,0,65,
40,3,9,2,4,0,4,1,0,0,40,
44,5,9,2,2,0,4,1,0,0,55,
43,5,9,2,2,0,4,1,0,0,20,
19,3,10,4,5,1,4,0,0,0,35,
50,3,14,2,3,5,4,0,0,1485,40,
17,8,6,4,14,3,4,1,0,0,30,
39,3,9,2,0,5,2,0,0,0,50,
43,3,9,0,2,4,4,1,0,0,40,
43,3,9,2,6,0,4,1,0,0,40,
40,3,14,4,9,1,4,1,0,0,40,
31,6,10,4,2,1,4,1,0,0,40,
25,3,13,0,2,1,4,1,0,0,40,
30,0,13,4,9,1,4,1,0,1876,40,
55,3,5,2,4,0,4,1,0,0,40,
55,3,4,2,0,0,4,1,0,0,75,
29,3,10,2,3,0,2,1,0,0,40,
28,3,13,4,0,1,4,1,10520,0,60,
30,3,9,2,2,0,4,1,0,0,40,
33,3,9,2,11,0,4,1,0,1672,55,
23,3,9,4,0,3,4,1,0,0,40,
71,3,7,4,8,1,4,0,0,0,75,
22,8,10,2,14,0,4,1,0,0,6,
21,3,10,4,11,1,4,0,0,0,40,
62,8,9,2,14,0,1,1,0,0,24,
22,8,10,3,14,4,2,0,0,0,40,
49,3,9,2,4,0,4,1,0,0,40,
31,3,12,2,6,0,4,1,0,0,20,
27,3,12,4,9,1,4,1,0,0,40,
27,3,14,2,9,0,1,1,0,0,40,
26,3,10,4,7,1,4,1,0,0,20,
30,8,10,2,14,0,4,1,0,0,40,
17,3,6,4,7,3,4,0,0,0,30,
26,3,10,4,13,1,4,1,0,0,50,
45,3,9,0,0,1,4,0,0,0,40,
50,3,9,2,2,0,4,1,7688,0,40,
31,3,9,4,4,4,4,1,0,0,45,
51,3,12,4,0,1,4,0,0,0,40,
56,3,5,6,6,4,4,0,0,0,40,
24,6,13,4,6,1,4,1,0,0,35,
29,3,8,4,5,1,4,1,0,0,40,
26,3,10,4,11,1,4,1,0,0,24,
51,3,10,2,3,0,4,1,0,0,45,
32,1,9,2,10,0,4,1,0,0,40,
47,6,13,2,3,0,4,1,0,0,40,
30,3,9,4,6,1,4,1,0,0,40,
41,8,7,6,14,2,2,0,0,0,40,
49,0,10,2,2,0,4,1,0,0,40,
40,3,10,2,9,0,0,1,0,0,40,
62,3,9,2,0,0,4,1,0,0,40,
43,4,13,2,9,0,4,1,0,0,60,
76,3,3,4,5,1,4,1,0,0,20,
40,8,14,2,14,0,4,1,0,0,60,
35,3,13,2,11,0,4,1,0,0,50,
27,3,9,4,5,3,4,0,0,0,40,
54,4,13,2,3,0,4,1,15024,0,40,
55,5,9,2,11,0,4,1,0,0,40,
21,3,10,4,11,3,4,1,0,0,12,
20,3,10,4,5,3,4,1,0,0,20,
39,3,9,5,0,1,4,0,0,0,20,
26,3,13,4,9,3,4,1,10520,0,64,
20,3,9,4,6,3,4,0,0,0,42,
28,3,9,2,13,0,4,1,0,0,60,
56,0,10,5,7,1,2,1,0,0,40,
39,3,8,2,6,0,4,1,0,0,40,
44,0,13,2,3,0,1,1,0,0,40,
55,3,9,2,2,0,4,1,0,0,40,
54,5,9,2,11,0,4,1,0,0,40,
30,3,13,4,9,1,4,1,13550,0,45,
34,1,9,2,10,0,4,1,0,0,57,
42,3,9,4,13,4,2,0,0,0,38,
50,4,10,5,3,4,4,0,0,0,75,
34,0,10,2,0,0,2,1,0,0,40,
23,3,11,4,2,3,4,1,0,0,33,
27,8,13,4,14,4,1,1,0,0,25,
81,8,13,6,14,1,4,1,0,0,5,
47,3,7,4,6,4,2,0,6849,0,40,
57,3,3,2,2,0,4,1,0,0,40,
65,8,11,2,14,5,4,0,0,0,56,
33,3,14,4,9,1,2,1,0,0,50,
37,3,9,0,2,4,4,0,0,0,48,
53,3,13,4,3,4,4,0,0,0,40,
27,6,13,4,0,1,4,0,0,0,40,
47,3,9,2,2,0,4,1,0,0,50,
42,3,12,2,9,0,4,1,0,0,50,
39,3,10,4,9,1,2,1,4787,0,40,
58,1,13,2,3,0,4,1,0,0,40,
20,3,9,4,0,2,4,1,0,0,24,
19,3,9,4,6,2,4,1,0,0,40,
39,3,9,2,2,0,4,1,0,0,35,
51,3,9,0,3,1,4,1,0,0,44,
52,3,9,0,11,1,4,0,0,0,40,
53,3,10,4,0,1,4,0,0,0,50,
50,3,10,2,11,0,4,1,0,0,40,
36,3,9,0,6,1,4,1,0,0,40,
30,3,13,4,12,1,4,0,0,0,72,
30,3,10,4,0,4,2,0,0,0,40,
50,3,9,2,11,0,4,1,0,0,55,
76,3,4,6,8,1,4,0,0,0,40,
46,5,13,2,11,0,4,1,0,2415,40,
24,3,10,4,5,3,2,1,0,0,40,
26,3,9,2,11,0,4,1,2885,0,40,
56,5,15,2,9,0,4,1,0,1977,50,
50,3,13,2,9,0,4,1,15024,0,40,
22,3,10,2,2,0,4,1,2407,0,40,
23,1,13,4,9,1,4,0,0,0,35,
51,3,9,2,3,0,4,1,0,0,50,
58,3,6,2,13,0,4,1,0,0,40,
38,3,5,2,7,5,2,0,0,0,24,
45,3,10,2,6,0,4,1,0,0,40,
55,5,9,6,11,1,4,1,0,0,40,
45,3,10,2,11,0,4,1,0,0,60,
42,3,10,0,6,1,4,1,0,0,45,
44,6,13,2,0,0,4,1,0,0,46,
60,3,13,2,9,0,4,1,0,0,50,
27,3,10,4,11,1,4,1,0,0,40,
25,1,10,2,3,0,4,1,0,0,40,
61,8,13,0,14,1,4,0,0,0,24,
43,3,9,2,3,0,4,1,15024,0,50,
44,1,11,4,12,1,4,1,0,1340,40,
63,3,4,6,7,1,4,0,0,0,41,
46,1,14,4,9,1,4,0,0,0,43,
47,3,10,2,3,0,4,1,0,0,40,
37,3,10,0,11,1,2,1,0,0,40,
43,3,9,5,3,4,2,0,0,0,40,
46,3,14,2,9,0,4,1,0,0,35,
48,8,6,2,14,5,2,0,0,0,35,
61,5,12,3,3,1,4,0,0,0,90,
53,0,9,2,0,0,2,1,0,1977,40,
79,8,4,2,14,0,4,1,1409,0,35,
44,3,9,4,2,1,4,1,0,0,30,
54,3,9,2,3,0,4,1,0,0,45,
22,3,10,4,9,3,4,0,0,0,40,
47,0,9,2,13,0,2,1,0,0,50,
18,3,9,4,7,3,4,0,0,0,20,
25,3,6,2,2,0,4,1,0,0,40,
24,3,10,4,0,3,4,0,0,0,40,
37,1,13,2,0,0,4,1,0,0,40,
51,3,10,0,0,4,4,0,0,2547,40,
35,5,9,2,2,0,4,1,7298,0,60,
59,3,10,4,0,3,4,0,0,0,34,
46,3,10,3,2,1,1,1,0,0,40,
45,1,11,2,10,0,4,1,0,0,60,
19,3,9,4,7,3,4,1,0,0,15,
22,3,9,4,0,3,4,0,0,0,28,
41,3,13,2,2,0,4,1,0,0,40,
33,5,9,2,3,0,4,1,0,0,40,
26,0,9,4,0,1,2,0,0,0,40,
22,3,10,2,5,0,4,1,0,0,35,
29,5,9,2,9,0,4,1,0,0,65,
22,3,9,4,0,1,4,0,0,0,39,
34,3,12,2,12,0,4,1,0,2042,10,
23,3,8,2,5,3,4,1,0,0,40,
20,3,9,2,0,0,4,1,3781,0,50,
25,3,13,4,9,1,1,0,0,0,40,
59,3,9,2,0,0,4,1,0,0,40,
44,3,10,2,2,0,4,1,4386,0,55,
55,3,10,2,12,0,4,1,0,0,40,
77,5,10,6,0,1,4,0,0,1944,1,
42,3,14,2,3,0,4,1,0,0,40,
47,3,9,2,2,0,4,1,0,0,40,
42,3,10,2,6,0,4,1,0,0,40,
45,3,10,2,2,0,4,1,0,0,40,
23,3,9,2,7,0,4,1,0,0,40,
60,8,5,2,14,0,4,1,0,0,40,
23,3,10,4,2,1,4,1,0,0,40,
52,3,9,2,2,0,4,1,0,0,40,
49,3,9,2,2,0,4,1,0,0,40,
20,3,10,4,2,3,4,1,0,0,40,
20,3,9,4,7,1,4,0,0,0,20,
23,1,9,4,7,3,4,0,0,0,45,
30,3,10,0,2,1,4,1,0,0,65,
45,3,9,2,5,0,4,1,0,0,48,
30,3,15,6,7,1,4,1,0,0,35,
17,3,5,4,7,3,4,0,0,0,20,
22,3,9,4,11,1,4,1,0,0,40,
25,3,13,4,5,3,4,1,0,0,40,
52,3,10,2,3,0,4,1,15024,0,55,
40,3,10,2,12,5,4,0,0,0,40,
18,8,6,4,14,3,2,1,0,0,30,
58,3,9,2,3,0,4,1,0,0,45,
30,3,9,2,2,0,4,1,0,0,50,
59,3,6,2,5,0,4,1,3942,0,40,
29,3,10,4,7,1,2,0,0,0,30,
26,3,11,0,9,4,4,0,0,0,40,
39,1,13,6,9,4,1,0,0,0,10,
33,3,13,2,3,0,4,1,0,0,50,
21,8,10,4,14,3,4,0,0,0,40,
22,3,10,4,11,3,4,1,0,0,24,
25,3,10,2,2,3,4,1,0,0,40,
19,8,10,4,14,3,4,0,0,0,20,
44,3,10,5,9,4,2,0,0,0,40,
35,3,9,0,11,3,4,0,0,0,40,
40,3,9,2,5,0,4,1,0,0,40,
19,3,7,4,0,3,4,0,0,0,20,
37,3,9,2,2,0,4,1,0,0,35,
32,3,11,2,12,0,4,1,0,0,40,
52,5,9,0,13,1,4,1,0,0,65,
36,3,9,2,2,0,4,1,0,0,41,
38,3,10,0,2,4,4,0,0,0,40,
57,6,13,0,6,1,2,1,0,0,39,
22,6,10,4,0,1,4,0,0,0,15,
80,8,9,2,14,0,4,1,0,0,8,
20,3,10,4,0,3,4,0,0,0,35,
40,3,7,5,6,1,2,1,0,0,36,
36,5,13,2,4,0,4,1,0,0,50,
27,3,9,0,0,4,4,0,0,0,40,
52,3,9,3,0,1,4,0,0,0,50,
43,3,9,5,13,4,4,0,0,0,44,
35,3,9,2,13,0,4,1,0,0,40,
29,3,9,2,4,0,2,1,0,0,40,
27,3,10,4,6,3,4,1,0,0,40,
24,8,9,2,14,5,4,0,0,0,25,
49,1,14,2,3,0,4,1,0,0,40,
26,5,10,5,2,1,4,1,0,0,30,
47,3,9,0,7,1,4,1,0,0,32,
20,3,10,4,0,3,4,0,0,0,40,
19,3,9,4,5,3,4,1,0,0,40,
34,3,14,4,9,1,4,1,0,2258,50,
20,3,9,4,0,3,4,0,0,0,40,
23,3,7,5,9,3,4,1,0,0,35,
25,3,13,4,11,1,4,1,0,0,40,
21,3,9,4,5,3,4,1,0,0,36,
25,3,9,4,6,3,4,1,0,0,40,
63,6,10,2,10,0,4,1,0,0,32,
25,3,13,4,12,1,4,0,0,0,50,
28,3,9,4,6,3,4,0,0,0,40,
39,3,14,4,9,1,4,1,0,0,60,
28,3,10,4,12,1,4,0,4865,0,40,
30,3,13,2,3,0,4,1,0,0,45,
41,1,11,0,9,4,4,0,0,0,40,
52,1,12,0,7,1,4,0,4865,0,30,
36,3,9,2,2,0,4,1,4064,0,40,
47,3,13,2,3,0,4,1,0,1887,40,
27,3,5,4,7,3,4,1,0,0,50,
32,0,10,2,12,5,4,0,0,0,40,
52,3,9,2,11,0,4,1,99999,0,45,
50,3,9,2,13,0,4,1,0,0,70,
21,3,10,4,0,2,4,1,0,0,30,
60,3,9,0,0,4,4,0,0,0,37,
47,3,7,2,7,0,0,1,0,0,36,
54,5,9,2,4,0,4,1,0,0,60,
32,1,14,4,9,1,4,1,0,0,50,
61,3,10,2,11,0,4,1,0,0,40,
21,3,9,4,2,1,4,1,0,1504,40,
29,5,10,2,3,2,4,1,4386,0,45,
36,1,9,4,7,4,2,0,0,0,70,
38,1,9,2,13,0,4,1,0,0,20,
59,3,6,6,6,1,4,1,0,0,52,
43,3,10,2,0,0,4,1,0,0,40,
19,3,7,4,6,1,4,1,0,0,10,
42,3,13,2,9,0,4,1,5013,0,40,
33,3,10,2,3,0,4,1,0,0,45,
47,3,9,2,7,5,2,0,5013,0,40,
51,3,9,2,3,0,4,1,7298,0,40,
28,3,10,4,11,1,4,1,0,0,40,
61,3,10,0,0,4,4,0,0,0,43,
23,3,13,4,9,1,4,0,0,0,60,
31,3,5,2,2,0,4,1,0,0,40,
38,5,7,0,3,1,4,1,0,0,55,
21,3,5,4,5,2,4,1,0,0,40,
22,3,9,4,2,3,4,1,0,0,50,
35,3,14,2,9,0,4,1,0,1887,40,
53,0,13,2,3,0,4,1,0,0,48,
40,3,9,2,3,5,4,0,0,0,24,
36,3,9,2,0,0,4,1,0,0,50,
33,5,9,2,13,0,4,1,0,0,65,
23,3,9,4,0,1,4,0,0,0,50,
51,1,9,2,2,0,4,1,4386,0,40,
31,3,9,4,11,2,4,1,0,0,48,
28,1,9,5,0,1,4,0,5721,0,40,
26,5,13,0,11,1,4,1,0,0,40,
32,3,13,0,10,1,2,1,0,0,60,
43,3,13,4,9,1,4,1,0,0,45,
19,3,9,4,7,1,4,0,0,0,50,
46,3,7,0,5,4,2,0,0,0,40,
49,1,16,2,9,0,4,1,0,0,45,
31,3,6,4,7,1,4,0,0,0,40,
45,3,13,2,3,0,4,1,0,0,40,
41,3,3,2,4,0,4,1,0,0,40,
22,3,10,4,7,3,4,0,0,0,15,
25,3,13,4,9,1,4,0,0,1876,40,
46,3,15,5,9,1,4,1,0,0,50,
44,5,10,2,2,0,4,1,0,0,40,
25,3,9,2,6,0,4,1,0,0,40,
30,3,13,4,3,1,4,1,0,0,40,
54,3,13,2,3,0,4,1,0,0,60,
34,3,13,2,2,0,4,1,0,0,45,
34,8,9,4,14,1,4,1,0,0,40,
30,3,13,2,9,0,4,1,0,1902,55,
21,3,11,4,3,3,4,0,2174,0,60,
27,3,13,4,9,1,4,0,0,0,40,
29,3,10,4,2,3,4,1,0,0,40,
60,4,10,2,3,0,4,1,0,0,40,
36,5,14,2,4,0,4,1,0,0,70,
27,3,14,4,11,3,4,0,0,0,40,
57,5,10,2,7,0,4,1,0,0,48,
24,3,2,2,7,3,1,0,0,0,5,
63,3,10,0,2,4,4,1,0,0,22,
29,3,13,2,10,0,4,1,0,0,40,
34,3,13,2,3,0,4,1,0,0,40,
27,3,9,4,7,1,4,1,0,0,40,
31,3,11,0,12,4,4,0,0,0,40,
31,3,13,2,2,0,4,1,0,0,40,
55,3,10,0,0,4,4,0,4650,0,20,
64,1,9,2,2,0,4,1,0,0,99,
20,3,9,4,11,2,2,0,0,0,35,
44,5,9,2,4,0,4,1,15024,0,60,
35,3,7,0,13,1,4,1,0,0,50,
41,1,10,0,3,1,4,0,0,0,40,
38,3,10,0,3,3,2,0,0,0,40,
21,3,10,4,6,3,4,1,0,0,40,
64,6,13,2,2,0,4,1,0,0,45,
42,3,4,4,5,1,2,1,0,2205,40,
31,3,10,2,3,0,4,1,0,0,50,
42,5,12,2,13,0,4,1,0,0,50,
35,3,12,2,7,5,4,0,0,0,35,
36,0,10,0,3,4,2,0,0,0,40,
23,3,8,4,6,2,4,1,0,0,30,
20,3,10,4,0,3,4,1,0,0,14,
26,1,13,4,9,1,2,0,0,0,40,
56,0,13,4,13,1,2,1,0,2001,65,
40,3,12,0,7,1,4,0,0,0,40,
19,3,7,4,5,3,4,1,0,0,24,
33,3,9,4,6,1,2,0,0,0,40,
45,0,12,4,0,1,4,1,0,0,40,
41,3,9,2,9,0,4,1,7688,0,43,
29,3,9,2,7,0,4,1,0,0,40,
46,1,14,2,9,5,4,0,0,0,45,
48,3,12,2,13,0,4,1,0,0,45,
38,3,9,2,11,0,4,1,0,0,45,
29,3,10,4,0,3,2,0,0,0,40,
35,3,9,2,2,0,4,1,0,0,40,
59,1,13,2,10,0,2,1,0,0,30,
27,3,9,2,7,3,4,1,0,0,40,
43,3,10,2,5,0,4,1,0,0,40,
70,3,13,2,3,0,4,1,0,0,20,
30,3,9,4,6,3,4,1,0,0,45,
24,3,10,2,13,0,4,1,0,0,40,
76,1,9,2,10,0,4,1,0,0,15,
25,3,9,5,2,3,4,1,0,0,40,
39,3,12,4,7,3,4,0,0,0,56,
36,1,13,0,9,4,2,0,0,0,40,
23,3,8,4,6,3,4,0,0,0,40,
60,3,4,0,6,4,4,0,0,0,40,
20,8,10,4,14,3,2,1,0,0,30,
54,3,2,2,2,0,2,1,0,0,40,
20,3,10,4,11,1,4,0,0,0,40,
22,0,9,4,0,3,4,1,0,0,40,
24,3,13,4,9,3,4,0,0,0,20,
41,3,9,2,2,0,4,1,0,0,40,
35,3,10,2,2,0,4,1,0,0,40,
23,3,3,4,5,1,4,1,0,0,55,
54,6,16,2,3,0,4,1,0,1902,50,
17,3,7,4,5,3,4,1,0,0,16,
43,3,9,4,0,4,4,0,0,0,40,
33,3,8,0,2,1,4,1,0,2258,42,
30,3,15,4,9,3,1,0,0,0,40,
38,0,10,0,0,1,4,1,0,0,40,
54,5,9,2,7,0,2,1,0,0,45,
39,3,9,4,6,1,2,0,0,0,52,
32,3,10,5,12,1,0,1,0,1980,40,
61,1,4,2,0,0,4,1,2885,0,40,
24,8,11,2,14,5,2,0,0,0,35,
22,3,13,4,3,3,4,1,0,0,40,
34,3,9,2,7,0,4,1,0,0,40,
18,3,6,4,8,3,2,0,0,0,20,
20,3,9,4,2,3,4,1,0,0,25,
53,0,9,0,12,4,4,1,0,0,40,
32,3,10,4,0,1,4,0,0,0,40,
68,5,10,2,7,0,4,1,0,0,30,
28,3,10,5,7,4,4,0,0,0,15,
28,3,10,2,13,0,4,1,0,0,40,
54,3,10,2,9,0,2,1,0,0,56,
21,8,10,4,14,3,4,1,0,0,48,
52,3,13,5,3,4,4,0,0,0,40,
25,3,10,2,2,0,4,1,0,0,40,
30,3,14,2,9,0,1,1,0,0,50,
33,3,10,4,7,1,4,1,0,0,32,
49,3,13,4,12,4,1,0,0,0,40,
58,3,4,6,7,1,3,0,0,0,30,
45,3,11,2,9,0,4,1,0,0,24,
67,3,4,2,13,0,2,1,10566,0,40,
42,1,13,0,9,1,4,1,0,0,50,
69,4,9,2,7,0,4,1,0,0,40,
61,3,9,0,3,1,4,0,0,0,40,
34,3,10,2,2,0,4,1,0,0,40,
28,3,10,2,2,0,4,1,0,0,45,
19,3,9,4,6,3,4,0,0,0,34,
31,5,10,2,2,0,4,1,0,0,40,
32,0,10,4,3,1,4,1,0,0,40,
76,8,15,2,14,0,4,1,0,1258,20,
53,3,12,4,3,1,4,0,0,0,60,
46,3,9,4,0,4,4,0,0,0,37,
43,5,4,2,4,0,4,1,4508,0,40,
48,8,9,2,14,0,4,1,0,0,40,
39,3,10,2,4,0,4,1,0,2415,99,
59,3,4,0,13,1,4,1,0,0,40,
19,3,10,4,11,3,4,0,0,0,38,
40,3,10,2,6,0,4,1,0,0,40,
63,4,6,2,4,0,4,1,0,0,50,
44,8,10,0,14,4,4,0,0,0,10,
46,3,10,0,11,4,4,0,0,0,40,
22,3,6,4,6,4,4,1,0,0,40,
36,3,12,4,9,1,4,1,0,1669,45,
57,3,10,2,2,0,4,1,0,0,40,
58,3,9,4,7,2,4,1,0,0,25,
25,8,13,4,14,1,1,1,0,0,28,
59,3,10,2,13,0,4,1,3103,0,35,
36,3,9,2,2,0,4,1,0,0,45,
29,3,14,2,3,0,4,1,0,0,45,
49,4,13,0,9,4,4,1,6497,0,45,
42,3,12,2,11,0,4,1,0,0,55,
43,1,10,2,13,0,4,1,0,0,17,
46,3,9,2,3,0,4,1,0,0,40,
43,1,10,4,3,1,4,0,0,0,12,
40,3,12,0,13,4,4,0,0,0,40,
43,3,8,2,13,0,4,1,0,0,40,
48,3,9,6,0,1,4,0,0,0,32,
26,3,9,4,5,3,2,1,0,0,28,
30,3,11,2,0,5,4,0,0,0,35,
58,3,10,2,11,0,4,1,0,1887,40,
43,3,9,0,4,1,2,1,0,0,40,
53,1,9,2,7,0,2,1,0,0,40,
74,6,10,5,11,1,4,1,0,0,16,
64,8,10,6,14,4,4,0,0,0,8,
45,3,13,2,9,0,4,1,0,0,40,
32,6,3,4,6,3,4,0,0,0,10,
23,8,6,4,14,3,2,0,0,0,40,
38,3,10,2,11,5,4,0,0,0,40,
42,5,13,2,11,0,4,1,0,0,40,
24,1,10,4,10,4,3,1,1151,0,40,
63,3,9,2,11,0,4,1,0,0,35,
25,1,10,4,0,3,2,0,0,0,35,
37,3,10,2,2,0,2,1,0,0,40,
28,5,9,2,2,0,4,1,0,0,40,
31,3,10,2,7,0,4,1,0,0,40,
46,3,15,2,9,0,4,1,99999,0,50,
44,3,13,0,11,4,4,1,0,0,44,
42,1,14,4,9,1,4,0,0,0,40,
45,3,16,5,3,4,4,1,0,0,40,
52,3,13,0,11,1,4,1,0,0,60,
40,3,13,2,3,0,4,1,0,0,40,
26,3,9,4,11,3,4,1,0,0,40,
55,3,13,5,2,1,4,1,0,0,40,
17,3,6,4,7,3,4,0,0,0,14,
27,3,10,2,7,0,4,1,0,0,40,
71,4,10,2,3,0,4,1,20051,0,50,
35,3,13,2,9,0,4,1,0,0,50,
17,3,6,4,7,3,4,1,0,0,16,
26,3,9,2,13,0,4,1,0,0,52,
22,3,10,4,6,1,4,0,0,0,35,
51,3,13,2,3,0,4,1,0,0,60,
33,3,10,2,2,0,4,1,0,0,40,
41,1,12,2,3,0,2,1,0,0,50,
50,3,14,2,3,0,4,1,0,0,50,
26,3,9,2,0,5,4,0,0,0,40,
21,3,9,4,5,1,2,0,0,0,40,
53,3,9,2,6,0,4,1,0,0,40,
32,4,9,2,3,0,4,1,0,0,40,
19,3,10,4,11,3,4,0,0,0,20,
22,3,13,4,0,3,4,0,0,0,35,
58,3,9,2,3,0,4,1,15024,0,60,
47,0,13,3,3,1,4,1,0,0,60,
51,4,10,2,3,0,4,1,0,0,45,
42,6,13,2,3,0,4,1,0,0,48,
28,3,13,4,3,3,4,1,0,0,40,
29,3,9,2,0,5,1,0,0,0,35,
50,3,9,2,3,0,4,1,0,0,50,
22,3,10,4,7,1,4,0,0,0,30,
47,5,10,0,7,1,4,0,0,0,45,
60,3,10,6,11,4,4,0,0,0,27,
46,5,9,2,11,3,4,0,7298,0,40,
58,4,13,2,9,0,4,1,0,0,60,
62,3,10,6,0,1,4,0,0,0,40,
47,3,14,2,9,0,4,1,0,0,40,
59,3,9,6,6,1,4,0,0,0,40,
41,3,9,5,7,4,4,0,0,0,40,
31,3,9,2,0,5,4,0,0,0,37,
18,3,9,4,0,3,4,0,0,0,40,
64,5,9,2,2,0,4,1,0,0,50,
51,5,9,2,13,0,4,1,0,0,65,
47,5,13,4,11,1,4,1,0,0,35,
68,3,13,6,11,1,4,1,0,0,35,
32,3,9,2,7,5,3,0,0,0,40,
39,3,5,2,5,0,4,1,0,0,43,
37,3,12,0,3,1,4,0,0,0,48,
29,3,9,4,7,3,4,0,0,0,40,
44,3,9,2,4,0,3,1,0,0,40,
46,3,15,2,9,0,4,1,0,0,40,
40,5,5,2,2,0,4,1,0,0,40,
19,8,9,4,14,3,2,1,0,0,35,
65,8,9,2,14,0,4,1,2414,0,30,
52,1,13,2,0,5,4,0,0,0,40,
40,3,13,2,3,0,4,1,0,0,40,
61,3,5,0,7,1,4,1,0,0,40,
30,3,9,2,3,0,4,1,0,0,50,
61,5,7,2,7,0,4,1,0,0,40,
33,3,11,2,13,0,4,1,0,0,84,
32,1,13,2,9,0,4,1,0,0,65,
32,3,12,4,0,1,4,0,0,0,40,
32,5,13,0,9,2,4,1,0,0,35,
37,3,9,0,11,1,4,1,0,0,40,
53,3,7,2,2,0,4,1,0,0,45,
51,4,14,2,11,0,4,1,0,0,40,
29,3,11,4,11,1,2,1,0,0,45,
48,3,9,2,6,0,4,1,0,0,40,
69,3,9,4,13,1,4,1,15831,0,40,
28,3,14,4,12,1,4,0,0,0,40,
55,1,13,6,9,1,4,0,0,0,40,
45,3,11,2,2,0,4,1,15024,0,40,
18,3,10,4,7,3,4,0,0,0,20,
60,3,4,2,2,0,4,1,0,0,40,
38,3,9,0,6,4,4,1,0,0,40,
19,3,10,4,0,3,4,1,0,0,10,
18,3,7,4,2,3,4,1,0,0,25,
33,3,10,2,7,0,4,1,0,0,40,
33,3,10,0,12,4,4,0,0,0,40,
29,3,14,4,9,1,4,0,0,0,45,
37,3,10,2,11,0,4,1,0,0,45,
50,3,9,2,13,0,4,1,0,0,50,
19,8,10,4,14,3,4,1,0,0,10,
28,3,6,6,0,4,4,0,0,2238,35,
43,8,13,2,14,5,4,0,0,0,7,
23,3,10,4,7,3,4,0,0,0,35,
47,3,4,2,2,0,4,1,0,0,40,
21,3,10,4,12,3,4,1,0,0,35,
19,3,10,4,7,3,4,0,0,0,12,
47,1,13,2,9,5,4,0,0,0,50,
36,0,14,2,9,0,4,1,0,0,40,
62,4,13,2,4,0,4,1,0,2415,60,
65,3,9,2,12,0,4,1,0,0,40,
46,5,15,2,9,0,4,1,0,1902,45,
35,3,7,4,2,3,4,1,6849,0,40,
50,3,5,2,6,0,4,1,0,0,40,
20,3,10,4,11,3,4,0,0,0,6,
17,3,7,4,0,3,4,0,0,0,16,
33,3,10,2,2,0,4,1,0,1740,40,
57,8,10,0,14,1,4,0,0,0,40,
53,5,13,2,9,0,4,1,0,0,50,
47,4,13,2,11,0,4,1,0,0,40,
62,4,14,2,11,0,4,1,0,0,35,
35,3,9,0,7,1,2,1,0,0,40,
27,3,13,4,0,1,4,0,0,0,43,
23,3,9,4,12,3,4,1,0,0,50,
27,3,14,4,9,1,4,0,0,1504,45,
39,3,11,0,0,4,4,0,0,0,40,
25,3,13,2,0,5,2,0,0,0,38,
24,3,10,4,3,1,2,0,0,0,20,
23,3,9,2,7,0,4,1,0,0,40,
29,3,13,2,9,5,4,0,0,0,35,
30,3,13,2,9,5,4,0,0,0,38,
34,3,9,5,2,1,4,1,0,0,45,
32,3,6,5,2,4,4,0,0,0,40,
18,3,7,4,7,3,2,1,0,1602,23,
20,3,11,4,11,1,2,0,0,0,35,
38,6,13,2,9,0,4,1,0,0,45,
18,3,8,4,7,3,4,0,0,0,20,
41,3,5,2,2,0,4,1,0,0,40,
21,3,11,4,7,1,4,0,0,0,50,
36,6,9,2,10,0,4,1,0,0,48,
61,3,10,0,7,1,4,0,0,0,30,
30,3,10,2,6,0,4,1,0,0,48,
26,3,10,2,0,0,4,1,0,0,40,
27,3,13,2,12,5,4,0,0,0,40,
45,3,9,2,6,0,4,1,0,0,45,
47,3,9,0,0,1,4,0,0,0,38,
29,3,9,4,0,1,4,0,0,0,55,
51,4,9,2,3,0,4,1,0,0,70,
34,1,12,2,9,0,4,1,0,0,60,
42,5,9,2,11,0,4,1,3908,0,45,
26,3,3,4,4,2,2,1,0,0,40,
20,6,10,4,5,1,4,1,0,0,15,
43,3,12,4,9,1,4,1,0,0,50,
20,3,10,4,7,3,4,0,0,0,20,
27,3,9,2,3,0,4,1,0,0,50,
46,0,10,2,2,0,4,1,0,0,40,
39,3,9,4,13,3,4,1,0,0,40,
33,3,10,4,0,1,4,1,0,0,49,
42,3,11,2,0,0,4,1,0,0,32,
23,3,9,4,0,3,4,1,0,0,25,
29,3,13,2,3,5,4,0,0,0,42,
27,3,9,4,13,3,4,1,0,0,60,
43,5,9,0,2,3,4,1,0,0,35,
23,3,10,4,5,1,4,1,0,0,40,
40,1,14,0,9,4,4,0,0,0,44,
35,1,10,2,10,0,4,1,0,0,61,
30,3,9,4,11,2,4,1,0,0,40,
59,3,7,2,13,0,0,1,0,0,40,
65,5,10,2,3,0,4,1,2290,0,40,
28,3,14,2,9,0,4,1,0,0,60,
79,3,13,2,11,0,4,1,0,0,40,
43,1,14,2,9,5,2,0,0,0,35,
54,3,4,2,6,0,4,1,0,0,40,
27,3,9,2,5,0,4,1,0,0,62,
30,3,13,2,9,0,4,1,15024,0,35,
22,8,13,4,14,3,1,0,0,0,15,
34,3,9,3,7,4,4,0,0,0,65,
18,3,7,4,9,2,4,1,0,0,3,
40,5,11,2,9,5,4,0,0,1977,15,
28,3,5,2,11,0,4,1,4508,0,40,
18,3,9,4,0,3,4,0,0,0,40,
46,3,10,2,2,0,4,1,0,0,40,
23,3,9,4,0,3,4,0,0,0,35,
77,8,10,2,14,0,4,1,0,0,6,
41,0,14,2,3,0,4,1,0,1848,40,
48,3,10,0,3,1,4,1,0,0,50,
29,3,13,4,9,1,4,1,0,0,50,
41,3,7,0,5,4,4,0,0,0,40,
41,3,5,5,7,1,4,1,0,0,40,
34,3,12,2,9,0,4,1,0,0,55,
49,5,12,0,11,1,4,1,0,0,50,
49,3,9,5,11,4,4,1,0,0,50,
30,3,9,4,5,1,4,1,0,0,40,
28,3,13,4,11,1,4,1,0,0,40,
62,6,13,2,3,0,4,1,0,0,40,
41,3,10,2,9,0,4,1,0,0,52,
20,3,10,4,2,1,4,1,0,0,40,
61,3,1,3,7,1,1,1,0,0,40,
30,3,13,4,12,1,4,1,0,0,60,
29,0,15,4,9,1,4,0,0,0,55,
50,3,14,0,11,1,4,0,0,1590,45,
44,0,9,2,2,0,4,1,0,0,40,
25,3,13,2,9,0,4,1,0,0,45,
62,3,11,0,11,1,4,0,0,0,40,
57,3,10,6,6,4,4,0,0,0,40,
35,3,13,4,3,1,4,1,0,0,45,
26,3,13,4,11,1,4,0,0,0,40,
60,3,4,2,6,5,4,0,0,0,40,
22,3,10,2,2,0,4,1,0,0,40,
62,1,14,5,9,1,4,0,0,0,50,
26,3,9,4,2,1,4,1,0,0,40,
26,3,10,4,0,3,4,1,0,0,20,
44,3,13,2,11,0,4,1,7688,0,40,
32,3,13,4,3,1,4,1,0,0,40,
66,5,13,2,11,0,4,1,0,0,50,
24,3,1,4,6,3,4,0,0,0,30,
19,3,10,4,7,3,4,1,0,0,25,
54,4,13,2,3,0,4,1,0,0,50,
37,3,9,4,6,1,4,1,0,0,40,
38,3,13,2,3,0,4,1,0,0,50,
37,5,13,2,13,0,4,1,0,0,50,
22,8,10,4,14,3,4,1,0,0,35,
34,3,10,2,11,0,4,1,0,0,25,
35,5,9,0,2,3,0,1,0,0,15,
42,0,14,2,9,0,4,1,0,0,40,
47,0,13,2,3,5,4,0,0,0,40,
29,4,13,0,9,1,4,0,0,0,80,
34,3,9,4,12,1,4,1,0,0,40,
38,4,13,2,9,0,4,1,0,0,70,
62,4,9,0,3,1,2,1,0,0,40,
35,3,9,2,2,0,4,1,0,0,40,
37,3,9,2,0,5,4,0,0,0,40,
47,3,9,2,4,0,4,1,0,0,40,
37,3,10,2,2,0,4,1,0,0,40,
22,3,11,4,8,1,4,0,0,0,30,
60,4,7,2,13,0,4,1,0,0,40,
31,3,10,2,2,0,4,1,0,0,40,
74,8,6,2,14,0,0,1,1797,0,30,
63,3,9,2,2,0,4,1,0,0,40,
30,3,7,2,6,0,4,1,0,0,40,
44,8,9,2,14,0,2,1,0,0,30,
40,4,15,2,9,0,4,1,15024,0,40,
35,5,10,2,7,0,4,1,0,0,60,
50,1,10,2,2,0,4,1,0,0,40,
18,3,10,4,11,3,4,0,0,0,10,
33,3,11,2,10,0,4,1,0,0,40,
59,5,4,2,4,0,4,1,0,0,70,
17,3,7,4,7,3,4,1,0,0,20,
47,3,9,2,13,0,0,1,0,0,40,
51,8,10,0,14,1,2,1,0,0,50,
26,3,13,4,9,1,4,1,0,0,40,
32,1,10,2,10,5,4,0,0,0,40,
55,3,9,2,2,0,4,1,0,0,40,
36,6,10,4,12,4,2,0,0,0,40,
54,3,9,2,0,0,4,1,0,0,40,
19,8,9,4,14,3,4,0,0,1602,30,
32,3,14,4,3,1,4,0,0,0,45,
52,1,16,2,3,0,4,1,0,0,40,
39,3,9,3,11,4,2,0,0,0,28,
39,0,9,4,3,4,4,0,0,0,45,
59,5,9,2,3,0,4,1,0,0,50,
55,0,13,0,9,4,4,1,0,0,40,
54,5,9,2,13,0,4,1,0,0,60,
31,3,9,2,7,0,4,1,0,0,40,
19,8,7,4,14,3,2,1,0,0,25,
30,3,9,2,0,3,0,0,0,0,40,
47,0,13,3,3,1,4,0,0,0,40,
31,3,12,0,3,1,4,1,0,0,40,
32,5,13,0,2,4,1,1,0,0,47,
33,3,11,4,6,4,2,0,0,0,40,
31,3,9,0,2,4,4,1,0,0,40,
32,3,9,2,6,0,4,1,0,0,40,
46,3,9,3,7,1,4,1,0,0,35,
29,3,9,3,7,1,4,0,0,0,20,
41,6,9,2,13,0,2,1,0,0,40,
39,3,9,2,3,0,4,1,0,0,60,
34,3,9,2,0,5,4,0,0,0,20,
23,3,13,4,0,3,2,1,0,0,24,
53,4,14,2,11,0,4,1,0,0,65,
45,5,9,3,2,1,1,1,0,0,40,
34,8,13,2,14,5,4,0,0,0,10,
47,3,9,0,11,1,4,0,0,0,40,
24,8,4,2,14,3,4,1,0,0,60,
42,3,14,0,12,4,2,0,4687,0,35,
53,3,10,2,6,0,4,1,3137,0,40,
38,4,9,0,11,4,4,1,0,0,55,
26,3,9,4,13,1,4,1,0,0,70,
18,3,7,4,5,3,4,1,0,0,20,
43,3,6,5,7,1,2,0,0,0,40,
26,3,13,4,0,3,2,0,0,0,32,
47,3,13,0,0,1,4,0,0,0,40,
26,3,11,2,2,0,4,1,0,0,65,
21,8,10,2,14,5,2,0,2105,0,20,
32,6,10,0,10,4,4,0,0,1726,38,
48,4,16,2,9,0,4,1,7688,0,55,
39,3,14,0,3,4,2,0,15020,0,60,
58,4,13,2,9,0,4,1,0,0,40,
55,5,4,4,7,2,4,0,0,0,60,
40,3,9,4,4,1,4,1,0,0,55,
33,3,9,0,2,4,4,1,0,0,40,
74,5,16,3,9,1,4,1,0,0,25,
49,5,9,6,4,1,4,1,0,0,55,
56,5,7,6,7,4,4,0,0,0,65,
29,3,13,4,9,1,4,0,14344,0,40,
25,3,12,4,6,3,2,1,0,0,48,
57,3,8,2,0,0,2,1,0,0,40,
29,3,9,2,9,0,4,1,0,0,40,
28,3,9,4,2,4,4,1,2354,0,40,
59,3,9,2,2,0,4,1,0,0,40,
30,3,13,4,3,1,4,1,27828,0,60,
28,8,9,4,14,4,2,0,0,0,40,
19,3,10,4,7,3,4,0,0,0,20,
40,3,10,4,11,4,2,0,0,0,45,
28,3,10,4,0,4,2,0,0,0,40,
48,8,13,2,14,0,4,1,0,0,55,
20,3,10,4,12,1,4,0,0,0,10,
58,3,13,2,9,5,4,0,99999,0,35,
75,8,9,6,14,1,4,0,0,0,8,
24,0,13,4,9,1,4,0,0,0,30,
31,3,9,2,6,0,4,1,0,0,45,
28,5,9,0,2,1,4,1,0,0,35,
41,3,9,2,2,0,4,1,0,0,45,
23,0,10,4,11,1,4,0,0,0,35,
46,3,9,2,6,0,4,1,0,0,43,
33,3,8,4,2,3,2,1,0,0,40,
34,3,10,2,7,0,4,1,0,0,50,
47,1,13,0,9,1,4,1,0,0,50,
81,3,9,2,3,0,4,1,0,2377,26,
45,3,9,6,6,4,3,1,0,0,40,
35,3,9,4,6,1,1,1,0,0,40,
59,5,13,6,9,1,4,0,0,0,50,
46,1,13,2,3,0,4,1,0,0,48,
39,3,9,2,2,0,4,1,0,0,35,
23,3,10,4,6,3,2,1,0,0,40,
25,3,12,4,0,4,4,0,0,0,40,
37,3,2,4,7,1,4,1,0,0,40,
49,4,10,2,3,0,4,1,15024,0,50,
25,3,9,2,11,0,4,1,0,0,48,
32,3,13,2,11,0,4,1,0,0,60,
34,1,10,4,2,1,4,1,0,0,40,
40,3,13,2,3,0,4,1,0,0,40,
33,3,9,0,0,4,4,0,0,0,40,
78,8,4,2,14,0,4,1,0,0,20,
31,3,13,2,12,0,4,1,0,0,43,
61,3,10,0,7,1,4,1,0,0,25,
22,3,9,2,2,0,4,1,0,0,40,
29,3,11,2,2,0,1,1,0,0,40,
37,3,9,5,2,2,2,1,0,0,40,
35,3,7,0,6,4,4,0,0,0,40,
52,4,14,2,3,0,4,1,15024,0,60,
37,8,9,0,14,1,4,0,0,0,30,
18,3,7,4,13,3,4,1,0,0,20,
37,3,6,2,2,0,4,1,0,0,48,
46,3,15,2,9,0,2,1,0,0,40,
25,8,7,4,14,3,4,1,0,0,40,
47,0,13,2,3,0,4,1,0,0,40,
55,3,13,2,9,0,4,1,0,0,60,
32,3,10,2,0,5,3,0,0,1740,40,
25,4,10,0,0,3,4,0,0,0,50,
50,6,9,6,12,4,2,0,0,0,40,
18,3,8,4,5,3,2,1,0,0,20,
25,3,5,4,2,1,4,1,0,0,40,
23,3,13,4,9,1,4,0,0,0,40,
51,8,9,2,14,0,4,1,0,0,40,
47,5,9,2,4,0,4,1,2829,0,65,
37,3,9,4,2,4,4,1,0,0,40,
37,3,10,0,0,4,4,0,25236,0,25,
27,3,3,4,2,3,4,1,0,0,40,
19,3,7,4,11,3,4,0,0,0,25,
52,1,8,2,2,0,4,1,0,0,40,
25,5,11,2,7,5,4,0,0,0,45,
17,8,8,4,14,3,3,0,0,0,40,
21,3,9,4,0,3,4,0,0,0,40,
41,5,11,2,4,0,4,1,0,0,60,
55,3,9,2,2,0,4,1,7688,0,40,
20,8,6,5,14,4,4,0,0,0,40,
24,3,10,2,12,0,4,1,0,0,40,
41,0,13,2,9,0,4,1,0,0,38,
23,3,10,4,11,3,4,0,0,0,35,
33,3,9,2,3,5,4,0,0,0,40,
29,3,13,4,3,1,4,0,0,0,45,
50,6,10,3,0,4,0,0,0,0,40,
37,4,7,3,11,1,4,1,0,0,60,
48,3,11,2,2,0,4,1,7688,0,40,
19,0,10,4,0,3,4,0,0,0,10,
40,3,10,0,2,1,4,1,0,0,40,
30,3,9,4,13,4,4,0,0,1669,70,
65,3,7,2,7,0,4,1,0,0,20,
44,0,13,2,3,0,2,1,0,0,48,
32,3,13,0,11,1,4,1,0,0,45,
41,3,10,2,11,0,4,1,0,0,65,
28,3,4,2,9,0,4,1,0,0,55,
44,0,11,2,10,0,4,1,7298,0,48,
39,1,12,0,7,4,4,0,0,0,55,
59,3,9,6,0,4,4,0,0,0,40,
31,3,14,2,3,0,4,1,0,0,60,
34,3,9,0,6,1,4,1,0,0,40,
20,3,9,4,5,3,4,1,0,0,40,
33,3,13,2,9,0,4,1,0,0,40,
52,3,16,2,9,0,4,1,0,0,65,
31,3,12,0,12,1,4,0,0,0,44,
39,3,9,2,6,0,4,1,0,0,43,
35,3,9,2,3,0,4,1,0,0,45,
37,5,9,2,2,0,4,1,0,2129,40,
44,5,15,2,9,0,4,1,0,0,32,
28,3,12,4,11,1,4,1,0,0,65,
17,3,7,4,11,3,4,0,0,0,15,
23,3,13,4,11,3,4,0,0,0,60,
35,3,9,2,13,0,4,1,15024,0,80,
19,3,10,4,11,3,4,1,0,0,20,
30,3,9,2,5,0,4,1,0,0,40,
27,3,13,4,0,1,4,0,0,0,40,
29,8,9,4,14,3,4,1,0,0,50,
27,3,11,4,3,1,4,1,10520,0,65,
37,3,9,2,3,0,4,1,4386,0,45,
44,3,11,2,9,0,4,1,0,0,50,
34,3,13,2,3,0,4,1,3103,0,55,
43,3,9,5,6,1,4,0,0,0,40,
41,3,9,0,13,1,4,1,0,0,40,
34,5,9,4,2,1,4,1,0,0,50,
23,3,10,4,0,1,4,1,0,0,45,
51,3,9,2,0,5,4,0,0,0,20,
24,3,12,4,3,3,4,1,0,0,40,
38,5,9,2,11,5,4,0,0,0,24,
24,3,9,2,13,0,2,1,0,0,40,
53,4,16,2,9,0,4,1,0,0,40,
33,3,10,2,3,0,4,1,0,0,56,
24,3,9,4,2,3,4,1,0,0,40,
45,3,14,2,3,0,2,1,0,0,40,
31,3,7,0,4,1,4,1,0,0,50,
38,1,10,6,13,1,2,0,0,0,47,
28,3,13,2,3,5,4,0,0,0,50,
38,3,11,2,2,0,4,1,0,0,50,
25,3,13,4,3,1,4,1,0,0,50,
29,3,10,4,7,1,4,1,0,0,40,
29,3,9,4,9,1,4,0,0,0,50,
48,3,9,2,13,0,4,1,0,0,50,
24,3,11,4,0,3,1,0,0,0,40,
31,3,9,4,7,1,4,0,0,0,30,
36,3,10,0,3,1,4,1,0,0,45,
62,3,13,2,9,0,4,1,0,0,50,
25,3,13,4,11,3,4,0,0,0,40,
55,3,9,0,0,4,4,0,0,0,40,
21,3,10,4,11,2,4,0,0,0,40,
60,3,5,2,4,0,4,1,0,0,45,
41,3,12,0,2,3,4,1,0,0,40,
43,6,9,2,2,0,4,1,0,0,40,
30,3,9,2,6,0,4,1,0,0,40,
47,3,10,2,9,0,4,1,0,0,40,
50,3,9,2,6,0,4,1,0,0,40,
41,4,9,2,11,0,4,1,0,1887,55,
23,3,9,4,2,1,4,1,0,0,40,
38,8,4,0,14,1,4,0,0,0,40,
30,3,12,4,11,1,4,1,0,0,40,
35,3,9,0,12,4,4,0,0,0,40,
25,3,10,0,9,4,4,0,0,0,35,
61,3,15,2,3,0,4,1,0,0,20,
71,8,9,2,14,0,4,1,0,0,70,
35,6,9,0,9,4,4,0,0,0,40,
35,0,9,0,9,4,4,0,0,0,40,
38,3,9,2,10,0,4,1,0,0,40,
27,5,11,4,2,3,4,1,0,0,40,
51,3,2,6,7,4,4,0,0,0,35,
55,5,12,0,11,1,4,0,0,0,40,
45,3,13,2,11,0,4,1,0,2002,55,
33,3,11,2,0,5,2,0,0,0,40,
25,6,10,4,12,1,2,1,0,0,40,
52,3,16,2,3,0,4,1,0,0,38,
46,3,10,0,6,3,4,0,0,0,17,
34,3,10,2,11,5,4,0,4386,0,20,
52,6,13,2,9,0,4,1,0,0,40,
47,3,10,0,7,4,4,0,0,0,40,
46,3,13,0,9,1,2,0,0,0,40,
36,4,10,2,11,0,4,1,0,0,60,
69,8,4,2,14,0,4,1,0,0,48,
34,3,10,2,3,5,4,0,7298,0,40,
36,3,9,4,2,1,4,1,0,0,65,
31,3,9,4,0,1,4,1,2174,0,40,
31,5,9,2,7,5,4,0,0,2415,40,
38,1,13,2,2,0,4,1,0,1740,40,
57,1,10,0,3,4,4,0,0,0,35,
24,3,12,4,11,3,4,1,0,0,20,
37,3,9,0,4,4,4,1,0,0,45,
69,5,10,2,2,0,4,1,9386,0,72,
39,3,14,2,9,0,4,1,0,0,40,
38,3,11,0,2,4,4,1,0,0,40,
34,6,9,4,5,1,2,1,0,0,40,
21,3,9,4,11,3,4,0,0,0,40,
21,3,10,4,7,1,4,0,0,0,20,
61,3,9,2,13,0,4,1,0,0,40,
35,3,9,2,0,0,4,1,0,0,45,
29,3,10,4,11,1,2,1,0,0,55,
18,8,6,4,14,3,4,0,0,0,30,
41,1,9,0,3,3,4,1,0,0,45,
42,3,8,2,2,0,2,1,0,0,60,
52,3,14,0,9,1,4,0,0,0,40,
38,3,8,4,7,4,4,0,0,0,17,
51,5,9,2,4,0,4,1,0,0,50,
55,3,9,2,7,2,1,1,0,0,40,
20,3,10,4,6,3,4,0,0,0,40,
23,3,10,4,3,1,4,1,0,0,40,
24,3,12,2,2,0,4,1,0,0,40,
48,3,13,0,3,2,4,1,0,0,40,
22,3,9,4,7,1,4,0,0,0,40,
22,6,10,4,7,3,4,0,0,0,15,
28,3,10,4,0,4,2,0,0,0,40,
28,3,14,2,11,0,4,1,0,0,45,
34,3,13,2,3,0,4,1,5178,0,55,
25,3,9,4,0,1,2,1,0,0,40,
48,3,9,0,2,1,4,1,0,0,50,
32,1,9,2,10,0,4,1,0,0,43,
31,3,5,4,2,3,0,1,0,0,35,
65,8,9,6,14,2,4,0,0,0,25,
56,1,10,0,0,1,4,0,0,0,35,
22,5,11,4,4,1,0,1,0,0,75,
27,3,13,4,12,2,4,1,0,0,50,
27,0,9,4,0,1,2,0,0,0,40,
30,1,14,2,9,0,4,1,0,0,45,
33,3,10,4,11,1,4,0,0,0,40,
50,3,13,2,9,0,4,1,0,0,43,
19,3,10,4,11,3,4,0,0,0,22,
42,3,9,2,11,0,4,1,4064,0,40,
37,0,9,2,0,0,2,1,0,0,40,
26,3,9,4,0,3,4,1,0,0,40,
32,8,8,4,14,3,2,0,0,0,40,
43,3,10,5,9,4,4,0,0,0,40,
47,3,9,0,0,4,4,0,0,0,40,
26,3,13,2,0,5,4,0,0,0,40,
24,3,10,4,0,1,4,0,0,0,40,
34,3,7,0,7,1,4,0,0,0,70,
33,5,9,2,13,0,4,1,0,0,45,
35,3,14,4,9,1,1,0,0,0,40,
57,3,9,2,2,0,4,1,0,0,50,
45,3,9,2,0,0,4,1,0,0,7,
42,3,10,5,6,4,2,0,0,0,40,
25,3,13,4,3,3,4,1,0,0,35,
56,3,9,2,3,0,4,1,0,0,40,
25,3,9,4,2,3,4,1,0,0,40,
23,3,13,4,6,3,4,1,0,0,50,
35,1,10,2,10,0,4,1,0,0,50,
28,3,5,4,7,2,4,1,0,0,52,
41,3,12,2,2,0,4,1,0,0,60,
26,3,9,4,2,1,4,1,0,0,40,
37,3,9,0,7,1,2,0,0,0,30,
22,3,9,4,7,4,3,1,0,0,20,
30,3,13,0,7,1,4,1,0,0,40,
42,3,13,5,12,1,4,1,0,0,40,
38,3,11,0,7,1,4,0,0,0,30,
49,3,1,2,7,0,4,1,0,0,40,
27,3,13,2,11,0,4,1,0,0,60,
43,0,9,2,0,5,4,0,0,0,40,
68,8,10,2,14,5,4,0,0,2457,40,
41,3,9,2,2,0,4,1,0,1485,40,
25,3,9,4,0,1,4,1,0,0,40,
23,3,13,4,7,3,4,1,0,0,40,
68,3,13,2,9,0,4,1,0,0,40,
17,3,6,4,7,3,4,1,0,0,25,
45,5,13,4,3,1,4,0,0,0,40,
45,3,11,0,3,1,4,1,0,0,40,
30,3,10,2,11,0,4,1,0,0,40,
49,6,10,0,9,1,4,0,0,0,20,
42,3,10,2,2,0,4,1,3103,0,45,
29,3,9,4,7,2,4,0,0,0,40,
21,1,10,4,7,1,4,0,0,2001,40,
20,3,10,4,7,3,4,0,0,0,19,
59,3,7,0,7,1,2,0,0,0,35,
26,3,6,2,2,0,4,1,0,0,55,
25,3,14,4,7,1,4,0,0,0,37,
33,3,9,2,13,0,4,1,0,0,55,
35,3,9,0,7,4,4,0,0,0,40,
45,0,9,2,2,0,4,1,0,0,40,
66,3,10,2,11,0,4,1,0,0,28,
67,8,3,6,14,4,2,0,0,0,40,
33,3,12,4,11,1,3,1,0,0,36,
38,3,9,2,13,0,3,1,0,0,40,
72,3,9,2,11,0,4,1,0,0,12,
21,3,10,4,0,3,4,0,0,0,12,
39,3,10,2,4,0,4,1,0,0,60,
41,3,9,2,2,0,4,1,0,1887,40,
22,3,10,4,9,1,4,1,0,0,12,
49,4,10,2,3,0,4,1,15024,0,50,
24,3,13,4,0,1,4,1,0,0,32,
25,3,7,2,6,0,4,1,0,0,40,
26,3,10,2,0,0,4,1,0,0,40,
50,3,9,0,2,1,4,1,0,0,40,
23,3,9,4,7,1,4,0,0,0,40,
41,3,6,0,11,1,4,1,0,0,48,
60,3,9,0,10,1,4,1,0,0,40,
67,8,9,0,14,1,4,0,0,0,7,
77,1,13,2,0,0,4,1,3818,0,14,
62,3,10,0,7,1,4,0,0,0,60,
22,3,10,4,2,3,4,1,0,0,35,
37,3,10,0,0,1,4,0,0,0,40,
17,3,7,4,5,3,4,1,0,0,10,
52,0,14,4,0,1,4,0,0,0,40,
31,3,9,4,2,1,4,1,0,0,35,
23,0,13,4,9,1,4,1,0,0,40,
27,4,9,4,2,2,4,1,0,0,50,
38,4,10,2,3,5,4,0,0,0,45,
23,3,6,4,7,1,4,0,0,0,40,
22,6,10,4,0,4,2,0,0,0,40,
61,5,9,2,4,0,4,1,0,0,40,
55,3,3,2,6,0,4,1,0,0,40,
23,3,10,4,7,3,4,0,4650,0,40,
39,3,3,3,7,4,1,0,0,0,40,
38,1,16,2,3,0,4,1,0,1887,50,
25,3,10,4,0,3,4,0,0,0,40,
25,3,13,4,11,4,1,1,0,0,44,
66,3,10,2,11,0,4,1,0,0,24,
30,3,10,2,0,5,4,0,0,0,40,
32,3,9,4,4,3,4,1,0,0,40,
43,3,10,2,11,0,4,1,0,0,40,
18,3,4,4,11,3,4,1,0,0,30,
20,3,7,4,2,1,4,1,0,0,60,
20,3,9,4,13,2,2,1,0,0,45,
34,3,14,0,3,4,2,0,0,0,40,
33,3,12,3,6,4,4,1,0,0,40,
40,3,9,2,11,0,4,1,0,0,60,
33,3,9,2,11,0,4,1,0,0,60,
30,3,9,4,6,1,4,1,0,1741,42,
41,1,1,4,5,3,4,0,0,0,30,
20,3,10,4,0,3,4,0,0,0,12,
40,5,13,2,11,0,4,1,0,0,50,
44,5,13,0,3,1,4,1,0,0,40,
50,3,3,2,6,5,1,0,0,0,35,
38,8,15,0,14,1,4,0,0,0,30,
30,1,9,2,5,2,4,1,0,0,25,
45,3,10,0,11,1,4,1,4650,0,40,
25,3,13,4,9,3,4,0,0,0,40,
22,8,10,4,14,3,4,1,0,0,40,
25,3,10,2,6,0,4,1,0,0,40,
63,8,13,2,14,0,4,1,0,0,40,
55,6,9,2,4,0,4,1,0,0,40,
26,3,10,4,7,1,4,0,0,0,30,
22,3,10,4,6,1,4,1,0,0,40,
41,5,9,0,2,1,4,1,0,0,40,
21,3,11,4,10,1,4,1,0,0,40,
39,3,9,2,6,0,4,1,0,0,40,
82,8,11,6,14,1,4,0,0,0,8,
18,3,7,4,11,3,4,1,0,0,15,
60,3,7,0,10,1,4,1,0,0,40,
22,3,10,4,5,3,4,1,0,0,20,
39,1,10,4,10,1,2,0,0,0,40,
34,3,9,2,0,0,4,1,0,0,40,
50,1,14,0,9,1,2,0,2202,0,30,
53,3,10,0,0,1,4,0,0,0,40,
27,3,9,4,11,3,2,1,0,0,60,
37,3,10,2,5,0,2,1,0,0,50,
25,3,9,2,7,0,4,1,0,0,50,
33,3,10,2,13,0,4,1,0,0,60,
34,6,13,2,9,0,4,1,0,0,55,
35,3,11,4,7,1,4,0,0,0,65,
51,3,10,2,3,0,4,1,0,0,45,
33,3,6,2,4,0,4,1,0,0,40,
57,5,9,2,4,0,4,1,0,0,60,
25,8,10,4,14,3,4,1,0,0,40,
56,3,4,2,5,0,4,1,0,0,40,
34,3,13,0,3,1,4,1,0,0,85,
36,3,13,4,9,1,4,1,0,0,40,
46,3,9,2,2,0,4,1,0,0,40,
55,3,9,2,4,0,4,1,0,0,45,
88,5,15,2,3,0,4,1,0,0,40,
60,5,10,2,3,0,4,1,0,0,35,
40,5,14,5,3,4,4,0,0,0,20,
21,3,10,4,11,3,4,0,0,0,55,
46,3,9,2,6,5,2,0,0,0,36,
56,3,16,2,9,0,4,1,0,0,50,
36,5,9,0,13,1,4,1,0,0,60,
67,5,10,2,11,0,4,1,0,0,40,
35,3,10,2,2,0,4,1,0,0,60,
20,3,10,4,4,1,4,0,0,0,40,
34,3,9,2,2,0,4,1,0,1573,40,
23,3,9,4,2,3,1,1,0,0,40,
19,8,9,4,14,3,4,1,0,0,30,
19,3,10,4,4,1,4,0,0,0,15,
25,3,10,4,5,3,4,1,0,0,40,
53,3,9,2,2,0,4,1,0,0,40,
18,8,10,4,14,3,2,0,0,1602,40,
31,5,9,2,4,0,4,1,0,0,91,
33,3,4,2,5,0,4,1,0,0,40,
33,0,10,0,7,1,2,1,0,0,40,
45,4,15,0,9,4,4,1,25236,0,36,
35,3,10,0,7,4,2,0,0,0,40,
20,8,9,4,14,1,4,1,0,0,40,
36,3,7,2,13,0,4,1,0,0,40,
36,3,9,2,6,0,4,1,0,0,85,
51,5,9,2,3,0,4,1,0,0,30,
45,8,14,2,14,0,4,1,0,0,40,
45,6,15,0,9,4,2,1,25236,0,36,
24,3,3,4,6,2,4,1,0,0,40,
28,3,11,4,12,3,4,0,2174,0,36,
63,3,7,2,11,0,4,1,0,0,22,
35,3,9,2,2,0,2,1,0,0,60,
25,5,13,2,3,5,4,0,0,0,40,
36,3,11,2,3,5,4,0,7298,0,55,
44,3,9,4,7,1,4,1,0,0,30,
49,5,9,0,4,1,4,0,0,0,28,
52,3,2,2,4,0,4,1,0,0,40,
27,3,13,4,5,1,2,1,0,0,40,
35,3,10,4,0,4,2,1,0,0,40,
51,3,13,2,9,0,4,1,0,0,50,
35,1,13,2,11,0,1,1,7298,0,40,
28,3,10,0,3,1,4,0,0,0,40,
37,3,10,0,2,1,4,1,0,0,50,
65,3,13,0,0,1,4,0,0,0,40,
24,3,13,4,7,3,4,0,0,0,40,
30,0,12,4,9,1,4,0,0,0,40,
38,3,9,2,2,0,4,1,0,0,65,
58,5,9,2,11,0,4,1,0,0,55,
57,3,14,2,3,0,2,1,0,1977,40,
40,3,13,2,3,5,4,0,0,0,45,
42,3,10,0,0,1,2,0,0,0,40,
31,5,9,2,3,0,4,1,0,0,40,
17,3,8,4,5,3,4,1,0,0,20,
42,3,10,0,6,1,4,0,0,0,40,
25,3,14,4,9,1,4,0,0,0,40,
40,3,10,2,9,0,4,1,7298,0,40,
65,8,15,4,14,1,4,1,25124,0,80,
29,3,14,4,3,1,4,0,0,0,45,
31,3,13,2,9,0,4,1,0,0,40,
71,1,14,6,3,1,4,1,2050,0,20,
34,3,13,4,0,3,4,0,0,0,40,
25,3,9,2,0,2,4,1,0,0,40,
40,3,9,2,7,0,4,1,0,0,30,
67,3,10,6,0,1,4,0,0,0,25,
40,3,9,2,2,0,4,1,0,0,40,
18,3,9,4,11,3,2,0,0,0,18,
38,3,13,2,9,0,4,1,7298,0,50,
38,3,7,2,2,0,4,1,0,0,40,
42,3,9,2,7,0,2,1,0,0,40,
36,6,9,5,7,3,4,0,0,0,32,
23,5,2,2,11,2,4,1,0,0,40,
56,3,9,2,13,0,2,1,0,0,40,
36,3,10,2,3,0,4,1,0,0,52,
22,3,10,4,2,4,4,1,0,0,40,
39,3,8,0,0,4,4,0,0,0,40,
36,6,15,0,9,3,1,0,0,0,40,
44,3,10,2,2,0,4,1,0,0,56,
38,3,7,0,6,4,2,0,0,0,52,
19,8,10,4,14,3,4,1,0,0,40,
37,3,6,2,13,0,4,1,0,0,55,
57,1,9,0,0,1,4,0,0,0,16,
54,3,8,2,2,0,4,1,0,0,40,
18,5,10,4,4,3,4,1,0,0,30,
22,8,10,4,14,3,4,1,0,0,72,
63,5,4,2,2,0,4,1,0,0,40,
38,4,9,2,7,5,4,0,0,0,20,
26,3,7,2,7,2,4,1,0,0,25,
40,3,7,0,7,2,4,0,0,0,20,
20,3,9,4,6,1,4,1,0,0,40,
39,3,6,2,6,0,4,1,2635,0,40,
28,3,9,4,5,1,4,1,0,0,42,
30,3,10,2,9,5,1,0,0,0,5,
42,3,9,0,6,4,4,0,0,0,40,
42,3,9,0,13,1,4,1,0,0,50,
21,3,9,4,6,1,4,0,0,0,40,
40,3,10,0,2,4,4,1,0,0,40,
36,3,7,4,6,4,4,0,0,0,40,
67,3,10,0,0,1,4,1,7978,0,35,
65,3,10,0,0,1,4,0,0,0,40,
50,1,13,0,9,4,4,0,0,0,50,
18,3,6,4,4,3,4,1,0,0,27,
31,3,9,4,7,1,2,0,0,0,38,
36,4,10,2,3,0,4,1,0,0,50,
20,3,9,4,0,3,4,0,0,0,40,
34,3,9,2,13,0,4,1,0,0,40,
24,3,9,2,7,0,4,1,0,0,39,
38,0,9,0,9,4,4,0,0,0,40,
17,3,6,4,0,3,4,0,0,0,20,
52,7,9,2,0,5,4,0,0,0,30,
34,3,14,4,9,1,4,0,0,0,40,
30,8,9,2,14,0,2,1,0,0,40,
49,3,15,2,9,0,4,1,0,0,48,
45,3,5,4,7,1,4,0,0,0,15,
46,3,13,2,0,0,1,1,0,2415,35,
34,4,13,2,11,0,4,1,0,0,50,
21,5,8,2,0,5,4,0,4508,0,30,
17,3,7,4,7,3,4,0,0,0,30,
23,3,10,4,7,3,2,1,0,0,40,
32,3,10,2,5,0,4,1,0,0,40,
22,3,10,4,2,1,4,1,0,0,40,
48,6,9,2,0,0,4,1,0,0,35,
27,6,13,4,9,4,4,1,0,0,50,
43,3,14,4,0,1,4,1,0,0,40,
44,3,9,2,7,5,1,0,0,0,50,
55,3,10,2,3,0,4,1,0,0,60,
31,3,9,4,6,1,2,1,0,0,40,
34,3,9,4,2,1,4,1,0,0,48,
34,3,9,0,4,1,4,1,0,0,40,
37,3,13,0,7,1,4,1,0,0,40,
21,3,10,4,9,3,4,1,0,0,10,
35,3,11,2,0,0,2,1,0,0,40,
28,3,10,0,7,1,4,0,0,0,30,
62,3,9,0,6,1,4,0,2174,0,40,
40,0,10,2,4,0,4,1,0,0,40,
34,3,13,4,6,1,4,0,0,0,39,
32,3,14,4,9,1,4,0,0,1590,40,
70,3,10,6,11,1,4,0,0,0,34,
23,3,9,2,7,0,4,1,0,0,50,
30,3,9,4,2,3,4,1,0,0,48,
57,3,9,2,2,0,1,1,0,0,40,
34,5,15,2,9,0,4,1,0,0,35,
24,3,6,2,7,0,4,1,0,0,40,
41,1,13,2,9,0,4,1,0,0,35,
38,5,4,2,11,0,4,1,0,0,40,
48,3,12,0,0,1,4,0,0,0,40,
43,3,13,2,6,0,2,1,0,0,40,
18,3,10,4,7,1,4,0,0,0,40,
35,3,13,2,3,0,4,1,0,0,40,
42,3,9,0,6,4,4,1,0,0,48,
30,3,10,0,7,4,4,0,0,0,35,
42,3,13,2,12,0,4,1,0,0,45,
48,3,10,0,5,2,2,1,0,0,40,
70,3,9,0,7,1,4,0,0,0,28,
37,3,5,0,2,3,4,1,0,0,35,
51,3,11,5,9,4,4,0,0,0,40,
35,3,9,2,5,0,4,1,0,0,40,
59,5,13,2,9,0,4,1,99999,0,43,
57,3,13,2,3,0,4,1,0,0,50,
26,3,9,4,2,3,4,1,0,0,20,
26,3,3,5,2,1,3,1,0,0,35,
19,3,9,4,5,3,4,1,0,0,35,
34,3,9,0,6,4,4,0,0,0,40,
56,3,13,4,3,1,4,0,8614,0,55,
25,3,13,4,0,3,1,0,0,0,40,
46,5,15,2,9,0,4,1,0,2415,80,
22,3,9,2,7,0,4,1,0,0,20,
32,3,11,0,7,4,4,0,0,0,40,
72,5,10,2,11,0,4,1,0,0,40,
36,3,9,2,2,0,4,1,0,0,40,
28,3,9,2,3,5,4,0,0,0,45,
76,8,5,6,14,1,4,1,0,0,25,
37,3,9,2,9,0,4,1,0,0,40,
42,3,13,2,3,0,4,1,0,0,50,
44,3,10,2,6,0,4,1,0,0,44,
33,3,10,2,9,5,4,0,7298,0,21,
53,6,16,2,9,0,4,1,0,0,40,
28,3,10,4,3,1,4,1,0,0,50,
69,3,13,2,5,0,4,1,0,0,20,
20,3,10,4,7,3,4,1,0,0,27,
33,3,10,4,11,1,4,1,0,0,50,
47,3,9,2,7,0,2,1,0,0,60,
50,1,9,2,2,0,4,1,0,1977,35,
22,3,10,4,9,1,4,1,0,0,45,
20,3,9,4,2,3,4,1,0,0,40,
42,1,13,4,9,1,4,1,0,0,50,
23,3,9,4,12,2,1,1,0,0,40,
24,8,9,5,14,1,2,1,0,0,50,
32,3,10,0,3,1,4,0,0,0,45,
41,3,13,6,11,4,2,1,0,0,50,
35,3,9,2,2,0,4,1,0,0,40,
40,3,14,2,3,0,4,1,0,0,50,
25,3,10,4,6,3,2,1,0,0,40,
34,6,16,2,12,0,1,1,0,0,20,
23,3,11,4,13,3,1,1,0,0,40,
30,1,14,2,9,0,4,1,0,0,40,
55,1,14,6,9,4,4,0,0,0,45,
26,3,14,4,9,1,4,0,0,1669,40,
42,8,9,2,14,0,4,1,0,0,60,
39,3,14,4,9,1,4,1,0,0,60,
52,3,9,2,13,0,0,1,0,0,40,
42,3,10,5,3,1,4,1,0,0,60,
25,3,13,4,11,1,4,1,3325,0,48,
27,3,13,4,11,3,4,1,0,0,35,
30,5,4,4,2,3,4,1,0,0,40,
23,6,13,4,9,1,4,1,10520,0,40,
47,5,13,2,11,0,4,1,0,1887,40,
58,8,13,0,14,1,4,1,0,0,25,
18,3,9,4,7,3,4,0,0,0,20,
52,3,10,0,0,4,4,0,0,0,35,
24,3,9,4,11,1,4,0,0,0,48,
58,4,9,2,11,0,4,1,0,0,55,
35,3,9,4,0,1,4,1,0,0,40,
31,3,11,4,4,3,4,1,0,0,40,
46,3,10,2,2,0,4,1,3103,0,60,
43,3,14,2,9,0,4,1,5178,0,40,
21,3,9,4,7,2,4,0,0,0,35,
52,3,10,2,3,0,4,1,0,1740,60,
24,3,13,4,11,3,4,0,0,0,35,
22,3,9,4,6,1,4,0,0,0,48,
39,3,10,2,0,0,1,1,0,0,25,
34,6,9,2,13,0,2,1,0,0,40,
58,3,13,2,9,0,4,1,0,0,40,
26,3,13,4,0,3,4,1,0,0,25,
29,3,9,2,5,0,0,1,0,0,40,
67,8,13,2,14,0,4,1,0,0,40,
28,3,12,2,0,5,2,0,0,0,35,
62,1,10,2,6,0,4,1,0,0,40,
54,3,3,2,13,0,4,1,0,0,40,
36,3,10,2,3,0,4,1,0,0,65,
18,3,8,4,5,3,4,1,0,0,18,
25,3,11,2,2,0,4,1,0,0,40,
48,3,10,4,2,1,2,0,0,0,40,
56,3,6,2,2,0,4,1,0,0,70,
30,3,15,4,12,3,4,0,0,0,24,
41,1,9,0,3,4,4,0,0,0,40,
59,3,9,0,12,4,4,1,0,0,60,
36,3,7,2,2,0,4,1,0,0,40,
30,3,9,0,11,4,4,0,0,0,54,
27,3,9,4,5,3,4,1,0,0,40,
19,8,9,4,14,2,4,0,0,0,30,
30,3,13,4,7,1,1,1,0,0,15,
47,3,11,0,11,4,2,0,0,0,25,
39,3,9,2,11,0,4,1,0,0,40,
31,3,9,2,0,0,1,1,0,0,40,
44,3,12,0,0,4,4,0,0,0,40,
37,3,9,4,7,1,4,0,0,0,40,
28,3,10,2,2,0,4,1,0,0,63,
38,3,9,2,2,0,4,1,0,0,40,
26,3,9,0,6,1,4,0,0,0,40,
44,3,10,2,3,0,4,1,0,0,40,
40,3,10,2,11,0,4,1,4386,0,50,
53,6,9,2,7,5,0,0,0,0,28,
31,3,10,2,3,3,4,1,0,0,50,
18,3,9,4,0,3,4,0,0,0,40,
43,4,9,2,4,0,4,1,0,0,45,
30,3,9,4,2,3,4,1,0,0,35,
19,6,9,4,0,3,4,0,0,0,40,
36,3,9,2,2,0,4,1,0,0,40,
19,8,10,4,14,3,4,1,0,0,40,
25,3,14,4,9,3,4,0,0,0,60,
36,3,7,2,2,0,4,1,0,0,60,
22,3,10,4,7,4,4,0,0,0,50,
42,0,13,2,9,0,4,1,0,0,40,
33,6,10,4,12,1,4,0,0,0,40,
38,3,9,4,2,1,4,1,0,0,40,
21,8,10,2,14,5,4,0,3781,0,40,
33,6,9,2,7,0,4,1,0,0,40,
52,5,9,0,2,1,2,1,0,0,40,
30,3,10,4,11,3,4,1,0,0,30,
18,6,10,4,0,3,4,1,0,0,10,
24,6,10,2,7,0,1,1,0,0,24,
17,3,6,4,7,2,4,1,0,0,40,
48,3,10,4,0,1,4,0,0,0,40,
66,8,4,2,14,0,4,1,0,0,32,
46,1,10,0,12,1,4,0,0,0,40,
55,3,9,0,3,1,4,1,0,0,60,
28,3,13,4,11,1,4,0,0,0,40,
33,3,9,0,7,4,4,0,0,0,40,
44,3,9,2,11,0,4,1,0,0,24,
43,3,9,0,3,4,4,0,0,0,40,
42,3,10,4,3,1,4,0,0,0,40,
39,3,11,0,3,4,2,0,0,0,40,
23,3,6,4,5,4,4,1,0,0,50,
20,6,10,4,7,3,4,0,0,0,20,
29,3,10,0,2,4,4,1,0,0,35,
54,5,10,2,11,0,4,1,0,0,65,
34,3,11,4,0,1,4,0,0,0,40,
30,3,13,2,11,0,4,1,0,0,40,
59,3,7,2,11,0,4,1,0,0,60,
40,3,4,0,4,4,4,0,0,0,40,
37,3,9,5,2,3,4,1,0,0,40,
45,3,9,2,2,0,4,1,0,0,40,
55,5,14,2,9,0,4,1,7298,0,40,
49,1,10,2,10,0,4,1,0,0,44,
67,8,14,2,14,0,4,1,0,0,2,
49,5,12,0,3,1,4,1,0,0,25,
30,0,9,2,0,0,4,1,0,0,40,
56,0,10,0,0,1,2,0,0,0,40,
29,3,10,4,9,1,4,0,0,0,40,
33,3,9,2,2,0,4,1,0,0,40,
25,3,10,4,11,3,4,1,0,0,42,
28,3,11,2,12,0,4,1,0,0,70,
23,3,9,4,6,1,4,1,0,0,40,
39,5,9,2,4,5,4,0,0,0,50,
37,5,13,2,12,0,4,1,0,0,40,
39,3,14,4,9,1,4,0,0,0,40,
32,0,13,2,0,0,4,1,0,0,35,
26,3,13,4,3,1,4,0,0,0,45,
57,0,10,0,0,3,4,1,0,0,40,
36,3,5,2,11,3,4,1,0,0,50,
30,3,13,2,11,0,4,1,0,0,50,
27,3,9,2,2,0,4,1,0,0,50,
21,3,10,4,2,1,4,1,0,0,55,
22,3,9,2,6,0,4,1,0,0,40,
43,1,9,2,2,0,4,1,0,0,40,
20,3,10,4,0,3,4,1,0,0,40,
30,3,9,2,3,0,4,1,0,0,65,
57,3,14,2,12,0,4,1,0,0,40,
42,3,11,5,9,4,4,0,0,0,40,
29,3,11,0,7,4,4,0,0,0,45,
44,1,9,2,10,0,4,1,0,0,52,
28,3,12,0,3,1,4,0,0,0,43,
42,3,9,2,5,0,4,1,0,0,40,
26,3,13,4,7,3,4,1,0,0,40,
29,3,10,0,9,3,4,0,0,0,36,
42,3,13,0,0,4,4,1,0,0,30,
30,3,9,2,13,0,4,1,0,0,50,
21,6,10,4,7,3,4,0,0,0,10,
59,3,9,2,3,0,4,1,0,0,30,
21,8,10,4,14,3,4,1,0,0,30,
56,3,9,0,13,1,4,1,0,0,40,
39,3,1,4,7,1,4,0,0,0,12,
21,3,10,4,0,3,2,1,0,0,50,
48,3,13,3,9,1,4,1,0,0,37,
35,6,9,2,10,0,2,1,0,0,40,
43,3,13,5,3,4,4,1,0,0,60,
23,3,11,4,7,3,4,0,0,0,15,
17,8,6,4,14,2,4,1,0,0,12,
41,3,13,2,3,0,1,1,0,0,40,
35,4,14,2,0,0,4,1,0,0,50,
22,3,10,4,11,3,4,1,0,0,35,
53,3,9,0,0,1,4,0,0,0,40,
42,3,10,4,6,1,4,0,0,0,40,
36,3,9,5,0,4,2,0,0,0,40,
44,1,13,2,9,0,4,1,0,0,50,
27,3,13,2,0,5,4,0,0,0,40,
39,5,9,2,3,0,4,1,0,0,40,
59,3,5,2,6,0,4,1,0,0,40,
34,1,10,4,7,1,4,1,0,0,48,
17,3,8,4,11,3,4,0,0,0,23,
31,3,9,2,2,0,4,1,0,0,40,
59,3,10,2,3,0,4,1,0,0,12,
39,3,10,3,0,4,0,0,0,0,40,
46,6,13,2,9,0,2,1,0,0,40,
31,3,9,3,7,1,4,0,0,0,80,
27,3,13,4,11,1,4,1,0,1504,45,
18,3,7,4,5,3,4,1,0,0,12,
46,3,10,2,3,0,4,1,0,0,60,
55,3,13,2,0,0,4,1,0,0,40,
48,3,13,0,5,1,4,1,0,0,43,
53,3,9,2,11,5,4,0,0,0,26,
44,5,13,2,3,0,1,1,0,0,48,
43,3,10,2,13,0,4,1,0,0,50,
50,3,9,5,0,2,4,0,0,0,40,
56,3,4,0,6,1,4,0,0,0,20,
27,3,9,2,6,0,4,1,0,0,40,
20,3,9,4,0,3,2,0,0,0,40,
18,1,6,4,10,3,4,0,0,0,6,
34,3,9,2,2,0,4,1,0,1848,50,
38,3,10,0,0,4,4,0,0,0,40,
40,4,13,2,2,0,4,1,0,0,15,
55,3,10,0,10,1,4,1,0,0,40,
35,5,9,2,2,5,2,0,0,0,40,
26,3,9,4,6,3,4,1,0,0,40,
54,6,13,2,3,0,4,1,0,0,40,
22,3,9,4,0,3,4,1,0,0,40,
52,1,9,0,0,4,2,0,0,0,40,
33,3,6,5,5,1,4,1,0,0,40,
42,3,14,2,9,0,4,1,0,0,40,
19,7,9,4,4,3,4,1,0,0,10,
45,3,10,0,2,4,4,1,0,0,99,
53,5,9,2,2,0,2,1,3103,0,72,
46,3,9,0,0,4,4,0,0,1590,43,
25,3,10,2,2,0,4,1,0,0,40,
90,3,13,4,9,1,1,1,0,0,40,
33,3,9,4,11,3,2,0,0,0,40,
45,3,10,0,10,1,4,1,0,0,70,
47,3,9,2,11,0,2,1,0,0,40,
38,1,14,4,9,1,4,1,0,0,43,
35,8,15,4,14,1,1,1,4787,0,45,
37,3,9,2,4,0,4,1,0,0,30,
53,6,14,2,3,0,4,1,0,0,70,
56,3,13,2,9,0,4,1,0,0,40,
18,3,7,4,5,3,4,1,0,0,15,
44,3,9,2,2,0,2,1,0,0,40,
50,3,10,0,12,1,4,0,0,0,36,
26,3,13,4,0,1,2,1,0,0,20,
36,3,10,4,12,1,4,0,0,0,40,
37,3,7,0,5,1,4,0,0,0,40,
32,3,13,4,3,1,4,0,0,0,40,
38,5,12,2,11,0,4,1,0,0,60,
62,3,9,0,7,1,4,0,0,0,84,
46,3,9,2,2,0,4,1,0,0,40,
41,3,9,4,6,1,4,1,2174,0,41,
37,3,9,2,4,0,4,1,0,0,15,
27,3,10,4,0,1,4,0,0,0,45,
38,3,12,2,0,0,4,1,0,0,40,
35,3,8,4,11,1,2,0,0,0,40,
34,3,13,4,3,3,0,0,0,0,40,
50,3,9,2,5,0,2,1,0,0,40,
28,3,10,2,0,5,4,0,7298,0,32,
67,1,13,0,0,4,2,0,6360,0,35,
34,5,10,2,3,0,4,1,0,0,30,
19,3,10,4,11,3,4,0,0,0,25,
23,3,9,4,0,3,4,1,0,0,30,
50,3,9,2,6,0,4,1,0,0,45,
45,1,14,2,3,0,4,1,7688,0,50,
17,3,8,4,7,3,4,1,0,0,16,
59,8,9,2,14,5,4,0,0,0,40,
25,3,9,4,0,1,4,0,0,0,48,
21,3,10,4,9,1,4,0,0,0,40,
50,3,15,2,9,0,4,1,0,0,50,
17,3,6,4,11,3,4,0,0,0,20,
63,3,9,6,0,1,4,0,0,0,40,
31,1,14,4,9,1,4,1,0,0,43,
45,3,9,0,13,1,4,1,0,0,40,
25,3,9,4,6,3,4,1,0,0,40,
20,3,8,4,4,3,4,1,0,0,40,
31,3,10,4,11,2,4,0,0,0,40,
42,3,16,2,9,0,4,1,0,0,40,
56,3,10,2,2,0,4,1,0,0,40,
47,3,9,4,4,4,4,0,0,0,46,
69,3,9,0,7,1,4,0,0,0,32,
42,3,13,2,9,5,4,0,0,0,55,
19,3,9,4,5,2,3,0,0,0,60,
56,5,10,2,4,0,4,1,0,0,50,
33,3,13,2,0,0,4,1,0,1902,50,
61,0,14,6,9,4,4,0,0,0,40,
38,3,9,0,7,1,4,0,0,0,35,
50,5,9,2,2,0,4,1,99999,0,50,
39,3,10,0,3,1,4,1,0,0,50,
35,5,9,2,13,0,4,1,0,0,50,
27,3,10,0,0,4,4,0,0,0,44,
40,4,10,2,4,0,4,1,0,0,40,
59,6,16,2,9,0,4,1,0,0,40,
20,8,10,4,14,1,4,0,0,0,15,
42,0,9,2,12,0,4,1,0,0,30,
59,3,10,5,0,4,4,1,0,0,40,
54,4,16,2,9,0,4,1,0,0,60,
38,3,10,2,3,0,4,1,0,1902,50,
53,3,13,2,11,0,4,1,0,0,30,
20,3,10,4,3,3,4,0,0,0,30,
54,0,10,2,3,0,4,1,0,0,40,
41,5,14,4,3,1,1,1,0,0,45,
33,1,9,0,12,1,4,0,0,0,55,
35,3,9,6,3,4,4,0,0,0,30,
22,3,9,4,5,3,4,1,0,0,50,
45,5,13,2,4,0,4,1,0,1485,70,
29,3,14,4,9,1,4,1,0,0,40,
56,5,14,0,11,4,4,0,0,2339,60,
23,3,13,4,9,1,4,0,0,0,25,
30,3,9,4,7,1,4,0,0,0,35,
17,3,7,4,8,3,4,0,0,0,25,
35,1,10,5,0,4,0,0,0,0,40,
42,6,11,2,10,0,4,1,0,0,40,
42,3,9,4,7,2,2,1,0,0,40,
19,3,9,4,5,3,4,1,0,0,30,
32,3,12,4,0,1,4,0,0,0,45,
44,3,10,0,0,4,4,0,0,0,40,
53,3,10,2,2,0,4,1,0,0,36,
47,5,13,6,3,4,1,0,0,0,60,
24,3,10,4,5,3,4,1,0,0,40,
30,6,10,2,9,5,2,0,0,0,40,
42,3,9,5,11,4,4,0,0,0,45,
19,3,9,4,7,3,2,0,0,0,40,
37,5,7,4,4,3,4,1,0,0,37,
26,5,6,2,4,0,4,1,0,0,99,
25,1,9,4,4,3,4,1,0,1719,16,
52,3,10,2,11,0,4,1,0,0,40,
50,1,9,2,13,0,4,1,0,0,40,
40,3,15,2,9,0,1,1,99999,0,40,
32,3,9,3,5,2,4,1,0,0,40,
37,3,9,2,13,0,4,1,0,0,40,
42,1,14,4,9,1,4,0,0,1741,35,
47,3,9,2,2,0,4,1,0,0,40,
47,3,10,2,5,0,4,1,0,0,40,
28,3,13,2,3,5,4,0,0,0,40,
27,3,13,2,3,5,1,0,0,0,40,
61,5,9,2,13,0,2,1,0,0,40,
47,3,3,2,5,0,4,1,0,0,40,
30,3,12,4,6,4,2,0,0,0,40,
54,3,9,2,6,5,4,0,0,0,40,
56,1,15,2,0,0,1,1,0,0,40,
69,3,10,6,0,1,4,0,0,0,24,
30,3,9,2,13,0,4,1,0,0,40,
36,3,10,2,2,0,4,1,0,0,40,
42,5,7,2,4,0,4,1,0,0,60,
45,0,13,2,9,0,4,1,0,0,45,
39,3,13,2,9,5,4,0,7688,0,20,
26,3,7,0,0,3,4,0,0,0,40,
28,1,13,2,10,0,2,1,0,0,42,
31,3,14,2,11,0,4,1,0,0,40,
32,3,3,5,4,2,4,1,0,0,60,
51,3,9,4,3,2,4,0,0,0,40,
29,3,9,2,11,0,4,1,0,0,60,
38,1,14,4,9,1,4,0,0,2258,60,
64,3,10,6,3,1,4,0,0,0,10,
26,6,10,4,10,3,4,1,0,0,40,
68,3,3,3,11,1,4,1,0,0,22,
32,3,9,2,2,0,4,1,0,0,48,
29,3,10,4,11,3,4,0,0,0,40,
51,8,2,5,14,4,4,0,0,0,40,
21,3,9,4,6,3,4,1,0,0,40,
26,8,6,5,14,2,4,0,0,0,40,
33,1,13,3,9,2,2,1,0,0,40,
26,3,9,4,6,1,4,1,0,0,40,
52,3,9,2,6,0,4,1,2105,0,40,
31,3,9,2,2,0,4,1,0,0,55,
29,1,9,4,10,4,4,1,0,0,45,
19,3,10,4,7,3,4,0,0,0,27,
51,3,9,2,6,5,4,0,0,0,40,
45,3,5,5,7,4,3,0,0,0,40,
20,3,9,2,11,3,2,1,0,0,32,
40,3,10,4,5,1,4,1,0,0,48,
43,3,16,2,9,0,4,1,99999,0,55,
52,1,10,2,13,0,4,1,0,0,40,
46,3,10,0,0,1,4,0,0,0,24,
24,3,9,2,6,0,4,1,0,0,40,
20,3,5,4,13,1,4,1,0,0,50,
38,5,13,2,3,0,4,1,0,0,60,
24,3,13,4,0,1,4,0,0,0,40,
32,6,15,2,9,0,4,1,0,0,75,
49,3,4,4,7,2,4,1,0,0,35,
36,3,14,4,9,1,4,0,0,0,40,
31,3,9,5,0,1,4,1,0,0,45,
46,8,3,2,14,0,4,1,0,0,40,
46,3,10,0,3,1,4,0,0,0,40,
46,1,10,2,10,0,4,1,0,0,70,
29,3,9,3,7,1,3,0,0,0,40,
37,3,9,2,2,0,4,1,0,0,40,
44,8,4,2,14,0,4,1,0,0,25,
28,8,10,4,14,3,2,0,0,0,40,
28,5,13,4,10,3,4,1,0,0,40,
48,3,9,6,0,4,4,0,0,0,40,
52,3,7,0,6,1,2,0,0,0,20,
19,3,9,4,4,2,4,1,0,0,35,
31,5,13,2,9,0,4,1,0,0,40,
47,3,13,2,3,0,4,1,99999,0,55,
37,3,9,2,2,0,4,1,0,0,40,
22,8,10,4,14,3,4,1,0,0,2,
46,3,12,2,2,0,4,1,0,0,44,
51,5,9,2,4,0,4,1,3103,0,60,
50,3,14,2,2,0,4,1,0,1902,45,
38,3,4,2,4,0,4,1,3942,0,84,
40,1,9,2,2,0,2,1,0,0,35,
58,3,10,0,6,1,3,1,0,0,40,
36,3,9,2,2,0,4,1,0,0,40,
26,1,13,4,9,3,2,0,0,0,35,
17,8,8,4,14,3,4,0,0,0,40,
49,3,6,0,7,1,4,1,0,0,48,
39,6,14,2,9,5,4,0,5178,0,38,
46,3,13,2,0,0,4,1,0,0,45,
26,3,9,5,11,4,2,0,0,0,37,
40,0,14,4,12,1,4,0,0,0,40,
53,6,16,2,9,0,4,1,0,0,40,
60,5,10,2,3,0,4,1,0,0,50,
28,3,9,2,5,0,2,1,0,0,40,
22,8,10,4,14,1,1,0,0,0,12,
31,3,9,2,5,0,4,1,0,0,55,
45,3,9,0,3,1,4,1,13550,0,50,
34,3,9,0,9,4,4,1,0,0,40,
27,6,14,4,3,1,4,1,0,0,40,
40,3,10,0,13,1,2,0,0,0,40,
68,3,9,6,6,1,4,0,0,0,32,
51,3,9,2,2,0,4,1,0,0,50,
55,3,9,2,12,0,4,1,0,0,20,
43,3,12,2,3,0,4,1,0,0,45,
23,6,13,4,9,3,4,0,0,0,27,
48,3,9,2,7,0,4,1,0,0,40,
42,4,10,2,9,0,0,1,2885,0,30,
51,4,9,4,3,1,4,1,10520,0,40,
32,3,9,2,6,0,4,1,5013,0,55,
34,3,10,2,11,0,4,1,0,0,45,
31,1,9,2,2,0,4,1,0,0,70,
71,8,4,0,14,4,4,1,0,0,45,
17,3,6,4,7,3,4,1,0,0,8,
37,3,9,2,0,5,4,0,0,0,40,
26,3,8,2,8,5,3,0,0,0,40,
17,3,7,4,11,3,4,0,0,0,15,
34,3,13,2,13,0,1,1,0,0,40,
46,3,7,2,2,0,4,1,0,1902,40,
33,3,9,2,13,0,1,1,0,0,40,
41,1,14,2,3,0,4,1,0,0,40,
59,3,6,3,10,1,1,1,0,0,40,
50,5,9,2,3,0,4,1,7688,0,50,
46,3,9,2,6,0,2,1,0,0,40,
45,3,14,0,9,1,4,1,0,0,40,
27,3,9,4,6,1,4,0,0,0,40,
31,3,13,2,9,0,4,1,0,0,50,
32,3,9,0,12,4,4,0,1471,0,38,
28,3,9,2,2,0,4,1,0,0,50,
32,3,13,2,3,0,4,1,0,0,40,
36,3,12,4,3,4,4,1,0,0,50,
39,4,11,2,2,0,4,1,0,2415,40,
23,3,9,4,2,1,4,1,0,0,40,
44,3,9,2,13,0,4,1,0,0,40,
37,3,10,2,13,0,4,1,0,0,40,
36,3,4,3,6,4,4,0,2977,0,40,
45,3,7,3,6,4,1,0,0,0,40,
43,0,9,2,4,0,4,1,7298,0,40,
49,3,15,4,9,1,4,0,0,0,55,
37,3,9,2,13,0,4,1,0,0,40,
26,3,9,4,13,3,2,1,0,0,40,
34,3,15,2,9,0,4,1,0,1977,55,
51,3,10,2,2,0,4,1,0,0,60,
24,3,10,4,0,1,4,0,0,0,40,
67,5,13,2,13,0,4,1,0,0,40,
40,3,9,2,11,0,4,1,7298,0,45,
32,3,9,2,11,5,4,0,0,0,40,
21,3,10,4,7,3,4,0,0,0,16,
39,5,10,2,7,5,4,0,0,0,15,
33,3,7,2,2,0,4,1,0,0,40,
48,3,9,0,11,1,4,1,0,0,60,
21,3,10,4,9,3,4,0,0,0,30,
68,4,11,6,11,1,4,0,25124,0,50,
24,3,9,4,2,1,2,1,0,0,40,
24,3,7,4,4,4,4,1,2463,0,40,
23,3,13,4,3,3,4,0,0,0,45,
40,3,9,2,5,0,4,1,0,0,63,
48,3,13,3,3,1,4,0,0,0,50,
42,5,9,2,11,0,4,1,0,0,60,
45,0,13,4,10,1,2,0,0,0,40,
31,3,9,2,11,0,4,1,0,0,50,
53,3,11,2,3,0,4,1,0,0,45,
25,3,13,4,9,3,2,0,0,0,55,
32,3,10,2,7,0,2,1,0,0,50,
34,3,7,2,11,0,4,1,0,0,25,
41,4,13,2,3,0,4,1,0,0,35,
57,1,9,0,0,4,4,0,0,0,40,
25,3,6,4,4,4,0,1,0,0,40,
40,3,10,2,6,0,4,1,0,2179,40,
17,3,7,4,11,3,4,0,0,0,13,
17,3,5,4,2,3,4,1,0,0,40,
82,4,10,6,11,1,4,1,0,0,20,
40,3,12,0,9,4,4,0,0,0,32,
26,3,10,4,11,1,2,1,0,0,35,
37,3,10,0,13,1,4,1,0,0,40,
25,3,6,2,13,0,4,1,0,0,40,
65,3,6,2,5,0,4,1,0,0,22,
39,3,13,0,11,1,1,1,0,0,40,
36,5,9,2,2,0,4,1,0,0,40,
37,5,9,2,11,0,4,1,0,0,45,
23,3,9,4,11,3,4,1,0,0,40,
34,3,9,2,2,0,4,1,0,0,40,
63,5,13,2,9,0,4,1,0,0,20,
59,3,9,6,7,1,4,0,0,0,35,
62,8,5,4,14,4,4,0,0,0,40,
17,3,7,4,11,3,4,0,0,0,9,
28,3,6,2,5,0,4,1,0,0,30,
45,0,13,2,5,0,4,1,0,0,40,
40,4,13,2,9,0,4,1,0,0,60,
45,3,9,2,6,0,4,1,0,0,40,
20,3,5,4,6,3,4,1,0,0,40,
19,8,6,4,14,1,4,0,0,0,38,
59,1,13,2,3,5,4,0,0,0,22,
41,3,9,0,13,4,4,1,7443,0,40,
49,1,10,0,3,4,4,1,0,0,48,
37,3,11,0,11,1,4,1,0,0,45,
31,5,9,2,2,0,4,1,0,0,45,
21,3,10,4,5,3,4,1,0,0,40,
27,3,13,4,12,1,4,0,0,0,15,
20,8,9,4,14,2,4,1,0,0,40,
51,3,9,0,7,1,4,0,0,0,40,
46,3,2,2,5,0,4,1,0,0,40,
48,3,10,2,2,0,4,1,0,0,60,
39,1,14,0,9,1,4,0,0,0,40,
50,3,12,2,5,0,2,1,15024,0,45,
41,3,9,2,2,0,4,1,0,0,40,
21,3,10,4,9,1,4,0,0,0,25,
54,4,12,2,11,0,4,1,0,0,50,
40,3,9,2,0,5,4,0,0,0,40,
44,3,9,2,2,0,4,1,0,0,41,
50,3,9,2,13,0,4,1,0,0,50,
42,3,10,0,3,4,4,0,0,0,45,
34,3,9,4,2,1,4,1,0,0,40,
46,3,10,2,0,0,4,1,0,0,40,
35,3,9,2,2,0,4,1,0,0,40,
38,3,12,2,9,0,4,1,0,0,40,
37,3,15,0,9,1,4,1,14084,0,36,
30,3,9,2,2,0,4,1,0,0,40,
22,3,13,4,3,3,4,0,0,0,40,
21,3,9,4,0,3,4,1,0,0,40,
40,3,1,3,0,3,4,1,0,0,40,
56,5,9,2,2,0,4,1,0,0,55,
48,3,5,2,6,0,4,1,0,0,40,
21,3,11,4,7,3,4,0,0,0,36,
52,3,7,6,2,1,4,1,0,0,40,
60,1,14,2,3,0,4,1,0,0,50,
45,3,16,2,9,0,4,1,0,0,50,
30,3,9,2,6,0,4,1,0,0,45,
31,3,9,2,11,0,4,1,2829,0,40,
43,3,9,2,6,0,4,1,0,0,35,
36,3,5,2,2,0,4,1,0,0,35,
42,3,15,2,9,0,4,1,0,0,60,
28,1,14,2,9,5,4,0,7688,0,35,
62,3,15,2,2,0,4,1,0,0,45,
65,8,9,5,14,1,4,0,0,0,40,
45,3,11,2,2,0,4,1,0,0,40,
47,3,13,2,3,0,4,1,0,0,38,
43,3,12,2,11,0,4,1,0,0,40,
24,3,10,4,7,1,4,1,0,0,35,
44,3,9,5,7,4,4,0,0,0,39,
25,3,9,4,3,3,4,1,0,0,25,
21,3,10,4,3,1,4,1,0,0,40,
29,3,11,2,9,0,4,1,0,0,43,
21,3,10,4,7,1,4,1,0,0,40,
41,4,15,2,9,0,4,1,0,0,45,
64,8,13,2,14,5,2,0,0,0,8,
55,5,10,2,13,0,4,1,0,0,99,
42,3,9,2,2,0,4,1,0,0,40,
63,5,9,2,4,0,4,1,0,0,35,
21,3,10,4,11,3,4,1,0,0,24,
28,3,11,4,11,4,4,0,0,0,55,
45,3,9,2,11,5,4,0,0,0,35,
21,3,9,4,7,3,4,0,0,0,40,
34,3,14,2,9,5,1,0,0,0,40,
53,3,8,4,7,1,3,0,0,0,35,
45,3,9,2,6,0,4,1,0,0,40,
47,3,9,0,8,1,4,0,0,0,4,
41,3,7,0,3,4,4,0,0,0,36,
35,3,13,2,3,5,4,0,0,1977,30,
43,4,14,2,3,0,4,1,0,0,50,
53,1,2,2,7,0,4,1,0,0,32,
34,3,10,4,3,1,4,1,0,0,45,
46,0,11,2,0,0,4,1,5178,0,40,
59,3,12,6,3,1,4,0,0,0,40,
53,3,13,0,3,4,1,1,0,0,50,
33,3,4,5,5,1,2,1,0,0,35,
45,3,9,2,13,0,4,1,0,0,50,
48,4,14,2,11,0,4,1,0,0,40,
42,3,10,0,0,4,4,0,0,0,40,
55,3,9,2,13,0,4,1,5178,0,72,
46,5,9,2,13,0,4,1,0,0,50,
17,3,7,4,11,3,4,0,0,0,16,
23,3,10,4,5,4,0,0,0,0,35,
21,3,9,4,13,1,4,1,0,0,60,
53,0,9,0,2,1,2,1,0,0,40,
61,4,9,2,3,0,4,1,0,0,20,
58,6,9,0,7,3,2,1,0,0,40,
36,3,9,2,2,0,4,1,0,0,50,
45,1,10,0,0,4,2,0,0,0,38,
39,3,13,2,2,5,4,0,0,0,30,
39,3,13,0,3,1,4,0,13550,0,50,
48,4,16,2,3,5,4,0,0,0,40,
41,3,13,2,12,0,4,1,0,0,38,
30,3,12,2,9,0,4,1,0,2002,40,
50,3,12,0,2,1,2,1,0,0,45,
51,5,9,2,2,0,4,1,7298,0,48,
23,3,10,5,11,4,4,0,0,0,40,
41,3,10,2,2,0,4,1,0,0,60,
47,0,9,2,0,0,4,1,0,0,70,
51,3,13,2,3,0,4,1,0,0,55,
60,4,9,2,7,0,4,1,0,0,40,
51,3,13,0,12,4,4,0,0,0,40,
20,1,10,4,7,1,4,1,0,0,40,
29,1,9,4,13,3,4,0,0,0,37,
42,6,10,2,10,0,2,1,0,0,48,
32,3,9,0,7,1,2,0,0,0,16,
19,3,8,4,11,2,4,1,1055,0,40,
34,3,11,2,0,0,2,1,0,0,45,
48,3,9,6,6,1,4,0,0,0,48,
38,3,10,2,2,0,4,1,0,0,40,
38,3,15,4,9,1,4,0,0,0,50,
40,5,13,2,2,0,4,1,0,0,50,
39,3,14,4,3,1,4,1,0,0,50,
38,3,14,2,3,0,2,1,0,0,40,
26,3,13,4,11,1,4,0,0,0,40,
23,6,10,4,9,3,4,1,0,0,10,
20,3,3,4,5,2,4,1,0,0,40,
49,3,13,3,0,1,0,1,0,0,40,
23,3,9,4,0,3,2,0,0,0,40,
47,3,13,2,3,0,4,1,0,0,45,
43,3,10,2,10,0,4,1,0,0,40,
56,3,10,0,7,1,4,1,0,0,30,
60,5,7,2,4,0,4,1,0,0,35,
29,3,9,0,11,3,4,1,0,0,40,
25,3,13,4,3,1,2,0,0,0,38,
39,3,11,4,6,1,4,1,0,0,40,
37,3,11,4,0,1,3,0,4101,0,35,
38,3,13,4,3,1,4,1,2202,0,45,
47,3,9,0,12,1,4,0,0,0,36,
50,5,15,0,11,1,4,1,0,0,50,
64,5,9,2,4,0,4,1,0,0,40,
35,3,10,2,2,0,4,1,0,0,40,
25,8,7,4,14,4,4,0,0,0,40,
42,3,13,2,9,0,4,1,0,0,44,
51,3,13,5,9,1,4,1,0,0,40,
21,3,9,4,7,1,4,1,0,0,40,
53,5,14,0,3,1,4,1,0,0,50,
29,3,11,0,0,1,4,0,0,0,40,
34,3,15,2,3,0,4,1,2829,0,50,
37,3,14,2,9,0,4,1,0,0,50,
20,3,8,4,0,3,4,0,0,0,40,
18,3,10,4,3,1,4,1,0,0,50,
57,3,10,2,3,0,4,1,7688,0,45,
47,8,11,2,14,0,4,1,0,0,40,
27,3,10,2,0,0,4,1,2829,0,40,
23,4,11,4,2,1,4,1,0,0,50,
36,4,13,0,11,1,4,1,0,0,60,
48,3,9,0,0,2,4,0,0,0,40,
40,3,10,2,6,0,4,1,0,0,43,
51,3,13,0,9,1,4,0,0,0,16,
59,3,5,2,7,0,4,1,0,0,40,
32,3,10,2,11,2,1,0,0,0,40,
39,3,10,0,7,1,4,1,0,0,40,
32,3,9,2,5,0,4,1,0,0,40,
38,3,9,2,0,5,4,0,0,0,40,
44,6,13,4,0,1,4,0,0,0,38,
51,3,9,2,12,0,4,1,0,0,40,
54,3,9,4,7,2,4,0,0,0,20,
22,3,10,4,11,1,4,0,0,0,30,
19,3,9,4,4,3,4,0,0,0,40,
31,0,12,2,12,0,4,1,0,0,45,
53,3,9,2,2,0,4,1,0,0,40,
28,3,13,2,3,0,4,1,0,0,45,
19,3,9,4,10,1,4,1,0,0,32,
40,0,10,2,0,0,2,1,0,0,40,
21,3,10,4,0,3,4,1,0,0,10,
39,3,13,2,3,0,4,1,0,0,60,
40,1,14,2,9,0,4,1,7298,0,35,
36,3,9,2,9,0,1,1,0,0,40,
18,3,5,4,11,3,4,0,0,0,42,
32,4,13,2,11,0,4,1,7688,0,55,
50,3,9,2,9,0,4,1,0,0,40,
18,3,7,4,11,3,4,1,0,0,15,
19,3,9,4,6,3,4,1,0,0,43,
53,3,10,0,2,1,4,1,0,0,40,
49,3,9,0,7,4,2,0,0,0,32,
40,3,13,3,13,3,3,1,0,0,45,
31,3,10,4,3,3,4,1,0,0,40,
47,5,9,2,4,0,4,1,0,0,35,
35,1,10,2,7,0,4,1,0,0,40,
47,1,10,4,7,3,4,0,0,0,20,
43,5,14,0,9,1,4,0,0,0,20,
51,3,10,4,6,1,4,1,0,0,21,
54,3,14,2,9,0,4,1,0,0,40,
76,1,5,2,7,0,4,1,0,0,30,
33,3,4,4,11,1,4,1,0,0,43,
19,3,8,4,13,3,4,1,0,0,15,
49,3,11,2,2,0,4,1,5013,0,40,
26,3,9,2,13,0,4,1,0,0,40,
23,3,10,4,7,3,4,0,0,0,15,
49,3,9,2,2,0,4,1,7298,0,40,
24,3,10,4,11,1,4,1,0,0,65,
48,3,9,4,11,3,4,1,0,0,40,
36,6,10,2,10,0,4,1,0,0,40,
33,3,8,5,0,4,4,0,1471,0,40,
31,3,13,2,9,0,1,1,15024,0,48,
53,3,13,2,3,0,4,1,0,0,44,
22,3,13,4,0,3,4,0,0,0,10,
43,3,9,2,2,0,4,1,0,0,40,
31,3,12,2,0,0,4,1,0,0,40,
53,6,14,0,9,1,4,0,0,0,40,
36,0,13,2,3,0,4,1,0,0,45,
47,1,9,2,3,0,4,1,0,0,40,
52,3,10,2,9,0,4,1,0,0,40,
39,3,9,0,6,4,4,0,0,0,40,
24,3,13,4,11,3,4,1,0,0,40,
17,1,6,4,10,3,4,0,0,1602,40,
53,1,14,2,9,5,4,0,15024,0,40,
21,3,10,4,11,3,4,1,0,0,40,
29,3,13,4,9,3,1,1,0,0,64,
34,6,13,2,9,0,4,1,0,0,40,
28,3,10,4,0,1,4,0,0,0,40,
61,3,13,2,11,0,4,1,0,0,40,
20,3,9,2,5,0,4,1,0,0,60,
47,6,9,2,12,0,4,1,0,0,40,
40,3,13,2,11,0,4,1,0,0,45,
26,1,10,4,7,3,2,0,0,0,10,
53,3,10,2,2,0,4,1,0,0,40,
26,3,13,4,11,1,4,1,0,0,50,
39,3,15,2,11,0,4,1,0,2415,99,
17,1,7,4,9,3,2,1,0,0,15,
46,3,16,4,9,1,4,1,0,0,40,
34,3,13,2,11,0,4,1,15024,0,40,
45,5,13,0,9,1,4,1,0,0,45,
23,3,9,4,0,3,4,0,0,0,16,
41,3,9,2,2,0,4,1,0,0,40,
26,3,13,4,11,1,4,0,0,0,40,
28,5,13,4,9,1,4,0,0,0,4,
18,4,7,4,11,3,4,1,0,0,15,
38,3,9,4,9,1,4,1,0,0,40,
66,8,11,6,14,1,4,0,2964,0,30,
28,3,13,2,11,0,4,1,0,0,40,
49,3,14,4,9,1,4,1,0,0,40,
29,3,13,4,11,1,4,1,0,0,40,
43,1,14,2,3,5,0,0,0,0,50,
34,6,14,4,9,4,4,0,0,0,40,
30,3,11,2,11,0,4,1,0,0,45,
25,3,13,2,3,0,4,1,0,0,40,
27,3,13,2,3,0,4,1,0,0,40,
25,3,9,4,11,3,2,1,0,0,40,
22,3,10,4,0,3,4,0,0,0,40,
26,3,9,4,0,3,4,1,0,0,40,
49,3,9,2,10,0,4,1,0,0,40,
44,5,9,2,2,0,4,1,3137,0,50,
37,5,12,2,4,0,4,1,2105,0,50,
39,3,13,4,3,2,2,1,0,0,45,
33,3,9,0,13,4,4,0,0,0,40,
41,5,14,2,11,5,4,0,0,1902,35,
65,3,13,2,3,0,4,1,99999,0,40,
40,3,13,4,11,1,4,1,0,0,53,
26,8,13,2,14,5,4,0,0,0,20,
31,3,10,4,10,1,4,1,0,0,40,
28,3,10,4,3,1,4,0,0,0,40,
71,3,9,2,11,0,4,1,0,2467,52,
25,1,13,4,0,1,4,0,0,0,40,
25,3,4,2,2,0,4,1,0,0,60,
19,8,10,2,14,5,4,0,0,0,30,
36,5,15,2,2,0,4,1,0,0,60,
56,3,9,2,6,0,4,1,0,0,40,
34,3,10,2,6,0,4,1,0,0,40,
39,3,13,2,2,0,4,1,0,0,40,
31,3,15,0,9,1,4,0,0,0,45,
22,3,9,4,0,3,4,0,0,0,20,
44,3,10,4,2,1,4,1,0,0,38,
60,5,9,2,11,0,4,1,0,0,45,
65,3,7,0,6,2,4,1,0,0,40,
44,3,10,2,11,0,4,1,0,0,50,
53,1,9,0,3,1,4,1,0,0,40,
28,3,9,2,13,0,4,1,0,0,40,
41,3,13,0,3,4,4,0,0,0,45,
40,4,9,0,0,4,4,0,0,0,15,
35,3,7,2,11,5,4,0,0,0,40,
41,4,5,2,11,5,4,0,0,0,70,
28,3,9,2,2,0,4,1,0,0,35,
53,3,9,2,2,0,4,1,0,0,40,
26,3,10,4,7,3,4,0,0,0,45,
28,1,9,4,13,3,2,0,0,0,40,
27,3,10,0,2,4,4,0,0,0,40,
27,3,9,4,0,1,0,0,0,0,8,
26,3,9,2,2,0,4,1,0,0,40,
53,3,9,6,11,1,4,0,0,0,35,
34,3,9,2,2,0,4,1,0,0,40,
50,4,14,4,9,1,2,1,0,0,50,
30,3,9,0,0,4,2,0,0,0,62,
47,3,9,5,2,4,2,1,0,0,40,
27,8,9,4,14,1,4,1,0,0,40,
55,0,10,2,0,0,4,1,0,0,40,
21,3,10,4,7,3,4,0,0,0,29,
35,3,10,4,13,3,4,1,0,0,40,
31,5,8,2,11,5,1,0,0,0,50,
39,4,14,2,3,0,4,1,0,0,60,
30,3,13,2,3,0,4,1,0,0,55,
39,3,9,2,13,0,2,1,0,1887,40,
19,3,10,4,11,3,4,0,0,0,20,
25,8,9,3,14,1,4,1,0,0,40,
57,5,9,2,7,0,4,1,0,0,60,
21,3,10,4,9,2,1,0,0,0,20,
30,8,4,6,14,1,4,0,0,0,44,
25,5,10,4,7,1,4,0,0,0,22,
32,3,11,2,13,0,4,1,0,0,45,
26,3,9,5,2,4,2,0,0,1594,40,
42,3,10,2,6,0,4,1,0,0,40,
39,5,10,0,11,4,4,1,0,0,47,
48,3,13,0,8,1,4,0,0,0,44,
24,3,10,4,7,4,2,0,0,0,35,
46,3,11,2,2,0,2,1,0,0,40,
53,3,10,2,11,0,4,1,0,0,25,
36,0,10,2,0,0,4,1,0,0,70,
34,3,9,0,2,4,4,1,0,0,45,
25,3,9,4,13,3,4,1,0,0,70,
33,3,10,4,0,3,4,0,99999,0,30,
45,3,13,2,9,0,4,1,0,0,40,
31,0,12,4,0,1,4,1,0,0,40,
21,3,9,4,6,3,4,1,0,0,20,
33,3,5,0,2,4,4,1,114,0,55,
44,3,10,0,0,4,4,0,0,0,40,
34,3,11,2,3,5,4,0,0,0,40,
30,3,10,0,0,4,4,0,0,0,10,
32,1,10,4,0,4,2,0,0,0,40,
46,8,9,0,14,1,2,0,0,0,40,
29,3,13,2,9,0,4,1,0,0,40,
20,3,10,4,7,3,4,1,0,0,20,
35,6,9,0,10,4,4,0,0,0,40,
35,3,9,5,9,2,2,0,0,0,40,
29,3,9,4,7,1,4,0,0,0,38,
21,3,9,4,6,2,4,1,0,0,40,
43,0,13,2,9,0,4,1,0,0,40,
33,3,9,2,6,0,4,1,0,0,40,
61,0,15,2,9,0,4,1,0,0,50,
42,3,14,4,9,1,4,0,0,0,40,
33,3,8,2,0,5,4,0,0,0,40,
35,6,10,4,9,3,2,0,0,0,40,
32,8,9,2,14,0,4,1,0,0,24,
22,3,10,4,11,3,4,0,0,0,20,
61,3,9,0,3,1,4,0,0,0,40,
28,3,11,4,7,1,4,0,2463,0,35,
24,3,9,4,7,3,2,1,0,0,40,
58,1,14,4,9,1,4,1,0,0,35,
42,3,9,2,5,0,4,1,0,0,40,
56,3,10,2,11,0,4,1,0,0,45,
26,8,10,4,14,3,4,0,0,0,40,
25,3,9,5,5,4,2,0,0,0,40,
59,3,9,2,0,5,4,0,0,0,40,
65,5,13,2,11,0,4,1,3818,0,10,
57,3,14,0,3,1,4,1,0,2824,50,
36,3,12,2,3,0,4,1,0,0,44,
42,3,10,2,11,0,4,1,0,1887,50,
18,8,8,4,14,2,2,1,0,0,20,
18,3,7,2,2,0,4,1,0,0,40,
28,3,9,2,2,0,4,1,0,0,40,
20,3,9,2,0,5,4,0,0,0,20,
19,3,10,4,12,3,4,1,0,0,30,
28,3,13,0,7,4,4,0,0,0,48,
37,3,11,2,0,0,4,1,0,0,40,
23,3,10,4,13,1,4,1,0,0,40,
60,3,10,0,2,1,4,1,0,0,47,
17,1,8,4,0,3,4,0,0,0,12,
37,1,13,4,9,1,4,0,4865,0,45,
29,6,11,0,0,3,4,1,0,0,40,
34,3,9,5,13,1,2,1,0,0,20,
36,3,10,2,2,0,4,1,0,0,40,
37,5,10,2,3,5,4,0,0,0,15,
47,6,13,2,7,0,4,1,0,0,40,
22,3,9,4,7,1,4,0,0,0,40,
61,3,9,2,7,0,4,1,0,0,40,
57,3,3,2,4,0,4,1,0,0,45,
33,0,16,2,9,0,4,1,0,1848,40,
54,3,9,2,2,0,4,1,0,0,40,
40,3,14,4,9,1,4,0,0,1669,40,
40,3,8,2,2,0,4,1,0,0,50,
40,1,9,4,10,1,4,1,0,0,42,
35,3,7,2,2,0,4,1,0,2057,40,
32,3,7,4,13,3,4,1,0,0,40,
49,5,10,2,11,0,4,1,0,0,50,
31,3,9,4,0,1,4,0,0,0,40,
58,3,13,2,0,0,1,1,0,0,40,
26,4,13,4,3,1,4,1,0,0,50,
35,5,4,2,4,0,4,1,0,0,40,
25,3,10,4,6,3,4,1,0,0,40,
43,3,8,2,0,0,2,1,0,0,40,
32,3,10,4,0,1,4,1,0,0,35,
45,3,13,2,9,0,4,1,0,0,60,
48,3,9,4,6,1,2,1,0,0,40,
31,3,3,4,7,3,4,1,0,0,40,
20,8,10,4,14,3,4,0,0,0,25,
28,3,9,4,12,1,4,1,0,0,40,
50,5,13,0,9,1,4,0,0,0,60,
22,3,9,4,0,2,2,1,0,0,40,
19,3,10,4,11,3,4,0,0,0,20,
38,3,13,2,3,0,4,1,0,0,63,
23,3,9,4,13,3,4,1,0,0,40,
24,4,13,4,3,3,4,1,0,0,40,
26,3,11,2,3,5,4,0,0,0,40,
45,6,9,0,12,4,4,0,0,0,40,
88,3,10,0,0,4,4,0,0,0,40,
19,3,7,4,0,3,0,0,0,0,15,
24,3,9,4,3,1,4,1,0,0,50,
84,8,3,2,14,0,4,1,0,0,20,
48,3,6,2,4,0,2,1,0,0,40,
46,3,10,2,2,0,1,1,0,0,40,
31,4,9,2,2,0,4,1,0,0,50,
58,3,9,6,0,4,0,1,0,0,40,
35,1,9,2,2,0,4,1,0,0,40,
36,3,9,4,2,3,2,1,0,0,40,
36,3,15,2,9,0,4,1,0,0,55,
47,1,14,2,9,0,4,1,0,0,40,
57,3,5,6,7,4,2,1,0,0,52,
30,3,10,3,3,4,4,0,0,0,45,
30,1,14,2,9,0,4,1,0,0,40,
19,8,8,2,14,2,4,0,15024,0,40,
30,4,13,4,3,3,4,1,0,0,43,
23,1,10,4,10,3,4,1,0,0,40,
41,5,15,2,9,0,4,1,0,0,50,
52,3,10,0,3,1,4,1,0,0,60,
27,3,12,4,0,1,4,1,0,0,40,
59,3,9,2,2,0,4,1,0,0,45,
21,3,9,4,11,3,4,0,0,0,36,
60,3,9,6,6,1,4,0,0,0,40,
69,6,15,2,0,0,4,1,0,0,34,
24,3,9,4,11,3,4,1,0,0,40,
19,3,9,4,11,3,2,1,0,0,25,
60,6,12,2,9,0,4,1,0,0,20,
64,3,10,6,12,1,4,0,0,0,35,
39,4,11,2,3,0,4,1,0,0,60,
51,3,12,2,3,0,4,1,0,0,45,
51,3,6,0,2,1,2,0,0,0,35,
25,3,10,0,12,1,4,0,0,0,40,
17,8,6,4,14,3,4,0,0,0,4,
37,3,10,0,12,4,4,0,0,0,40,
74,5,9,6,4,1,4,0,0,0,14,
26,6,13,2,3,0,2,1,0,0,40,
23,3,9,4,7,1,2,1,0,0,30,
57,4,15,2,9,0,4,1,0,0,36,
20,3,7,4,13,3,4,1,0,0,15,
37,3,9,2,4,0,4,1,0,0,40,
46,3,13,2,11,0,4,1,0,0,40,
39,3,10,0,9,1,4,0,0,0,45,
40,3,9,6,6,3,4,0,0,0,30,
50,6,9,2,5,0,4,1,0,0,40,
25,3,1,4,4,1,4,1,0,0,35,
44,3,9,2,0,0,4,1,0,0,45,
41,3,9,2,13,0,4,1,0,0,40,
30,5,9,2,9,0,4,1,0,1977,15,
38,3,11,2,5,0,4,1,0,0,50,
54,3,6,2,5,0,4,1,0,0,40,
40,0,9,0,0,1,2,0,0,0,52,
37,3,7,2,5,0,2,1,7688,0,40,
46,0,13,2,3,0,4,1,15024,0,40,
38,3,9,0,9,1,4,1,0,0,45,
20,3,10,4,3,3,4,0,0,0,10,
71,8,12,2,14,0,4,1,0,0,3,
35,3,10,2,4,0,4,1,0,0,40,
62,3,13,2,3,0,4,1,0,0,40,
34,3,13,4,9,1,4,0,0,0,45,
56,5,9,2,13,0,4,1,0,0,90,
30,6,14,2,9,0,1,1,0,0,20,
17,3,7,4,0,3,4,0,0,0,20,
18,5,7,4,7,3,4,0,594,0,4,
35,3,7,2,4,0,4,1,0,0,40,
21,3,9,4,6,3,2,1,0,0,1,
46,5,9,0,2,3,4,1,0,0,50,
33,5,10,2,2,0,4,1,0,0,60,
27,3,10,4,11,1,4,0,0,0,40,
36,3,10,2,2,0,4,1,0,0,40,
42,3,4,2,13,0,4,1,0,0,40,
35,3,9,2,13,0,4,1,0,0,50,
25,3,13,5,3,1,4,1,0,0,40,
47,0,13,2,9,0,4,1,0,0,40,
44,6,15,2,9,0,4,1,15024,0,75,
51,0,9,2,13,0,4,1,7688,0,40,
53,3,9,2,9,0,4,1,0,0,42,
47,3,9,2,10,0,4,1,0,0,40,
20,3,7,4,5,3,2,1,0,0,40,
32,3,10,5,6,4,2,0,0,0,70,
28,3,9,2,2,0,4,1,0,0,50,
58,8,3,2,14,0,4,1,0,0,40,
52,3,9,0,11,1,4,0,0,0,40,
35,3,14,5,9,1,4,1,0,0,40,
30,3,10,2,2,0,4,1,0,0,40,
33,3,10,4,0,1,4,0,6849,0,50,
56,6,13,5,9,1,4,0,0,0,38,
21,3,10,4,7,3,4,0,0,0,20,
56,8,10,4,14,1,2,0,0,0,40,
56,3,13,2,9,0,4,1,0,1902,65,
45,3,13,2,2,0,4,1,15024,0,40,
20,3,10,4,3,3,4,0,0,0,20,
62,1,9,2,7,0,4,1,0,0,40,
24,3,13,4,11,1,4,0,0,0,30,
52,0,13,5,0,4,2,0,0,0,40,
23,3,9,2,11,0,4,1,0,0,40,
36,3,14,2,3,0,4,1,0,0,40,
40,3,10,4,2,1,4,1,0,0,40,
30,3,10,2,6,0,4,1,0,0,40,
41,3,5,2,13,0,4,1,0,0,35,
59,3,9,2,13,0,4,1,0,0,40,
27,3,14,4,3,1,4,1,0,0,37,
19,8,10,4,14,3,4,1,0,0,23,
41,3,10,4,3,1,4,1,0,0,50,
27,3,13,4,5,4,4,1,0,0,35,
50,3,9,6,6,4,4,0,0,0,40,
29,3,3,4,7,3,4,0,0,0,40,
38,3,13,2,3,0,4,1,0,0,55,
30,3,9,4,6,3,4,1,0,0,60,
48,3,13,2,9,0,4,1,0,0,55,
39,1,12,2,2,0,2,1,7298,0,40,
40,3,11,2,9,0,4,1,0,0,40,
27,1,7,2,2,0,4,1,0,0,40,
59,5,14,2,2,0,4,1,0,0,40,
31,8,9,0,14,4,2,0,0,0,20,
34,3,9,2,0,0,4,1,0,0,50,
47,4,15,4,7,1,4,1,0,0,60,
64,4,2,2,11,0,4,1,0,0,20,
29,3,5,2,6,0,4,1,0,0,40,
38,1,9,4,13,1,4,1,0,0,40,
42,3,13,2,11,0,4,1,0,1887,40,
49,3,13,2,11,0,4,1,0,0,60,
53,3,10,2,12,0,4,1,0,0,40,
35,3,10,2,0,0,4,1,0,0,50,
70,8,13,2,14,0,1,1,0,0,40,
38,3,9,2,2,0,4,1,0,0,40,
36,3,13,0,11,2,1,0,0,0,40,
34,5,13,2,11,0,1,1,0,0,55,
24,3,13,4,9,1,4,1,0,0,10,
23,3,10,4,0,1,4,0,0,0,40,
21,3,10,4,0,3,4,0,0,0,35,
47,3,10,6,0,4,4,0,0,0,40,
59,3,4,4,4,4,4,1,4865,0,40,
33,0,12,0,3,4,4,1,0,0,50,
63,5,10,2,6,0,4,1,0,0,35,
18,1,9,4,7,3,4,1,0,0,60,
32,3,13,4,9,1,4,0,0,0,50,
33,3,13,2,3,0,2,1,0,0,40,
19,3,9,4,5,2,4,1,0,0,40,
27,1,9,4,9,3,4,1,0,0,40,
40,3,10,0,13,1,4,1,0,0,48,
38,5,12,2,13,0,4,1,0,0,40,
20,3,9,4,4,3,4,1,0,0,47,
35,5,9,5,13,1,4,1,0,0,70,
22,3,10,4,0,3,4,0,0,0,40,
40,3,14,2,9,0,4,1,0,0,50,
34,3,10,2,12,0,4,1,3103,0,40,
23,3,6,4,5,1,4,1,0,0,40,
26,3,13,4,0,1,4,1,0,0,40,
53,4,10,2,4,0,4,1,0,0,60,
34,3,10,2,2,0,4,1,0,0,40,
39,3,9,2,2,0,4,1,0,0,40,
25,3,5,2,2,0,4,1,0,0,40,
18,3,7,4,11,3,4,1,0,0,20,
65,3,13,4,3,1,4,1,0,0,40,
49,5,13,4,3,3,4,0,0,0,40,
64,3,6,2,7,0,2,1,0,0,40,
68,3,13,2,3,0,4,1,0,0,40,
56,5,10,0,7,1,4,0,0,0,40,
68,0,9,0,9,1,4,0,0,3683,40,
35,3,13,2,9,0,4,1,0,0,48,
50,0,9,4,0,4,2,0,0,0,12,
45,3,9,0,0,4,4,0,0,0,28,
43,3,13,2,3,0,4,1,0,0,40,
39,3,10,5,0,4,2,0,0,0,40,
37,3,9,0,2,4,4,1,1506,0,40,
45,3,13,2,12,0,4,1,0,0,50,
20,8,10,4,14,3,4,0,0,0,10,
36,3,12,4,12,4,4,0,0,0,45,
26,3,10,4,0,1,4,0,0,0,40,
36,3,13,4,9,1,4,0,0,0,32,
47,3,13,4,0,1,4,1,0,0,60,
34,3,9,4,6,1,2,1,0,2001,40,
53,3,10,6,11,4,4,0,0,0,30,
32,3,13,0,6,1,4,0,0,1590,42,
44,5,3,2,2,0,4,1,0,0,40,
25,3,9,4,5,2,4,1,0,0,40,
35,3,3,4,4,4,4,1,0,0,36,
34,3,12,0,9,1,4,0,0,0,40,
42,3,10,2,2,0,4,1,0,0,40,
47,3,9,0,7,1,4,0,0,0,4,
23,3,9,4,2,3,4,1,0,0,37,
56,1,9,0,3,1,4,0,0,0,40,
50,3,16,2,9,0,4,1,15024,0,50,
38,3,9,2,13,0,4,1,0,0,60,
46,3,11,2,3,0,4,1,0,0,40,
47,3,12,5,0,4,4,0,0,0,57,
38,5,9,2,7,0,4,1,3464,0,80,
42,3,9,2,13,0,4,1,0,0,46,
48,3,9,2,11,0,4,1,0,0,40,
27,3,9,4,3,1,4,0,0,0,50,
40,3,11,2,9,5,4,0,0,0,36,
53,3,16,2,9,5,4,0,99999,0,37,
75,5,11,6,3,1,4,0,0,0,30,
39,3,13,2,9,0,4,1,0,0,48,
46,0,12,0,0,4,4,0,0,0,40,
51,3,9,6,6,1,2,0,0,0,40,
34,3,9,0,7,3,4,1,0,0,40,
23,3,10,2,11,0,4,1,0,0,40,
32,3,11,4,7,1,4,1,0,0,45,
45,5,10,4,11,1,4,1,0,0,55,
21,3,10,4,7,3,4,1,0,0,40,
36,3,9,2,2,0,4,1,0,0,44,
40,3,6,2,2,0,4,1,0,0,50,
20,8,6,0,14,1,4,0,0,0,40,
68,3,5,0,4,1,2,1,0,0,20,
40,3,13,2,11,0,4,1,0,0,40,
20,3,10,4,0,3,4,0,0,0,24,
48,1,14,0,9,1,4,0,0,0,40,
27,3,13,4,11,1,4,1,0,0,45,
57,0,11,4,12,1,4,1,0,0,40,
54,4,9,2,3,0,4,1,0,0,98,
47,3,9,0,7,1,4,0,0,0,40,
30,1,10,2,2,0,4,1,0,0,40,
17,8,7,4,14,3,4,1,0,0,40,
35,3,10,2,2,0,3,1,0,0,45,
56,1,8,4,5,1,4,1,0,0,40,
20,3,9,4,5,3,4,1,0,0,28,
38,1,13,2,9,0,4,1,0,0,38,
19,3,10,4,11,3,4,0,0,0,25,
24,3,9,4,2,2,4,1,594,0,40,
31,3,10,4,0,1,4,1,0,0,40,
44,1,13,4,9,3,4,1,0,0,60,
21,6,10,4,11,3,2,0,0,1602,12,
41,3,10,2,2,0,4,1,0,0,40,
18,3,7,4,7,3,4,0,0,0,16,
23,3,5,4,13,3,4,1,0,0,40,
37,1,10,2,7,0,0,1,0,0,32,
46,8,11,0,14,4,4,1,0,0,30,
43,5,13,0,11,4,4,1,0,0,45,
31,3,2,2,6,0,4,1,0,0,40,
40,3,10,0,13,4,4,1,0,0,40,
27,3,15,0,9,1,4,0,0,0,12,
64,1,10,4,13,4,4,1,0,0,40,
31,0,11,4,9,3,4,1,0,0,40,
48,3,14,2,3,0,2,1,0,0,45,
37,5,13,2,11,0,4,1,0,0,20,
28,3,10,0,12,1,4,1,0,0,24,
42,3,10,2,2,0,4,1,0,0,40,
60,4,4,2,11,0,4,1,0,0,60,
17,3,7,4,7,3,4,0,0,0,20,
21,8,10,4,14,3,4,0,0,0,30,
46,3,6,0,0,3,2,1,0,0,40,
18,3,9,4,0,3,4,0,0,0,40,
22,3,9,4,7,1,4,1,0,0,27,
44,5,13,0,3,1,4,1,0,0,60,
36,3,9,2,11,0,4,1,0,0,40,
65,3,11,0,3,1,4,0,0,0,40,
26,3,9,4,7,1,4,1,0,0,40,
21,3,6,2,7,0,4,1,0,0,25,
41,3,9,0,2,1,4,1,0,2339,40,
28,3,10,4,7,4,4,0,0,0,35,
27,3,10,4,6,1,4,0,0,0,40,
19,6,10,4,7,1,2,1,0,0,12,
40,3,10,2,13,0,4,1,0,0,40,
19,3,9,4,5,3,4,1,0,0,15,
40,3,11,2,13,0,4,1,2829,0,40,
37,3,9,4,2,4,4,1,0,0,40,
33,3,10,2,0,0,2,1,0,0,40,
34,3,9,2,7,0,4,1,0,0,40,
44,1,12,4,10,1,4,1,0,0,40,
33,3,10,0,0,4,2,0,0,0,40,
72,1,9,2,3,0,4,1,2290,0,10,
19,3,9,4,11,3,4,0,0,0,40,
59,3,11,0,9,1,4,0,0,0,36,
40,3,9,0,10,1,2,0,0,0,40,
35,3,9,0,9,4,4,0,0,0,40,
22,3,12,4,0,1,4,1,0,0,45,
41,3,14,4,9,1,4,0,0,0,40,
59,3,10,2,12,0,4,1,0,0,50,
50,3,8,0,5,4,4,1,0,0,40,
21,3,12,4,0,1,4,0,0,0,10,
40,4,9,2,3,0,4,1,0,0,40,
22,3,9,4,11,1,4,1,0,0,40,
43,3,3,5,6,1,4,0,0,0,40,
17,3,7,4,13,3,4,0,0,0,16,
42,1,4,0,7,1,4,1,0,0,40,
37,3,10,2,6,0,2,1,0,0,40,
19,3,8,4,0,3,4,1,0,0,38,
43,3,3,2,6,0,3,1,0,0,40,
46,3,5,5,2,4,4,0,0,0,40,
18,8,9,4,14,3,4,0,0,0,20,
50,1,15,2,0,0,1,1,0,0,40,
47,5,4,2,11,0,4,1,0,0,40,
31,3,9,4,4,1,4,1,2907,0,99,
33,3,4,2,0,0,4,1,0,0,45,
27,3,9,2,6,0,4,1,7298,0,40,
59,5,9,2,4,0,4,1,0,0,35,
39,1,9,2,2,0,4,1,0,0,40,
29,3,10,2,2,0,4,1,0,0,40,
26,3,13,6,3,1,4,0,0,0,55,
24,3,9,4,2,3,4,1,0,0,40,
25,3,10,4,0,1,4,1,0,1980,40,
30,3,10,4,0,2,4,0,0,0,20,
52,6,7,2,13,0,4,1,0,0,40,
51,0,14,2,9,0,4,1,0,0,40,
30,3,13,4,11,1,4,1,0,0,60,
19,8,10,4,14,3,4,0,0,0,25,
23,3,10,4,12,3,4,1,0,0,60,
37,6,16,2,9,0,4,1,0,0,45,
25,6,10,2,0,0,2,1,0,0,38,
49,5,15,2,9,0,4,1,15024,0,65,
30,3,9,2,9,0,4,1,0,0,55,
40,3,10,0,0,4,4,0,0,0,40,
20,3,9,4,6,2,3,1,0,0,32,
35,5,11,2,4,0,4,1,3103,0,55,
24,3,13,4,3,3,4,1,0,0,45,
32,3,9,5,2,4,2,1,0,0,40,
35,3,9,5,7,3,2,0,0,0,30,
20,3,9,4,7,1,4,0,0,0,40,
29,6,9,2,2,0,4,1,0,0,40,
25,3,9,4,2,3,4,1,0,0,28,
50,1,4,2,13,0,4,1,0,0,40,
24,3,9,4,0,1,4,1,0,0,50,
49,8,13,2,14,0,4,1,15024,0,60,
30,1,9,0,10,3,4,0,0,0,32,
37,3,10,2,0,0,4,1,0,0,40,
50,3,9,2,6,5,4,0,3137,0,40,
20,3,9,4,5,3,4,1,0,0,30,
49,5,9,2,2,0,4,1,5013,0,50,
55,3,4,2,13,0,4,1,0,0,50,
61,3,8,6,6,4,4,0,0,0,40,
22,3,9,3,7,3,4,0,0,0,3,
23,3,12,4,0,1,4,1,0,0,12,
43,3,9,4,9,1,4,1,4650,0,40,
39,3,13,0,0,1,1,0,0,0,24,
21,3,10,4,11,3,4,1,0,0,35,
52,4,9,2,3,0,4,1,0,0,40,
30,3,11,2,11,0,4,1,4064,0,40,
42,3,13,0,0,4,4,1,9562,0,45,
50,5,13,2,2,0,4,1,0,0,50,
51,5,12,0,3,4,4,0,0,0,99,
47,3,6,0,3,1,0,0,0,0,45,
49,8,5,0,14,1,4,1,0,0,40,
45,3,9,2,6,0,4,1,0,0,40,
48,0,10,6,7,4,2,0,0,0,40,
36,3,13,2,3,0,4,1,0,0,50,
20,2,10,4,14,3,2,1,0,0,40,
61,3,9,2,13,0,4,1,0,0,40,
72,3,13,0,11,1,4,1,0,0,30,
19,3,10,4,11,3,4,0,0,0,15,
54,4,13,2,6,0,1,1,7688,0,40,
47,8,10,0,14,1,0,0,0,0,35,
39,3,9,0,7,4,0,0,6849,0,40,
24,3,7,4,6,1,4,0,0,0,40,
44,3,10,3,5,4,4,1,0,0,40,
19,3,9,4,5,3,4,1,0,0,20,
20,3,9,4,11,1,4,1,0,0,48,
23,3,9,4,2,3,4,0,0,0,40,
58,3,9,2,4,0,4,1,0,0,53,
20,3,8,4,2,3,4,1,0,0,40,
62,3,9,2,3,0,4,1,0,0,12,
25,3,9,4,0,3,2,0,4416,0,40,
67,3,13,2,9,0,4,1,0,0,2,
37,1,12,2,3,0,4,1,0,0,40,
36,3,9,0,3,3,4,0,1831,0,40,
38,3,11,5,12,4,4,0,0,0,20,
23,3,9,0,7,4,4,0,0,0,80,
28,3,9,2,11,5,4,0,0,0,40,
25,3,9,0,3,3,4,1,0,0,40,
41,5,16,2,9,0,4,1,15024,0,55,
63,3,13,2,11,0,4,1,0,1848,40,
60,5,9,2,2,0,4,1,0,0,30,
31,4,9,2,3,0,4,1,0,0,50,
29,5,9,2,2,0,4,1,0,0,37,
37,3,13,2,3,5,4,0,7688,0,45,
51,3,5,2,11,0,4,1,0,0,40,
45,3,10,2,3,0,4,1,7298,0,40,
27,3,9,2,2,0,4,1,0,0,40,
18,3,10,4,7,3,4,1,0,0,20,
34,3,9,0,6,4,4,0,0,0,40,
66,5,16,2,11,0,4,1,0,2377,25,
19,8,10,4,14,3,4,0,0,0,15,
36,3,9,2,2,0,4,1,0,0,35,
35,3,13,0,3,4,4,0,0,0,40,
27,3,9,2,11,0,4,1,0,0,45,
29,3,10,0,3,3,4,0,1831,0,40,
25,3,9,4,0,3,4,0,0,0,40,
22,3,10,4,7,3,4,1,0,0,32,
41,3,10,2,2,0,4,1,0,0,48,
20,3,12,4,13,3,4,1,0,0,20,
52,3,9,2,6,0,4,1,0,0,40,
34,3,10,5,7,4,2,0,0,0,37,
44,3,15,0,9,1,4,1,0,0,45,
50,3,14,0,11,1,4,0,0,0,40,
49,4,13,2,3,0,4,1,0,0,50,
36,8,13,4,14,3,4,0,0,0,40,
71,6,15,2,7,0,4,1,0,0,28,
20,3,9,4,7,2,2,1,0,0,25,
20,3,10,4,0,3,4,0,0,0,40,
59,4,9,2,11,0,4,1,0,0,60,
41,3,3,2,4,0,4,1,3411,0,40,
38,3,10,0,3,1,4,0,0,0,42,
55,1,9,2,13,0,4,1,0,0,40,
17,3,5,4,7,4,4,0,0,0,20,
45,3,13,2,3,0,4,1,0,0,55,
43,5,9,0,2,4,0,1,0,0,30,
19,3,8,4,7,3,4,1,0,0,25,
33,3,9,0,7,3,4,0,0,0,40,
63,3,9,4,3,1,4,1,0,0,40,
39,5,9,0,4,1,4,1,8614,0,50,
34,3,9,2,13,0,4,1,0,0,40,
31,3,12,4,6,4,4,1,0,0,40,
21,3,8,2,2,0,4,1,0,0,40,
23,3,11,4,0,2,4,0,0,0,36,
20,3,10,4,5,3,4,0,0,0,8,
45,3,13,0,11,1,4,1,0,0,60,
59,3,9,2,13,0,4,1,0,0,50,
58,3,14,2,3,0,4,1,15024,0,40,
66,1,9,6,0,4,4,0,0,0,35,
37,3,11,2,9,5,4,0,0,1887,35,
29,3,10,0,2,3,4,1,0,0,40,
32,6,13,0,3,1,1,0,0,0,40,
39,3,13,2,9,0,4,1,0,1902,50,
57,3,9,6,3,4,4,0,0,0,45,
57,3,14,2,9,0,4,1,0,0,40,
50,4,9,3,11,1,4,1,0,0,60,
44,4,13,2,4,0,4,1,15024,0,65,
56,3,11,2,2,0,2,1,0,0,40,
26,3,14,4,3,1,4,0,0,0,48,
22,8,10,4,14,3,4,0,0,0,40,
26,5,11,4,4,3,4,1,0,0,65,
33,3,13,2,9,0,4,1,0,0,40,
36,5,11,2,4,0,4,1,0,0,60,
45,3,10,2,11,0,4,1,0,0,40,
56,1,16,0,9,1,4,0,0,1669,38,
23,3,10,4,11,3,4,1,0,0,36,
23,3,10,4,7,1,2,1,0,0,25,
35,1,13,0,9,1,4,1,0,0,40,
39,3,13,2,9,5,4,0,7688,0,32,
45,3,9,0,2,1,4,1,0,0,40,
21,3,10,4,11,3,4,0,0,0,25,
56,6,9,2,0,0,4,1,0,0,40,
31,0,9,4,5,3,4,0,0,0,40,
44,3,8,4,13,1,2,1,0,0,36,
21,8,10,4,14,2,4,1,0,0,10,
31,3,9,2,5,0,4,1,5013,0,40,
20,3,9,4,5,3,4,1,0,0,38,
17,8,7,4,14,3,2,0,0,0,40,
44,0,9,2,0,0,4,1,0,0,40,
19,3,10,4,7,3,4,0,0,0,23,
71,8,9,6,14,4,4,1,0,0,24,
23,3,10,4,11,1,4,0,0,0,40,
21,3,9,4,2,3,4,1,0,0,40,
29,6,14,2,9,0,4,1,0,0,15,
33,3,10,5,7,1,4,0,0,0,30,
46,3,9,0,3,1,4,1,0,0,48,
21,8,10,4,14,3,2,0,0,0,40,
36,4,10,2,11,0,4,1,15024,0,60,
70,5,14,2,9,0,4,1,9386,0,30,
19,3,9,4,5,1,4,0,0,0,37,
29,3,10,2,3,3,2,0,0,0,40,
34,3,12,4,11,4,4,1,0,0,50,
26,3,10,4,3,1,4,1,0,0,40,
30,3,13,4,3,1,4,0,0,0,40,
34,3,10,4,0,1,4,0,0,0,40,
24,8,13,4,14,1,1,1,0,0,25,
28,3,9,4,11,3,4,1,0,0,48,
24,8,10,4,14,3,4,1,0,0,40,
76,3,13,2,0,0,4,1,20051,0,50,
19,3,8,4,5,3,4,1,0,0,40,
45,3,6,2,2,0,4,1,2829,0,40,
24,5,10,4,9,1,1,1,0,0,30,
37,3,13,2,2,0,4,1,0,0,40,
24,3,13,2,9,0,4,1,0,0,30,
24,3,13,4,0,1,4,0,0,0,42,
40,3,9,2,6,0,4,1,0,0,45,
20,3,10,4,5,3,4,1,0,0,20,
23,1,7,2,5,0,4,1,0,0,40,
25,3,10,4,7,1,3,0,0,0,40,
64,3,12,4,9,2,4,0,0,0,30,
53,1,14,2,9,0,4,1,0,1977,55,
28,3,10,2,0,3,4,0,0,0,40,
52,1,14,2,9,0,2,1,0,0,40,
28,3,15,4,9,1,2,1,0,0,50,
31,3,12,2,3,0,4,1,0,0,55,
77,3,13,4,9,1,4,0,0,0,10,
22,3,9,4,12,3,4,1,0,0,40,
17,8,7,4,14,3,4,0,0,0,20,
38,3,13,4,3,1,4,1,0,0,55,
45,8,7,0,14,3,2,1,0,0,40,
25,1,10,4,0,4,2,0,0,0,40,
50,3,9,2,2,0,4,1,0,0,40,
53,1,9,2,3,0,4,1,0,0,60,
24,3,9,4,4,1,4,1,0,0,40,
33,3,9,2,0,0,4,1,0,0,50,
57,0,14,2,3,0,2,1,15024,0,40,
39,3,15,2,3,5,4,0,15024,0,48,
30,3,10,0,13,1,4,1,0,0,30,
31,0,9,2,0,0,4,1,0,0,40,
39,6,10,4,13,3,2,1,0,0,40,
30,3,13,4,11,3,4,0,0,0,65,
48,3,10,5,0,4,4,0,0,0,44,
62,8,14,2,14,5,4,0,0,0,40,
39,3,9,2,6,0,4,1,0,0,45,
34,3,9,4,13,3,4,1,0,1980,40,
45,3,14,2,3,0,4,1,0,0,50,
32,3,7,0,6,4,4,0,0,0,40,
40,0,10,4,0,1,4,0,0,0,50,
17,3,6,4,7,3,4,0,0,0,15,
19,8,6,4,14,3,2,1,0,0,25,
25,3,9,2,12,0,4,1,0,0,84,
42,3,10,2,13,0,4,1,0,0,57,
66,3,13,2,8,2,4,1,0,0,99,
63,5,9,6,11,1,4,1,0,0,70,
43,3,4,2,7,0,4,1,0,0,25,
26,3,9,4,5,1,4,1,0,0,20,
23,3,9,2,6,5,4,0,0,0,40,
39,3,15,2,3,0,4,1,0,0,55,
47,4,9,2,3,0,4,1,0,0,40,
36,3,9,4,6,1,2,0,0,0,48,
35,3,9,2,2,0,4,1,0,0,40,
25,3,9,4,4,1,4,1,0,0,40,
21,6,10,4,0,3,4,0,0,0,15,
46,3,9,2,8,5,4,0,0,0,40,
43,3,6,2,5,0,2,1,0,0,40,
31,6,16,2,9,0,4,1,0,1977,70,
41,3,9,0,2,4,4,0,0,0,60,
50,3,9,6,0,4,4,0,0,0,35,
36,3,7,5,3,1,4,0,0,0,32,
31,8,9,5,14,3,4,0,0,0,20,
45,5,4,2,3,0,4,1,0,0,65,
50,3,7,2,3,0,4,1,0,0,50,
52,3,4,2,3,5,4,0,0,0,50,
40,3,16,2,9,0,4,1,0,0,40,
55,3,13,2,3,0,4,1,15024,0,55,
64,8,6,2,14,0,4,1,0,0,56,
51,4,15,2,9,0,4,1,0,0,40,
30,3,10,2,9,0,4,1,7688,0,40,
56,6,14,0,9,1,4,0,0,0,39,
35,3,9,2,3,0,4,1,0,0,48,
55,5,6,2,11,0,4,1,0,0,35,
30,3,9,4,12,4,4,0,0,0,40,
34,3,9,4,2,1,4,1,0,0,40,
36,3,11,2,9,5,4,0,0,0,40,
43,4,9,2,2,0,4,1,0,0,60,
24,1,10,4,10,1,4,1,0,0,50,
30,3,6,2,7,0,2,1,0,0,40,
33,1,11,4,10,1,4,1,0,0,70,
32,3,12,4,9,1,4,1,0,0,40,
29,0,13,4,9,1,4,0,0,0,40,
50,3,9,2,6,0,4,1,3137,0,47,
18,3,7,4,9,3,4,1,0,0,15,
20,3,7,4,11,3,4,0,0,0,25,
45,6,14,2,9,0,4,1,0,0,45,
22,3,10,4,11,1,4,1,0,0,35,
45,3,15,2,3,0,4,1,0,0,40,
41,3,9,2,6,0,4,1,0,0,40,
42,1,4,3,7,1,4,0,0,0,35,
24,3,13,4,11,1,4,1,0,0,40,
22,3,9,4,5,4,4,1,0,0,35,
28,3,9,2,3,0,4,1,0,0,45,
23,3,10,4,5,3,4,1,0,0,35,
21,3,4,4,4,3,4,0,0,0,38,
23,3,13,4,0,1,1,0,0,0,20,
45,3,10,0,0,4,4,0,0,0,48,
41,3,9,0,11,4,4,0,0,0,40,
49,0,9,2,0,0,4,1,0,0,40,
38,3,10,4,7,3,2,0,0,0,40,
37,3,9,4,5,1,4,1,0,0,40,
70,3,13,6,6,2,1,1,0,0,32,
24,3,9,4,0,1,4,0,2597,0,40,
28,1,13,4,9,1,4,0,0,0,40,
24,3,11,4,0,3,1,0,0,0,20,
83,4,6,2,4,0,4,1,20051,0,50,
69,3,16,2,9,0,4,1,0,0,40,
37,3,9,4,0,4,2,0,0,0,40,
28,3,13,4,3,1,4,0,0,0,40,
54,3,10,0,0,1,4,0,0,0,40,
71,3,9,2,3,0,4,1,0,2377,45,
56,6,9,6,0,4,1,0,0,0,40,
27,1,13,4,9,1,3,0,0,0,45,
42,5,14,2,11,0,4,1,99999,0,80,
21,3,9,4,11,3,4,1,0,0,44,
29,3,11,2,9,0,4,1,0,0,40,
27,3,4,4,7,1,4,1,0,0,24,
32,3,13,4,9,1,4,1,0,0,50,
31,3,10,4,0,1,4,1,0,0,40,
38,3,10,5,7,1,4,0,4650,0,72,
55,6,16,2,9,0,1,1,0,0,40,
48,3,9,2,13,0,4,1,0,0,45,
58,5,9,6,4,1,4,1,0,0,80,
23,3,10,4,0,1,4,0,0,0,40,
28,6,10,4,0,1,4,0,0,0,50,
49,1,10,2,3,0,4,1,0,0,46,
51,3,9,3,7,4,4,0,0,0,40,
23,3,9,5,2,3,4,1,0,0,53,
40,5,9,0,3,1,2,1,0,0,50,
59,3,9,0,7,1,1,1,0,0,40,
47,3,13,0,2,1,4,0,0,0,50,
37,3,9,2,13,0,4,1,0,0,50,
39,3,12,0,3,4,4,1,1506,0,40,
43,3,10,2,2,0,4,1,0,0,60,
40,3,11,2,4,0,4,1,0,0,60,
48,3,6,2,13,0,4,1,0,0,40,
29,3,5,4,11,1,4,0,0,0,48,
48,3,10,2,11,0,4,1,0,0,50,
37,3,13,4,4,1,4,1,0,0,30,
19,3,9,4,11,1,4,1,4101,0,48,
28,3,6,4,7,3,2,0,0,0,30,
56,3,3,2,2,0,2,1,0,0,40,
45,3,9,0,13,3,4,1,0,0,60,
60,6,10,2,10,0,4,1,0,0,40,
53,6,14,2,3,0,4,1,0,0,42,
37,6,9,2,0,0,4,1,0,0,40,
31,3,9,2,7,0,4,1,0,0,40,
29,3,11,1,4,0,4,1,0,0,44,
31,8,9,6,14,4,4,0,0,0,36,
39,3,9,2,13,0,2,1,0,0,40,
31,1,13,2,9,0,4,1,0,0,40,
42,3,13,2,3,0,4,1,15024,0,45,
17,3,7,4,5,3,4,0,0,0,16,
19,3,9,4,7,3,4,0,0,0,20,
24,3,13,4,7,1,1,1,0,0,32,
62,3,9,2,4,0,4,1,6418,0,40,
34,3,2,4,7,2,4,0,0,0,40,
47,4,14,2,3,0,4,1,15024,0,55,
58,3,13,4,9,1,4,0,0,0,62,
23,3,11,4,9,1,4,0,0,0,36,
33,3,9,4,7,4,2,0,0,0,40,
76,3,9,6,0,1,4,1,0,0,6,
40,3,9,0,3,4,4,0,0,0,50,
28,3,4,0,7,4,4,0,0,0,50,
41,3,10,2,12,5,4,0,0,0,40,
46,1,9,2,10,0,4,1,7688,0,96,
22,0,10,4,0,1,4,0,0,0,40,
29,3,11,2,5,0,4,1,0,0,40,
26,3,9,4,7,4,4,1,0,0,40,
31,3,13,4,0,1,4,1,8614,0,40,
22,3,9,4,7,1,4,0,0,0,25,
41,3,10,4,13,1,2,1,0,0,43,
29,3,9,4,13,2,3,1,0,0,40,
60,3,11,2,12,0,4,1,7298,0,40,
72,0,9,2,0,0,4,1,0,0,40,
41,4,10,2,4,0,4,1,0,0,65,
19,3,10,4,7,3,4,0,0,0,25,
25,3,13,4,7,3,4,1,0,0,40,
24,3,13,4,3,1,4,1,0,0,45,
59,3,5,2,7,0,4,1,0,0,30,
17,3,7,4,2,3,4,1,0,0,30,
59,8,13,2,14,0,4,1,0,0,40,
69,8,10,4,14,1,4,1,1848,0,1,
25,3,10,2,11,0,4,1,2885,0,43,
50,8,9,2,14,0,4,1,0,0,60,
29,3,9,5,7,1,4,0,0,0,40,
43,3,9,2,2,0,4,1,0,0,55,
29,1,10,4,7,3,4,0,0,0,10,
29,6,10,0,0,4,2,1,0,0,40,
32,1,10,2,10,0,4,1,0,0,40,
17,8,6,4,14,2,4,1,0,0,6,
50,5,9,2,3,0,4,1,0,0,45,
43,3,10,2,3,0,4,1,0,0,50,
41,3,9,4,6,4,4,0,0,0,40,
32,3,13,2,3,5,4,0,0,0,40,
54,6,14,4,9,1,4,0,0,0,45,
65,3,9,2,3,0,4,1,0,0,40,
18,8,9,4,14,3,3,0,0,0,40,
70,4,10,2,3,0,4,1,0,0,40,
53,3,14,2,3,0,4,1,0,0,55,
37,3,13,2,3,0,4,1,0,1977,60,
21,3,10,4,13,3,4,1,0,0,30,
20,3,9,4,6,3,4,1,0,0,40,
47,6,9,0,0,4,4,1,0,0,38,
26,3,9,2,3,0,4,1,3942,0,45,
31,3,15,4,9,1,4,1,0,0,50,
45,5,10,2,13,0,4,1,0,0,40,
35,3,9,5,0,4,4,0,0,0,40,
55,3,13,2,3,0,4,1,0,0,45,
49,3,14,2,9,0,4,1,0,0,50,
33,4,9,4,7,4,1,1,0,0,40,
30,0,15,4,3,1,4,1,0,0,55,
19,3,10,4,7,3,4,1,0,0,15,
48,4,13,2,3,0,4,1,0,0,60,
41,3,10,0,2,1,4,1,0,0,40,
29,3,13,2,12,0,4,1,0,0,35,
47,1,14,2,9,0,4,1,0,0,48,
53,1,14,2,3,0,2,1,0,0,40,
19,3,10,4,0,3,4,0,0,0,10,
71,3,9,0,7,1,4,0,0,0,16,
29,3,10,4,11,4,4,0,0,0,25,
43,1,10,2,7,0,4,1,0,0,40,
23,3,13,4,3,1,4,0,0,0,30,
52,3,10,0,0,1,4,0,0,0,40,
56,3,13,2,11,0,4,1,0,0,40,
28,3,6,4,2,1,4,1,0,0,40,
44,5,13,2,9,0,4,1,0,0,80,
37,0,13,4,9,1,4,0,0,0,40,
30,3,11,2,3,0,4,1,0,0,50,
31,1,9,2,2,0,4,1,0,0,40,
20,3,10,4,11,3,4,0,0,0,25,
64,3,9,2,11,0,4,1,0,0,65,
45,3,9,2,7,0,4,1,0,0,40,
40,3,10,4,3,1,4,1,0,0,50,
19,3,9,4,5,3,4,1,0,0,52,
54,3,13,0,3,4,4,1,0,0,45,
61,4,16,2,3,0,1,1,0,0,40,
18,3,7,4,7,3,4,0,0,0,20,
62,8,9,2,14,0,4,1,0,0,40,
33,3,11,4,2,1,4,1,0,0,40,
51,3,9,5,7,1,2,0,0,0,37,
54,3,9,2,2,0,4,1,0,0,40,
24,3,10,2,10,2,4,1,0,0,24,
54,3,10,0,3,4,4,0,0,0,40,
42,3,13,2,3,0,4,1,0,0,45,
51,0,14,6,11,4,4,1,0,0,50,
41,3,10,2,0,5,2,0,0,0,40,
47,1,12,5,3,1,4,1,0,1408,40,
31,6,10,0,0,4,4,0,0,0,40,
21,3,11,4,2,3,2,1,0,0,40,
52,3,10,0,3,4,4,0,0,0,40,
20,3,10,4,9,3,4,0,0,0,15,
18,3,9,4,11,3,4,0,0,0,25,
58,3,9,2,8,2,1,0,0,0,60,
23,3,9,4,0,4,4,0,0,0,40,
21,3,10,4,11,1,4,0,0,0,20,
43,6,11,2,10,0,4,1,0,0,40,
53,3,9,0,6,3,4,1,0,0,40,
18,3,9,2,3,5,4,0,0,0,40,
44,3,13,2,3,0,4,1,0,0,40,
31,3,13,4,9,1,4,1,0,0,50,
48,3,2,2,7,0,4,1,0,0,40,
55,4,14,0,9,1,4,0,0,0,35,
24,3,10,4,0,3,2,0,0,0,20,
41,6,14,2,9,0,4,1,0,0,40,
35,3,9,2,2,0,4,1,0,0,40,
47,1,11,0,0,1,4,0,0,0,40,
54,3,10,2,11,0,4,1,0,0,32,
40,3,13,5,11,1,4,1,0,0,40,
56,5,10,0,11,4,4,0,0,0,48,
23,3,11,4,12,1,4,1,0,0,40,
34,5,9,2,2,0,4,1,0,0,60,
27,1,9,4,2,4,2,1,0,0,40,
32,3,13,4,9,1,4,1,0,0,40,
72,5,10,2,4,0,4,1,0,0,74,
43,1,8,2,13,0,4,1,0,1579,40,
32,3,12,0,9,4,2,0,0,0,35,
53,3,10,5,0,3,4,1,0,0,40,
18,3,8,4,7,3,4,1,0,0,10,
38,3,6,6,13,4,2,1,114,0,40,
41,0,11,0,0,3,2,0,0,0,40,
29,3,9,4,2,3,4,1,0,0,45,
70,8,10,2,14,0,4,1,0,0,4,
46,4,13,6,3,1,4,0,0,0,50,
47,3,10,2,0,5,4,0,0,0,40,
56,1,10,2,0,5,4,0,0,0,15,
28,3,9,2,2,0,2,1,2829,0,40,
55,6,15,2,9,0,4,1,15024,0,40,
50,6,13,3,9,1,4,1,6849,0,40,
47,3,7,0,0,4,4,0,0,0,40,
42,4,9,2,3,0,4,1,0,0,40,
22,3,10,4,6,3,4,1,0,0,25,
42,3,3,2,7,0,4,1,0,0,44,
42,0,10,0,3,4,1,0,0,0,40,
46,3,9,0,3,1,4,0,0,0,40,
45,3,10,2,11,0,2,1,15024,0,99,
55,3,9,2,3,0,1,1,0,0,55,
57,3,13,2,10,0,4,1,0,0,40,
25,3,8,4,2,3,4,1,0,0,40,
43,3,9,2,13,0,4,1,0,0,30,
34,4,13,0,4,1,4,1,0,0,60,
27,1,13,0,9,2,4,0,0,0,40,
25,3,9,4,6,3,4,0,2176,0,40,
37,3,10,4,3,1,4,0,0,0,40,
48,3,10,0,11,4,4,1,0,0,45,
38,3,9,2,7,0,4,1,0,0,45,
17,3,6,4,2,1,4,1,594,0,30,
70,3,11,2,6,0,4,1,9386,0,50,
37,3,9,0,0,4,4,0,0,0,37,
45,3,9,2,2,0,4,1,0,0,46,
56,3,9,2,11,0,4,1,0,0,55,
64,3,9,2,6,0,4,1,0,0,40,
35,1,10,0,0,3,4,0,0,0,38,
23,3,9,4,11,3,4,1,0,0,40,
42,1,9,2,10,0,4,1,0,0,90,
23,3,10,4,5,3,4,1,0,0,30,
26,8,10,4,14,3,4,1,0,0,12,
56,1,9,2,13,0,4,1,0,0,40,
41,3,13,2,9,0,4,1,0,1887,40,
47,5,3,2,11,0,4,1,0,2179,50,
21,3,10,4,5,3,4,1,0,0,40,
29,3,9,4,2,3,2,1,0,0,40,
32,6,10,3,4,3,4,1,0,0,50,
72,3,5,6,7,4,2,0,0,0,20,
69,5,15,2,9,0,4,1,99999,0,40,
19,3,10,4,0,2,4,1,0,0,25,
25,1,13,4,2,3,4,1,0,0,25,
56,3,10,2,11,0,4,1,0,1848,50,
42,3,14,4,9,1,4,0,8614,0,50,
58,3,13,0,3,4,4,0,0,0,35,
24,3,13,4,12,3,4,1,0,0,40,
41,3,11,2,12,5,4,0,0,0,38,
40,3,6,2,3,0,4,1,0,0,40,
37,3,9,2,7,0,4,1,0,0,45,
25,3,12,0,0,4,4,0,0,0,40,
43,4,13,2,11,3,1,0,0,0,40,
36,3,9,4,2,3,4,1,0,0,40,
41,3,9,2,6,0,4,1,0,0,40,
31,3,13,4,9,1,4,0,0,0,40,
22,3,9,4,3,3,4,0,0,0,40,
36,3,11,2,2,0,4,1,0,0,40,
42,3,6,2,6,0,4,1,0,0,40,
29,3,9,2,2,0,4,1,0,0,60,
25,3,9,4,0,4,4,0,0,0,46,
23,3,13,4,3,1,4,1,0,0,40,
34,3,9,5,11,4,2,0,0,0,20,
27,3,9,2,0,0,4,1,2580,0,45,
32,3,13,2,11,0,2,1,15024,0,50,
33,3,10,3,9,1,4,1,0,0,40,
38,3,13,0,3,1,4,0,0,0,55,
21,3,10,4,6,3,4,1,0,0,30,
39,3,11,2,2,0,4,1,0,0,40,
50,3,13,2,3,0,4,1,0,0,40,
32,3,10,4,0,1,4,1,0,0,30,
40,0,9,2,3,0,4,1,0,0,40,
58,0,10,2,3,0,4,1,15024,0,40,
20,3,9,4,0,3,4,0,0,0,20,
63,8,9,0,14,1,4,0,0,2205,40,
56,3,13,2,0,0,4,1,0,0,50,
30,1,13,2,10,0,4,1,0,0,40,
39,3,10,0,3,4,4,0,0,0,39,
25,3,12,4,9,1,4,1,0,0,50,
33,3,9,2,6,0,4,1,0,0,40,
41,6,13,4,9,1,4,1,0,0,40,
50,3,10,0,2,1,4,1,0,0,40,
44,3,10,2,13,0,4,1,0,0,40,
27,3,13,4,3,1,4,1,0,0,40,
27,3,13,4,9,1,1,1,13550,0,40,
58,3,3,2,6,0,4,1,0,0,40,
25,3,10,4,12,3,4,1,0,0,15,
31,3,9,2,6,5,0,0,0,0,40,
39,3,9,2,3,0,4,1,0,0,50,
55,3,11,2,2,0,4,1,0,0,40,
22,3,11,4,7,3,4,0,0,0,12,
44,3,12,5,3,1,4,1,0,0,40,
41,8,11,2,14,5,4,0,0,1628,5,
44,3,8,0,13,1,4,0,0,0,40,
61,3,4,2,4,0,4,1,0,0,54,
32,3,11,2,6,0,4,1,0,0,40,
35,3,13,2,3,0,4,1,0,0,45,
28,3,10,2,2,0,4,1,0,0,40,
57,3,13,2,3,0,1,1,0,0,40,
32,3,16,2,9,0,4,1,0,0,65,
46,6,4,4,7,1,2,0,0,0,40,
26,5,9,2,7,5,4,0,0,1579,20,
43,4,9,2,2,0,4,1,0,0,40,
62,1,9,0,7,1,4,0,0,0,35,
60,6,14,2,9,0,1,1,0,0,38,
67,3,9,0,11,1,4,0,0,0,20,
19,3,9,4,11,4,2,0,0,0,30,
55,8,9,4,14,1,4,0,0,0,40,
48,3,6,2,2,0,4,1,0,0,65,
19,6,9,4,0,1,4,0,0,0,20,
19,3,10,4,7,1,4,0,0,0,30,
43,3,9,0,3,4,4,0,0,0,40,
31,3,16,2,9,5,4,0,0,0,90,
65,3,10,2,3,5,4,0,0,0,45,
32,3,9,4,6,1,4,0,0,0,40,
36,6,14,2,9,0,4,1,0,0,40,
41,3,9,2,6,0,4,1,0,0,40,
33,1,10,2,10,0,4,1,3908,0,40,
72,8,6,0,14,1,4,1,0,0,12,
34,3,13,2,11,0,4,1,0,1977,50,
27,3,10,4,2,1,4,1,0,0,45,
75,4,7,4,3,1,4,1,0,0,50,
39,8,6,6,14,4,4,0,0,0,15,
51,3,9,2,2,0,4,1,0,1887,40,
47,3,9,2,4,0,4,1,0,0,40,
31,3,10,4,9,1,4,1,0,0,40,
40,3,14,4,3,1,4,0,0,0,40,
48,3,9,0,11,1,4,0,0,0,30,
36,1,13,4,10,1,2,1,0,0,40,
18,3,9,4,7,3,4,1,0,0,20,
33,3,9,4,3,1,4,0,0,0,40,
34,3,14,2,11,0,4,1,0,0,40,
51,3,10,2,2,0,4,1,3103,0,48,
39,6,12,0,9,1,4,0,0,0,40,
20,3,9,4,7,3,4,1,0,0,35,
67,1,10,0,0,1,2,0,0,0,20,
42,3,11,4,0,1,4,0,0,0,60,
59,3,7,2,6,0,4,1,0,0,40,
31,1,9,4,10,1,2,1,0,0,40,
19,3,10,4,7,4,2,0,2036,0,30,
47,3,10,0,3,1,4,0,0,0,48,
68,3,4,2,7,0,4,1,0,0,30,
30,3,10,2,5,0,4,1,0,0,40,
34,3,9,4,5,1,4,1,0,0,60,
49,3,4,2,6,0,4,1,0,0,40,
38,3,10,2,2,0,4,1,0,0,40,
60,3,10,2,11,0,4,1,7298,0,40,
51,3,10,2,11,0,4,1,0,0,40,
24,3,13,4,0,1,4,1,0,0,40,
18,3,10,4,5,3,2,0,0,1602,35,
24,3,13,4,3,3,4,0,0,0,40,
21,3,3,2,7,0,4,1,0,0,40,
48,1,9,2,12,5,4,0,0,1848,40,
52,1,5,2,7,5,4,0,0,0,40,
48,3,9,0,5,1,4,1,0,0,40,
40,0,13,2,9,0,4,1,7688,0,66,
29,8,7,0,14,1,4,0,3418,0,48,
20,3,10,4,12,3,4,0,0,0,20,
31,3,9,0,11,4,4,0,0,0,25,
30,3,10,2,3,0,4,1,0,0,50,
30,3,9,4,2,4,4,1,0,0,40,
51,3,9,4,5,3,4,0,0,0,40,
29,3,11,0,3,1,4,0,0,0,40,
56,5,14,4,11,1,4,1,0,0,16,
46,3,13,5,12,4,4,0,0,0,40,
41,3,10,5,9,3,4,0,0,3900,40,
29,3,3,4,7,2,4,0,0,0,40,
48,5,9,2,3,0,1,1,0,0,30,
34,4,9,0,11,1,4,0,0,0,50,
42,5,11,2,3,0,4,1,0,0,50,
25,3,9,4,7,4,4,0,0,0,30,
47,3,7,0,7,4,2,0,0,0,40,
23,3,9,4,11,3,4,1,0,0,40,
43,1,11,2,13,0,4,1,0,0,22,
19,1,10,4,7,3,2,0,0,0,35,
22,3,9,4,5,3,4,1,0,0,40,
40,1,13,0,9,4,4,0,0,0,70,
41,5,11,2,2,0,4,1,0,0,40,
71,4,13,2,3,0,4,1,0,2392,60,
42,3,9,2,0,0,4,1,0,0,45,
31,6,13,4,0,1,4,1,0,0,47,
69,8,10,2,14,0,4,1,0,0,32,
58,5,9,2,4,0,4,1,0,0,70,
36,3,7,6,7,4,2,0,0,0,12,
31,3,9,2,13,0,4,1,0,0,65,
20,8,10,4,14,3,3,0,594,0,35,
41,3,9,4,0,1,4,0,0,0,40,
35,3,10,2,2,0,4,1,0,0,40,
62,8,4,2,14,0,4,1,0,0,40,
28,3,13,4,9,3,4,0,0,0,15,
27,3,8,2,4,3,4,1,0,0,55,
17,3,7,4,5,3,4,1,0,0,40,
35,5,9,0,11,1,4,1,0,0,50,
45,5,10,2,7,5,4,0,0,0,99,
44,3,13,0,0,4,4,0,0,0,40,
27,3,11,4,7,1,1,0,0,0,40,
51,3,5,2,2,0,4,1,0,0,40,
49,3,9,6,7,1,4,0,0,0,45,
64,5,6,2,9,0,4,1,0,0,10,
54,5,4,0,13,1,4,1,0,0,45,
43,3,9,2,2,0,3,1,0,0,40,
32,3,9,0,2,4,4,1,0,0,35,
36,3,12,4,11,1,2,1,10520,0,43,
26,5,9,4,11,2,1,1,0,0,50,
37,3,13,2,3,0,4,1,0,0,50,
38,3,12,0,0,4,4,0,0,0,40,
26,3,8,2,2,0,4,1,0,0,40,
50,3,13,2,2,0,4,1,0,1887,50,
47,3,10,2,2,0,4,1,7298,0,40,
42,3,9,0,6,1,4,0,0,0,40,
66,1,9,6,13,1,2,0,0,0,40,
43,3,9,5,0,1,2,0,0,0,32,
37,3,13,2,9,0,4,1,0,0,45,
37,3,6,0,3,4,4,0,0,0,35,
25,3,10,4,12,3,4,0,0,0,40,
29,3,13,2,2,0,4,1,0,0,50,
63,8,9,2,14,0,4,1,0,0,40,
50,5,12,2,6,0,4,1,3103,0,40,
42,6,14,4,9,1,4,1,0,0,70,
32,3,9,4,2,3,4,1,0,0,40,
42,6,10,2,10,0,4,1,0,0,40,
41,5,9,2,3,0,4,1,0,0,50,
25,3,13,4,11,1,4,1,3325,0,40,
65,4,9,2,11,0,4,1,0,0,50,
32,3,10,2,6,0,4,1,0,0,50,
32,3,9,4,2,4,4,1,0,0,10,
24,3,10,2,2,0,4,1,0,0,60,
51,0,9,0,3,1,4,0,0,0,40,
67,8,6,4,14,1,2,0,0,0,35,
28,3,7,3,7,4,4,0,0,0,35,
32,4,10,2,3,0,4,1,0,0,55,
77,3,15,2,3,0,4,1,0,0,40,
47,3,9,0,0,4,4,0,0,0,20,
26,3,9,4,5,1,4,1,0,0,40,
20,3,10,4,5,3,4,1,0,0,20,
57,6,10,2,9,0,2,1,0,0,35,
40,3,16,2,9,0,4,1,0,0,45,
50,3,14,2,11,0,4,1,0,0,40,
19,3,4,2,5,3,4,1,0,0,45,
54,0,8,2,0,0,4,1,0,0,40,
51,1,10,2,10,0,4,1,0,0,40,
51,1,13,2,0,0,4,1,0,0,50,
38,6,10,2,10,0,4,1,7688,0,40,
68,8,13,2,14,0,4,1,0,0,25,
17,3,8,4,11,3,4,0,0,0,20,
32,3,13,4,3,1,4,1,0,0,40,
29,3,10,2,2,0,4,1,0,0,45,
42,3,10,0,11,4,4,1,0,0,40,
40,3,9,0,3,4,4,0,0,0,40,
27,3,10,2,2,0,4,1,0,0,40,
22,6,13,4,9,3,4,0,0,0,20,
58,3,7,6,7,1,4,0,0,0,40,
61,3,13,2,11,0,4,1,0,0,45,
42,3,13,2,2,5,2,0,0,0,35,
49,3,14,3,10,1,1,1,0,0,40,
41,4,13,2,3,0,4,1,0,0,40,
43,3,9,0,6,1,2,0,0,0,40,
46,3,13,0,11,4,4,1,0,0,40,
28,3,9,2,13,0,4,1,0,0,45,
39,5,10,2,11,0,4,1,7688,0,50,
50,1,10,2,2,0,4,1,7688,0,40,
57,3,10,3,0,1,4,1,0,0,40,
47,3,9,2,7,5,4,0,0,0,38,
79,5,9,2,4,0,4,1,0,0,40,
40,3,9,2,8,5,4,0,0,0,45,
35,0,13,2,9,0,1,1,0,0,40,
35,1,13,2,3,0,4,1,0,1740,80,
30,3,13,2,7,0,4,1,0,0,60,
26,3,6,4,4,1,2,1,0,0,40,
49,3,9,4,13,4,2,0,1506,0,40,
48,3,9,2,2,0,4,1,0,0,40,
22,3,10,4,7,1,4,1,0,0,45,
22,3,7,4,7,3,4,0,0,0,30,
50,3,6,5,0,1,2,0,0,0,47,
47,5,9,2,4,0,4,1,0,0,60,
36,3,9,2,13,0,4,1,0,0,50,
44,3,12,2,2,0,4,1,0,0,40,
73,3,5,6,7,4,4,0,0,0,9,
24,8,9,4,14,1,1,0,0,0,45,
34,3,13,2,9,0,4,1,0,0,40,
37,3,10,2,2,0,1,1,0,0,40,
28,8,8,2,14,5,4,0,0,0,20,
46,3,10,2,0,5,4,0,0,0,40,
20,8,10,4,14,3,4,0,0,0,35,
29,3,3,2,4,0,4,1,0,0,40,
24,3,11,2,2,0,4,1,0,0,40,
29,6,10,4,9,1,4,1,0,0,35,
18,3,8,4,0,3,4,0,0,0,20,
41,3,13,0,3,4,2,0,0,0,90,
59,3,9,2,2,0,4,1,0,0,40,
27,3,3,4,4,4,4,1,0,0,50,
50,3,12,2,2,0,4,1,0,0,45,
25,3,2,4,6,1,4,1,0,0,24,
42,3,13,0,3,4,4,0,0,0,45,
36,3,10,2,2,0,4,1,0,0,40,
62,3,10,2,0,0,4,1,0,0,60,
71,3,11,4,0,1,4,0,0,0,40,
38,3,13,0,3,1,4,1,0,0,55,
44,3,9,3,0,4,2,0,0,0,40,
19,8,6,4,14,3,4,1,0,0,30,
49,5,10,2,4,0,4,1,0,0,60,
60,4,13,2,9,0,4,1,7688,0,40,
28,5,9,2,3,0,4,1,0,0,40,
26,3,13,4,11,1,4,0,0,0,55,
18,3,7,4,5,3,4,1,0,0,12,
43,3,11,2,2,0,4,1,0,0,50,
65,1,8,6,3,1,4,1,2009,0,44,
23,3,6,4,2,3,4,1,0,0,44,
21,3,10,4,7,3,4,0,0,0,35,
20,5,9,4,4,3,4,1,0,0,40,
19,3,10,4,11,3,1,0,0,0,18,
77,3,9,6,0,1,4,0,0,0,32,
32,3,11,2,12,0,4,1,0,0,40,
37,1,10,2,13,0,4,1,0,0,30,
29,5,9,2,13,0,4,1,0,0,45,
59,3,16,2,9,0,4,1,0,2415,45,
22,3,10,4,2,3,4,1,0,0,40,
30,8,13,2,14,5,4,0,0,0,20,
31,3,9,2,2,0,4,1,0,0,48,
59,5,9,2,11,0,4,1,0,0,60,
29,0,10,4,7,1,4,0,0,0,40,
56,3,9,2,2,0,4,1,0,0,50,
19,3,10,4,0,3,4,0,0,0,20,
37,3,9,2,4,0,4,1,0,0,40,
58,6,14,2,3,0,4,1,0,0,40,
41,3,14,2,3,0,4,1,0,0,40,
29,3,9,4,11,4,4,1,0,0,38,
38,5,9,2,3,0,4,1,0,0,50,
36,3,14,2,9,0,4,1,0,1977,50,
19,3,10,4,2,3,4,1,594,0,40,
46,3,9,2,3,5,4,0,0,0,28,
42,3,14,2,9,5,4,0,0,0,45,
29,3,10,4,11,1,4,0,0,0,40,
42,3,13,2,9,0,4,1,7688,0,40,
29,3,12,2,0,0,4,1,0,0,40,
47,3,14,0,9,4,4,0,0,0,40,
37,3,7,2,2,0,4,1,0,0,40,
39,3,9,2,4,0,4,1,0,0,45,
46,3,13,0,11,4,2,0,0,0,35,
28,3,12,2,13,0,4,1,0,0,40,
36,3,10,2,4,0,4,1,0,0,56,
39,3,9,0,0,3,4,0,0,0,40,
44,3,10,2,9,0,4,1,0,0,40,
70,8,9,6,14,1,4,0,2964,0,12,
60,6,9,2,7,0,4,1,0,0,40,
35,3,13,4,3,1,4,0,0,0,50,
59,3,13,2,2,0,2,1,0,0,48,
21,3,10,4,11,3,4,0,0,0,60,
22,3,12,4,9,3,4,0,0,0,16,
31,3,10,2,3,0,4,1,15024,0,50,
40,3,13,2,3,0,4,1,0,1977,50,
33,3,9,2,11,0,4,1,0,0,45,
41,1,14,2,9,0,4,1,0,0,60,
31,5,12,2,7,5,4,0,0,0,35,
62,3,11,0,7,1,4,1,0,0,40,
43,3,9,2,9,5,4,0,0,0,35,
28,1,13,4,9,1,2,0,0,0,60,
43,3,6,2,6,0,2,1,0,1887,40,
55,5,14,2,11,0,4,1,3103,0,55,
42,3,9,5,7,4,4,0,0,0,25,
23,3,13,4,9,1,4,0,0,0,40,
55,0,10,2,0,0,4,1,0,0,40,
44,4,13,2,3,0,4,1,99999,0,45,
19,3,7,4,11,3,3,0,0,0,32,
23,3,9,4,6,3,4,1,0,0,40,
41,3,9,0,2,4,4,0,0,0,50,
63,8,9,2,14,0,4,1,0,0,20,
51,3,9,5,5,4,4,0,0,0,40,
49,3,9,0,13,1,4,1,0,0,90,
29,6,14,4,9,4,1,0,0,0,20,
25,3,10,4,9,1,4,1,8614,0,40,
44,5,15,2,9,0,4,1,99999,0,50,
17,3,7,4,5,3,4,1,0,0,30,
42,4,14,2,3,0,4,1,0,0,40,
21,3,7,4,12,3,4,0,0,0,35,
26,3,10,4,13,1,4,1,0,0,40,
24,3,10,4,9,1,4,1,0,0,40,
30,3,13,2,3,0,4,1,0,0,42,
58,8,13,6,14,4,4,0,27828,0,50,
19,3,9,4,5,3,4,1,0,0,28,
65,6,4,6,7,2,4,0,0,0,24,
52,5,10,2,12,0,4,1,0,0,60,
17,3,6,4,5,3,4,1,0,0,20,
27,3,9,4,7,3,4,1,0,0,22,
53,3,15,4,9,1,4,0,0,0,40,
24,3,13,4,11,1,4,0,0,0,40,
37,3,10,2,2,0,4,1,0,0,40,
34,3,11,2,0,5,4,0,0,0,18,
40,1,12,0,3,1,4,1,8614,0,50,
49,1,9,2,2,0,4,1,0,0,40,
86,3,14,4,0,1,4,0,0,0,40,
49,3,11,2,9,5,4,0,15024,0,60,
43,5,7,2,5,0,4,1,0,0,60,
47,3,10,3,3,4,4,0,0,0,35,
32,3,9,2,13,0,4,1,0,0,50,
30,5,11,2,4,0,4,1,0,0,60,
25,1,9,4,2,3,4,1,0,0,40,
42,3,13,2,11,0,4,1,0,0,40,
60,3,10,2,2,0,4,1,0,0,65,
46,3,10,2,2,0,4,1,4386,0,38,
39,1,10,2,10,0,4,1,0,0,40,
28,3,12,2,12,0,4,1,0,1887,70,
26,3,6,4,2,1,4,1,0,0,55,
27,3,10,4,0,3,4,0,0,0,40,
59,3,10,0,9,4,4,1,0,0,40,
64,6,9,2,4,0,4,1,0,0,40,
90,5,9,4,3,1,4,1,2964,0,12,
51,3,10,0,11,1,4,0,0,0,45,
36,3,9,2,13,0,4,1,0,2002,40,
39,3,4,3,6,4,3,0,0,0,40,
30,8,9,4,14,3,4,1,0,0,25,
47,5,14,2,9,0,4,1,0,0,40,
32,3,14,2,3,0,4,1,0,0,60,
24,3,12,2,0,5,4,0,0,0,40,
23,3,9,4,11,3,4,1,0,0,30,
62,3,9,2,7,0,4,1,0,0,20,
48,8,10,2,14,5,4,0,0,0,20,
62,8,8,0,14,1,4,1,0,0,40,
35,5,13,5,2,1,4,1,0,0,65,
27,3,13,4,9,3,1,1,0,0,40,
49,3,10,0,6,1,4,0,0,0,35,
18,3,6,4,11,1,4,1,0,0,20,
19,3,10,4,7,3,4,0,0,0,30,
63,4,12,2,11,0,4,1,0,0,40,
54,3,9,2,7,5,2,0,0,0,40,
24,3,10,2,9,5,4,0,0,0,40,
61,3,6,2,13,0,4,1,0,0,50,
50,4,9,2,11,0,4,1,0,0,48,
36,3,13,2,11,0,4,1,0,0,40,
21,3,10,4,0,3,4,1,0,0,50,
38,4,15,2,9,0,4,1,99999,0,50,
30,3,10,2,3,2,4,1,0,0,40,
22,3,9,4,2,3,4,1,2907,0,40,
33,3,10,0,0,1,1,0,0,0,52,
39,1,9,2,6,0,4,1,0,0,38,
42,3,9,2,2,0,4,1,0,0,50,
47,8,9,2,14,0,4,1,0,0,40,
42,1,13,0,13,1,4,1,0,0,33,
29,3,13,2,3,0,4,1,0,0,40,
35,3,13,4,11,1,4,1,0,0,55,
23,3,10,4,7,3,4,0,0,0,30,
28,3,10,2,2,0,0,1,0,0,60,
34,3,9,0,0,3,4,0,0,0,40,
40,3,10,4,0,1,2,0,0,0,40,
67,5,9,6,7,1,4,0,0,0,30,
49,3,9,2,7,0,4,1,0,0,40,
34,3,9,4,0,1,4,0,0,0,40,
60,8,13,2,14,0,4,1,0,0,40,
26,3,13,4,3,3,4,1,2463,0,35,
25,3,9,4,6,3,4,1,0,0,40,
40,3,10,0,3,4,4,0,1831,0,30,
56,5,9,2,4,0,4,1,0,0,40,
35,4,12,2,11,0,4,1,0,1887,45,
54,3,9,2,2,0,4,1,0,2051,40,
25,3,13,4,3,1,4,0,3325,0,40,
28,3,13,2,11,0,4,1,0,0,40,
31,3,13,4,3,1,4,1,0,0,40,
45,3,9,0,0,4,4,0,0,0,40,
52,6,9,2,2,0,4,1,5013,0,40,
39,5,14,4,9,1,4,0,0,0,50,
19,3,9,4,11,1,4,1,0,0,40,
23,3,8,4,0,4,4,1,0,0,40,
23,3,4,4,2,1,4,1,0,0,40,
52,3,11,2,9,0,4,1,15024,0,40,
33,5,15,2,9,0,4,1,0,0,60,
35,3,13,4,5,1,1,0,0,0,50,
58,3,9,2,2,0,4,1,0,0,40,
61,3,9,2,2,0,4,1,0,0,45,
39,3,13,2,3,0,4,1,99999,0,70,
38,3,7,2,2,0,4,1,0,0,40,
59,3,9,2,3,0,4,1,0,1887,40,
41,3,13,0,3,1,4,1,0,0,50,
27,8,5,5,14,4,4,0,0,0,50,
19,3,7,4,13,2,4,1,0,0,10,
22,3,10,4,5,3,4,1,0,0,20,
59,3,12,6,3,4,4,0,0,0,40,
37,3,9,2,2,0,4,1,3103,0,45,
31,3,8,2,2,0,4,1,0,0,43,
18,3,7,4,5,1,4,1,0,0,40,
20,3,10,4,11,3,4,0,0,0,35,
28,3,9,4,13,1,4,1,0,0,60,
28,3,10,4,7,3,4,0,0,0,30,
49,3,13,2,3,0,4,1,0,0,40,
38,1,9,2,10,0,4,1,0,0,40,
19,3,9,4,11,3,4,1,0,0,20,
43,3,13,2,3,0,4,1,7298,0,40,
28,3,9,2,3,0,2,1,15024,0,40,
41,3,10,0,0,1,2,0,0,0,24,
50,3,14,2,3,0,4,1,0,0,65,
46,3,13,0,0,1,4,1,0,0,40,
20,3,10,4,4,3,4,1,0,0,40,
45,3,13,2,3,0,4,1,0,0,60,
28,3,10,4,3,1,4,0,0,0,50,
37,3,10,2,7,5,4,0,0,0,40,
46,5,16,2,9,0,4,1,0,1902,50,
66,3,9,2,5,0,4,1,0,0,40,
35,8,10,2,14,3,4,0,0,0,40,
38,3,13,2,0,5,4,0,0,0,50,
25,3,7,4,5,3,4,1,0,0,45,
55,0,15,2,3,0,4,1,15024,0,40,
48,1,4,2,13,0,4,1,0,1902,40,
56,3,10,6,2,4,4,0,0,0,38,
47,5,14,2,3,0,4,1,0,0,45,
55,5,13,2,3,0,4,1,0,0,40,
41,6,12,2,10,0,4,1,0,0,40,
47,3,10,2,11,0,4,1,0,0,65,
40,3,9,4,3,1,0,1,6849,0,43,
41,3,13,2,11,0,4,1,0,0,40,
21,3,10,4,11,3,3,0,0,0,20,
52,3,9,4,11,1,4,1,0,0,40,
62,3,16,0,9,4,4,1,15020,0,50,
46,3,7,2,5,0,4,1,0,0,45,
21,8,10,4,14,3,4,1,0,0,20,
35,5,13,2,9,0,4,1,0,0,40,
29,3,9,3,0,3,4,0,0,0,40,
21,3,6,2,7,0,4,1,3908,0,40,
35,3,9,5,2,1,4,1,0,0,50,
46,3,13,2,11,0,4,1,0,0,50,
70,8,9,2,14,0,4,1,0,0,40,
35,3,16,2,9,0,1,1,0,1902,40,
34,3,10,0,2,1,4,1,0,0,60,
21,3,11,4,6,1,4,1,0,0,30,
29,3,9,2,4,0,4,1,0,0,60,
41,4,14,2,3,0,4,1,0,0,60,
51,5,9,2,11,0,4,1,0,0,40,
22,3,9,4,0,3,4,0,0,0,40,
47,3,13,4,3,1,4,1,0,0,40,
42,4,15,2,9,0,4,1,15024,0,65,
19,3,9,4,7,3,4,0,0,0,40,
46,3,13,2,13,0,4,1,15024,0,40,
23,3,10,4,5,3,2,1,0,0,40,
49,3,9,2,2,0,2,1,0,0,40,
58,5,13,0,9,1,4,0,0,0,40,
41,6,13,2,0,0,4,1,0,0,50,
50,3,13,2,12,0,4,1,0,0,40,
77,3,9,6,0,1,4,0,0,0,10,
27,3,11,2,7,0,4,1,0,0,60,
29,4,9,2,2,0,4,1,0,0,60,
54,3,1,2,2,0,1,1,0,0,40,
39,6,10,5,9,4,2,0,0,0,37,
32,3,10,2,12,0,4,1,0,0,50,
36,0,13,2,9,0,1,1,0,0,40,
24,1,13,4,9,3,4,0,0,0,20,
50,5,14,2,11,0,4,1,7688,0,45,
32,5,9,0,4,1,4,1,0,0,65,
26,3,13,4,3,1,4,0,0,0,40,
49,8,13,0,14,3,4,0,0,0,40,
38,3,11,2,9,0,4,1,0,0,42,
47,3,13,6,2,4,2,0,6497,0,40,
31,3,10,2,3,0,4,1,0,0,40,
38,3,9,2,2,0,4,1,0,0,55,
50,3,10,2,11,0,4,1,0,0,40,
18,3,7,4,5,3,4,1,0,0,40,
59,4,14,2,11,0,4,1,0,0,40,
56,5,10,2,2,0,4,1,0,0,50,
34,3,9,4,0,3,4,1,0,0,50,
32,3,13,2,9,0,4,1,0,0,40,
29,3,13,4,7,1,4,1,0,0,35,
29,8,10,0,14,3,2,1,0,0,40,
42,3,13,2,12,0,4,1,0,0,45,
37,3,10,0,7,4,2,0,0,0,40,
36,3,9,0,3,1,4,0,0,0,40,
59,3,14,6,3,1,4,0,0,0,40,
32,3,13,2,11,0,4,1,99999,0,50,
52,1,9,2,10,0,4,1,0,0,56,
29,6,9,4,7,1,1,1,0,0,40,
39,3,15,4,9,1,4,0,14084,0,35,
39,3,10,4,0,1,4,1,0,0,40,
69,3,13,6,3,1,4,0,2346,0,15,
43,3,9,2,7,5,4,0,0,0,35,
39,3,11,2,2,0,4,1,0,1628,48,
19,3,10,4,7,3,4,0,0,0,30,
60,1,11,2,3,0,4,1,0,0,60,
51,3,9,2,6,0,2,1,3137,0,40,
75,3,10,6,9,1,4,0,0,0,8,
37,6,11,4,9,4,2,0,5455,0,40,
24,6,10,4,0,3,1,1,0,0,40,
20,3,7,4,7,3,2,1,594,0,20,
58,0,9,2,13,0,4,1,0,0,70,
21,6,14,4,13,3,4,1,0,0,15,
28,3,9,5,10,2,4,1,0,0,40,
40,3,6,2,6,0,4,1,0,0,40,
45,5,9,2,13,0,4,1,0,0,50,
40,5,15,2,9,5,4,0,15024,0,40,
41,3,10,4,2,1,4,0,0,0,40,
58,3,9,0,3,4,4,0,0,0,40,
44,1,11,2,2,0,4,1,7688,0,40,
26,3,9,2,11,0,4,1,0,0,65,
29,3,12,4,11,1,4,1,0,0,45,
45,3,14,4,9,1,4,0,0,0,40,
23,3,12,4,7,1,4,1,0,0,40,
39,6,9,0,0,4,4,0,0,0,40,
45,5,16,2,9,0,4,1,15024,0,40,
51,1,14,2,9,0,4,1,15024,0,40,
22,3,9,4,5,3,4,1,0,0,40,
67,8,4,0,14,1,4,1,0,0,3,
28,3,9,2,0,0,4,1,0,0,40,
23,3,10,4,7,4,4,0,0,0,25,
33,3,9,2,7,0,2,1,0,0,35,
37,3,11,2,12,0,4,1,0,0,43,
19,3,10,4,0,3,4,0,0,0,40,
90,8,2,6,14,1,2,0,0,0,40,
35,3,7,2,4,0,4,1,0,0,40,
62,3,4,0,12,4,4,0,0,0,38,
20,8,10,4,14,3,4,0,0,0,15,
25,3,9,4,7,1,4,1,0,0,40,
21,3,9,4,2,2,4,1,0,0,40,
32,3,10,4,7,3,4,1,0,0,35,
32,1,13,2,9,5,4,0,5013,0,45,
70,1,9,6,0,1,4,0,0,0,12,
65,8,6,2,14,0,4,1,9386,0,50,
57,3,7,2,2,0,4,1,0,0,40,
31,3,10,4,2,1,4,1,0,0,40,
37,3,13,2,3,0,4,1,0,0,60,
34,3,9,0,7,4,4,0,0,0,36,
26,5,10,2,4,0,4,1,0,0,78,
44,3,10,2,11,0,4,1,0,0,48,
66,3,4,2,2,0,4,1,0,0,40,
39,1,9,0,2,4,4,0,0,0,40,
31,3,9,2,6,0,4,1,0,0,40,
53,3,11,2,12,0,4,1,0,0,40,
36,3,9,2,6,5,4,0,0,0,50,
61,3,5,2,2,0,4,1,0,0,40,
43,3,13,2,11,0,4,1,0,0,40,
38,3,10,2,3,0,4,1,0,0,40,
26,3,9,4,0,1,4,1,0,0,50,
27,3,9,2,5,0,0,1,0,0,8,
58,1,5,0,7,1,4,0,0,0,40,
37,6,9,0,0,4,4,0,0,0,12,
56,3,4,2,2,0,4,1,0,0,26,
36,3,10,5,3,1,4,1,0,0,60,
29,3,9,4,2,1,2,1,0,0,40,
28,3,6,4,13,4,4,1,0,0,30,
61,5,16,2,9,0,4,1,0,0,40,
66,5,5,2,4,0,4,1,0,0,25,
31,3,10,2,4,0,4,1,7298,0,50,
21,3,12,4,7,3,4,0,0,0,40,
67,5,9,2,13,0,4,1,6418,0,58,
26,3,9,6,13,1,4,1,0,0,40,
21,3,10,4,2,1,4,1,0,0,50,
33,3,9,2,6,0,4,1,0,0,40,
33,3,9,0,7,4,4,0,0,0,32,
59,6,13,2,3,0,4,1,10605,0,50,
82,4,4,2,4,0,4,1,0,0,50,
34,6,16,2,9,5,4,0,0,0,50,
29,3,13,2,3,0,4,1,0,0,50,
19,3,10,0,7,3,4,0,0,0,40,
57,5,9,2,3,0,4,1,0,0,1,
41,3,10,2,3,0,4,1,99999,0,50,
55,3,6,2,7,0,2,1,2580,0,40,
27,3,10,4,5,1,2,1,0,0,40,
33,3,9,4,2,1,4,1,0,0,45,
43,6,10,0,0,1,2,1,0,0,50,
72,0,10,6,12,1,4,0,0,0,16,
68,5,9,2,11,0,4,1,0,0,40,
29,3,9,5,0,3,4,0,0,0,40,
41,3,13,2,9,0,4,1,0,0,60,
30,3,9,2,10,0,4,1,0,0,40,
31,3,13,0,7,1,1,1,99999,0,70,
54,3,3,3,7,4,2,0,0,0,30,
32,3,12,5,3,4,4,0,25236,0,50,
56,3,9,6,11,1,4,0,0,1974,40,
39,8,13,2,14,5,4,0,0,0,6,
41,6,11,2,9,0,4,1,0,0,35,
48,3,9,0,0,1,4,0,0,0,40,
66,5,4,2,4,0,4,1,0,0,48,
25,4,13,4,11,1,4,0,0,0,50,
31,3,9,2,6,0,4,1,0,1573,40,
32,3,12,0,11,1,4,1,2597,0,48,
51,3,13,2,3,0,4,1,7688,0,40,
42,3,9,4,0,2,2,0,0,2339,40,
22,8,10,4,14,1,2,0,0,0,35,
31,3,15,2,9,0,4,1,0,0,60,
43,5,9,2,3,5,4,0,0,0,40,
42,3,10,4,13,4,2,0,0,0,40,
20,6,9,4,7,2,3,1,0,0,40,
40,3,13,2,9,0,4,1,0,0,40,
65,3,9,6,0,1,4,0,0,0,20,
53,3,13,2,9,0,4,1,0,0,52,
56,3,10,2,2,0,4,1,0,1902,60,
51,6,16,2,3,0,4,1,7688,0,55,
38,8,9,2,14,0,4,1,0,0,40,
44,3,14,2,3,0,4,1,0,0,50,
49,4,9,2,3,0,4,1,0,1902,60,
47,3,9,0,2,1,2,1,8614,0,44,
22,3,12,2,9,5,4,0,0,0,40,
53,3,10,5,2,1,4,1,0,2444,45,
41,1,10,0,10,1,4,1,0,0,20,
19,3,9,4,0,3,4,1,0,2001,40,
27,1,13,4,9,1,0,0,3325,0,43,
48,5,11,2,3,5,4,0,0,0,25,
52,3,4,4,7,3,4,0,0,0,7,
61,6,15,2,9,0,4,1,0,1902,40,
45,5,13,2,3,0,1,1,0,0,45,
29,3,5,2,6,0,4,1,0,0,40,
41,3,10,0,7,1,4,1,0,0,21,
38,3,10,0,3,4,2,1,0,0,60,
32,3,10,2,9,5,4,0,0,0,40,
37,3,9,2,7,0,4,1,0,0,40,
55,3,6,2,6,0,4,1,0,0,40,
62,1,9,2,13,0,4,1,0,0,40,
48,3,9,2,6,0,4,1,0,0,40,
43,3,10,2,3,0,4,1,0,0,50,
25,3,9,4,11,3,2,1,0,0,24,
47,3,9,5,7,1,4,0,0,0,40,
49,5,13,2,4,0,4,1,0,0,70,
55,3,9,2,7,0,4,1,0,0,40,
42,3,9,0,0,4,4,0,0,0,40,
40,3,9,0,0,3,4,1,0,0,40,
34,3,11,2,3,0,4,1,0,0,40,
38,3,9,5,11,4,4,0,0,0,10,
39,3,9,2,2,0,4,1,0,0,40,
45,3,12,0,2,1,4,0,0,0,55,
43,3,12,4,11,3,4,1,0,0,40,
32,0,9,4,3,1,2,0,0,0,40,
18,3,10,4,7,3,4,0,0,0,20,
27,3,14,4,9,1,4,1,0,0,40,
57,3,12,0,12,1,4,0,0,0,40,
38,3,9,2,0,5,4,0,0,0,60,
67,3,13,2,9,0,4,1,0,0,40,
26,3,7,5,7,4,4,0,0,0,20,
21,3,9,4,6,3,4,1,0,0,40,
17,3,6,4,7,3,4,1,0,0,15,
31,3,9,2,2,0,4,1,0,0,40,
51,5,12,5,11,1,2,1,0,0,30,
29,3,13,2,3,0,4,1,0,0,40,
28,3,13,4,2,3,4,1,0,0,40,
32,3,12,2,9,0,4,1,0,0,45,
31,1,10,2,10,0,4,1,3464,0,45,
26,3,10,2,5,0,4,1,0,0,40,
28,1,13,0,9,1,4,0,0,0,40,
40,3,14,4,9,1,4,0,0,0,40,
51,3,4,4,5,3,4,1,0,0,19,
62,3,10,2,13,0,2,1,0,0,20,
54,3,6,2,6,0,4,1,0,0,60,
55,3,9,5,7,1,4,0,0,0,16,
24,3,9,4,5,1,4,1,0,0,20,
27,3,14,4,0,3,4,1,0,0,45,
18,3,9,4,13,3,4,1,0,0,30,
22,3,13,4,9,1,0,0,14344,0,40,
21,3,9,4,11,1,4,0,0,0,40,
44,5,10,2,11,0,1,1,0,0,80,
50,8,14,2,14,0,4,1,0,0,60,
38,3,13,2,9,0,4,1,0,0,40,
39,3,13,2,9,0,4,1,0,0,50,
27,3,9,2,2,0,4,1,0,0,40,
35,3,7,0,2,1,2,1,0,0,40,
51,3,10,2,2,0,4,1,0,1977,60,
60,3,10,2,7,0,4,1,0,0,40,
62,8,10,2,14,0,4,1,7298,0,40,
38,3,9,2,6,0,4,1,0,0,40,
37,3,10,5,5,1,2,1,0,0,35,
43,3,10,0,0,3,4,0,0,0,40,
49,6,10,0,0,4,4,0,0,0,50,
17,3,6,4,7,3,4,0,0,0,25,
32,3,9,4,7,1,4,1,0,0,60,
23,3,13,4,9,1,4,0,0,0,38,
28,3,13,2,9,0,4,1,0,1887,40,
83,4,13,2,3,0,4,1,0,2392,55,
25,3,13,4,0,3,4,0,0,0,40,
42,3,13,2,3,0,4,1,0,1485,60,
46,1,7,4,7,1,4,1,0,0,40,
29,3,13,4,9,1,3,0,0,0,50,
44,3,14,2,3,0,4,1,0,0,45,
60,5,15,2,11,0,4,1,0,0,45,
30,1,11,0,10,4,0,0,0,0,40,
24,3,10,4,11,3,4,0,0,0,17,
17,3,6,4,7,3,4,0,0,0,10,
76,8,7,6,14,2,4,0,0,0,16,
31,3,12,4,12,3,4,0,0,0,40,
52,3,10,2,2,0,4,1,0,0,40,
39,3,13,4,3,3,1,0,0,0,35,
73,4,13,2,11,0,4,1,0,0,50,
38,3,9,4,7,4,2,0,0,0,24,
48,3,9,0,7,1,2,0,0,0,20,
60,3,6,6,11,1,4,0,0,0,40,
26,3,9,4,13,1,4,1,0,0,40,
20,3,9,4,7,2,4,1,0,0,40,
54,6,16,4,3,1,4,0,0,0,40,
50,1,9,2,7,0,2,1,0,0,40,
20,3,10,4,0,3,4,0,0,0,40,
23,3,10,4,0,2,2,1,0,0,22,
35,3,11,2,2,0,4,1,0,0,40,
43,3,6,4,6,1,2,1,0,0,40,
50,3,9,2,0,0,4,1,0,0,32,
58,3,2,5,4,1,2,1,0,0,50,
55,6,12,0,0,3,1,1,0,0,40,
29,3,13,2,3,0,4,1,0,0,45,
47,3,10,0,6,1,4,0,0,0,40,
39,3,9,2,9,5,2,0,0,0,40,
63,1,9,2,0,5,4,0,0,0,35,
27,3,9,4,13,1,4,1,0,0,60,
62,8,7,0,14,1,2,0,0,0,40,
38,3,10,4,3,3,4,0,0,0,40,
25,3,9,4,5,1,4,1,0,0,65,
31,3,9,2,7,0,4,1,0,0,52,
40,0,10,4,0,3,4,0,0,0,40,
42,3,16,4,9,1,4,1,0,0,50,
52,3,9,2,11,0,4,1,0,0,40,
46,3,13,2,0,0,4,1,0,0,40,
31,3,10,5,7,4,4,0,0,0,50,
33,3,9,0,7,4,4,0,0,0,40,
58,3,9,4,0,4,4,0,0,0,40,
52,1,9,0,12,4,4,1,4934,0,36,
25,5,13,4,3,1,4,1,13550,0,35,
54,3,13,2,11,0,4,1,0,0,40,
46,3,14,2,0,0,4,1,0,1740,60,
28,3,9,2,2,0,4,1,0,0,40,
24,5,4,2,2,0,4,1,0,0,40,
39,3,13,4,3,1,4,0,0,0,40,
60,0,10,2,12,0,4,1,0,0,40,
22,3,9,4,7,4,4,0,0,0,40,
27,3,13,4,3,3,4,0,0,0,40,
35,3,13,2,11,0,4,1,0,0,45,
47,3,13,2,9,0,4,1,0,0,50,
33,5,13,2,9,5,4,0,0,0,50,
40,4,13,2,3,0,4,1,0,0,45,
38,3,13,2,3,0,4,1,5178,0,40,
26,3,12,5,2,1,3,0,0,0,40,
54,5,13,2,11,0,4,1,0,0,50,
39,3,13,2,6,0,4,1,0,0,40,
60,3,4,0,6,1,4,1,0,0,40,
32,3,14,4,3,1,4,0,0,0,40,
19,6,10,4,0,3,4,0,0,0,15,
49,8,9,2,14,0,4,1,0,0,60,
31,3,7,4,0,4,4,0,0,0,48,
29,3,9,5,11,4,4,0,0,0,25,
39,3,9,4,11,4,2,0,0,0,40,
42,3,14,2,11,0,4,1,15024,0,50,
26,3,9,0,7,4,4,0,0,0,35,
27,3,11,4,3,3,4,1,0,0,40,
52,3,5,6,0,4,4,0,0,0,40,
50,1,10,0,7,4,2,0,0,0,40,
51,3,9,2,6,0,4,1,0,0,45,
51,0,9,2,0,0,4,1,0,0,40,
40,3,9,2,11,0,4,1,0,0,40,
61,3,4,6,4,1,2,1,0,0,40,
35,3,9,0,2,4,4,1,0,0,40,
41,8,9,0,14,1,2,0,0,0,28,
31,3,14,2,3,0,4,1,0,0,40,
43,3,9,2,2,0,4,1,0,1902,40,
20,3,9,4,5,3,4,1,0,0,40,
35,3,10,5,2,1,4,1,0,0,40,
30,3,10,2,11,0,4,1,0,1672,45,
42,5,15,2,9,0,4,1,0,1887,40,
51,3,9,2,5,0,4,1,0,0,40,
39,4,14,0,3,1,1,1,0,0,99,
69,5,5,2,4,0,4,1,0,0,25,
63,8,5,2,14,0,4,1,5178,0,40,
29,0,10,4,0,4,2,0,2174,0,40,
21,3,10,4,11,3,4,1,0,0,20,
24,3,13,4,12,1,4,1,0,0,55,
55,3,9,2,7,0,2,1,0,0,40,
42,5,9,2,2,0,4,1,0,0,45,
48,3,7,2,7,5,4,0,0,0,40,
31,3,13,4,12,1,4,0,0,0,42,
52,3,11,2,3,0,4,1,0,0,40,
30,3,10,4,7,1,4,0,0,0,40,
29,3,9,4,2,1,4,1,0,0,40,
32,3,10,2,5,0,4,1,0,0,40,
47,3,10,2,9,0,4,1,7688,0,40,
56,3,5,2,2,0,4,1,0,0,40,
40,3,10,2,13,0,4,1,0,0,40,
20,3,10,4,9,3,4,0,0,0,10,
36,3,10,5,2,1,4,1,0,0,40,
45,3,13,4,9,1,4,1,0,0,40,
38,3,5,2,0,0,4,1,0,0,40,
60,6,15,2,9,0,4,1,0,0,40,
70,5,14,2,3,0,2,1,0,0,40,
21,3,10,4,7,3,4,0,0,0,30,
57,3,9,6,0,1,4,0,0,0,40,
33,3,9,2,6,0,4,1,0,0,48,
37,3,9,2,2,0,4,1,0,1902,50,
50,5,15,2,3,0,4,1,99999,0,50,
68,3,10,2,11,0,4,1,0,2377,55,
28,3,7,2,0,5,4,0,0,0,40,
32,3,10,2,2,0,4,1,0,0,40,
30,3,15,0,9,1,4,1,10520,0,50,
18,3,7,4,5,3,4,1,0,0,30,
45,3,10,0,9,4,4,0,0,0,20,
22,3,9,4,0,4,4,0,0,0,40,
38,3,13,4,6,1,4,0,0,0,8,
37,3,11,0,9,1,4,0,0,0,40,
23,3,13,4,4,1,4,1,0,0,40,
59,3,4,2,2,0,4,1,0,0,40,
48,4,15,2,9,0,4,1,15024,0,40,
53,4,10,2,3,0,4,1,15024,0,50,
18,3,9,4,0,3,4,1,0,0,25,
30,3,13,4,11,1,4,0,0,0,40,
50,3,10,2,11,0,4,1,0,0,45,
63,8,7,2,14,0,4,1,0,0,40,
38,5,9,2,2,0,4,1,4064,0,40,
48,3,5,0,11,1,4,0,0,0,40,
60,3,9,2,2,0,4,1,0,0,40,
46,3,9,5,5,4,4,0,0,0,50,
30,8,9,4,14,3,4,1,0,0,30,
39,3,13,2,11,0,4,1,0,0,60,
55,1,10,2,9,0,4,1,0,0,40,
17,3,7,4,11,3,4,1,0,0,15,
46,3,13,2,11,0,4,1,0,0,55,
50,3,9,0,11,4,4,0,0,0,65,
32,3,13,4,10,1,2,1,0,0,30,
18,3,9,4,7,3,4,0,0,0,40,
34,3,9,5,7,1,2,1,0,0,40,
50,3,13,0,9,1,4,1,0,0,45,
32,3,7,2,3,0,4,1,0,0,55,
23,1,13,4,9,1,2,0,0,0,40,
26,3,13,4,9,1,4,1,0,0,50,
46,3,12,0,9,1,4,0,0,0,50,
43,4,10,2,11,0,4,1,0,0,55,
32,3,9,2,13,0,4,1,0,0,60,
37,6,12,0,9,4,4,0,0,0,38,
48,3,10,2,13,0,4,1,0,0,45,
28,3,13,4,0,1,4,1,0,1408,40,
43,3,9,2,6,0,4,1,0,0,40,
51,1,6,6,7,1,4,0,0,0,24,
30,3,9,4,6,1,4,1,0,0,50,
34,6,14,2,9,0,4,1,0,0,50,
34,3,9,2,2,2,0,1,0,0,40,
41,3,13,2,3,0,4,1,0,0,60,
53,3,6,0,0,4,4,0,0,0,48,
42,3,1,2,2,0,4,1,0,0,40,
18,3,9,4,7,3,4,0,0,0,30,
81,3,13,6,11,1,4,1,0,0,50,
40,3,11,2,9,0,4,1,0,0,40,
26,3,13,4,12,3,4,0,0,0,35,
20,3,10,4,12,3,4,0,0,0,15,
41,3,9,4,11,1,4,0,0,0,50,
49,6,14,2,9,0,4,1,0,0,45,
22,3,10,4,7,1,4,0,0,0,20,
46,3,13,0,9,1,4,1,0,0,45,
56,3,10,0,3,1,4,0,0,1980,40,
35,3,9,2,3,5,4,0,0,0,40,
34,3,13,5,3,1,4,0,0,0,35,
29,1,14,2,9,5,4,0,0,0,40,
28,3,8,2,9,0,4,1,0,0,45,
35,3,13,4,7,1,4,1,0,0,37,
29,3,10,2,3,0,4,1,0,0,40,
21,3,10,4,0,1,4,0,0,0,30,
52,5,10,2,3,0,4,1,0,0,95,
45,3,9,2,2,0,4,1,0,0,40,
43,3,9,2,2,0,2,1,0,0,40,
35,8,9,2,14,2,4,0,0,0,25,
21,8,10,4,14,3,4,1,0,0,20,
35,3,6,4,7,3,4,1,0,0,40,
30,3,9,2,0,0,4,1,0,0,40,
45,3,9,4,6,4,4,0,0,0,40,
29,3,10,4,7,2,4,0,0,0,20,
29,6,6,4,7,3,2,0,0,0,40,
33,3,13,4,3,1,4,0,0,0,40,
17,3,6,4,7,3,2,1,0,0,15,
52,3,9,0,11,4,4,0,0,0,25,
24,3,10,5,0,4,4,0,0,0,35,
32,6,9,2,13,0,4,1,0,0,40,
40,3,13,4,3,1,4,0,4650,0,48,
32,3,9,5,3,1,4,1,0,0,40,
33,3,13,4,11,1,4,0,0,0,40,
30,3,4,4,2,1,4,1,0,0,38,
28,3,9,4,0,1,4,1,0,0,40,
62,7,12,2,4,0,4,1,0,0,50,
46,1,13,2,10,0,4,1,15024,0,40,
32,3,11,4,12,1,4,0,0,0,64,
26,3,9,2,2,0,4,1,0,0,40,
41,4,13,2,9,0,4,1,15024,0,40,
57,0,10,2,0,0,4,1,0,0,40,
52,3,10,2,11,0,4,1,7298,0,45,
35,5,13,2,3,0,4,1,0,0,50,
19,3,9,4,5,3,4,1,0,0,16,
49,3,13,4,3,1,4,1,0,0,45,
47,3,11,2,2,0,4,1,0,0,60,
38,3,7,2,0,5,4,0,0,0,32,
30,3,9,4,6,3,4,1,0,0,40,
32,3,7,2,5,0,4,1,0,0,40,
32,3,9,2,3,5,4,0,0,0,50,
46,3,11,4,3,3,4,0,0,0,40,
22,3,9,4,4,1,4,1,0,0,50,
47,1,10,2,10,0,4,1,0,0,50,
57,5,10,2,11,5,4,0,0,0,25,
47,3,10,0,0,4,2,0,0,0,40,
41,3,13,2,9,0,4,1,0,0,56,
36,1,9,2,13,0,4,1,0,0,40,
32,3,13,2,4,0,4,1,0,0,60,
37,3,7,3,7,2,4,1,0,0,40,
36,4,9,2,4,0,4,1,0,0,45,
64,3,9,2,2,0,4,1,2635,0,40,
17,3,6,4,7,3,4,1,0,0,15,
23,3,10,4,0,3,4,0,0,0,15,
40,3,10,0,0,4,4,0,914,0,40,
42,6,13,2,3,0,4,1,15024,0,50,
37,5,9,2,7,0,4,1,0,0,42,
35,0,10,4,5,4,4,0,0,0,40,
56,5,9,0,7,1,4,1,0,0,50,
52,3,13,2,2,0,1,1,0,0,40,
37,1,13,2,12,0,4,1,0,0,45,
48,6,16,2,9,0,4,1,0,0,65,
24,3,9,0,7,3,4,0,0,0,40,
33,3,11,2,2,0,4,1,0,0,40,
39,3,11,2,12,0,1,1,0,0,40,
34,3,9,0,0,1,2,1,0,0,42,
24,8,13,0,14,1,4,0,0,0,40,
23,3,10,4,3,3,3,1,0,0,24,
49,3,9,2,11,0,4,1,99999,0,65,
18,3,9,4,7,1,4,1,0,0,25,
20,3,8,4,6,3,4,1,0,0,40,
54,3,14,2,11,0,4,1,0,0,55,
19,3,10,4,0,3,4,1,0,0,40,
53,3,9,2,2,0,4,1,0,0,46,
34,8,8,5,14,4,2,0,0,0,40,
28,3,9,4,2,3,4,1,0,0,40,
35,3,9,2,6,0,4,1,0,0,40,
20,3,10,4,11,1,4,0,0,0,20,
31,3,10,0,0,1,4,0,0,0,50,
37,3,16,5,9,4,4,0,0,0,40,
64,3,8,2,2,0,4,1,0,0,40,
42,3,10,2,12,0,4,1,0,0,40,
27,3,10,0,11,1,4,1,0,0,50,
36,5,10,4,7,4,4,0,0,0,50,
36,3,10,2,2,0,4,1,0,0,40,
23,3,9,4,5,3,2,1,0,0,40,
46,3,9,2,2,0,4,1,3464,0,40,
24,3,7,4,2,1,2,1,0,0,35,
22,3,9,4,0,3,4,0,0,0,40,
62,3,13,2,3,0,4,1,0,0,40,
19,3,9,4,7,3,4,1,0,0,40,
20,3,9,4,7,3,4,1,0,0,30,
47,3,14,2,3,0,1,1,15024,0,40,
57,3,9,4,0,3,4,0,0,0,40,
19,3,9,4,6,3,4,1,0,0,35,
37,1,14,2,9,5,4,0,0,0,45,
35,4,9,2,11,0,4,1,0,0,65,
17,3,8,4,11,3,4,0,0,0,20,
36,1,10,0,0,4,4,0,0,0,35,
50,3,10,2,13,0,4,1,0,0,40,
35,3,9,2,9,5,4,0,3942,0,35,
27,6,16,4,9,1,4,1,0,0,77,
28,3,9,2,2,0,4,1,0,1740,30,
29,5,15,0,9,1,4,1,99999,0,60,
25,3,9,5,2,1,2,1,0,0,40,
47,4,12,6,3,1,4,0,0,0,67,
29,6,14,2,9,5,4,0,0,0,45,
19,3,9,4,0,1,4,0,0,0,40,
49,3,10,2,13,0,4,1,0,0,40,
31,3,15,2,9,0,4,1,0,0,25,
43,0,12,2,9,5,2,0,0,0,40,
56,5,7,2,2,0,4,1,0,0,40,
42,3,9,0,2,4,4,0,0,0,40,
45,0,10,2,9,0,4,1,0,0,56,
40,3,13,6,3,4,4,0,0,0,40,
44,3,10,0,0,4,4,0,0,0,38,
17,8,6,4,14,3,4,0,0,0,20,
36,3,9,0,0,4,4,0,0,0,40,
19,3,10,4,11,3,4,0,0,0,20,
53,1,9,2,0,5,4,0,0,0,40,
72,5,10,2,2,0,4,1,0,0,35,
46,3,11,2,13,0,0,1,0,0,60,
33,3,10,5,9,4,4,0,0,0,37,
22,3,5,4,5,3,1,1,0,0,40,
17,8,7,4,14,2,4,0,0,0,25,
41,3,9,2,12,0,4,1,0,0,45,
46,3,5,2,6,0,4,1,0,0,43,
33,3,9,4,11,3,4,0,0,0,20,
32,3,1,2,6,0,4,1,0,0,40,
52,5,9,0,2,1,4,1,0,0,40,
27,3,9,4,0,3,4,0,0,0,40,
48,6,9,2,10,0,4,1,0,0,72,
22,3,10,4,0,1,4,0,0,0,35,
25,3,9,0,7,1,4,1,0,0,50,
60,8,9,2,14,0,4,1,0,0,42,
38,3,11,2,11,0,4,1,0,0,40,
37,3,9,2,13,0,4,1,0,0,50,
49,3,10,0,0,4,4,0,0,0,40,
40,5,13,2,2,0,4,1,0,0,30,
48,3,9,2,6,0,4,1,3103,0,46,
31,3,10,4,0,4,2,0,0,0,40,
40,5,9,2,7,0,4,1,0,0,45,
25,3,9,0,11,4,4,0,0,0,37,
68,3,13,2,3,0,4,1,20051,0,45,
18,8,9,4,14,3,2,0,0,0,20,
19,3,8,4,4,3,4,0,0,0,30,
35,4,9,4,13,1,4,1,0,0,60,
28,3,9,0,0,4,4,0,0,0,50,
53,3,9,0,11,1,4,0,2597,0,40,
33,3,10,2,13,0,4,1,0,0,41,
20,3,9,4,5,3,4,1,0,0,40,
45,5,13,4,11,1,4,0,0,0,35,
36,3,13,2,3,0,4,1,0,0,50,
34,3,10,2,3,0,4,1,0,0,45,
32,3,10,4,0,3,4,0,0,0,40,
19,3,10,4,13,3,4,1,0,0,25,
24,3,9,4,0,3,4,0,0,0,40,
34,3,10,2,6,0,4,1,0,0,40,
32,3,9,4,0,2,4,0,0,0,35,
37,3,9,2,2,0,4,1,0,0,45,
31,3,10,5,11,4,4,0,0,0,40,
21,3,10,4,7,3,4,0,0,0,35,
47,3,9,2,13,0,4,1,0,0,85,
23,3,10,2,2,0,4,1,0,0,40,
33,3,14,2,3,0,4,1,0,0,40,
60,8,13,2,14,0,1,1,0,2163,25,
17,3,9,4,0,3,4,1,0,0,20,
67,3,9,2,5,0,4,1,0,0,24,
57,3,14,2,9,0,4,1,0,0,55,
17,3,7,4,5,3,4,1,0,0,20,
53,3,9,2,2,0,4,1,0,0,40,
25,5,10,2,2,0,4,1,3103,0,50,
24,6,9,2,13,0,4,1,0,0,49,
48,5,10,2,13,0,4,1,0,0,40,
51,3,14,2,3,0,4,1,0,1887,47,
38,3,9,5,10,1,2,1,0,0,40,
51,3,9,2,9,0,4,1,0,0,46,
18,3,9,4,12,3,4,0,0,0,10,
23,3,10,5,11,4,4,0,0,0,40,
42,3,10,2,2,0,4,1,0,0,60,
34,3,9,5,7,1,4,0,0,0,35,
39,3,9,4,6,4,4,1,0,0,40,
20,8,9,4,14,3,4,1,0,0,12,
39,3,10,4,7,4,2,0,0,0,40,
21,5,10,4,4,3,4,1,0,0,40,
26,3,4,4,2,1,4,1,0,0,40,
54,0,10,2,2,0,4,1,0,0,40,
34,3,10,0,11,1,4,0,0,0,40,
32,6,9,4,13,3,4,1,0,0,40,
59,5,4,2,13,0,4,1,0,0,40,
24,8,7,2,14,5,3,0,0,0,24,
54,3,13,6,11,4,4,0,0,0,40,
54,3,13,2,3,0,4,1,0,0,40,
67,3,9,6,11,1,4,0,991,0,18,
33,3,9,2,9,0,4,1,0,0,60,
37,3,9,2,0,5,4,0,0,0,40,
47,3,13,0,7,1,4,0,0,0,25,
51,3,9,0,7,1,4,0,0,0,40,
45,3,9,2,13,0,4,1,0,0,40,
19,3,9,4,7,1,4,0,0,0,30,
58,4,16,2,9,0,4,1,0,0,24,
27,3,9,4,2,1,2,1,3325,0,40,
36,3,10,4,7,1,4,0,0,1617,40,
20,8,12,4,14,1,4,1,0,0,40,
51,3,9,4,0,1,4,0,0,0,40,
45,5,14,4,9,1,4,0,0,0,60,
32,3,9,0,0,4,4,1,3887,0,40,
59,3,9,0,7,1,2,0,0,0,40,
45,5,13,2,9,0,4,1,0,0,40,
43,8,9,2,14,0,4,1,0,0,40,
54,3,6,0,9,4,4,1,14344,0,68,
20,8,10,4,14,3,4,0,0,0,32,
29,1,13,4,9,3,2,0,0,0,42,
28,3,7,4,7,1,2,0,0,0,40,
18,5,7,4,11,3,4,0,0,0,40,
49,3,13,0,9,1,4,0,0,0,50,
46,3,9,0,2,1,4,1,0,0,30,
58,8,9,2,14,0,2,1,0,0,30,
56,3,13,4,9,1,4,0,0,0,45,
41,3,12,0,3,4,2,0,0,0,50,
50,4,15,2,9,0,4,1,0,2415,60,
74,5,10,2,9,0,4,1,0,1648,35,
30,3,9,2,3,0,4,1,0,0,40,
62,3,9,6,2,4,2,0,0,0,40,
19,3,9,4,6,3,4,0,0,0,40,
29,3,9,2,0,5,2,0,0,0,40,
20,8,10,4,14,2,2,0,0,0,40,
36,3,4,2,4,0,4,1,0,0,35,
36,3,9,4,7,1,4,1,0,0,40,
51,1,12,2,0,5,4,0,0,1628,30,
37,5,10,2,3,0,4,1,4386,0,50,
29,5,9,2,2,0,4,1,0,0,40,
17,3,6,4,5,3,4,1,0,0,20,
18,3,9,4,0,3,4,0,0,0,20,
40,4,13,4,9,3,4,1,0,0,40,
26,4,13,4,0,1,4,0,0,0,40,
42,5,10,2,2,0,4,1,0,0,45,
32,3,9,0,2,1,4,1,0,0,40,
33,3,5,2,13,2,4,1,0,0,40,
28,8,10,4,14,4,4,0,0,0,40,
43,3,13,2,6,0,4,1,0,1902,40,
47,3,9,2,2,0,4,1,0,0,40,
37,3,10,4,12,3,2,0,0,0,40,
73,8,13,2,14,0,4,1,0,0,10,
37,3,9,2,7,0,4,1,0,0,30,
50,3,10,2,0,2,4,0,0,0,35,
19,3,9,4,11,3,4,1,0,0,50,
32,1,10,2,7,0,4,1,0,0,40,
44,1,11,0,12,4,1,1,0,0,40,
20,3,10,4,7,3,4,0,0,0,16,
29,3,10,4,12,1,4,0,0,0,40,
21,8,10,4,14,3,4,0,0,0,40,
34,3,11,4,9,4,4,0,0,0,40,
44,1,13,2,3,0,4,1,0,0,52,
18,3,7,4,7,3,4,0,0,0,20,
22,3,10,4,12,2,4,0,0,0,40,
39,6,16,0,9,1,4,0,0,0,40,
26,1,10,4,10,1,4,1,0,0,40,
29,8,13,2,14,0,4,1,0,0,25,
21,3,10,4,7,3,4,1,0,0,40,
49,1,13,2,9,0,4,1,0,0,50,
24,3,12,4,6,3,4,1,0,0,20,
26,3,13,4,3,1,4,1,0,0,60,
25,3,10,4,10,1,4,1,0,0,60,
30,3,12,2,9,0,4,1,0,0,40,
52,3,13,2,9,0,4,1,0,0,38,
30,3,9,2,2,0,4,1,0,0,40,
20,3,9,4,0,1,4,1,0,0,40,
31,3,9,0,5,1,4,1,0,0,40,
44,3,13,2,3,0,4,1,0,0,40,
46,4,10,2,11,0,4,1,0,0,60,
31,3,9,4,4,3,4,0,0,0,40,
57,3,4,6,7,1,4,0,0,0,10,
58,3,9,2,2,0,4,1,0,0,40,
41,3,9,2,2,0,4,1,0,0,40,
23,3,9,4,0,1,4,0,0,0,40,
47,3,9,0,7,4,4,0,0,0,40,
72,5,15,2,9,0,4,1,0,2246,28,
26,5,13,0,3,1,4,1,0,1876,38,
45,0,10,4,0,3,4,1,0,0,40,
48,3,15,2,3,0,4,1,99999,0,50,
23,3,10,4,5,1,4,1,0,0,40,
20,1,9,4,7,4,2,0,0,0,40,
18,3,7,4,7,3,4,1,0,0,15,
27,3,13,4,3,1,4,0,0,0,40,
25,3,9,4,5,1,4,1,0,0,35,
45,3,9,4,8,4,2,0,0,0,30,
53,3,10,4,3,1,2,0,0,0,40,
54,3,10,2,2,0,4,1,0,0,45,
41,3,9,2,11,0,4,1,0,1902,40,
23,3,5,4,6,2,4,1,0,0,35,
17,3,6,4,7,3,4,1,0,0,18,
42,3,9,2,2,0,4,1,0,0,40,
61,3,8,3,9,1,4,1,0,0,40,
57,3,10,6,0,4,4,0,0,2258,38,
21,6,10,4,2,3,4,1,0,0,35,
44,3,10,2,11,0,4,1,0,0,40,
48,3,12,0,7,1,4,1,0,0,44,
46,3,15,0,4,4,4,1,0,0,48,
37,5,9,4,4,1,4,1,0,0,86,
35,3,9,4,3,1,4,0,0,0,54,
27,1,13,4,13,1,4,0,0,0,40,
28,3,10,4,11,1,3,1,0,0,40,
19,3,9,4,5,3,4,1,0,0,10,
63,5,13,2,11,0,4,1,0,0,50,
69,8,9,0,14,1,4,0,0,0,40,
69,8,12,6,14,1,4,0,0,0,6,
36,6,11,3,10,3,4,0,0,0,40,
20,3,8,4,7,3,4,1,0,0,35,
28,6,13,2,10,0,4,1,0,0,50,
58,3,9,2,11,5,4,0,0,0,38,
48,3,9,2,11,0,4,1,0,0,40,
39,3,10,0,3,4,4,0,0,0,56,
38,3,9,2,2,0,4,1,0,2051,44,
50,1,12,0,9,1,4,0,0,0,40,
35,3,13,4,9,1,4,0,0,0,40,
45,5,13,0,3,4,4,1,0,0,50,
38,4,10,2,2,0,4,1,0,0,38,
54,3,12,0,3,4,4,0,0,0,55,
42,3,13,4,9,3,4,0,0,0,12,
32,3,6,5,2,4,2,0,0,0,40,
55,6,16,2,9,0,1,1,0,0,70,
63,3,10,2,11,0,4,1,0,0,30,
21,3,5,4,6,1,4,1,0,0,48,
62,8,14,2,14,0,4,1,0,0,30,
46,1,13,2,10,0,4,1,0,0,40,
43,3,10,4,0,4,2,0,0,0,40,
35,5,9,2,3,0,4,1,0,0,60,
37,3,5,2,13,0,4,1,0,0,40,
51,3,9,4,2,4,4,0,0,0,45,
45,3,13,2,3,0,4,1,0,0,72,
19,3,8,4,7,3,4,1,0,1602,20,
61,8,9,2,14,0,4,1,0,1902,40,
61,3,5,6,3,1,2,1,0,0,65,
21,3,9,4,11,1,4,0,0,0,40,
45,3,9,2,13,0,4,1,0,0,40,
38,3,13,2,3,0,4,1,0,0,50,
28,3,13,2,9,5,4,0,0,0,40,
40,1,13,2,9,0,4,1,0,0,35,
32,3,9,4,6,4,2,0,0,0,40,
55,1,10,3,0,4,2,0,0,0,35,
64,3,9,6,9,1,4,0,0,0,23,
34,3,9,5,0,4,4,1,0,0,40,
19,8,10,4,14,3,4,1,0,0,60,
58,3,10,0,7,4,2,0,0,0,40,
46,3,12,2,2,0,4,1,0,1485,55,
44,3,11,2,3,0,4,1,0,0,40,
31,3,10,5,7,4,2,0,0,0,40,
31,0,9,4,6,4,4,0,0,0,40,
39,3,10,2,11,5,4,0,0,0,45,
19,3,8,4,11,3,4,0,0,0,18,
56,3,9,0,7,4,4,0,0,0,40,
53,1,5,2,3,0,4,1,0,0,40,
68,3,14,2,9,0,4,1,0,0,18,
69,3,9,6,7,1,4,0,991,0,18,
62,3,10,2,11,0,4,1,0,0,40,
62,6,9,2,7,0,4,1,0,0,40,
39,3,9,0,7,4,4,0,0,0,40,
45,0,12,4,3,1,4,1,0,0,40,
29,3,10,2,0,0,2,1,0,0,50,
33,3,10,2,7,0,4,1,0,0,40,
34,3,10,2,6,0,2,1,7298,0,40,
29,3,9,4,6,1,4,0,0,0,40,
65,4,7,2,3,0,4,1,6418,0,35,
18,3,10,4,11,3,4,0,0,0,35,
22,3,9,4,4,3,4,1,0,0,40,
30,3,13,2,0,0,4,1,0,1902,40,
44,3,13,2,6,0,4,1,0,0,40,
48,3,10,0,9,4,4,0,0,0,20,
52,0,9,0,0,1,4,1,0,0,45,
53,5,13,2,3,0,1,1,7688,0,20,
48,0,9,3,0,4,4,0,1471,0,40,
25,3,13,4,0,3,4,0,0,0,40,
41,3,13,2,11,0,4,1,7688,0,50,
37,3,9,4,2,1,4,1,0,0,40,
55,3,6,2,13,0,2,1,0,0,45,
67,3,9,4,0,1,4,0,0,0,38,
36,3,10,0,0,1,4,1,0,0,45,
47,3,9,5,11,1,4,0,0,0,52,
36,8,9,4,14,4,4,0,0,0,40,
25,3,13,4,11,1,4,0,0,0,16,
19,3,5,4,4,2,4,1,0,0,16,
24,3,4,5,6,3,4,1,0,0,40,
30,5,10,4,11,3,4,1,0,0,25,
17,3,7,4,0,3,4,1,0,0,16,
28,3,13,4,0,3,4,1,0,0,40,
34,3,11,2,0,0,4,1,3908,0,45,
35,3,10,2,11,0,4,1,0,0,46,
24,1,10,2,10,0,2,1,0,0,40,
43,3,9,2,0,5,4,0,0,0,35,
20,3,9,4,6,1,2,1,0,0,40,
55,3,14,0,3,4,4,1,0,0,40,
22,3,10,4,0,3,2,0,0,0,35,
20,3,10,4,7,3,4,1,0,0,50,
44,3,9,0,7,4,4,0,0,0,40,
38,3,12,4,2,1,4,1,0,0,40,
53,3,5,6,11,4,2,0,0,0,25,
26,3,10,5,11,3,0,1,2597,0,48,
58,3,10,2,10,0,4,1,0,1902,40,
23,3,9,4,3,1,4,1,0,0,40,
53,3,2,2,13,0,4,1,0,0,50,
35,3,9,0,2,4,4,1,2354,0,40,
41,4,9,2,11,0,4,1,0,0,62,
31,3,9,2,6,0,4,1,0,0,40,
50,3,9,6,9,4,2,0,0,0,40,
57,3,5,2,11,0,2,1,0,0,55,
25,3,7,2,12,0,4,1,0,0,40,
23,3,9,2,6,0,4,1,0,0,40,
48,3,13,4,3,1,4,1,0,0,50,
34,3,10,0,11,1,4,0,0,0,60,
37,3,10,2,2,0,1,1,0,0,40,
43,4,13,2,11,2,1,1,0,0,45,
20,3,10,4,11,2,4,1,1055,0,20,
40,1,13,2,9,0,4,1,99999,0,75,
27,3,10,2,0,5,4,0,0,1579,40,
35,3,6,2,2,0,4,1,0,0,40,
33,3,13,4,11,1,4,0,0,0,40,
57,6,10,0,2,1,4,0,0,0,40,
43,3,12,2,12,0,1,1,0,0,40,
40,3,12,2,3,0,4,1,0,1848,55,
54,3,10,0,13,1,4,1,0,0,55,
28,3,10,0,0,1,4,0,0,0,40,
32,3,9,2,2,0,4,1,0,0,40,
49,3,9,2,11,0,4,1,0,0,50,
52,3,9,2,2,0,4,1,0,0,40,
41,3,6,2,13,0,4,1,0,0,60,
19,3,9,4,4,3,4,1,0,0,40,
33,3,9,0,2,3,4,0,0,0,42,
21,8,10,4,14,4,4,1,0,0,40,
25,3,13,2,9,5,4,0,0,0,32,
44,3,7,0,11,4,4,0,0,0,44,
20,3,10,4,9,3,4,1,0,0,40,
46,3,6,3,7,1,1,1,0,0,37,
39,3,9,2,11,0,4,1,0,0,50,
34,3,9,4,5,1,4,1,0,0,40,
19,3,9,4,5,3,4,1,0,0,35,
27,3,9,2,2,0,4,1,5178,0,40,
53,3,5,2,13,0,4,1,0,0,40,
46,3,11,0,6,4,4,1,0,0,40,
23,8,13,4,14,3,4,1,2907,0,40,
39,3,10,4,6,2,1,1,0,0,40,
30,3,9,2,5,0,4,1,0,0,40,
53,3,14,2,3,0,4,1,0,0,45,
33,3,5,2,5,0,4,1,0,0,40,
22,3,10,2,3,5,4,0,0,0,40,
44,3,10,0,7,4,2,0,0,0,35,
30,3,10,0,11,4,0,0,0,0,40,
66,3,10,0,0,1,4,0,0,0,20,
39,3,13,2,2,0,4,1,0,0,40,
37,3,9,2,9,0,4,1,0,0,50,
34,3,9,2,5,5,4,0,0,0,40,
17,3,7,4,2,3,4,1,0,0,20,
43,3,13,4,11,1,4,1,0,0,60,
46,3,13,2,9,0,4,1,0,0,50,
17,3,7,4,7,1,4,1,0,0,20,
60,3,4,2,6,0,4,1,3137,0,40,
63,3,14,2,12,0,4,1,5013,0,40,
42,3,12,2,11,0,4,1,0,0,40,
30,3,5,2,2,0,3,1,0,0,40,
33,3,9,2,13,0,4,1,0,0,40,
43,3,10,2,11,0,0,1,0,0,40,
20,3,5,4,3,2,4,0,0,0,40,
30,3,10,4,4,2,2,1,0,0,72,
37,3,9,2,13,0,4,1,0,0,45,
33,8,10,0,14,4,4,0,0,0,40,
49,5,13,2,9,0,4,1,0,0,40,
65,3,9,6,7,4,4,0,0,0,17,
35,3,15,2,9,0,4,1,0,0,55,
27,3,13,2,2,0,4,1,0,0,40,
33,3,9,2,11,0,4,1,0,1977,45,
18,3,8,4,11,3,4,0,0,0,20,
41,1,14,2,9,0,4,1,0,0,50,
38,3,13,4,3,1,4,1,0,1340,40,
45,3,9,2,6,0,4,1,0,0,40,
18,8,10,4,14,3,4,1,0,0,40,
33,3,10,5,7,4,4,0,0,0,38,
28,3,9,4,5,1,4,1,0,0,40,
47,3,9,0,9,4,0,0,0,0,40,
30,3,12,2,0,5,2,0,0,0,20,
36,3,12,2,9,0,4,1,0,0,40,
21,3,9,4,11,3,4,1,0,0,30,
44,3,13,4,9,1,4,1,0,0,40,
33,3,9,3,11,1,4,1,0,0,20,
61,8,9,2,14,0,2,1,0,0,6,
29,3,10,2,2,0,4,1,0,0,40,
45,3,10,2,2,0,4,1,0,0,40,
18,8,9,4,14,3,4,0,0,0,60,
29,1,11,4,10,1,4,1,0,1564,56,
27,3,13,4,9,3,4,0,0,0,40,
21,3,10,2,6,0,4,1,0,0,20,
22,8,10,2,14,5,4,0,3781,0,35,
49,4,10,2,2,0,4,1,0,0,45,
35,3,10,2,3,0,4,1,0,0,50,
47,3,9,2,2,0,4,1,5178,0,40,
37,1,10,2,13,0,4,1,0,0,40,
37,3,11,2,9,0,4,1,0,0,48,
26,3,9,0,2,1,4,1,0,0,40,
18,8,9,4,14,3,4,1,0,0,40,
55,0,10,2,2,0,4,1,0,0,45,
47,3,12,2,11,0,4,1,5178,0,50,
59,3,9,5,2,4,0,0,0,0,40,
70,3,9,6,0,4,4,0,0,0,5,
53,0,9,2,12,0,4,1,0,0,40,
39,3,9,0,9,4,4,0,0,0,40,
38,3,5,2,5,0,4,1,0,0,40,
33,3,10,5,12,4,4,0,0,0,50,
19,8,10,4,14,3,4,1,0,0,40,
28,3,9,4,0,1,4,1,0,0,40,
74,3,6,0,7,1,4,0,0,0,1,
40,3,13,2,0,0,4,1,0,0,40,
35,3,11,0,11,1,4,1,0,0,40,
35,5,9,0,2,1,4,1,0,0,50,
41,3,10,2,11,0,4,1,0,0,40,
38,3,10,4,11,1,4,1,0,0,50,
29,5,6,2,2,0,4,1,0,0,35,
46,5,9,2,3,0,4,1,0,0,50,
46,3,9,0,2,1,4,0,0,0,40,
40,3,13,2,9,0,4,1,0,0,60,
29,0,13,2,3,0,4,1,7688,0,40,
39,3,12,2,10,0,2,1,0,0,60,
31,3,9,4,3,3,4,1,0,0,60,
50,1,14,0,3,1,4,0,4650,0,70,
31,6,13,4,9,1,4,0,0,0,40,
27,3,10,2,2,0,4,1,0,0,45,
27,3,10,4,5,1,2,1,0,0,25,
28,3,13,4,9,1,4,0,0,0,20,
21,3,9,4,7,3,2,0,0,0,30,
57,1,13,0,3,1,4,1,0,0,40,
56,1,14,0,9,1,4,0,0,0,40,
22,8,9,4,14,1,4,0,0,0,40,
48,3,1,5,7,4,4,0,0,0,40,
36,4,10,0,11,4,1,1,0,0,55,
51,3,8,2,13,0,4,1,0,0,40,
39,1,12,4,13,1,4,1,0,0,48,
43,3,9,2,13,0,4,1,0,0,70,
38,3,14,2,9,0,1,1,0,0,40,
51,1,9,2,6,0,4,1,0,0,40,
43,6,9,2,9,0,4,1,0,0,40,
44,3,14,2,9,0,4,1,7298,0,40,
35,3,9,0,3,4,4,0,0,0,50,
40,3,9,2,9,0,4,1,0,1902,40,
39,3,6,5,7,3,2,0,0,0,12,
47,4,4,2,2,0,4,1,0,0,40,
23,3,1,4,7,3,4,0,0,0,15,
26,3,7,2,6,0,4,1,0,0,40,
25,1,9,4,9,3,2,0,0,0,40,
29,3,10,5,5,1,2,1,0,0,42,
30,3,9,4,6,1,4,1,0,0,45,
57,6,13,2,0,0,1,1,0,1485,40,
37,4,11,2,11,0,4,1,0,0,40,
39,3,13,2,11,0,4,1,3103,0,48,
37,3,14,4,3,1,4,0,0,0,40,
45,8,9,2,14,0,4,1,0,0,40,
21,3,10,4,11,3,4,0,0,0,16,
25,6,10,2,0,5,2,0,0,0,40,
61,6,9,6,0,4,0,0,0,0,40,
59,3,9,2,0,0,4,1,2414,0,15,
28,3,9,4,5,3,4,1,0,0,40,
24,3,10,4,0,4,4,0,0,0,40,
47,3,9,2,6,0,4,1,0,0,40,
29,3,9,1,13,0,4,1,0,0,80,
49,5,5,0,7,1,4,0,0,0,20,
41,1,13,0,9,4,4,0,0,0,35,
33,3,10,4,3,1,2,0,0,0,40,
20,8,10,4,14,3,4,1,0,0,40,
40,3,16,2,9,5,4,0,0,1977,20,
32,3,10,0,5,1,4,1,0,0,16,
48,3,13,0,11,1,2,1,0,0,40,
24,3,10,4,11,3,4,0,0,0,40,
50,3,11,2,12,0,4,1,0,0,38,
31,6,9,4,10,2,1,1,0,0,40,
23,3,11,2,2,0,4,1,0,0,55,
35,3,9,2,7,0,4,1,0,0,40,
50,1,9,2,10,0,4,1,0,0,40,
39,3,5,0,5,1,4,1,0,0,50,
52,3,4,2,7,0,4,1,0,0,48,
44,3,9,2,4,0,4,1,0,0,80,
43,3,13,2,9,0,4,1,0,0,50,
39,3,9,2,9,0,4,1,0,0,40,
33,3,4,4,4,1,4,1,0,0,40,
31,3,14,4,3,1,4,1,0,1564,40,
40,5,10,2,9,5,4,0,0,0,40,
28,1,15,2,9,0,4,1,0,0,40,
19,3,8,4,9,1,1,0,0,0,25,
35,3,11,2,2,0,4,1,0,0,50,
44,3,13,2,9,0,4,1,0,0,60,
40,5,13,2,0,0,4,1,0,0,40,
20,3,10,4,0,3,4,0,0,0,35,
55,3,9,0,2,4,2,1,0,0,48,
30,3,4,5,13,1,4,1,0,0,35,
38,3,9,2,11,0,4,1,0,0,55,
75,3,9,2,11,0,4,1,2653,0,20,
17,3,7,4,7,3,4,1,0,0,15,
79,8,14,2,14,0,4,1,20051,0,40,
20,3,10,4,11,3,4,1,0,0,30,
25,3,12,4,12,1,4,1,0,0,30,
27,3,13,2,11,0,4,1,0,0,45,
19,3,10,4,11,3,4,0,0,0,20,
21,3,10,2,11,5,0,0,0,0,40,
19,3,10,4,7,3,4,1,0,0,20,
42,3,10,4,7,1,4,1,0,0,40,
28,3,6,2,2,0,4,1,0,0,36,
47,5,10,2,2,0,4,1,0,0,40,
59,3,10,0,7,4,4,0,0,0,32,
50,3,9,2,2,0,4,1,0,0,40,
48,4,9,2,3,0,4,1,0,0,80,
33,1,9,2,10,0,4,1,0,0,40,
27,3,12,4,11,1,4,0,0,0,40,
45,3,16,4,9,1,4,1,99999,0,30,
24,3,4,4,11,3,4,1,0,0,40,
31,3,9,2,0,5,4,0,0,0,40,
24,3,3,4,4,2,2,1,0,0,40,
29,3,9,4,3,1,4,1,0,0,40,
24,3,9,4,6,3,4,1,0,0,30,
24,3,13,4,0,1,4,0,0,0,30,
28,3,10,4,3,1,2,0,0,0,45,
63,8,9,2,14,0,4,1,0,0,40,
36,0,10,2,5,0,4,1,0,0,50,
58,6,4,2,13,0,4,1,0,0,40,
51,3,10,0,3,1,4,0,0,0,36,
42,3,10,2,2,0,4,1,0,0,50,
39,3,10,2,6,0,4,1,0,0,40,
26,3,13,4,9,3,1,0,0,0,40,
39,3,10,4,2,1,4,1,0,0,40,
28,3,13,4,9,1,4,1,0,0,45,
51,3,13,2,9,0,0,1,15024,0,40,
45,3,13,3,3,4,4,1,0,0,40,
45,3,11,2,2,0,4,1,0,0,40,
23,6,13,4,9,1,4,0,0,0,40,
38,3,10,4,7,1,4,1,0,1408,40,
38,3,7,3,13,3,4,1,0,0,36,
39,3,10,2,6,0,4,1,0,0,40,
52,3,11,4,4,1,4,1,0,0,50,
17,3,8,4,11,3,4,0,0,0,6,
31,3,13,2,3,0,4,1,0,0,50,
22,3,9,4,13,3,2,1,0,0,24,
47,6,9,0,0,4,4,0,1831,0,38,
28,3,10,4,0,1,4,0,0,0,40,
30,8,9,4,14,4,2,0,0,0,40,
41,3,9,2,13,0,4,1,0,0,50,
29,3,14,4,9,1,2,1,0,0,42,
42,5,15,0,9,4,4,1,0,0,60,
52,0,10,2,0,0,4,1,0,0,40,
35,3,13,4,9,1,4,0,0,0,40,
28,3,12,4,0,3,4,0,0,0,40,
46,3,14,2,9,0,4,1,7688,0,46,
21,8,10,4,14,3,4,0,2176,0,40,
45,1,9,3,0,4,2,0,0,0,40,
21,3,9,4,13,3,4,1,0,0,40,
74,3,6,2,0,0,4,1,0,0,20,
29,3,9,2,13,2,4,1,0,0,40,
39,1,9,0,0,4,4,0,0,0,40,
44,3,10,2,2,0,4,1,7688,0,45,
23,4,13,4,4,1,4,1,0,0,40,
32,1,12,0,3,1,2,0,0,0,40,
61,8,6,0,14,1,4,0,0,0,40,
43,3,9,0,3,1,4,0,0,0,30,
23,3,1,4,7,1,1,0,0,0,40,
18,3,10,4,0,3,4,0,0,0,38,
38,3,9,2,5,0,4,1,0,0,40,
33,3,13,5,9,1,4,1,4650,0,35,
19,4,10,4,7,3,1,0,0,0,35,
23,3,10,4,13,1,4,1,4101,0,40,
37,3,9,0,12,3,4,1,0,0,45,
25,3,9,4,4,3,4,1,0,0,40,
36,3,9,0,13,4,4,1,0,0,43,
45,3,8,2,0,5,2,0,3103,0,40,
32,3,13,4,0,1,4,0,0,0,48,
65,8,7,0,14,1,1,0,0,0,15,
18,5,7,4,2,3,4,1,0,0,40,
25,3,9,4,13,4,4,1,0,0,40,
29,3,14,4,11,1,4,1,0,0,65,
53,3,10,2,2,0,4,1,0,0,40,
33,3,16,2,9,0,4,1,0,0,60,
27,3,13,4,2,1,4,1,0,0,45,
24,6,9,2,10,0,4,1,0,0,40,
54,5,4,2,6,0,4,1,0,0,50,
23,3,10,4,11,1,4,0,0,0,30,
45,3,11,6,0,1,1,0,0,0,40,
36,3,10,2,3,5,4,0,0,0,35,
36,3,7,2,2,0,4,1,5178,0,40,
44,1,14,4,9,1,4,0,0,1669,40,
24,3,9,4,13,4,2,1,0,0,40,
39,3,10,0,11,3,4,1,0,1380,70,
50,3,9,3,5,4,4,0,0,0,40,
38,3,9,2,3,5,4,0,15024,0,40,
58,3,13,6,3,4,4,0,0,0,40,
44,4,9,2,7,0,2,1,0,0,48,
24,3,13,4,11,3,1,1,0,0,55,
52,4,9,2,3,0,4,1,15024,0,40,
46,3,13,0,11,1,4,1,8614,0,40,
50,4,16,2,9,0,4,1,15024,0,60,
34,3,12,2,2,0,4,1,0,0,44,
40,3,12,4,12,1,2,1,0,0,40,
53,3,13,0,0,4,4,0,0,0,40,
24,3,9,4,0,3,4,0,0,0,40,
58,8,13,2,14,0,4,1,0,0,70,
26,3,10,2,2,0,4,1,0,0,45,
22,3,12,4,5,3,4,1,0,0,40,
36,3,9,2,2,0,4,1,0,0,40,
78,8,12,6,14,1,4,0,0,0,4,
36,3,13,2,9,0,4,1,0,0,45,
43,1,13,2,9,5,4,0,0,0,28,
60,3,4,2,5,0,4,1,0,0,40,
49,1,14,2,9,0,4,1,7298,0,40,
50,4,4,2,2,0,4,1,0,1977,63,
34,5,4,4,5,4,2,1,0,0,10,
46,3,10,2,0,0,4,1,0,0,40,
46,1,13,2,13,0,2,1,0,0,40,
69,3,9,2,7,0,4,1,0,0,20,
32,3,6,2,2,0,4,1,0,0,40,
40,1,13,4,9,1,4,1,0,0,50,
61,3,3,2,5,0,4,1,3411,0,45,
56,3,10,2,3,0,4,1,0,0,40,
47,3,9,2,12,0,4,1,0,0,40,
29,3,9,2,6,0,2,1,0,0,40,
37,3,9,2,6,0,4,1,0,0,46,
51,3,15,4,9,1,4,0,0,2559,50,
44,6,14,2,3,0,4,1,0,1902,40,
33,3,9,5,7,4,4,0,0,0,40,
51,5,15,0,9,1,4,1,0,0,80,
24,3,11,2,6,0,4,1,0,0,40,
37,5,11,4,7,3,4,0,0,0,40,
40,3,10,0,3,1,4,1,0,0,40,
34,3,14,4,3,3,4,1,0,0,40,
61,8,13,0,14,4,4,0,0,0,40,
56,4,9,2,3,0,4,1,0,0,40,
69,0,7,6,0,1,4,0,0,0,20,
41,5,11,0,7,4,4,0,0,0,10,
40,3,9,2,2,0,4,1,0,0,40,
57,3,10,4,5,3,2,1,0,0,40,
26,3,13,2,3,0,4,1,0,0,55,
53,3,9,2,2,0,4,1,0,0,46,
90,8,4,5,14,1,4,0,0,0,15,
39,3,13,0,3,1,4,1,0,0,55,
51,0,13,6,0,1,4,0,0,0,40,
56,0,13,2,3,0,4,1,0,0,40,
51,3,6,5,0,4,2,0,0,0,40,
17,3,8,4,9,3,4,1,0,0,20,
42,3,10,0,3,1,4,0,0,1741,50,
42,3,10,0,0,3,4,0,0,0,40,
29,3,15,4,9,4,4,1,27828,0,45,
33,3,13,2,9,0,4,1,0,0,40,
47,3,15,2,9,0,4,1,0,0,60,
43,3,10,0,6,1,4,1,0,0,40,
64,5,15,2,9,0,4,1,0,0,9,
40,3,9,0,13,1,4,1,0,0,60,
21,3,3,4,5,1,4,1,0,0,40,
31,3,10,2,3,0,4,1,0,0,40,
60,3,11,6,3,4,1,0,0,0,40,
32,3,8,2,11,0,4,1,0,0,40,
66,8,13,2,14,0,4,1,6767,0,20,
27,3,9,4,2,3,2,1,0,0,20,
40,3,9,2,3,5,4,0,0,0,40,
27,3,9,2,7,5,4,0,0,0,40,
18,3,10,4,7,3,4,1,0,0,30,
43,3,9,5,7,1,2,0,0,0,40,
52,3,9,2,6,0,4,1,0,0,48,
31,3,9,4,7,1,4,1,0,0,85,
28,3,9,2,13,0,4,1,0,0,60,
44,3,14,4,9,1,4,0,0,0,35,
37,5,10,2,4,0,4,1,0,0,84,
35,3,13,2,3,0,4,1,0,0,50,
42,3,5,5,2,4,2,1,0,0,40,
18,3,6,4,7,3,2,1,0,0,10,
46,4,14,2,11,0,4,1,0,1977,60,
54,0,9,2,0,0,4,1,0,0,40,
54,3,9,2,11,0,4,1,0,1672,50,
56,3,10,0,0,1,4,0,0,0,45,
27,3,10,4,11,4,4,1,0,0,50,
26,3,13,4,0,3,4,0,0,0,40,
41,1,10,2,2,0,4,1,0,0,40,
41,3,9,2,5,0,4,1,0,0,40,
32,3,10,0,6,4,4,0,0,0,40,
18,3,9,4,0,3,4,0,0,0,30,
36,3,9,2,5,0,4,1,0,0,65,
37,3,6,4,5,1,4,1,0,0,40,
31,3,3,4,4,3,4,1,0,0,25,
46,3,13,2,3,0,4,1,0,0,51,
24,3,9,0,6,1,4,1,0,0,40,
25,4,13,4,3,3,1,1,0,0,35,
55,3,3,2,2,0,4,1,0,0,50,
64,1,9,6,3,1,4,1,0,0,40,
30,1,13,4,9,1,4,0,0,0,40,
65,3,14,4,9,1,4,1,0,0,99,
46,0,13,0,9,1,4,1,0,0,40,
45,3,14,2,3,0,4,1,15024,0,60,
18,3,10,4,11,3,4,0,0,0,25,
32,3,13,2,3,0,4,1,0,0,40,
38,8,13,2,14,5,3,0,7688,0,50,
34,6,16,2,9,0,4,1,0,0,45,
35,3,9,2,2,0,4,1,3137,0,40,
26,3,9,4,2,3,4,1,3325,0,40,
24,3,10,4,11,2,4,1,0,0,35,
45,5,9,2,11,0,4,1,15024,0,80,
36,3,6,4,5,1,4,0,0,0,34,
44,3,4,2,6,0,3,1,0,0,40,
23,3,10,4,0,1,4,0,0,0,60,
57,3,9,2,2,0,4,1,0,0,55,
41,5,10,2,11,0,4,1,0,0,60,
20,1,9,2,10,0,2,1,0,0,30,
32,3,10,2,2,0,4,1,0,0,36,
60,3,9,2,7,5,4,0,99999,0,40,
38,4,13,4,2,1,4,0,0,0,20,
29,3,9,4,13,1,4,0,0,0,45,
22,3,9,4,2,3,4,1,0,0,40,
21,3,10,4,11,3,1,1,0,0,30,
40,1,9,2,7,2,4,1,3137,0,40,
59,3,10,2,3,0,4,1,0,1848,45,
45,6,14,0,3,1,4,1,0,0,45,
76,1,9,6,7,1,4,0,0,0,13,
45,3,13,2,6,0,4,1,0,0,40,
49,1,14,5,9,4,4,0,0,0,70,
36,1,11,4,10,1,2,0,0,0,60,
22,3,7,4,2,3,4,1,0,0,35,
47,3,11,0,9,4,4,0,0,0,44,
26,3,9,1,11,0,4,1,0,0,55,
21,3,10,0,2,3,4,1,0,0,40,
27,3,9,4,13,3,4,0,0,0,15,
26,3,13,4,7,1,4,1,0,0,40,
20,3,11,4,12,3,4,0,0,0,25,
31,5,14,4,9,1,4,1,0,0,45,
57,1,14,0,7,4,2,0,0,0,40,
39,3,7,0,11,2,4,0,0,0,40,
36,3,12,4,12,1,2,1,14344,0,40,
66,3,10,2,3,0,4,1,0,0,45,
34,1,10,2,2,0,4,1,0,0,40,
80,8,9,2,14,0,4,1,0,0,25,
21,3,9,4,7,2,4,0,0,0,40,
40,3,13,2,3,0,4,1,0,1902,32,
49,1,12,0,0,1,4,0,0,0,30,
48,5,10,0,11,1,4,0,3325,0,60,
19,6,10,4,7,1,4,1,594,0,24,
42,3,7,2,13,0,2,1,0,0,40,
59,3,9,2,13,0,4,1,0,0,45,
63,3,10,0,7,1,4,0,0,0,40,
26,3,9,4,2,2,4,1,0,0,40,
41,3,5,0,7,2,4,0,0,0,35,
42,3,10,2,0,0,4,1,0,1628,40,
19,3,9,4,7,3,4,1,0,0,20,
45,1,7,2,7,5,4,0,0,0,25,
47,3,9,2,7,5,4,0,0,0,30,
47,3,9,0,0,1,4,0,0,0,40,
34,3,11,2,2,0,4,1,0,0,40,
49,5,13,2,11,0,4,1,15024,0,40,
36,3,9,0,13,1,4,1,0,0,40,
53,3,9,6,2,4,4,1,0,0,40,
21,8,10,4,14,1,4,1,0,2001,45,
39,3,9,0,5,1,4,1,0,0,40,
52,5,11,2,2,0,4,1,0,0,40,
18,3,10,4,11,3,4,0,2176,0,35,
59,3,11,4,2,1,1,1,0,0,40,
50,3,9,2,2,0,4,1,0,0,50,
31,3,13,2,12,0,1,1,0,0,40,
52,8,10,2,14,5,4,0,0,0,40,
41,5,10,2,3,0,4,1,0,0,40,
45,3,12,6,12,4,4,1,0,0,40,
54,1,14,0,9,1,4,0,0,0,40,
22,3,9,4,4,1,4,1,0,0,25,
50,3,9,2,13,0,4,1,7298,0,40,
20,8,12,4,14,1,4,0,0,0,32,
43,3,9,0,0,1,4,0,0,0,40,
48,1,13,2,9,0,4,1,0,0,40,
24,3,13,4,3,1,4,1,2174,0,45,
54,3,10,2,11,0,4,1,15024,0,40,
26,3,9,2,0,0,4,1,0,0,40,
53,3,13,2,2,0,4,1,0,0,40,
51,4,16,2,9,0,4,1,15024,0,40,
54,3,14,2,3,0,4,1,0,1887,44,
32,6,9,2,2,0,4,1,0,0,49,
46,3,9,2,2,0,2,1,0,0,40,
60,8,13,2,14,0,4,1,0,0,12,
52,1,9,0,0,1,4,0,0,0,45,
44,3,9,0,0,1,4,0,0,0,40,
56,4,10,2,3,0,4,1,0,1672,40,
57,3,9,2,3,0,4,1,0,0,40,
35,3,9,4,7,4,2,0,0,0,40,
30,3,12,4,12,1,4,0,0,0,40,
29,3,10,4,5,1,4,1,0,0,35,
49,3,13,2,3,0,4,1,7688,0,66,
28,3,6,4,5,1,4,1,0,0,40,
30,3,10,5,0,4,2,0,0,0,40,
45,3,9,0,7,1,4,1,0,1980,40,
17,3,6,4,7,3,4,1,0,0,12,
54,1,6,2,0,0,4,1,0,0,40,
31,3,10,2,0,0,4,1,0,0,40,
54,3,16,2,3,0,4,1,0,1977,50,
55,8,13,2,14,0,4,1,0,0,40,
26,3,12,2,0,3,4,0,0,0,40,
37,3,5,2,5,0,4,1,0,0,50,
34,3,9,0,2,1,0,1,0,0,48,
38,3,13,2,9,0,4,1,0,0,40,
51,3,10,2,3,0,4,1,0,0,45,
41,3,9,4,3,1,1,1,0,0,60,
24,3,10,4,5,1,4,1,0,0,40,
56,4,13,2,3,0,4,1,15024,0,50,
33,3,9,4,2,3,1,1,0,0,40,
31,3,6,2,6,0,4,1,0,0,40,
27,3,10,4,5,1,2,1,0,0,50,
32,5,13,2,11,2,4,1,0,0,45,
35,3,12,2,3,0,4,1,0,0,40,
43,3,10,2,2,0,4,1,0,0,45,
40,3,9,0,7,4,4,0,0,0,36,
19,5,9,4,7,3,4,1,0,0,53,
23,3,12,4,5,3,4,1,0,0,32,
40,3,9,5,6,4,4,1,0,0,40,
59,3,9,0,2,1,4,1,0,0,38,
43,3,9,2,2,0,4,1,0,0,40,
43,5,6,2,2,0,4,1,0,0,60,
53,3,9,6,6,1,4,0,0,0,40,
26,3,9,2,11,0,4,1,0,0,40,
68,4,10,2,3,0,4,1,10605,0,20,
41,3,13,2,11,0,4,1,0,0,48,
32,5,9,0,2,4,4,1,0,0,40,
25,6,13,4,3,1,4,1,0,0,40,
20,3,9,4,7,3,4,1,0,0,40,
22,3,10,4,7,1,4,1,0,0,15,
33,3,6,2,2,0,4,1,0,0,40,
26,1,10,2,7,2,4,1,0,0,40,
29,3,9,4,7,4,2,0,0,0,25,
20,3,9,4,11,3,4,0,0,0,23,
68,6,14,2,9,0,4,1,0,2377,42,
58,3,10,0,9,4,4,0,0,0,40,
32,3,9,0,6,1,4,1,0,0,40,
23,3,12,4,7,1,4,0,0,0,25,
30,3,5,2,7,0,4,1,0,0,40,
67,6,10,2,4,0,4,1,0,0,8,
26,3,12,4,0,4,4,0,0,0,32,
53,5,9,2,3,0,4,1,0,0,35,
27,1,9,2,13,0,4,1,0,0,60,
29,7,10,2,4,3,4,1,0,0,65,
38,6,16,2,9,0,4,1,0,0,40,
17,3,5,4,7,3,2,0,0,0,40,
48,3,14,2,12,0,4,1,0,0,40,
52,3,10,6,7,4,2,0,0,0,40,
28,3,12,2,3,5,4,0,0,0,40,
18,3,10,4,11,3,4,1,0,0,15,
28,3,10,0,11,1,4,1,0,0,30,
34,3,10,2,2,0,4,1,0,0,40,
62,3,9,2,9,0,4,1,0,0,40,
46,3,3,2,6,0,4,1,0,0,40,
30,3,10,0,0,4,4,0,0,0,40,
20,3,10,4,13,3,4,1,0,0,40,
29,3,9,4,3,1,4,1,2174,0,50,
55,3,10,2,0,0,2,1,0,0,25,
20,3,10,4,9,3,4,1,0,0,24,
54,3,6,2,13,0,2,1,0,0,40,
27,3,6,4,2,1,4,1,0,0,30,
43,3,10,4,0,1,4,1,0,0,55,
17,8,6,4,14,3,4,1,0,0,40,
48,6,14,0,10,1,4,1,0,0,72,
34,3,13,4,3,3,4,1,0,0,40,
66,8,5,2,14,0,2,1,0,0,40,
29,3,13,4,9,1,4,0,0,0,40,
43,8,10,5,14,1,2,1,0,0,40,
37,3,11,0,11,4,4,0,0,0,40,
56,3,10,2,9,0,4,1,0,0,40,
58,3,6,2,2,0,4,1,0,0,40,
54,4,13,2,11,0,2,1,0,0,40,
45,3,10,5,2,1,4,1,0,0,41,
29,4,9,2,7,0,4,1,0,0,40,
26,3,12,2,0,5,4,0,0,0,40,
43,3,9,2,0,0,2,1,0,0,40,
33,1,9,2,7,0,4,1,0,0,40,
45,5,10,2,7,0,4,1,3103,0,42,
25,3,10,4,11,1,4,1,0,0,30,
25,3,9,2,2,0,4,1,0,0,40,
69,8,15,0,14,1,4,1,0,0,5,
37,3,12,2,0,0,4,1,0,0,40,
20,3,9,4,3,1,4,1,0,0,25,
39,3,14,2,9,5,4,0,0,1977,24,
17,3,6,4,11,3,4,0,0,0,20,
27,1,9,4,4,3,4,1,0,0,40,
26,3,9,4,7,2,2,0,0,0,40,
55,3,3,2,6,0,4,1,0,0,40,
39,3,7,2,9,0,4,1,0,0,60,
41,3,9,5,7,1,4,0,0,0,40,
34,3,2,2,2,0,4,1,0,0,40,
51,3,11,2,3,0,4,1,0,0,50,
67,6,16,2,9,0,2,1,0,0,12,
40,3,10,0,6,3,4,1,0,0,40,
58,3,12,2,2,0,4,1,0,1740,40,
23,3,9,4,11,1,4,0,0,0,40,
45,1,14,2,9,0,4,1,0,0,50,
51,3,13,2,11,0,4,1,7688,0,50,
43,6,10,0,3,4,4,1,0,0,40,
25,6,13,4,7,1,4,0,2597,0,50,
36,5,13,2,3,0,4,1,2407,0,40,
58,3,9,2,2,0,4,1,0,0,50,
33,3,9,0,6,1,4,1,0,0,40,
60,1,11,2,7,0,4,1,0,0,40,
24,3,9,4,11,3,1,1,0,0,40,
45,3,9,0,3,1,4,0,0,0,46,
49,3,9,0,0,1,4,0,0,0,40,
19,3,8,4,0,1,4,0,0,0,40,
34,6,10,3,0,4,1,0,0,0,38,
42,6,13,0,0,1,4,1,0,0,40,
25,3,9,4,8,1,4,0,0,0,50,
73,8,9,2,14,0,4,1,0,0,15,
59,5,3,2,7,0,4,1,2580,0,15,
28,3,9,2,6,0,4,1,2885,0,40,
19,3,7,4,7,2,4,1,0,0,30,
31,6,13,4,9,1,4,0,0,0,40,
58,0,13,4,9,1,4,1,0,0,48,
21,3,9,4,2,3,4,1,0,0,13,
47,5,9,2,3,0,4,1,0,0,50,
30,3,13,4,11,1,4,1,0,0,40,
41,3,4,2,2,0,1,1,0,0,40,
59,8,6,0,14,1,4,0,0,0,40,
43,3,10,5,13,4,4,1,4934,0,51,
48,3,9,5,0,1,4,0,0,2001,40,
44,3,13,2,11,0,4,1,0,0,50,
44,3,10,4,0,1,2,0,0,0,40,
24,3,13,4,3,3,2,0,0,0,40,
28,3,9,2,2,0,4,1,0,0,43,
50,3,9,3,3,4,4,0,0,0,10,
33,3,10,2,2,0,4,1,0,0,40,
23,1,13,4,9,2,4,0,0,0,50,
30,8,9,4,14,3,4,1,0,0,40,
46,3,6,2,5,0,4,1,0,0,40,
21,6,10,4,12,3,4,1,0,0,10,
52,3,5,5,7,1,2,0,0,0,30,
26,3,13,4,9,1,4,1,0,0,50,
27,6,13,4,12,1,4,1,0,0,12,
28,3,7,4,6,4,4,0,0,0,40,
50,4,13,2,11,0,4,1,0,0,60,
28,3,9,2,2,0,4,1,0,0,35,
61,5,7,2,3,0,4,1,0,0,20,
32,3,4,5,11,4,4,0,0,0,35,
30,0,10,4,2,1,4,1,0,0,40,
51,1,13,0,0,1,4,0,0,0,40,
40,1,10,4,10,1,4,1,0,2444,40,
36,3,9,4,3,1,4,1,0,2258,70,
28,3,10,0,7,2,2,1,0,0,24,
49,3,12,2,9,0,4,1,0,0,45,
61,5,4,2,13,0,4,1,0,0,30,
41,5,13,2,3,0,4,1,0,0,60,
55,3,9,6,7,4,4,0,0,0,30,
36,3,13,2,9,5,4,0,0,0,40,
21,3,10,4,0,3,4,0,0,0,40,
57,5,10,2,13,0,4,1,0,0,45,
49,4,15,2,9,0,4,1,99999,0,37,
59,3,7,2,0,0,4,1,0,0,40,
41,3,10,5,11,1,4,1,0,0,80,
59,3,10,2,2,0,4,1,0,0,40,
20,3,9,4,7,3,4,1,0,0,25,
42,3,10,0,0,1,2,0,0,0,40,
41,1,14,0,9,4,4,0,0,0,60,
45,0,13,2,3,0,4,1,0,0,50,
36,3,9,4,11,2,1,0,0,0,40,
42,1,12,2,3,5,4,0,0,0,45,
25,3,13,2,9,0,4,1,0,0,40,
45,3,9,2,2,0,4,1,0,1887,40,
58,5,9,2,11,0,4,1,15024,0,40,
39,3,9,2,2,0,4,1,0,0,40,
34,3,9,2,2,0,4,1,0,0,40,
22,5,10,4,2,1,4,1,0,0,40,
44,3,9,0,12,1,4,1,0,0,50,
53,4,10,6,11,4,4,0,0,0,40,
22,3,12,4,5,1,2,1,0,2824,40,
27,3,5,2,10,0,4,1,0,0,40,
60,3,9,5,7,1,4,0,0,0,25,
46,3,13,2,9,0,4,1,3103,0,40,
56,4,15,2,9,0,4,1,99999,0,40,
36,3,13,4,3,1,4,1,27828,0,40,
56,3,9,0,0,4,4,0,0,0,32,
35,8,10,2,14,0,1,1,0,0,40,
29,4,13,2,3,0,4,1,0,1740,70,
19,3,6,4,5,3,4,1,0,0,39,
38,3,9,2,7,0,4,1,0,0,40,
40,0,10,2,12,0,4,1,0,0,40,
52,3,12,2,3,0,4,1,0,0,55,
22,3,10,2,3,5,4,0,0,0,40,
32,6,9,0,7,1,4,0,0,0,25,
27,3,13,4,3,3,4,0,0,0,40,
25,3,13,4,9,3,4,0,0,0,40,
36,3,14,2,9,0,3,1,0,0,40,
22,3,8,4,5,3,0,1,0,0,40,
32,5,9,2,2,0,4,1,0,0,45,
37,3,13,5,3,4,2,0,0,0,40,
22,3,9,4,9,3,4,1,0,0,54,
29,3,9,2,0,5,4,0,0,0,40,
42,3,1,4,5,1,4,1,0,0,25,
45,3,11,4,11,1,4,0,0,0,38,
33,3,13,0,0,1,4,0,0,0,45,
39,3,10,5,9,4,4,0,0,0,40,
27,3,8,4,6,1,4,1,0,0,45,
53,1,13,2,9,5,4,0,0,0,50,
30,3,13,4,7,1,4,0,0,0,40,
52,5,10,6,2,1,2,1,0,0,35,
43,4,13,2,11,0,4,1,15024,0,60,
47,1,14,4,9,1,4,1,0,0,35,
61,3,9,2,10,0,2,1,0,0,40,
39,1,14,0,9,1,2,1,0,0,40,
47,3,10,0,11,4,4,1,0,0,50,
19,3,9,2,2,0,4,1,0,0,25,
37,3,10,2,6,0,4,1,3464,0,40,
31,3,9,2,2,0,4,1,0,0,51,
69,5,11,2,11,0,4,1,0,0,8,
22,8,10,4,14,3,4,1,0,0,25,
29,3,9,2,6,0,4,1,0,0,40,
24,3,10,4,6,3,3,1,0,0,14,
42,3,9,5,5,4,4,1,0,0,40,
30,1,13,2,10,0,4,1,0,0,72,
28,3,14,3,11,1,4,0,0,0,80,
27,3,11,4,5,1,4,1,0,0,40,
53,3,9,0,3,1,2,0,0,0,40,
35,6,9,2,2,0,4,1,0,1651,40,
22,3,8,2,13,0,4,1,0,0,40,
25,3,9,5,10,3,2,1,0,0,40,
38,1,13,2,9,5,2,0,0,1887,40,
27,3,13,4,0,4,4,0,0,0,35,
30,3,5,2,7,0,4,1,0,0,37,
27,3,13,0,9,3,4,0,0,0,50,
25,3,13,4,9,1,4,1,0,0,40,
36,8,9,6,14,1,4,0,0,0,4,
32,3,9,4,6,1,4,0,0,0,40,
70,3,6,6,2,4,4,1,0,0,45,
50,3,9,2,3,0,4,1,0,0,40,
40,3,10,2,7,5,4,0,0,0,35,
34,3,7,3,2,1,2,1,0,0,55,
57,5,9,2,2,0,4,1,0,0,50,
39,3,14,4,7,1,4,0,0,0,32,
49,3,10,0,7,4,4,0,0,0,40,
43,3,10,2,9,0,4,1,5178,0,40,
26,3,9,4,0,1,4,0,0,0,45,
31,3,10,0,0,4,2,0,0,0,40,
60,5,10,2,11,0,4,1,0,0,50,
46,3,14,2,9,0,4,1,15024,0,50,
26,3,10,2,13,0,4,1,7298,0,55,
27,3,15,4,9,3,4,0,0,0,40,
31,3,10,2,0,5,2,0,0,0,40,
59,3,9,6,3,4,4,0,0,0,50,
19,8,10,4,14,3,4,0,0,0,20,
18,3,10,4,7,3,4,0,0,0,24,
22,3,10,2,3,0,4,1,0,0,45,
24,3,12,2,11,3,4,0,0,0,20,
53,6,6,2,13,0,4,1,0,0,40,
43,3,9,2,5,0,4,1,0,0,42,
24,3,10,2,12,0,4,1,0,0,50,
60,3,6,6,12,4,4,0,0,0,40,
24,3,9,2,2,0,4,1,0,0,40,
52,0,9,4,0,1,2,1,0,0,40,
32,3,11,2,13,0,4,1,0,0,99,
34,3,6,5,7,1,4,0,0,0,35,
35,1,12,2,10,0,4,1,0,0,40,
38,3,5,3,5,1,4,1,0,0,40,
34,5,9,2,4,0,4,1,4508,0,90,
53,1,15,4,9,1,4,0,0,0,50,
23,3,9,4,0,1,4,0,0,0,40,
40,3,10,2,0,0,4,1,0,0,40,
40,3,9,2,2,0,4,1,0,0,40,
50,3,9,2,4,0,4,1,0,0,60,
17,3,6,4,11,3,4,0,0,0,20,
53,1,13,0,9,1,4,0,0,1876,54,
32,3,13,0,2,1,4,1,0,0,50,
43,8,9,4,14,2,4,0,0,0,40,
18,3,7,4,11,3,4,1,0,0,16,
62,3,6,0,7,3,4,0,0,0,40,
45,3,14,2,7,0,4,1,0,0,40,
46,3,16,2,9,0,4,1,0,0,70,
73,5,4,2,4,0,4,1,0,0,40,
64,3,16,2,9,0,4,1,0,0,60,
26,3,13,2,9,5,4,0,0,0,45,
23,3,9,4,11,1,4,1,0,0,48,
30,3,9,4,6,2,4,1,0,0,40,
51,3,10,0,0,4,4,0,0,0,40,
35,5,13,0,3,4,4,0,0,0,55,
39,3,10,4,0,1,4,0,13550,0,45,
35,4,14,2,9,0,1,1,0,0,40,
41,3,9,6,6,1,4,0,0,0,40,
31,3,10,0,2,3,4,1,4650,0,40,
40,3,13,2,11,0,4,1,0,0,50,
46,1,15,2,9,0,1,1,0,0,40,
31,3,9,4,7,1,4,0,0,0,30,
41,4,10,0,6,1,4,0,0,0,40,
42,3,13,2,3,0,4,1,3137,0,40,
23,3,9,4,11,3,4,1,0,0,40,
21,8,10,4,14,3,4,1,0,0,35,
49,3,10,2,0,0,4,1,0,0,45,
53,3,11,0,12,1,2,1,0,0,40,
38,1,13,4,10,1,4,0,4787,0,43,
36,3,12,0,3,4,1,0,0,0,40,
32,3,10,4,2,4,4,1,0,0,72,
20,3,7,4,13,2,4,1,0,0,40,
17,8,7,4,14,3,4,1,0,0,10,
22,3,10,4,12,2,1,0,0,0,32,
25,3,11,4,2,4,0,1,0,0,40,
58,3,9,2,2,0,4,1,0,1902,40,
24,3,10,4,4,1,4,1,0,0,20,
48,6,9,0,2,3,4,1,8614,0,40,
20,3,2,4,4,1,4,1,0,0,30,
60,5,10,2,3,0,4,1,0,0,40,
20,3,9,4,7,2,4,1,0,0,30,
52,3,10,2,3,0,4,1,0,0,45,
36,3,9,2,13,5,4,0,0,0,40,
46,1,13,2,9,0,1,1,0,0,40,
22,3,7,4,11,4,4,0,0,0,25,
19,3,10,4,3,3,4,0,0,0,35,
37,3,9,4,11,4,4,1,0,0,40,
30,3,11,0,11,1,4,0,0,0,40,
44,3,12,4,2,1,4,1,0,0,25,
63,8,9,2,14,0,4,1,0,0,25,
22,3,9,4,11,1,4,1,0,0,45,
31,4,13,2,11,0,4,1,3908,0,50,
17,3,7,4,0,3,4,1,0,0,40,
21,3,9,4,5,1,4,1,0,0,40,
67,3,14,2,3,0,4,1,0,0,40,
46,3,4,0,3,1,4,1,0,0,40,
29,3,9,0,5,3,4,1,0,0,50,
20,3,10,4,5,3,4,0,0,0,6,
27,3,10,4,7,3,4,1,0,0,24,
35,3,10,2,2,0,4,1,0,0,40,
19,3,10,4,0,3,4,0,0,0,30,
36,3,8,5,7,4,4,0,0,0,40,
43,3,13,2,3,0,4,1,15024,0,50,
62,6,13,0,9,1,4,1,0,0,40,
28,3,15,4,9,1,4,1,0,2339,40,
18,3,7,4,7,3,4,0,0,0,15,
59,3,15,2,13,0,2,1,15024,0,50,
37,3,13,0,3,1,4,1,0,0,40,
27,3,10,4,2,1,2,1,0,0,40,
46,1,14,0,9,4,4,0,0,0,43,
29,3,7,5,11,1,4,0,0,2754,42,
33,3,13,2,3,5,4,0,0,0,40,
62,3,9,2,2,0,4,1,0,0,40,
46,3,16,2,9,0,4,1,0,2415,55,
28,3,6,2,6,0,4,1,0,0,40,
22,3,10,4,11,3,4,0,0,0,35,
46,0,14,2,1,0,4,1,0,1887,40,
54,4,10,2,11,0,4,1,0,1977,40,
34,3,9,2,2,0,4,1,0,0,72,
67,8,16,2,14,0,4,1,0,0,20,
62,3,13,2,11,0,4,1,0,0,20,
30,3,10,2,5,0,4,1,0,0,40,
19,3,9,4,7,3,4,1,0,0,20,
49,8,4,2,14,0,4,1,0,0,99,
27,3,11,4,6,4,4,1,0,0,45,
36,3,10,2,2,0,4,1,0,0,50,
52,3,13,2,6,0,4,1,0,0,40,
47,3,8,3,3,1,4,0,0,0,55,
57,1,9,0,10,1,4,0,0,0,40,
64,3,10,3,3,4,4,0,0,0,40,
56,8,9,0,14,1,4,1,0,0,40,
53,3,7,6,7,3,4,0,0,0,47,
53,3,13,2,2,0,4,1,0,0,44,
31,3,10,5,11,4,1,1,0,0,40,
41,3,13,2,3,0,4,1,7688,0,45,
45,1,9,5,7,4,2,0,0,0,40,
63,8,13,2,14,0,4,1,0,2179,45,
45,6,9,0,0,2,4,0,0,0,40,
23,3,10,4,7,1,4,0,0,0,28,
39,1,14,2,9,0,4,1,0,0,72,
31,3,11,2,3,0,4,1,0,0,40,
35,5,13,2,4,0,4,1,0,0,45,
54,3,14,2,13,0,4,1,7688,0,60,
22,8,10,4,14,3,4,0,0,0,40,
40,1,13,0,9,4,4,0,5455,0,40,
55,5,13,2,3,0,4,1,0,0,40,
31,3,9,2,2,0,4,1,0,0,40,
58,4,7,2,13,0,4,1,0,0,60,
31,3,16,2,9,0,4,1,0,1977,99,
46,5,9,6,7,2,4,0,0,0,40,
38,3,11,2,2,0,4,1,0,0,40,
22,1,10,4,9,3,4,0,594,0,25,
17,8,6,4,14,3,4,1,0,0,30,
48,5,9,2,2,0,4,1,0,0,60,
73,3,13,2,9,0,4,1,0,0,15,
25,3,13,2,0,0,4,1,0,0,45,
53,0,10,0,4,1,4,1,0,0,40,
46,3,10,2,13,0,4,1,7298,0,45,
45,4,13,2,3,5,1,0,99999,0,25,
37,3,13,4,9,1,2,0,0,0,40,
30,3,9,2,5,0,4,1,0,0,50,
29,3,9,2,6,0,4,1,0,0,40,
29,6,10,2,10,0,4,1,0,0,40,
75,8,13,6,14,1,4,0,0,0,6,
58,3,14,2,3,0,4,1,0,0,40,
42,5,4,2,7,5,2,0,0,0,50,
62,1,5,0,10,1,2,1,0,0,24,
45,1,13,2,4,0,1,1,7298,0,40,
38,3,13,2,11,0,4,1,0,0,40,
36,5,13,2,11,0,4,1,0,0,50,
70,8,9,6,14,1,4,0,2009,0,40,
42,5,4,2,11,0,4,1,0,0,30,
47,1,14,2,9,0,4,1,15024,0,35,
42,5,10,4,2,4,4,1,0,0,40,
43,3,10,2,0,5,2,0,0,0,38,
37,3,11,2,2,0,4,1,0,0,40,
36,6,10,2,3,5,4,0,7298,0,39,
27,3,13,4,12,1,2,0,0,0,40,
54,3,3,3,6,4,4,1,0,0,40,
48,5,9,2,2,0,4,1,0,1902,40,
29,3,9,4,7,4,4,0,0,0,30,
29,3,9,2,6,0,4,1,0,0,38,
37,3,10,0,7,1,4,1,0,0,47,
55,4,10,2,11,0,4,1,0,0,40,
67,3,9,2,8,5,2,0,0,0,20,
51,3,9,6,5,1,4,1,0,0,30,
35,3,14,4,9,4,4,0,0,0,32,
41,3,4,2,2,0,4,1,0,0,40,
64,5,9,6,7,2,4,0,0,0,40,
49,3,13,4,7,1,1,0,0,0,35,
38,5,13,2,9,0,4,1,0,0,70,
62,3,9,4,5,2,2,0,0,0,40,
62,5,4,2,2,0,4,1,0,0,10,
70,8,9,2,14,0,4,1,0,0,14,
45,5,14,0,2,1,4,1,0,0,40,
20,3,12,4,11,3,4,0,0,0,40,
38,3,9,2,6,0,4,1,0,0,48,
50,4,13,2,0,0,4,1,0,0,40,
40,3,10,2,0,0,2,1,0,0,55,
30,3,9,2,2,0,4,1,0,0,70,
52,0,10,5,3,1,4,0,0,0,40,
28,5,13,4,9,1,2,1,0,0,50,
62,5,9,2,13,0,4,1,0,0,30,
31,3,9,0,7,4,4,0,0,0,40,
40,3,9,2,3,0,4,1,0,0,40,
34,3,9,0,11,1,4,0,0,1590,40,
53,3,10,2,11,0,4,1,0,0,40,
42,3,8,4,4,3,4,1,0,0,40,
26,3,10,2,7,0,4,1,0,0,25,
51,3,9,2,13,0,4,1,0,0,40,
49,3,14,2,9,0,4,1,0,0,50,
43,3,9,2,6,0,4,1,0,0,40,
42,3,10,0,4,1,4,1,0,0,40,
31,3,7,3,11,3,1,0,0,0,40,
26,3,9,2,13,0,3,1,0,0,40,
50,3,13,5,9,4,1,0,0,0,40,
35,3,9,2,6,0,4,1,0,0,40,
37,3,10,4,12,2,4,0,0,0,40,
53,8,9,4,14,1,4,1,0,1504,35,
20,3,10,4,11,3,4,1,0,0,16,
31,1,15,2,9,0,4,1,0,0,40,
28,3,9,4,2,1,4,1,0,0,35,
46,3,9,2,12,0,2,1,0,0,40,
21,3,10,4,9,3,4,0,0,0,8,
41,5,14,2,3,0,4,1,7298,0,70,
30,3,13,4,3,1,4,1,0,0,70,
66,4,13,2,3,0,4,1,0,0,70,
37,4,10,2,11,0,4,1,0,0,60,
74,6,4,6,5,1,4,0,0,0,20,
46,6,10,2,10,0,2,1,0,0,70,
51,3,14,2,3,0,4,1,0,1977,50,
33,3,13,2,3,0,4,1,15024,0,50,
30,3,3,2,6,0,4,1,3464,0,40,
47,4,13,2,3,0,4,1,0,0,50,
49,3,13,0,3,4,4,0,0,0,40,
53,3,9,0,2,4,2,0,0,0,48,
24,3,11,4,6,1,4,1,0,0,40,
54,3,9,2,13,0,4,1,0,0,50,
32,3,10,4,2,3,4,1,0,0,40,
45,3,10,2,11,0,4,1,0,0,45,
46,4,9,3,4,1,4,1,3325,0,45,
37,6,10,0,7,1,4,1,0,0,65,
48,6,14,2,9,0,4,1,0,0,61,
25,3,13,4,0,1,4,0,0,0,40,
28,8,9,2,14,5,4,0,3103,0,20,
44,8,8,5,14,1,4,0,0,0,36,
58,8,10,2,14,0,2,1,0,0,30,
27,3,10,4,0,4,4,0,0,0,40,
69,3,9,6,0,4,4,1,0,0,8,
38,3,13,2,11,0,4,1,0,0,52,
47,3,8,4,0,2,2,0,0,0,40,
30,5,10,4,0,1,4,0,0,0,60,
46,3,9,4,5,3,4,1,3674,0,30,
27,3,15,4,9,1,4,0,0,0,45,
19,3,10,4,11,3,4,1,0,0,35,
18,3,9,2,8,1,4,0,3103,0,40,
24,3,7,2,2,0,4,1,0,0,50,
32,3,13,4,9,1,4,0,0,0,40,
38,3,9,2,5,0,2,1,0,0,40,
19,3,1,4,4,1,4,1,0,0,36,
28,3,10,4,5,1,4,1,0,0,40,
39,1,14,4,9,1,4,0,0,0,55,
38,5,10,5,11,1,1,1,0,0,60,
42,3,9,2,6,5,4,0,0,0,40,
31,3,10,2,0,5,4,0,0,0,40,
46,3,5,5,6,1,4,0,0,0,40,
53,3,10,6,3,1,4,0,0,0,54,
21,3,12,4,5,3,4,1,0,0,15,
48,5,9,2,11,0,4,1,0,0,50,
46,3,9,2,0,5,4,0,3103,0,52,
30,3,9,2,13,0,4,1,0,0,45,
24,3,9,4,0,2,2,1,0,0,40,
32,3,6,4,2,1,4,1,0,0,50,
30,3,9,0,7,1,4,0,0,0,40,
57,6,16,0,9,4,4,0,0,0,50,
56,3,4,4,0,1,4,1,0,0,40,
27,3,9,4,3,1,2,0,0,0,37,
38,3,13,2,6,0,4,1,0,0,40,
19,3,9,4,0,3,4,1,0,0,40,
61,5,10,2,0,0,4,1,0,0,50,
49,3,11,0,12,4,4,0,0,0,40,
28,3,9,2,2,0,4,1,0,0,38,
50,4,14,2,9,0,4,1,0,0,55,
43,3,13,2,2,0,4,1,0,0,84,
34,3,9,4,6,4,2,0,0,0,48,
28,3,7,2,2,0,4,1,0,0,40,
31,3,10,2,2,0,4,1,0,0,40,
55,3,9,6,6,4,2,0,0,0,44,
26,3,13,2,3,5,4,0,0,0,45,
51,1,16,2,9,5,2,0,0,0,40,
35,3,9,2,2,0,4,1,0,0,40,
42,3,12,3,3,4,1,0,0,0,31,
63,8,16,2,14,0,4,1,0,0,12,
31,3,14,4,9,1,4,1,0,0,30,
22,1,9,4,4,3,4,1,0,0,20,
67,3,9,0,13,1,4,1,0,0,60,
50,8,5,2,14,0,4,1,0,0,50,
63,3,9,6,7,4,4,0,0,0,24,
31,3,9,2,6,0,4,1,0,0,40,
17,3,7,4,9,3,4,1,0,0,40,
41,1,9,2,13,0,2,1,0,0,40,
53,1,4,2,13,0,4,1,0,0,38,
44,1,10,2,10,0,2,1,0,0,99,
24,3,13,4,4,1,4,1,0,0,40,
35,3,11,0,12,3,4,1,0,0,35,
61,3,10,2,12,5,4,0,0,0,40,
31,3,12,4,9,2,1,0,0,0,40,
44,3,13,2,12,0,4,1,5178,0,40,
56,3,9,2,11,0,4,1,0,0,36,
66,3,12,0,0,4,4,0,0,0,40,
45,3,10,2,2,0,1,1,0,0,40,
69,5,13,2,9,0,4,1,20051,0,45,
64,3,9,2,2,0,4,1,0,0,40,
38,3,9,2,0,5,4,0,0,0,36,
43,1,10,5,2,1,2,1,0,0,40,
37,3,9,0,2,1,4,1,0,0,49,
19,3,9,4,0,3,4,0,0,0,16,
59,5,9,2,3,0,4,1,0,0,40,
50,0,10,2,0,0,4,1,0,0,40,
33,3,13,2,3,0,4,1,0,0,50,
56,3,10,2,12,0,4,1,0,0,45,
28,3,11,2,11,0,4,1,0,0,40,
27,3,9,2,0,5,4,0,0,0,34,
42,3,14,2,11,0,1,1,0,0,40,
34,3,9,2,7,0,4,1,0,0,40,
19,3,7,4,11,3,4,1,0,0,30,
68,5,9,2,3,0,4,1,0,0,40,
28,3,14,2,9,0,4,1,0,0,38,
81,8,10,6,14,4,4,0,0,0,4,
22,5,9,4,4,3,4,1,0,0,40,
58,3,12,0,0,1,4,0,0,0,40,
31,3,10,4,6,1,4,0,0,0,25,
17,1,7,4,10,3,4,1,0,0,30,
25,3,10,4,13,1,4,1,10520,0,50,
23,3,10,4,7,3,1,0,0,0,23,
25,3,8,4,7,2,4,1,0,0,40,
47,3,9,4,2,1,4,1,0,0,40,
39,3,13,2,3,5,4,0,0,0,60,
44,3,9,2,2,0,4,1,0,0,40,
46,3,11,2,9,0,4,1,0,0,40,
38,5,10,2,4,0,4,1,0,0,35,
23,3,9,4,6,3,4,1,0,0,30,
34,3,13,3,9,1,4,0,0,0,35,
33,3,9,4,2,1,4,1,0,0,40,
38,3,9,6,7,4,4,0,0,0,20,
52,5,11,2,3,0,4,1,0,0,40,
50,3,9,0,11,1,4,0,0,0,33,
38,3,13,4,11,1,4,0,0,2444,45,
35,3,13,2,7,0,4,1,0,0,40,
67,5,16,2,9,0,4,1,10605,0,35,
60,3,9,2,6,0,4,1,7688,0,40,
44,3,9,4,11,2,4,0,0,0,15,
38,5,9,0,4,3,4,1,0,0,50,
29,3,9,2,9,0,4,1,0,0,40,
65,3,14,2,9,0,4,1,5556,0,50,
33,3,12,4,0,1,4,0,0,0,40,
29,8,9,4,14,1,4,1,0,0,40,
18,3,7,4,11,3,4,0,0,0,30,
43,3,15,0,3,1,4,1,0,0,40,
42,3,11,0,3,3,0,0,0,0,40,
42,3,9,2,13,0,4,1,0,0,40,
32,3,9,2,5,0,4,1,0,0,30,
36,3,12,4,12,1,4,0,0,0,40,
41,6,13,2,4,0,4,1,0,0,40,
30,3,10,4,7,3,4,0,0,0,40,
21,3,9,4,7,3,4,1,0,0,35,
33,3,10,2,13,0,2,1,0,0,40,
19,8,10,4,14,3,4,1,0,0,15,
19,3,9,4,5,3,4,1,0,0,25,
35,3,9,0,13,1,4,1,0,0,40,
43,3,9,0,12,4,2,0,0,0,35,
45,3,9,2,13,0,2,1,0,0,24,
25,3,13,4,3,3,2,1,0,0,50,
39,5,13,2,3,0,4,1,0,0,40,
26,3,9,4,5,1,4,1,0,0,40,
60,3,14,2,13,0,4,1,0,0,10,
52,1,16,2,9,5,4,0,0,0,40,
22,3,8,4,13,4,4,1,0,0,30,
23,3,10,4,7,3,4,0,0,0,40,
46,3,9,2,7,5,4,0,0,0,40,
34,5,13,2,11,0,4,1,0,0,30,
39,3,13,2,9,0,4,1,0,0,50,
38,3,9,4,9,1,4,0,0,0,40,
56,5,14,2,3,0,4,1,0,0,25,
55,0,9,0,0,1,4,0,0,0,40,
40,3,10,2,3,5,4,0,7688,0,40,
23,3,10,4,6,1,4,1,0,0,40,
39,3,13,0,0,1,4,1,0,0,40,
24,3,13,2,11,0,2,1,0,0,30,
51,5,9,2,11,0,4,1,0,0,40,
47,4,13,2,3,0,4,1,0,0,50,
25,5,9,4,4,1,4,1,0,0,50,
34,3,15,2,9,0,4,1,0,0,55,
18,3,7,4,11,3,2,0,0,1602,20,
19,3,10,4,3,3,4,0,0,0,28,
32,3,10,0,2,4,4,1,0,0,40,
49,3,9,2,11,0,4,1,0,0,40,
40,8,4,5,14,1,4,0,0,0,8,
43,3,9,2,2,0,4,1,0,0,55,
71,4,14,2,3,0,4,1,99999,0,40,
59,3,9,4,0,4,4,1,0,0,40,
32,3,13,2,3,5,4,0,0,0,40,
25,3,13,4,3,1,4,1,0,0,40,
32,3,9,2,3,0,4,1,0,0,40,
17,3,7,4,5,1,2,0,0,0,15,
57,4,15,2,9,0,4,1,0,0,35,
17,5,8,4,5,3,4,1,0,0,15,
27,3,13,4,12,3,1,0,0,0,40,
41,1,9,2,10,0,4,1,0,0,40,
62,8,16,2,14,0,0,1,0,0,40,
19,3,7,4,11,1,4,0,0,0,25,
41,3,3,0,7,4,4,0,0,0,40,
39,3,13,4,3,1,4,1,0,0,50,
30,3,9,4,2,1,4,1,0,0,40,
37,3,13,2,6,0,4,1,0,0,40,
18,3,7,4,0,3,4,0,0,0,15,
40,5,13,2,11,0,4,1,0,0,45,
38,4,10,2,11,0,4,1,0,1485,60,
24,3,9,4,11,2,4,1,0,0,40,
33,3,9,2,2,0,4,1,0,0,50,
48,3,13,2,5,0,4,1,0,0,40,
51,3,13,2,11,0,4,1,0,0,40,
48,3,9,2,2,0,4,1,0,0,40,
43,3,4,2,2,0,4,1,0,0,45,
34,3,15,4,3,3,4,1,0,0,50,
41,3,11,5,2,1,4,1,0,0,30,
51,4,15,0,9,1,4,1,27828,0,60,
25,3,9,4,2,3,4,1,0,0,40,
20,3,9,4,7,3,4,1,0,0,50,
61,4,9,2,3,0,4,1,2829,0,45,
35,3,10,0,3,1,4,0,0,0,70,
42,1,14,0,9,4,4,0,0,0,40,
26,1,9,4,7,2,4,1,0,0,16,
46,3,9,2,7,0,4,1,0,0,50,
39,6,13,4,9,1,4,1,0,0,40,
18,8,6,4,14,3,4,1,0,0,40,
29,3,10,4,11,3,2,1,0,0,80,
39,3,10,3,2,4,4,1,0,0,40,
47,3,9,2,2,0,4,1,0,0,40,
40,3,10,2,13,0,4,1,0,0,50,
43,6,9,2,2,0,4,1,0,0,40,
32,3,9,0,5,1,4,1,0,0,40,
31,3,6,0,11,2,4,0,0,0,40,
19,8,10,4,14,3,4,1,0,0,35,
44,0,12,2,0,0,4,1,0,0,40,
46,1,13,2,10,0,4,1,0,0,40,
53,5,14,2,9,0,4,1,0,0,50,
43,3,13,2,3,0,4,1,0,0,40,
41,6,13,4,9,1,4,0,0,0,40,
35,3,9,6,7,4,2,1,0,0,40,
48,3,13,2,11,0,4,1,0,0,45,
28,6,14,2,3,5,4,0,0,0,40,
44,3,13,6,9,4,4,0,0,0,32,
20,8,10,4,14,3,4,0,0,0,40,
51,1,15,6,9,1,4,0,0,0,40,
28,3,9,4,13,4,4,1,0,0,50,
36,3,13,4,2,1,4,1,0,0,60,
28,3,9,2,7,0,4,1,0,0,35,
21,3,10,4,11,3,4,1,0,0,40,
34,8,13,2,14,0,4,1,0,0,30,
36,1,10,2,2,0,4,1,0,0,40,
25,8,12,4,14,3,4,0,0,0,80,
31,3,9,4,9,1,4,1,0,0,43,
44,5,9,2,4,0,4,1,0,0,60,
49,1,7,0,5,4,4,1,0,0,40,
40,3,9,2,2,0,4,1,0,0,40,
64,0,16,2,9,0,1,1,0,0,40,
54,1,14,2,9,0,4,1,7688,0,40,
27,3,10,2,11,0,1,1,0,0,55,
18,3,10,4,7,3,4,0,0,0,20,
68,3,5,2,2,0,2,1,0,0,44,
64,3,16,6,9,1,4,1,0,0,80,
36,3,9,2,13,0,0,1,0,0,40,
21,3,9,4,4,3,4,1,0,0,24,
22,3,10,4,2,3,4,1,0,0,30,
61,3,13,2,9,0,4,1,0,0,40,
24,3,10,4,11,3,4,1,0,0,10,
49,6,13,2,9,0,4,1,0,0,50,
25,3,10,5,8,2,4,0,0,0,30,
66,8,9,2,14,0,2,1,0,0,40,
29,3,10,4,9,1,4,1,0,0,45,
22,3,9,4,11,3,2,0,0,0,40,
57,0,10,2,9,0,0,1,0,0,40,
41,3,13,4,9,1,4,0,0,1741,40,
29,3,9,2,2,0,4,1,0,0,40,
20,3,10,4,0,4,2,0,0,0,35,
47,3,15,2,11,0,4,1,0,0,45,
22,3,9,4,3,1,4,0,0,0,55,
59,4,11,0,9,1,4,1,0,0,50,
42,6,14,2,0,0,0,1,0,0,40,
64,5,10,4,9,1,4,0,0,0,35,
29,0,9,3,7,4,2,1,0,0,40,
25,6,10,4,2,1,4,1,0,0,20,
62,3,10,0,3,1,4,0,0,0,40,
44,3,14,0,3,1,4,1,10520,0,45,
21,3,9,5,7,1,4,0,0,0,40,
60,3,10,2,9,0,4,1,7298,0,40,
46,3,6,0,6,4,2,1,0,0,40,
44,0,13,0,12,1,4,1,0,2258,40,
21,3,9,4,7,3,4,0,0,0,19,
18,3,7,4,5,3,4,1,0,0,18,
39,3,13,2,9,5,4,0,5013,0,32,
33,3,14,2,9,0,4,1,0,0,45,
63,3,2,0,13,1,4,1,0,0,40,
52,1,9,2,10,0,4,1,0,0,52,
17,3,5,4,11,3,2,1,0,0,22,
45,4,15,2,9,0,4,1,0,1485,50,
31,3,9,4,11,3,4,1,0,0,40,
35,3,10,2,12,0,4,1,0,0,40,
31,3,9,2,6,0,4,1,0,0,40,
51,6,10,0,9,1,4,0,0,0,40,
48,1,9,2,2,0,4,1,0,0,60,
28,3,9,2,5,0,0,1,0,0,40,
42,0,9,2,13,0,4,1,0,0,40,
38,3,10,0,0,4,4,0,0,0,40,
43,1,13,2,9,0,4,1,0,0,40,
30,3,9,2,5,0,4,1,0,0,40,
24,3,8,4,11,2,4,1,0,0,55,
46,3,13,2,3,0,4,1,0,0,60,
50,3,6,2,13,0,4,1,0,0,60,
22,3,9,5,7,2,4,1,0,0,35,
18,6,9,4,0,3,2,1,0,0,15,
53,3,13,2,9,0,4,1,0,0,45,
40,3,13,2,9,0,4,1,0,0,44,
36,5,16,2,9,0,4,1,0,0,35,
32,3,13,2,3,0,4,1,0,0,43,
39,3,9,4,4,3,4,1,0,0,12,
46,3,9,2,5,0,4,1,0,0,40,
26,1,13,4,0,1,4,1,0,0,42,
19,3,10,4,11,3,4,1,0,0,15,
24,3,9,2,6,1,4,0,0,0,40,
28,3,14,4,9,3,4,1,0,0,40,
25,1,14,4,9,3,4,0,0,0,40,
44,3,10,2,3,0,4,1,0,0,40,
38,3,9,2,2,0,4,1,0,0,40,
42,6,14,0,3,1,4,1,0,0,45,
28,3,9,2,2,3,4,1,0,0,40,
36,3,13,4,3,2,4,1,0,0,50,
47,3,13,4,11,1,2,1,0,0,60,
46,3,9,2,6,0,4,1,3411,0,35,
21,1,10,4,0,3,4,0,0,0,40,
19,8,9,4,14,3,2,0,0,0,25,
35,3,13,4,3,1,4,0,0,0,45,
26,3,9,2,2,0,4,1,0,0,40,
21,3,10,4,7,1,4,0,0,0,30,
67,5,4,2,4,0,4,1,0,0,40,
54,3,9,4,3,4,4,1,0,0,40,
26,3,14,4,12,2,4,1,0,0,25,
51,3,13,0,9,1,4,0,0,0,50,
27,3,10,0,2,1,4,1,0,0,45,
27,3,9,2,2,0,4,1,0,0,40,
39,3,10,0,6,3,4,0,0,0,40,
32,3,13,0,3,1,4,0,0,0,48,
52,3,9,5,2,1,4,1,0,0,40,
21,3,10,2,5,0,2,1,0,0,40,
27,1,9,4,10,3,4,1,0,0,38,
46,3,4,3,13,1,4,1,0,0,45,
42,3,11,2,7,0,4,1,0,0,30,
79,4,13,2,11,0,4,1,0,0,20,
50,0,13,2,3,5,0,0,0,0,40,
19,8,9,4,14,3,2,0,0,0,20,
43,0,10,4,0,2,4,1,2174,0,40,
51,1,14,2,9,0,4,1,0,0,60,
45,3,10,2,13,0,4,1,7298,0,50,
65,3,9,5,10,1,4,1,991,0,20,
66,3,13,2,11,0,4,1,0,0,5,
36,5,11,2,4,0,4,1,0,0,99,
26,3,12,4,9,3,4,0,0,0,36,
28,3,10,4,11,1,2,1,0,0,50,
39,5,15,2,9,0,4,1,0,0,45,
43,3,10,2,13,0,4,1,0,0,60,
20,3,9,4,7,3,4,0,0,0,40,
29,3,10,0,12,4,4,1,0,0,40,
32,3,13,2,11,0,4,1,0,1848,50,
44,5,13,0,3,1,4,0,3325,0,40,
18,8,10,4,14,3,1,0,0,0,40,
60,3,10,2,5,0,4,1,0,0,40,
34,3,9,2,11,0,4,1,0,0,40,
60,3,9,6,5,1,4,0,0,0,40,
38,3,7,0,11,4,4,0,0,0,40,
29,3,11,2,6,0,4,1,0,0,40,
41,3,10,4,2,1,4,1,0,1408,40,
49,3,13,0,3,1,4,0,0,0,40,
37,3,3,5,7,4,4,0,0,0,40,
37,5,16,4,9,1,4,0,0,2559,60,
43,3,10,2,11,0,4,1,0,0,38,
41,3,14,6,9,1,4,0,4650,0,55,
37,3,9,0,7,4,2,0,0,0,40,
19,3,5,4,2,2,4,1,0,0,60,
29,3,10,2,13,0,4,1,0,0,35,
40,5,9,2,2,0,4,1,0,0,15,
53,3,4,2,3,0,4,1,0,0,40,
27,3,13,2,11,0,4,1,0,0,55,
44,5,9,2,2,0,4,1,7298,0,50,
29,3,12,0,2,4,4,0,0,0,38,
25,3,3,2,6,0,3,1,0,0,40,
38,3,9,2,11,0,4,1,0,0,55,
48,4,13,2,3,0,4,1,0,0,50,
18,3,10,4,7,3,4,0,0,0,12,
50,3,9,0,2,4,4,1,0,1408,50,
37,3,9,2,0,5,4,0,0,0,40,
48,3,13,6,7,4,4,0,0,0,20,
50,3,10,4,7,1,4,1,0,0,32,
74,8,9,2,14,0,4,1,6767,0,6,
24,3,10,4,0,3,4,0,0,0,30,
34,3,10,2,12,0,2,1,0,0,40,
19,3,10,4,11,3,4,1,0,0,40,
39,3,9,4,6,3,4,1,0,0,40,
40,3,10,0,7,1,4,0,0,0,40,
30,3,9,4,0,4,4,0,0,0,40,
27,3,9,4,0,1,4,1,0,0,40,
23,8,5,0,14,1,4,0,0,0,35,
68,8,4,6,14,1,4,0,0,1668,40,
46,3,10,2,0,0,4,1,0,0,40,
24,1,13,4,9,3,4,0,0,0,50,
18,3,8,4,7,3,4,1,0,0,20,
50,5,16,2,9,0,4,1,0,0,60,
42,3,7,2,6,0,4,1,0,0,40,
42,3,5,2,13,0,4,1,0,0,40,
37,3,11,2,0,0,4,1,3471,0,40,
57,3,10,6,12,1,4,0,0,0,16,
27,3,13,2,12,0,1,1,0,0,40,
31,3,6,2,6,0,4,1,0,0,40,
34,1,14,5,9,4,4,0,0,0,40,
55,5,9,0,7,2,4,0,0,0,40,
56,3,7,2,6,0,4,1,0,0,40,
36,6,13,2,9,5,4,0,0,1672,38,
35,6,10,4,4,3,4,1,0,0,40,
63,8,14,4,14,1,4,0,0,0,3,
38,3,13,0,3,1,4,1,0,0,40,
30,4,9,2,5,0,4,1,0,0,60,
18,3,10,4,7,3,4,0,0,0,20,
35,3,11,2,12,0,4,1,0,0,40,
53,3,9,0,7,1,4,0,0,0,40,
46,3,15,0,9,4,4,0,0,0,40,
45,3,10,2,0,0,4,1,0,0,40,
35,3,6,2,7,0,1,1,0,0,60,
41,3,9,4,0,3,4,1,0,0,40,
60,5,9,2,11,0,4,1,0,0,70,
18,3,10,4,0,3,4,1,0,1602,15,
19,3,9,4,6,3,4,1,0,0,40,
24,3,9,2,6,0,4,1,0,1579,50,
56,1,13,2,9,0,4,1,15024,0,40,
28,3,9,0,13,1,4,1,0,0,70,
29,3,9,4,7,1,4,1,0,0,32,
35,5,10,4,2,3,4,1,0,0,40,
27,8,10,4,14,4,4,0,0,0,40,
55,3,16,2,9,0,4,1,0,1977,55,
18,3,9,4,0,3,4,1,0,0,35,
53,3,9,4,2,1,4,1,0,0,40,
26,3,14,2,6,0,4,1,0,0,20,
55,3,10,2,12,0,4,1,0,0,40,
45,1,10,2,3,0,4,1,0,0,40,
28,3,9,4,6,3,4,1,0,0,40,
32,3,13,2,3,0,4,1,0,0,40,
27,3,9,4,5,3,4,1,0,0,40,
35,3,9,0,2,1,4,0,0,0,40,
36,3,9,0,5,4,4,0,0,0,37,
41,3,13,2,11,0,4,1,15024,0,45,
23,3,13,4,11,3,4,1,0,0,20,
22,3,8,4,13,2,4,1,0,0,40,
36,5,15,0,9,4,4,1,25236,0,40,
65,4,13,2,3,0,4,1,0,0,40,
59,8,9,2,14,0,4,1,0,0,41,
25,3,9,4,11,3,4,0,0,0,40,
33,1,10,2,10,0,4,1,0,1887,40,
31,3,10,2,11,0,4,1,0,0,40,
50,6,13,2,3,0,4,1,0,0,40,
49,6,10,2,9,0,4,1,0,0,50,
43,3,13,0,3,4,4,0,0,0,40,
23,0,10,2,0,2,4,0,0,0,40,
34,3,14,2,3,0,1,1,3103,0,40,
23,3,10,0,11,3,2,0,0,0,40,
63,3,6,2,2,0,4,1,0,0,40,
33,3,9,4,4,1,4,1,0,0,40,
51,4,13,0,4,4,4,1,0,0,50,
31,3,9,0,2,1,4,1,0,0,45,
32,3,10,2,3,3,4,0,2597,0,40,
48,8,10,2,14,0,4,1,0,0,40,
31,3,10,4,0,1,2,0,0,0,36,
47,3,11,2,11,0,4,1,0,0,40,
54,6,10,2,10,0,4,1,0,0,40,
23,3,10,4,11,1,4,1,0,0,40,
34,3,9,2,3,0,4,1,0,0,40,
46,3,7,2,7,5,2,0,0,0,35,
34,3,12,0,11,1,4,1,0,0,50,
31,3,9,4,7,1,4,1,0,0,50,
41,3,9,2,12,0,4,1,0,0,40,
41,8,9,4,14,3,4,0,0,0,40,
27,5,11,4,9,2,4,1,0,0,30,
30,8,7,4,14,3,2,0,0,0,40,
23,3,10,4,2,3,4,1,0,0,40,
24,1,12,4,0,3,4,0,0,0,20,
59,0,12,2,0,0,4,1,0,0,40,
56,3,9,2,2,0,4,1,5013,0,40,
35,5,9,2,13,0,0,1,0,0,40,
59,3,9,2,7,0,4,1,0,0,45,
47,3,11,2,2,0,4,1,0,0,40,
51,5,9,0,11,1,4,0,0,0,44,
42,3,13,0,0,4,4,0,0,0,45,
29,0,10,3,0,3,4,0,0,0,40,
23,3,9,4,2,4,4,1,0,0,45,
43,5,9,2,2,0,4,1,0,0,60,
46,3,10,2,3,0,4,1,0,0,40,
30,3,10,5,0,1,4,0,0,0,40,
23,3,10,4,12,3,4,0,0,0,20,
29,6,14,4,9,1,4,0,0,0,35,
33,3,9,0,3,1,4,0,0,0,45,
33,1,9,2,7,0,2,1,2105,0,40,
46,1,10,0,0,4,4,0,0,0,45,
35,3,10,3,0,1,2,0,0,0,40,
36,3,13,2,3,0,4,1,0,1887,40,
25,3,9,5,3,4,4,0,0,0,37,
35,3,13,2,11,0,4,1,0,0,40,
30,3,4,4,6,4,4,1,0,0,42,
39,3,10,2,7,0,1,1,0,0,84,
37,3,10,2,2,0,4,1,0,0,55,
22,3,9,4,6,1,4,1,0,0,42,
25,3,9,2,13,0,4,1,0,0,60,
50,3,9,2,11,5,2,0,0,0,40,
64,0,15,2,9,0,4,1,15024,0,45,
33,3,11,5,9,1,4,1,0,0,45,
59,4,3,2,4,0,4,1,0,0,40,
24,3,9,4,0,1,4,0,0,0,40,
41,3,13,2,11,0,4,1,0,0,55,
38,8,5,4,14,3,4,0,0,0,12,
60,3,13,0,3,3,4,1,0,0,60,
19,3,9,4,6,4,4,1,0,0,30,
23,3,10,4,2,2,4,1,0,0,40,
57,4,14,2,11,0,4,1,99999,0,40,
36,3,14,2,0,0,4,1,0,1977,40,
17,8,6,4,14,3,4,1,0,0,40,
24,3,13,4,9,3,4,1,0,0,40,
32,3,9,2,2,0,4,1,0,0,50,
27,3,13,2,11,0,4,1,0,0,45,
43,3,11,4,0,3,4,0,0,0,55,
21,8,10,4,14,3,4,1,0,0,40,
54,3,11,6,3,1,4,0,0,0,40,
22,3,9,2,4,0,4,1,0,0,45,
29,3,9,4,2,1,4,1,0,0,50,
22,3,8,4,4,1,0,1,0,0,50,
37,3,13,2,11,0,4,1,0,0,50,
38,5,16,2,9,0,4,1,0,0,50,
34,3,10,2,5,0,4,1,0,0,40,
45,3,10,2,6,0,4,1,0,0,84,
28,3,2,4,8,1,4,0,0,0,40,
68,3,16,0,9,1,4,0,0,0,40,
36,3,9,2,6,0,1,1,0,0,40,
20,3,5,4,7,4,4,1,0,0,30,
24,3,10,4,2,3,4,0,0,0,45,
38,3,10,0,3,4,4,0,0,0,40,
32,3,13,4,3,1,4,0,0,0,40,
34,3,10,2,9,0,4,1,7298,0,50,
47,3,9,6,0,1,4,0,2174,0,40,
28,3,13,4,7,1,4,0,0,0,50,
32,3,15,2,9,0,4,1,0,0,40,
58,3,9,2,6,0,4,1,0,0,40,
64,4,15,2,9,0,4,1,99999,0,35,
38,3,10,4,11,3,4,0,0,0,50,
43,3,9,4,0,1,4,0,0,0,40,
28,3,8,0,4,1,4,1,0,0,40,
21,3,10,4,0,3,4,1,0,0,40,
23,3,13,4,9,3,1,0,0,0,20,
25,3,5,4,5,3,2,1,2907,0,40,
41,3,9,5,0,1,2,1,2354,0,40,
24,8,9,4,14,1,4,0,0,0,36,
41,3,10,2,2,0,2,1,0,0,40,
27,3,13,2,9,0,4,1,0,0,40,
54,3,4,6,7,4,4,1,0,0,30,
28,1,9,5,13,3,4,0,0,0,25,
29,3,4,2,4,0,4,1,0,2042,40,
36,3,9,0,2,1,4,1,0,0,30,
41,4,13,2,3,0,1,1,0,1977,60,
60,5,10,2,3,0,4,1,0,0,40,
34,6,14,2,3,0,4,1,0,0,38,
32,3,9,4,7,1,2,0,0,0,40,
27,3,10,2,11,5,4,0,0,0,42,
60,3,6,2,11,0,4,1,0,0,40,
39,3,11,2,2,0,4,1,0,0,40,
59,3,8,0,13,2,2,1,0,0,35,
34,5,16,2,9,0,4,1,0,0,32,
36,3,11,2,3,0,4,1,0,0,40,
54,3,10,2,11,0,4,1,0,0,40,
48,3,11,2,12,0,4,1,0,0,40,
19,3,4,4,7,3,4,1,0,0,33,
40,3,15,2,9,0,4,1,0,0,40,
25,3,9,4,5,1,4,1,0,0,45,
39,3,12,5,0,4,4,1,0,0,40,
34,5,10,2,2,0,4,1,0,0,40,
30,3,9,5,7,4,4,0,0,0,30,
43,3,9,4,7,4,2,0,0,0,24,
35,3,13,2,9,0,1,1,0,0,40,
36,1,16,2,9,0,4,1,0,1887,50,
59,5,9,2,4,0,4,1,0,0,65,
33,5,9,2,2,0,4,1,0,0,40,
22,3,10,4,5,3,4,1,0,0,50,
48,3,9,2,2,0,4,1,0,0,45,
54,3,9,6,0,4,4,0,0,0,40,
49,3,10,0,0,1,4,0,0,0,38,
37,3,13,4,12,1,4,0,0,0,40,
45,3,9,2,6,0,2,1,0,0,40,
51,4,10,5,11,1,4,0,0,0,40,
46,3,10,2,2,0,4,1,0,0,40,
31,5,13,2,3,5,4,0,0,0,40,
29,8,6,4,14,3,4,0,0,0,38,
39,3,10,2,0,3,2,0,0,0,50,
35,3,9,2,5,0,4,1,5013,0,40,
26,3,13,4,0,3,4,0,0,0,40,
51,3,10,2,0,0,4,1,7298,0,40,
31,3,14,2,9,0,1,1,0,0,6,
39,3,9,2,6,0,4,1,0,0,40,
26,3,7,4,7,2,4,1,0,0,30,
25,3,13,2,12,0,4,1,0,0,35,
61,0,10,2,0,0,4,1,0,1887,40,
49,3,9,0,11,3,4,0,0,0,40,
53,3,13,4,9,1,4,0,0,0,45,
52,3,1,2,6,0,4,1,0,0,40,
52,3,9,2,13,0,4,1,0,0,55,
74,8,13,6,14,1,3,0,0,0,35,
50,3,9,0,0,1,2,1,0,0,40,
29,3,13,4,11,1,4,0,13550,0,35,
76,3,4,6,10,1,4,1,0,0,30,
19,3,9,4,0,3,4,0,0,0,15,
25,3,9,2,13,0,4,1,0,0,40,
45,3,9,0,0,4,4,0,0,0,40,
34,3,12,0,0,3,4,0,0,0,35,
20,3,10,4,7,3,4,0,0,0,16,
66,8,14,6,14,1,4,1,0,0,6,
63,8,13,2,14,5,2,0,0,0,45,
27,3,10,2,12,0,4,1,0,0,40,
41,3,10,2,0,0,4,1,2829,0,40,
43,3,9,2,7,0,4,1,0,0,60,
23,3,9,4,0,3,4,0,0,0,40,
37,0,10,0,0,4,2,0,0,0,40,
31,3,13,2,3,0,4,1,0,0,40,
33,6,10,2,2,0,4,1,0,0,4,
28,3,12,4,11,3,4,1,0,0,20,
70,8,9,6,14,1,4,0,2993,0,20,
35,3,10,0,0,4,4,0,0,0,40,
41,3,12,2,12,0,4,1,0,0,75,
17,3,7,4,7,2,4,0,0,0,12,
41,1,13,2,9,5,2,0,0,0,40,
44,3,11,0,11,1,4,1,0,0,45,
47,3,4,2,2,0,4,1,0,0,40,
24,3,9,4,5,3,2,1,0,0,40,
38,5,11,0,7,4,4,0,0,0,40,
34,3,10,2,3,0,2,1,0,0,52,
62,1,9,0,7,1,2,0,0,0,35,
27,1,9,2,0,0,4,1,0,0,38,
59,3,10,2,0,5,4,0,0,0,40,
35,3,14,2,3,0,4,1,0,0,40,
38,3,9,5,7,4,2,0,0,0,32,
28,3,10,4,7,3,4,0,0,0,50,
28,3,9,4,0,2,4,0,0,0,38,
59,6,5,2,13,0,4,1,0,0,40,
42,3,10,5,0,3,4,0,0,0,40,
54,1,14,4,9,1,4,0,0,0,32,
39,3,9,2,9,0,4,1,0,0,45,
41,3,13,2,4,0,4,1,0,0,40,
43,3,13,0,0,4,4,0,0,0,40,
32,4,13,2,7,0,1,1,0,0,50,
62,3,10,5,11,4,4,0,0,1617,33,
58,3,9,0,0,1,4,0,0,0,40,
43,3,9,0,2,1,4,1,0,0,40,
67,8,10,2,14,0,4,1,0,2457,40,
31,3,9,0,6,4,4,0,0,0,40,
51,1,14,2,9,5,4,0,0,0,70,
54,3,13,4,7,3,2,0,0,0,36,
20,3,10,4,6,1,4,1,0,0,70,
35,3,10,2,11,0,4,1,0,0,40,
22,3,9,4,7,3,4,0,0,0,36,
38,3,13,0,3,1,4,1,6849,0,60,
42,3,9,2,3,0,4,1,0,0,40,
44,6,14,2,0,0,4,1,0,0,40,
28,5,9,2,4,0,4,1,0,0,70,
74,4,10,2,3,0,4,1,0,0,35,
34,3,9,2,3,5,2,0,0,0,40,
50,6,9,2,9,0,4,1,0,0,52,
50,3,11,6,3,4,4,0,0,0,40,
43,3,9,2,5,0,4,1,0,0,40,
29,5,9,2,2,0,4,1,0,0,40,
30,8,9,5,14,4,2,0,0,0,25,
61,3,9,2,3,0,4,1,0,0,50,
21,3,10,4,0,3,1,0,0,0,40,
27,3,13,4,7,1,4,1,0,0,30,
47,3,16,2,9,0,4,1,0,0,40,
39,3,12,0,9,4,4,0,0,1380,40,
33,3,9,2,2,0,4,1,0,0,40,
22,3,9,4,11,2,2,0,0,0,37,
38,3,10,0,0,4,2,0,0,0,40,
45,3,10,2,2,0,4,1,0,0,40,
42,3,9,2,6,0,4,1,0,0,45,
35,3,10,4,2,1,4,1,0,0,45,
21,3,9,4,0,1,4,0,0,0,40,
49,6,11,0,0,1,2,0,0,0,44,
50,3,13,5,9,3,3,0,0,0,40,
36,6,16,2,9,5,4,0,0,0,36,
20,3,9,4,0,3,4,1,0,0,20,
49,3,9,5,9,4,2,0,0,0,40,
40,6,13,2,9,0,4,1,0,0,60,
22,3,10,0,0,4,4,0,0,0,40,
60,8,9,0,14,1,4,0,0,0,40,
67,3,7,6,0,4,4,0,0,0,20,
21,3,10,4,0,1,3,0,0,0,40,
60,5,9,2,4,0,0,1,0,0,50,
17,3,7,4,7,3,4,0,0,0,12,
43,3,14,2,3,5,4,0,15024,0,32,
49,6,13,2,3,0,4,1,0,0,45,
41,3,13,5,9,1,2,0,99999,0,60,
38,3,10,0,2,4,4,1,0,0,40,
38,3,9,2,2,0,4,1,0,0,40,
35,3,12,2,3,0,4,1,0,0,99,
40,3,10,4,11,1,4,1,0,0,40,
23,8,10,5,14,1,4,0,0,0,40,
19,8,10,4,14,3,4,0,0,1602,40,
40,3,9,2,13,0,4,1,0,0,60,
46,6,9,0,0,4,4,0,0,0,40,
25,3,10,3,0,4,4,0,0,0,22,
36,3,9,2,6,0,2,1,5178,0,40,
24,3,12,4,5,1,4,1,0,0,48,
62,3,9,2,6,0,4,1,0,0,48,
54,3,1,2,2,0,1,1,0,0,40,
23,3,13,2,0,2,4,0,0,0,40,
60,3,9,2,0,5,4,0,0,0,40,
18,4,9,4,4,3,4,0,0,0,8,
41,1,10,2,0,5,2,0,0,0,40,
45,1,14,4,9,1,4,0,0,0,40,
62,6,11,6,3,4,2,0,0,0,40,
28,3,13,3,12,4,2,0,0,0,40,
36,4,10,2,3,0,4,1,0,0,60,
31,3,9,4,11,2,4,1,0,0,40,
44,3,9,2,5,0,2,1,0,0,40,
33,5,9,5,2,4,4,1,0,0,50,
62,5,15,2,9,0,4,1,0,0,16,
27,3,4,2,7,5,4,0,0,0,40,
42,0,11,0,0,4,2,0,0,0,40,
55,3,5,4,5,2,2,1,0,0,37,
41,3,9,4,11,1,4,0,0,0,50,
26,3,10,2,3,0,4,1,4064,0,50,
45,3,10,2,0,5,4,0,0,0,40,
67,5,9,6,4,1,4,1,0,0,65,
25,3,11,2,2,0,4,1,0,0,45,
30,4,9,2,2,0,4,1,0,1887,48,
22,3,13,4,3,4,4,1,0,0,40,
19,3,10,4,7,3,4,1,0,0,20,
26,3,13,4,3,1,4,0,0,0,45,
61,3,9,2,2,0,4,1,0,0,50,
32,3,15,4,11,1,4,0,13550,0,50,
43,3,9,0,0,1,4,0,0,0,40,
53,3,9,0,8,1,4,0,0,0,20,
53,0,10,0,0,1,4,1,0,0,45,
42,4,8,0,2,1,4,1,0,0,10,
36,3,9,2,0,5,4,0,0,0,40,
55,5,13,2,3,0,4,1,0,0,99,
35,0,13,2,9,0,4,1,7298,0,40,
17,3,7,4,11,3,4,0,0,0,16,
55,5,15,0,9,1,4,0,0,0,35,
36,3,9,2,3,0,4,1,0,0,40,
40,1,14,2,9,5,4,0,0,0,40,
54,5,6,0,7,1,2,0,0,0,10,
45,5,13,0,9,1,4,1,0,0,45,
48,3,10,2,12,0,4,1,0,0,40,
40,1,15,4,3,1,4,1,0,0,60,
31,3,13,2,9,0,4,1,0,0,50,
26,3,13,4,0,3,1,1,0,0,40,
34,3,10,2,3,5,4,0,0,1485,40,
19,3,9,4,0,3,3,0,0,0,25,
31,0,12,2,2,0,4,1,0,0,40,
34,3,9,4,9,1,4,0,0,0,30,
55,1,14,2,3,0,4,1,0,0,55,
38,3,10,2,2,0,4,1,0,0,40,
21,3,9,4,5,2,4,1,0,0,20,
27,3,4,2,2,0,4,1,0,0,40,
35,3,9,5,7,1,2,1,0,0,40,
20,3,10,4,0,3,3,0,0,0,20,
24,5,11,4,7,4,4,0,0,0,38,
27,3,14,4,12,1,4,1,0,0,40,
18,0,7,4,6,3,4,1,0,0,4,
28,1,10,3,0,4,4,0,0,0,40,
36,3,9,0,13,1,4,0,0,0,40,
66,3,10,2,13,0,4,1,0,1258,20,
19,3,10,4,7,3,4,0,0,0,15,
59,5,6,2,3,5,4,0,0,0,36,
33,3,9,2,13,0,4,1,0,0,46,
28,3,4,5,5,1,4,1,0,0,40,
34,3,13,4,7,1,4,1,0,2001,40,
41,3,10,0,0,1,4,0,0,0,55,
30,3,7,2,2,0,4,1,0,0,45,
59,3,9,2,2,0,4,1,0,0,40,
42,3,13,2,11,0,4,1,0,0,60,
47,3,9,5,9,2,2,0,14084,0,38,
29,3,6,3,0,4,4,0,0,0,40,
60,3,10,3,6,1,4,1,0,0,50,
53,1,9,2,2,0,4,1,5013,0,35,
41,3,4,2,3,0,4,1,0,0,60,
32,3,10,0,11,4,4,0,0,0,30,
73,8,9,6,14,1,4,0,0,0,22,
20,3,9,4,11,1,4,0,0,0,30,
49,3,14,2,11,0,4,1,0,0,40,
36,1,13,4,9,4,4,1,0,0,40,
33,6,10,0,0,4,4,0,0,0,45,
25,3,10,4,7,1,1,0,0,0,34,
34,8,9,2,14,0,2,1,0,0,10,
19,8,10,4,14,3,1,0,0,0,40,
40,1,12,2,10,0,4,1,0,0,40,
48,3,9,2,13,0,4,1,0,0,44,
51,3,10,2,5,0,4,1,0,0,50,
22,3,12,4,5,3,2,1,0,0,20,
34,3,10,2,9,0,2,1,0,0,50,
22,3,6,2,11,5,4,0,0,0,40,
34,4,9,2,3,0,4,1,0,2002,40,
56,3,9,0,7,1,4,1,0,0,40,
49,3,9,2,6,0,4,1,0,1902,40,
36,3,13,4,7,1,4,0,0,0,40,
18,3,10,4,11,3,4,0,0,0,20,
26,5,9,4,2,3,4,1,0,0,50,
48,3,9,2,3,0,4,1,0,0,50,
35,5,9,2,3,0,4,1,0,0,40,
29,3,9,4,5,3,4,1,0,0,40,
47,3,9,2,2,0,4,1,0,0,40,
21,3,11,2,0,5,4,0,0,0,12,
28,3,10,4,11,1,4,0,0,0,50,
53,3,10,2,13,0,4,1,0,0,40,
65,0,9,0,0,1,4,0,0,0,40,
26,3,10,3,0,4,4,0,0,0,40,
50,3,13,2,3,0,4,1,0,1902,50,
26,3,9,2,2,0,4,1,0,0,50,
70,3,9,2,9,0,4,1,0,0,20,
55,3,10,0,6,3,4,1,0,0,40,
27,0,13,4,13,2,4,1,0,0,35,
31,3,10,2,3,0,4,1,0,0,40,
43,3,13,2,11,0,4,1,0,1902,55,
24,3,7,2,2,0,4,1,0,0,40,
22,3,4,4,7,4,4,0,0,0,40,
26,3,9,4,2,4,2,0,0,0,40,
23,3,6,4,2,1,4,0,0,0,40,
41,5,9,2,4,0,4,1,0,0,60,
52,3,14,2,11,0,4,1,0,0,40,
41,5,9,2,4,5,4,0,0,0,40,
59,5,6,2,4,0,4,1,0,0,40,
56,5,10,2,3,5,4,0,0,1977,50,
58,3,9,0,2,1,4,1,14344,0,48,
65,3,13,2,3,0,4,1,0,0,40,
24,1,13,4,9,1,1,1,0,0,40,
51,3,12,2,11,0,4,1,5178,0,45,
31,3,10,2,5,0,4,1,0,0,45,
84,3,9,6,9,1,4,0,0,0,16,
51,3,10,2,2,0,4,1,0,0,40,
24,1,13,4,9,1,4,1,0,0,50,
30,3,9,2,6,0,4,1,0,0,45,
22,3,6,4,7,1,4,1,0,0,40,
30,3,14,4,9,1,4,1,0,0,40,
47,3,10,0,3,4,4,0,0,0,40,
19,3,9,4,11,3,4,0,0,0,35,
43,5,10,0,0,4,4,0,0,0,36,
30,3,13,4,3,1,4,0,0,0,50,
46,3,14,0,3,1,4,0,0,0,45,
49,1,13,2,9,0,4,1,0,0,60,
37,3,3,4,6,4,4,0,0,0,40,
42,3,14,4,3,1,4,1,0,0,40,
57,3,10,2,11,0,4,1,5013,0,50,
46,3,12,4,0,1,4,0,0,0,40,
23,3,10,4,7,3,4,0,0,0,20,
26,3,13,2,2,0,4,1,0,0,58,
64,3,14,4,9,2,4,0,0,0,8,
20,3,9,4,0,4,4,0,0,0,40,
31,3,9,0,13,1,4,1,0,0,40,
38,3,13,2,12,0,4,1,0,1977,40,
44,3,10,0,6,1,4,1,0,0,40,
42,5,11,2,2,0,1,1,2885,0,40,
23,3,13,4,3,4,4,1,0,0,40,
31,1,14,2,9,0,4,1,0,0,90,
35,5,7,2,2,0,4,1,0,0,36,
30,5,10,0,2,1,4,1,0,0,35,
35,3,9,0,2,3,4,1,0,0,20,
40,3,9,3,0,3,4,0,0,0,38,
18,3,7,4,7,3,4,0,0,0,20,
23,3,6,4,13,3,1,1,0,0,30,
63,3,9,2,0,0,2,1,0,0,40,
20,6,9,4,13,3,4,1,0,0,40,
50,1,14,2,3,0,4,1,0,0,60,
49,3,14,2,11,0,4,1,0,0,45,
53,5,6,2,4,0,4,1,0,0,40,
34,3,9,5,0,3,4,0,0,0,40,
54,3,9,0,13,1,4,1,0,0,56,
40,3,10,2,0,0,4,1,0,0,40,
22,3,13,4,11,1,4,0,0,0,40,
28,3,6,4,4,2,4,1,0,0,35,
24,3,9,4,2,3,4,1,0,0,40,
37,3,2,4,7,4,4,0,0,0,48,
62,3,9,2,11,5,4,0,0,0,16,
19,8,10,4,14,1,4,1,0,0,40,
51,3,11,6,9,4,1,0,0,0,40,
65,3,10,6,0,1,4,0,2346,0,40,
31,3,9,4,0,3,4,0,0,0,8,
42,4,10,0,3,4,4,1,0,0,90,
42,3,9,2,7,5,2,0,0,0,35,
54,3,12,2,2,0,4,1,0,0,40,
23,3,13,4,3,3,4,0,0,0,60,
28,3,9,4,7,1,4,0,0,0,46,
42,3,7,0,2,1,4,1,0,0,40,
30,3,9,4,3,1,2,1,0,0,40,
33,0,9,2,2,0,4,1,0,0,40,
33,3,9,0,12,1,4,0,0,0,40,
39,3,9,0,6,4,4,1,2977,0,40,
27,3,7,2,5,0,4,1,0,0,40,
20,8,7,4,14,3,2,1,0,0,40,
62,3,3,2,4,0,1,1,0,0,40,
17,3,6,4,11,2,4,1,0,0,30,
58,3,10,0,0,1,2,0,0,0,55,
69,4,14,2,3,0,4,1,6514,0,40,
34,3,13,2,9,0,4,1,0,0,42,
34,3,13,5,11,1,4,1,0,2824,50,
20,3,9,4,5,3,4,1,0,0,35,
64,0,10,2,0,5,4,0,0,0,40,
27,3,10,2,2,0,4,1,0,0,55,
41,3,9,2,0,5,4,0,0,0,40,
40,3,4,2,2,0,4,1,0,0,40,
53,1,14,2,0,0,4,1,0,0,38,
44,3,16,4,9,1,4,1,0,0,45,
37,3,3,4,0,2,4,0,0,0,40,
46,3,13,2,12,0,4,1,0,0,60,
17,3,5,4,6,3,4,1,0,0,20,
35,3,9,0,2,1,4,1,0,0,40,
36,1,12,5,0,4,4,0,0,0,40,
49,6,9,2,5,0,4,1,0,0,40,
48,3,15,0,9,4,4,0,0,0,25,
26,3,13,4,11,2,4,1,0,0,40,
26,3,12,4,0,1,4,0,0,0,8,
35,6,9,2,2,0,4,1,0,0,40,
29,3,5,4,6,1,4,1,0,0,40,
54,3,10,2,11,0,4,1,7298,0,50,
36,1,10,5,0,3,2,1,0,0,40,
25,3,13,2,9,0,4,1,0,0,40,
18,1,6,4,7,3,4,1,0,0,25,
21,3,10,4,11,3,2,0,0,0,20,
22,3,9,2,7,3,2,1,0,0,40,
52,3,9,2,2,0,4,1,0,0,45,
36,5,10,2,7,5,4,0,0,0,40,
25,3,13,4,3,3,4,0,0,1726,60,
49,5,16,4,9,1,4,1,99999,0,70,
42,3,10,2,11,0,4,1,0,0,50,
37,3,11,2,11,0,4,1,0,0,54,
39,3,12,4,2,3,4,1,0,0,40,
32,3,13,4,9,1,4,1,0,0,40,
53,3,9,2,3,0,4,1,0,0,40,
30,3,7,2,2,0,4,1,0,0,40,
51,3,10,2,12,5,4,0,0,0,40,
62,1,11,0,0,1,2,0,0,0,40,
38,3,3,2,6,0,4,1,0,0,40,
23,3,13,4,12,1,4,1,0,0,40,
39,3,9,2,6,0,4,1,0,2051,40,
37,0,10,4,0,3,4,1,0,0,40,
27,8,12,2,14,5,4,0,0,0,40,
41,3,10,2,6,0,4,1,0,0,40,
47,5,13,2,11,0,4,1,0,0,40,
25,3,10,2,3,5,2,0,0,0,40,
35,3,12,0,7,4,4,0,0,0,50,
47,3,9,2,2,0,4,1,0,1977,45,
30,3,9,4,7,1,4,1,0,0,40,
29,3,11,2,12,0,4,1,0,2051,40,
36,3,11,2,3,5,4,0,0,0,50,
42,3,13,3,13,1,4,1,0,0,60,
51,3,9,2,13,0,2,1,0,0,40,
34,3,9,0,0,3,4,1,0,0,40,
44,4,9,0,2,1,4,1,0,0,60,
27,3,13,4,6,1,4,1,0,0,41,
39,3,9,5,5,1,2,1,0,0,40,
46,3,9,0,2,1,4,1,0,1741,40,
32,5,9,0,11,3,4,1,0,1590,62,
31,3,13,4,11,1,2,0,0,0,50,
23,3,7,4,2,4,4,1,0,0,35,
47,3,14,2,3,0,4,1,15024,0,55,
66,3,13,2,9,0,4,1,0,0,99,
26,3,9,4,6,3,4,1,0,0,40,
52,3,9,2,5,0,4,1,0,0,40,
53,4,7,6,3,1,4,0,0,0,30,
48,5,13,2,3,0,1,1,0,0,40,
37,4,12,5,3,4,4,1,0,0,50,
17,3,7,4,7,3,4,0,0,0,5,
50,3,11,2,2,0,4,1,0,0,40,
28,8,9,4,14,2,4,0,0,0,40,
17,0,7,4,0,1,2,0,0,1602,40,
39,3,10,0,2,4,2,1,0,0,40,
28,0,13,4,12,1,2,0,0,0,40,
38,3,12,0,2,1,4,1,0,0,40,
53,3,9,2,13,0,4,1,0,1902,40,
28,1,13,0,9,1,4,1,0,0,40,
42,3,10,2,9,0,4,1,15024,0,32,
40,3,5,4,13,1,4,1,0,0,45,
20,3,10,4,6,3,4,1,0,0,40,
32,6,13,2,10,0,4,1,0,0,40,
23,6,13,4,0,3,4,1,0,0,40,
25,3,13,4,11,3,1,1,2174,0,40,
41,3,9,2,2,0,1,1,0,0,40,
42,3,13,2,9,0,4,1,7688,0,40,
18,3,8,4,11,3,4,1,594,0,14,
29,1,13,2,9,0,4,1,0,1848,60,
36,3,9,2,11,0,4,1,0,0,50,
34,3,6,2,2,0,4,1,0,0,40,
34,3,9,0,2,4,4,1,0,0,44,
48,6,15,2,9,0,4,1,15024,0,50,
36,4,15,2,9,0,4,1,0,0,80,
67,0,9,6,7,4,4,1,0,0,40,
53,3,9,2,2,0,4,1,7298,0,40,
53,5,13,2,3,0,4,1,0,2415,40,
45,3,16,0,9,1,4,1,0,0,45,
22,3,6,5,7,4,4,0,0,0,35,
25,3,13,2,3,0,4,1,0,0,43,
61,3,10,0,7,1,4,0,0,0,40,
31,1,10,4,0,1,2,0,0,0,40,
47,4,9,2,9,0,4,1,0,0,38,
31,3,2,2,9,0,4,1,0,0,45,
17,3,5,4,11,2,3,0,0,0,32,
38,4,10,2,11,0,4,1,0,0,50,
23,3,9,2,5,0,2,1,0,0,40,
42,3,10,6,3,1,0,0,0,0,40,
78,3,3,2,13,0,1,1,0,0,36,
54,3,11,2,3,0,4,1,0,0,40,
26,1,13,4,0,3,1,0,0,0,50,
30,3,9,2,9,0,4,1,0,0,35,
46,3,13,2,2,0,4,1,0,0,40,
26,3,13,4,9,1,2,0,0,0,45,
30,3,9,4,11,3,4,0,0,0,35,
66,1,16,2,9,0,2,1,20051,0,35,
23,3,9,4,2,3,2,1,2597,0,40,
25,3,10,4,12,3,4,1,0,0,40,
32,4,13,2,11,0,4,1,0,0,40,
25,1,9,2,2,0,4,1,0,0,38,
51,3,7,2,6,0,4,1,0,0,40,
24,6,13,4,9,1,4,1,0,0,40,
22,3,10,4,12,3,4,0,0,0,40,
28,3,9,4,3,1,4,0,0,0,40,
29,1,7,0,7,4,2,0,0,0,20,
26,3,13,4,7,3,4,1,0,0,40,
41,0,13,4,3,1,4,1,0,0,40,
19,3,10,4,11,3,4,0,0,0,35,
39,3,9,2,11,0,1,1,0,0,26,
51,3,15,2,9,0,4,1,0,0,50,
29,8,9,5,14,4,2,0,0,0,20,
27,3,3,2,4,0,4,1,0,0,40,
33,3,13,2,9,0,2,1,0,0,40,
19,3,9,4,11,3,4,0,0,0,8,
67,8,9,2,14,0,2,1,0,0,20,
41,3,13,2,9,0,4,1,0,0,45,
29,0,14,2,9,0,4,1,0,0,40,
28,3,9,2,0,0,2,1,0,0,40,
25,3,10,4,3,3,4,1,0,0,40,
21,0,9,4,0,3,4,1,0,0,36,
24,1,10,4,12,1,4,1,14344,0,50,
48,3,7,0,7,1,4,0,0,0,31,
46,4,15,2,9,0,4,1,0,0,60,
35,3,10,2,11,0,4,1,0,0,50,
35,0,13,2,3,0,4,1,0,0,40,
50,3,6,2,2,0,4,1,0,0,40,
22,3,9,4,11,3,4,0,0,0,40,
45,3,10,2,3,0,4,1,0,0,40,
62,1,13,2,9,5,4,0,0,0,40,
39,1,14,2,9,0,4,1,0,1977,45,
33,1,9,0,2,4,4,1,0,0,40,
22,3,10,4,5,1,4,0,0,0,30,
50,3,9,2,2,0,4,1,0,0,48,
25,3,7,0,3,4,4,0,0,0,40,
44,3,10,0,7,4,4,0,0,0,40,
26,3,9,2,13,0,4,1,0,0,40,
31,6,14,0,3,4,4,0,0,0,50,
56,3,9,2,11,5,4,0,0,0,15,
49,5,4,2,11,0,4,1,0,0,40,
49,3,8,2,2,0,4,1,0,0,40,
46,3,9,6,0,4,4,0,0,0,43,
33,3,10,4,2,1,2,1,0,0,40,
25,3,13,4,9,1,4,0,0,0,30,
40,3,12,0,3,1,4,0,0,0,40,
72,8,4,0,14,1,4,1,0,0,30,
32,6,14,4,9,1,4,1,0,0,10,
44,3,13,2,13,0,4,1,0,0,55,
48,3,9,0,0,1,4,0,0,0,30,
17,3,6,4,11,3,4,0,0,0,12,
50,3,11,2,9,5,4,0,0,1887,36,
61,3,10,2,0,5,4,0,15024,0,34,
22,1,9,4,5,3,2,1,0,0,40,
17,3,7,4,5,3,4,1,0,0,17,
49,4,15,2,9,0,4,1,0,0,60,
26,3,9,2,7,0,4,1,0,0,50,
19,6,10,4,9,3,4,1,0,0,10,
17,3,8,4,7,3,4,0,0,0,16,
38,3,9,2,7,0,4,1,0,0,40,
34,1,11,0,10,3,1,1,0,0,40,
51,3,9,2,2,0,4,1,7298,0,50,
48,3,9,2,2,0,4,1,0,0,42,
63,3,14,2,9,0,4,1,0,0,50,
19,3,9,4,6,3,4,0,0,0,40,
73,3,10,2,0,5,4,0,20051,0,36,
51,3,9,0,9,1,4,0,0,0,43,
38,3,14,2,7,0,2,1,0,1485,40,
54,3,10,2,9,0,4,1,0,0,40,
41,3,9,2,2,0,4,1,0,1848,40,
65,8,13,2,14,0,4,1,0,2377,40,
36,5,13,2,3,0,4,1,4386,0,50,
42,3,4,2,2,0,3,1,0,0,40,
38,3,10,2,2,0,4,1,7688,0,40,
20,8,10,4,14,3,4,1,0,0,40,
37,6,13,2,3,0,4,1,0,0,50,
35,6,9,2,2,0,4,1,0,1485,40,
51,5,10,2,2,0,4,1,0,0,40,
23,3,11,4,0,1,4,0,0,0,40,
27,6,13,4,9,3,2,0,0,0,40,
19,8,10,4,14,3,4,1,0,0,16,
37,3,11,2,6,0,4,1,0,0,42,
29,3,9,2,6,0,4,1,0,0,45,
33,3,2,2,2,1,4,1,0,2603,32,
60,3,9,0,6,1,4,1,4650,0,40,
22,3,13,4,0,3,4,1,0,0,20,
22,8,10,4,14,3,2,1,0,1721,20,
60,6,11,6,7,1,2,0,0,0,37,
35,3,7,5,7,4,4,1,0,0,20,
45,3,11,0,0,1,4,0,0,0,40,
30,3,9,2,6,0,1,1,0,0,40,
43,4,10,2,3,0,4,1,0,0,70,
32,6,14,4,0,1,4,0,0,0,38,
35,3,9,2,2,0,4,1,0,0,42,
32,3,11,0,7,4,2,0,0,0,40,
61,3,11,2,2,0,1,1,0,0,40,
40,6,14,0,3,4,4,0,1506,0,40,
20,8,6,4,14,1,4,0,0,0,30,
42,4,13,2,11,0,4,1,0,0,60,
21,3,10,4,11,4,4,0,0,0,35,
21,3,10,4,11,3,4,0,0,0,20,
26,3,13,4,3,1,4,0,0,0,40,
36,6,9,2,3,0,4,1,0,0,60,
24,3,13,2,11,2,4,1,0,0,40,
47,3,13,2,3,0,4,1,0,0,57,
51,3,12,0,12,1,4,1,0,0,30,
65,8,9,6,14,1,2,0,0,0,40,
61,3,13,0,8,1,4,0,0,0,12,
67,3,10,6,11,1,4,0,0,0,25,
49,3,9,2,4,0,4,1,0,0,25,
63,8,9,2,14,0,4,1,0,1485,40,
58,3,11,2,2,0,4,1,0,1887,48,
61,3,4,0,6,4,4,0,0,0,40,
36,3,9,2,2,0,2,1,0,0,35,
19,3,10,4,12,2,1,1,0,0,40,
29,5,10,2,2,0,4,1,0,0,35,
43,3,13,2,6,0,4,1,0,1887,40,
60,5,9,0,11,1,2,1,2597,0,55,
21,3,10,4,11,4,4,1,0,0,40,
22,3,9,5,11,4,4,0,0,0,40,
33,3,13,2,3,0,4,1,0,0,65,
36,3,13,4,11,1,1,0,0,0,50,
37,3,13,4,13,1,4,1,0,0,46,
35,3,12,1,0,5,4,0,0,0,40,
17,3,6,4,8,3,4,1,0,0,30,
37,3,9,2,2,0,4,1,0,0,60,
22,8,9,4,14,1,4,0,0,0,45,
28,3,10,2,2,0,4,1,0,0,40,
42,3,10,0,6,1,4,0,0,0,40,
57,4,9,2,13,0,4,1,5178,0,60,
26,3,10,4,4,2,4,0,0,0,65,
45,1,7,2,7,0,2,1,0,0,50,
32,3,13,2,2,0,4,1,0,0,44,
63,3,10,6,0,4,4,0,0,0,43,
22,3,10,4,9,2,1,0,0,0,20,
36,3,10,2,3,0,4,1,0,0,55,
45,6,9,2,3,5,4,0,0,0,40,
34,5,15,2,9,0,4,1,0,0,55,
27,6,13,4,9,1,4,1,0,0,60,
20,8,10,4,14,3,4,0,0,0,20,
47,5,9,2,4,0,4,1,0,0,56,
46,3,4,4,7,3,4,1,0,0,52,
28,3,10,4,6,3,4,0,0,0,40,
45,3,9,4,5,2,4,1,0,0,40,
26,3,13,4,0,3,1,0,0,0,40,
32,5,6,2,3,0,4,1,0,0,45,
30,1,8,2,0,5,4,0,0,0,40,
59,3,6,2,13,0,4,1,0,0,40,
58,6,16,4,3,1,4,0,0,0,43,
45,3,10,0,5,1,4,1,0,0,30,
76,5,10,6,13,1,4,1,0,0,40,
38,3,9,0,0,3,4,0,0,0,40,
32,3,14,4,11,3,2,1,0,0,40,
38,5,9,0,4,1,4,1,0,0,50,
30,3,12,4,9,4,2,0,0,0,36,
53,4,11,2,3,0,4,1,0,0,40,
41,3,13,2,6,0,4,1,0,0,40,
27,6,13,4,9,1,4,1,0,0,50,
44,1,12,2,4,0,4,1,0,0,30,
35,3,14,2,3,0,1,1,0,0,50,
36,3,2,4,7,2,3,0,0,0,40,
51,3,10,2,3,5,4,0,0,0,10,
42,1,9,2,13,0,4,1,0,0,40,
40,5,13,1,9,0,4,1,7298,0,50,
45,3,9,2,5,0,4,1,0,0,40,
55,3,5,0,2,4,4,0,99999,0,37,
36,3,4,2,6,0,4,1,0,0,40,
57,0,9,2,2,0,2,1,0,0,40,
27,3,9,0,12,1,4,0,0,0,45,
62,3,14,4,5,1,4,1,4650,0,40,
29,3,13,2,11,0,4,1,0,0,55,
38,5,13,4,2,1,0,1,0,0,30,
29,3,9,2,2,0,4,1,0,0,50,
18,8,10,4,14,3,4,1,0,0,30,
19,8,8,4,14,3,2,1,0,0,30,
32,1,14,4,9,1,4,0,4865,0,40,
34,3,13,4,3,1,4,1,0,1741,40,
25,3,12,4,9,1,4,1,0,0,55,
34,1,14,4,9,1,4,1,0,0,35,
37,6,10,2,3,0,4,1,0,0,38,
37,3,9,2,2,0,4,1,0,0,45,
18,3,9,4,5,3,4,1,0,0,25,
24,3,11,4,2,3,4,1,0,0,40,
17,3,8,4,7,3,4,0,0,0,30,
35,3,13,0,11,1,4,0,0,0,40,
31,3,11,5,12,4,2,0,0,0,32,
29,3,12,4,2,1,4,1,0,0,60,
49,5,9,2,2,0,4,1,0,0,40,
71,8,13,2,14,0,4,1,0,0,10,
35,0,9,2,0,0,4,1,0,0,40,
55,5,9,2,2,0,4,1,0,0,50,
37,3,3,2,6,0,4,1,0,0,40,
33,1,10,4,0,4,2,0,0,0,18,
49,3,13,2,11,0,4,1,0,0,45,
32,3,9,2,5,0,4,1,0,0,45,
63,8,7,5,14,1,2,1,0,0,40,
39,3,14,4,9,1,4,1,0,0,40,
42,1,9,2,4,0,4,1,0,0,40,
30,6,14,2,9,5,4,0,0,0,50,
30,3,11,4,9,1,4,1,0,0,40,
48,4,9,2,4,0,4,1,0,0,40,
57,5,13,2,11,0,4,1,0,0,10,
56,3,6,0,7,4,2,0,0,0,45,
28,3,10,4,10,3,4,1,0,0,40,
43,3,13,2,12,0,4,1,0,0,24,
46,3,9,2,2,0,4,1,0,0,60,
60,3,13,2,3,0,4,1,15024,0,45,
50,1,14,0,9,4,4,0,0,0,65,
37,3,15,2,9,0,4,1,0,0,50,
41,3,9,0,8,2,2,0,0,0,40,
38,3,10,2,3,5,4,0,0,0,38,
23,3,10,4,7,3,4,0,0,0,40,
59,3,10,2,3,0,4,1,0,0,50,
72,3,14,4,9,1,4,1,2329,0,60,
47,1,10,0,0,1,4,0,0,0,33,
29,3,11,4,2,2,4,1,0,0,40,
35,3,13,2,9,0,4,1,0,0,60,
24,3,10,2,0,0,4,1,0,0,15,
22,3,9,4,11,4,4,0,0,0,40,
24,3,9,4,3,3,4,1,0,0,40,
42,3,13,2,9,0,4,1,7298,0,45,
55,0,13,5,7,4,4,0,0,0,72,
40,6,14,0,9,4,4,0,0,0,20,
61,3,9,0,0,1,1,0,0,0,40,
58,5,13,4,4,3,4,1,0,0,72,
39,6,9,0,9,1,4,1,0,0,40,
45,5,10,0,9,1,4,0,0,0,50,
25,3,9,4,5,1,4,1,0,0,45,
69,8,16,2,14,0,4,1,0,0,50,
36,3,13,2,11,5,4,1,0,0,60,
34,3,11,2,2,0,4,1,7688,0,40,
45,3,13,2,9,0,4,1,0,0,45,
27,8,8,2,14,0,2,1,0,0,45,
28,3,10,5,5,1,2,1,0,0,40,
27,3,10,4,0,1,4,0,0,0,60,
41,6,9,4,7,1,4,0,0,0,40,
18,6,9,4,11,1,2,0,0,0,30,
44,3,13,2,12,0,4,1,0,0,40,
47,3,11,2,3,5,4,0,0,0,45,
36,1,9,2,3,0,4,1,0,0,40,
66,3,1,6,8,2,4,0,0,0,40,
33,3,9,0,0,4,4,0,0,0,45,
39,1,9,0,5,1,4,1,0,0,40,
30,3,9,4,13,3,2,1,0,0,40,
34,5,9,2,2,0,4,1,0,0,40,
62,5,14,0,9,4,4,0,0,0,32,
21,3,10,4,0,1,4,0,0,0,45,
50,4,14,2,9,0,4,1,7298,0,50,
30,3,13,2,3,0,4,1,3103,0,60,
43,3,9,2,3,0,4,1,0,0,40,
19,3,10,4,7,2,4,0,0,0,40,
26,0,11,4,2,3,4,1,0,0,50,
50,3,4,2,13,0,4,1,0,1579,65,
45,0,14,0,3,1,4,1,0,0,40,
46,4,14,2,11,0,4,1,0,0,50,
17,3,6,4,7,3,4,1,0,0,15,
56,3,4,2,3,0,4,1,0,0,40,
25,3,10,2,0,5,2,0,3103,0,40,
47,3,14,5,6,4,1,0,0,0,42,
23,3,9,2,11,0,4,1,0,0,45,
51,5,9,5,7,4,4,0,0,0,20,
19,3,10,4,12,1,4,0,0,0,25,
33,5,9,2,2,0,4,1,0,0,40,
32,3,9,0,7,4,4,0,0,0,80,
52,3,9,0,13,1,4,1,0,0,40,
36,3,10,5,7,2,2,0,0,0,40,
34,3,9,0,2,1,4,1,0,0,40,
26,8,9,4,14,3,4,0,0,0,40,
26,4,8,2,11,0,3,1,0,0,98,
35,1,10,2,2,0,4,1,0,0,40,
58,0,13,2,0,0,4,1,0,0,40,
32,3,7,0,2,3,4,1,0,0,50,
23,3,10,4,7,2,4,0,0,0,40,
28,5,10,4,6,1,2,1,0,0,40,
20,3,6,4,7,2,4,1,0,0,35,
17,3,6,4,7,3,4,1,0,0,20,
56,3,9,2,13,0,4,1,3103,0,45,
26,3,9,0,0,3,4,0,0,0,40,
43,6,13,0,9,4,4,0,1506,0,36,
45,5,10,4,9,1,4,1,0,0,35,
34,3,10,2,3,5,4,0,7688,0,50,
54,3,2,2,7,0,4,1,0,0,35,
51,1,9,6,7,4,4,0,0,0,40,
58,5,10,2,4,0,4,1,0,0,60,
49,3,12,5,0,1,4,0,2597,0,40,
21,3,11,4,0,3,4,0,0,0,40,
44,3,10,4,7,1,4,0,0,0,40,
26,3,13,4,3,1,4,0,0,0,50,
39,3,13,2,9,0,4,1,0,0,40,
19,8,9,4,14,3,4,1,0,0,40,
37,3,10,2,5,0,4,1,0,0,40,
49,3,9,0,0,1,4,1,0,0,32,
45,3,9,5,6,4,2,0,0,0,40,
60,0,9,4,0,1,2,0,0,0,40,
28,0,13,4,3,1,2,1,0,0,40,
23,3,10,2,6,0,0,1,0,0,30,
44,3,13,4,9,1,4,0,0,0,45,
19,6,10,4,4,3,4,1,0,0,12,
37,3,9,2,3,0,4,1,0,0,40,
41,5,9,2,4,0,4,1,0,0,38,
56,0,13,2,3,0,4,1,7688,0,40,
44,3,12,2,3,0,4,1,0,0,54,
30,3,13,2,2,0,1,1,0,0,36,
23,3,13,4,11,1,4,0,0,0,40,
44,3,9,2,3,5,4,0,3103,0,40,
38,3,9,2,3,0,4,1,7688,0,70,
32,3,10,2,11,0,4,1,5178,0,50,
57,5,14,4,4,1,4,1,0,0,20,
35,3,15,2,9,0,4,1,7688,0,50,
48,5,13,2,3,0,4,1,99999,0,50,
32,1,10,2,10,0,4,1,0,0,99,
76,0,14,6,9,1,4,0,0,0,15,
57,1,9,0,5,1,2,0,0,0,30,
58,8,10,4,14,1,4,0,0,0,40,
51,3,14,2,3,0,4,1,7298,0,50,
50,3,6,2,7,0,2,1,0,0,40,
38,3,9,1,7,5,4,0,0,0,25,
53,3,9,2,13,0,4,1,0,2002,40,
59,5,4,2,2,0,4,1,0,0,20,
23,3,9,4,13,3,4,1,0,0,40,
44,3,11,0,3,1,4,1,8614,0,40,
23,3,13,4,11,1,4,0,0,0,40,
23,3,12,4,11,3,4,1,0,0,20,
44,3,13,2,3,0,4,1,0,0,40,
30,3,9,2,12,0,4,1,0,0,40,
28,3,9,2,11,0,4,1,0,0,40,
46,3,10,0,3,1,4,0,0,0,40,
34,1,1,4,0,3,2,0,0,0,25,
38,3,13,5,3,1,4,1,27828,0,45,
26,3,10,4,11,1,2,0,0,0,37,
39,3,9,2,2,0,4,1,0,0,40,
28,3,10,4,11,3,2,1,0,0,40,
33,6,14,2,9,0,1,1,0,0,19,
43,3,14,0,9,4,4,0,0,2547,40,
30,3,13,0,3,1,1,0,0,0,40,
59,6,14,2,3,0,4,1,0,0,50,
26,3,9,2,6,0,4,1,0,0,45,
28,3,10,4,12,3,2,1,0,0,24,
48,5,10,4,7,1,4,1,0,0,40,
49,3,13,6,9,4,4,0,1506,0,35,
41,5,9,2,5,0,4,1,0,2179,40,
20,3,10,4,0,3,4,0,0,0,30,
49,3,9,2,10,0,4,1,0,0,40,
37,6,13,4,9,2,4,1,0,0,40,
18,3,8,4,11,3,4,0,0,0,8,
61,3,9,2,12,0,4,1,0,0,40,
26,3,9,2,5,0,4,1,0,0,48,
66,3,13,6,7,1,4,1,0,0,12,
68,3,14,4,9,1,4,0,3273,0,40,
27,1,9,2,10,5,4,0,0,0,40,
66,5,10,2,4,0,4,1,0,0,7,
28,3,6,4,7,4,4,0,0,0,15,
26,3,13,4,9,1,4,0,0,0,40,
25,8,9,4,14,4,2,0,0,0,40,
46,3,10,2,13,0,4,1,0,0,48,
62,8,13,2,14,0,4,1,0,0,40,
35,3,9,4,6,3,4,1,0,1974,40,
26,5,9,4,4,3,4,1,0,0,60,
40,3,9,5,6,1,4,0,0,0,40,
31,3,10,4,3,1,4,1,0,0,45,
52,3,9,6,13,1,4,1,0,0,40,
61,5,9,2,7,0,2,1,0,0,12,
39,6,7,2,2,0,4,1,0,0,40,
25,3,9,4,7,3,4,0,114,0,40,
47,3,13,2,12,0,4,1,0,0,48,
33,3,13,2,6,0,3,1,0,0,40,
17,3,7,4,7,3,4,1,0,0,25,
26,3,9,2,0,0,4,1,0,0,45,
25,3,9,4,5,2,4,1,0,0,40,
39,5,9,2,3,0,4,1,0,0,16,
33,3,14,2,3,0,4,1,7298,0,45,
46,0,10,2,3,0,2,1,0,0,40,
27,3,10,5,0,4,4,0,0,0,20,
48,3,9,2,9,0,4,1,7298,0,40,
29,5,7,2,7,5,4,0,0,0,5,
40,3,13,4,11,3,4,1,0,0,40,
24,3,13,4,11,3,2,1,0,0,40,
55,3,13,2,3,0,3,1,0,1579,35,
56,3,9,2,3,0,4,1,0,0,40,
25,3,12,4,2,1,4,1,0,0,30,
36,3,10,2,2,0,4,1,0,0,50,
26,5,9,2,3,0,4,1,0,0,45,
37,3,9,2,5,0,4,1,0,0,44,
36,3,9,2,2,0,4,1,0,0,40,
23,5,7,4,2,3,4,1,0,0,50,
25,3,13,2,9,0,4,1,0,0,60,
36,6,9,0,0,3,2,0,0,0,40,
37,5,10,2,2,0,4,1,0,0,70,
39,4,12,2,11,0,4,1,5178,0,48,
35,3,11,4,2,3,2,1,0,0,40,
33,3,7,4,5,3,2,1,0,0,40,
31,3,10,4,2,1,4,1,0,0,46,
49,3,10,2,9,0,4,1,0,0,22,
34,5,13,0,13,1,4,1,0,0,50,
40,3,9,2,13,0,1,1,0,0,60,
27,3,10,6,0,4,4,0,0,0,40,
50,5,16,2,9,0,4,1,0,0,23,
38,3,8,4,6,1,2,0,0,0,50,
55,6,13,0,3,4,2,1,0,0,40,
49,5,4,2,7,0,4,1,0,0,70,
40,3,13,3,7,1,3,1,0,0,40,
42,3,11,0,12,1,4,0,0,0,30,
51,3,13,2,9,0,4,1,0,0,50,
27,3,13,4,0,3,1,0,0,0,50,
30,6,9,2,10,0,4,1,0,0,40,
70,8,16,2,14,0,4,1,0,0,20,
40,3,6,4,7,4,2,0,0,0,40,
43,5,13,5,2,4,4,1,0,0,35,
24,3,9,4,7,1,4,0,0,0,40,
22,8,4,4,14,3,4,1,0,0,40,
38,3,13,2,11,0,4,1,0,0,60,
52,3,9,2,2,0,4,1,0,0,40,
32,3,11,2,11,0,4,1,0,0,50,
33,3,11,5,10,1,4,0,0,0,40,
21,3,9,4,6,3,4,1,0,0,40,
27,3,10,4,11,1,4,1,0,0,50,
31,3,9,0,3,1,4,1,0,0,50,
29,3,14,2,9,5,1,0,0,0,40,
49,3,3,2,7,0,4,1,0,2603,40,
61,8,13,4,14,1,4,1,0,0,7,
46,3,13,2,11,0,4,1,0,0,50,
37,3,7,2,2,0,4,1,0,0,40,
56,0,13,2,0,0,4,1,0,0,40,
37,3,10,2,2,0,4,1,0,0,40,
26,5,9,2,0,0,4,1,0,0,40,
31,3,10,4,0,4,2,0,0,0,35,
36,3,9,2,7,5,1,0,0,0,40,
52,3,6,2,5,0,4,1,0,0,45,
40,3,10,0,2,1,4,1,0,0,60,
21,3,9,3,3,2,4,0,0,0,60,
63,3,6,5,6,1,2,1,0,0,40,
30,3,9,4,0,1,4,0,0,0,40,
30,3,13,2,11,0,4,1,0,0,20,
50,3,13,2,3,0,4,1,0,0,60,
41,3,14,2,3,0,4,1,0,0,45,
39,4,13,2,3,0,4,1,0,0,60,
23,3,9,5,6,4,4,0,0,0,48,
52,3,9,2,11,0,2,1,0,2377,40,
17,8,7,4,14,3,2,0,0,0,20,
46,3,11,0,12,4,2,0,0,625,40,
26,3,10,2,0,5,4,0,0,0,42,
30,3,10,2,2,0,4,1,0,1740,40,
23,3,10,0,3,1,4,1,0,0,50,
21,6,10,4,0,3,1,0,0,0,12,
39,3,9,2,13,0,4,1,0,0,55,
37,1,11,2,10,0,2,1,0,0,40,
40,5,14,2,3,0,4,1,99999,0,50,
38,3,10,0,0,4,2,0,0,0,20,
47,3,13,2,11,0,4,1,4064,0,60,
20,3,10,4,7,3,4,1,0,0,35,
35,3,9,2,2,0,4,1,0,0,40,
62,6,13,0,9,1,4,1,14084,0,40,
32,3,7,0,7,4,4,0,0,0,15,
42,4,13,2,11,0,4,1,0,0,60,
32,3,6,4,2,4,4,1,0,0,40,
27,3,10,4,7,3,2,0,0,0,30,
53,4,13,2,11,0,4,1,0,0,45,
28,5,3,2,5,0,4,1,0,0,25,
26,3,9,2,11,0,4,1,0,0,40,
47,3,15,2,3,0,4,1,0,0,45,
23,3,10,4,10,3,2,0,0,0,40,
70,4,10,2,3,0,4,1,0,0,30,
41,6,13,2,3,0,1,1,0,0,40,
43,6,14,4,9,1,4,1,0,0,45,
65,3,9,0,11,4,4,0,0,0,25,
40,5,9,2,2,0,4,1,0,1672,40,
64,5,9,2,3,0,4,1,0,0,45,
40,3,10,0,3,1,4,1,0,0,45,
43,3,13,0,3,1,4,1,0,0,35,
50,0,9,2,0,0,4,1,0,0,48,
19,8,10,4,14,3,4,0,0,0,30,
32,5,13,4,9,3,2,0,2174,0,60,
32,3,7,2,4,0,4,1,0,0,40,
42,3,7,0,11,4,4,1,1506,0,50,
41,3,9,2,2,0,4,1,0,0,40,
30,3,10,4,3,1,4,0,0,0,40,
20,3,10,4,7,3,4,1,0,0,30,
45,6,9,2,2,0,4,1,0,0,40,
42,3,16,2,9,0,4,1,0,1902,50,
24,3,12,4,6,3,4,1,0,0,40,
43,3,13,0,11,1,4,0,0,0,50,
28,3,9,2,13,0,2,1,0,0,40,
35,3,9,4,6,1,4,0,0,0,40,
36,8,9,3,14,4,2,1,0,0,50,
38,0,9,4,0,4,4,0,0,0,40,
32,1,13,0,9,4,4,0,0,0,35,
50,6,9,2,10,0,4,1,0,0,40,
34,3,9,2,2,0,4,1,0,0,55,
35,3,9,4,7,3,4,1,0,0,40,
30,3,14,4,0,1,4,0,0,0,40,
61,6,3,2,13,0,4,1,0,0,40,
27,3,13,4,0,3,4,1,0,0,38,
61,3,9,4,6,1,2,0,0,0,40,
18,3,3,4,5,2,4,1,0,0,40,
31,1,9,2,10,0,4,1,0,0,40,
31,3,13,0,9,1,4,1,0,0,60,
20,3,9,4,7,1,2,0,0,0,40,
35,3,8,2,13,0,4,1,0,0,40,
51,3,9,4,2,1,2,1,0,0,40,
43,3,10,2,11,0,4,1,7688,0,40,
18,3,7,4,5,3,4,1,0,0,20,
55,3,15,2,3,0,4,1,99999,0,40,
59,3,9,6,8,1,4,0,0,0,40,
21,3,9,4,7,3,4,0,0,0,40,
22,3,6,4,7,3,4,0,0,0,40,
60,0,10,6,3,1,4,0,0,0,40,
49,0,9,2,2,0,4,1,0,0,40,
21,3,9,4,5,3,4,0,0,0,40,
61,3,9,2,6,0,4,1,0,0,40,
64,3,3,0,2,1,4,1,0,0,40,
63,3,9,4,2,1,4,1,0,0,40,
27,0,13,4,3,1,4,0,0,0,40,
23,3,13,4,7,3,2,0,0,0,30,
41,6,9,0,3,4,4,0,0,0,45,
18,8,8,4,14,3,2,1,0,0,25,
40,3,9,2,2,5,4,0,7298,0,40,
55,5,13,2,3,0,4,1,0,0,40,
17,3,6,4,7,3,4,0,0,1602,12,
34,5,10,4,2,1,4,1,0,1504,60,
24,3,13,4,0,3,4,0,0,0,40,
30,3,15,2,9,5,4,0,0,0,45,
29,3,14,4,3,1,1,1,0,0,60,
52,3,13,2,3,0,4,1,0,0,40,
57,0,10,2,3,0,4,1,0,0,40,
38,3,13,4,12,1,4,0,0,0,45,
43,3,14,0,3,1,4,0,0,0,50,
61,3,10,6,0,2,4,0,0,0,40,
38,3,13,2,3,0,4,1,15024,0,65,
51,3,9,2,6,0,2,1,0,0,40,
40,3,13,2,0,0,4,1,0,0,40,
41,1,10,2,0,0,4,1,0,0,40,
19,3,10,4,7,3,4,0,0,0,20,
28,3,4,2,4,0,4,1,0,0,40,
59,3,10,2,11,0,4,1,0,0,40,
32,6,13,4,9,3,4,0,0,0,40,
31,3,9,2,3,0,4,1,0,0,40,
30,3,12,4,6,1,4,1,0,0,48,
54,5,10,2,11,0,4,1,0,0,40,
33,3,11,5,2,1,4,1,0,2444,42,
20,3,10,4,0,3,4,0,0,0,10,
27,8,10,0,14,1,4,0,0,0,40,
32,5,9,2,13,0,4,1,0,0,48,
35,3,9,2,13,5,2,0,0,0,40,
27,3,7,4,2,1,4,1,0,0,45,
40,3,13,2,9,0,4,1,0,0,46,
34,3,11,2,11,0,4,1,0,0,40,
34,1,12,2,9,0,4,1,0,0,40,
38,3,10,4,2,3,4,0,0,0,25,
28,3,9,2,7,0,3,1,0,0,40,
65,3,10,2,5,0,4,1,0,0,27,
61,3,10,4,12,3,4,1,0,0,16,
18,3,7,4,11,3,4,0,0,0,25,
35,4,13,2,11,3,4,1,5178,0,50,
45,3,13,0,3,4,4,0,0,0,40,
68,8,9,6,14,1,4,0,0,0,20,
25,3,10,2,3,0,4,1,0,0,50,
48,3,15,0,11,1,4,1,0,0,13,
19,3,10,4,0,1,4,0,0,0,40,
43,3,13,4,3,1,2,0,0,0,50,
54,3,13,2,2,0,4,1,0,0,45,
47,5,13,0,11,1,4,1,0,0,50,
25,3,11,4,0,1,4,0,4865,0,40,
30,3,12,2,2,0,4,1,0,0,40,
67,8,10,2,14,0,4,1,0,0,8,
35,3,9,0,5,4,4,0,0,0,40,
26,3,10,2,11,0,4,1,0,0,18,
61,3,9,2,11,0,4,1,0,0,40,
54,3,9,0,7,4,4,1,0,0,32,
50,3,8,2,11,0,1,1,0,0,40,
32,3,5,5,6,4,4,0,0,0,40,
34,3,9,0,6,1,4,0,0,0,25,
36,3,9,4,7,1,4,1,0,0,40,
50,3,10,2,2,0,4,1,0,0,40,
28,3,7,2,4,0,4,1,0,0,40,
22,3,9,4,7,3,4,0,0,0,19,
58,3,7,2,7,0,4,1,0,0,20,
27,3,3,4,7,1,4,1,0,0,75,
62,3,13,2,12,0,4,1,0,0,38,
36,4,13,4,12,1,4,1,27828,0,55,
21,1,10,4,0,1,4,0,594,0,4,
41,3,14,2,9,5,4,0,0,0,45,
28,3,10,2,6,0,4,1,0,0,45,
33,3,13,2,5,0,4,1,0,0,40,
54,3,13,2,3,0,4,1,0,0,45,
19,3,10,4,11,3,0,0,0,1721,25,
76,5,4,4,4,1,4,1,0,0,30,
25,8,13,2,14,5,4,0,0,0,25,
34,3,13,2,3,0,4,1,0,0,50,
40,3,13,4,0,1,4,0,0,0,40,
22,3,7,4,11,4,4,0,0,0,30,
17,3,7,4,5,3,4,1,0,0,15,
55,3,10,0,7,1,4,0,0,0,20,
51,1,10,2,0,5,4,0,0,0,40,
26,3,3,2,5,0,3,1,0,0,40,
44,3,13,4,7,1,4,1,0,0,48,
65,8,6,2,14,0,4,1,0,0,70,
54,3,9,2,3,0,4,1,0,0,40,
34,5,12,4,2,1,4,1,0,0,40,
42,3,9,0,0,4,4,1,0,0,40,
26,3,9,4,2,1,4,1,0,0,70,
39,3,3,2,7,0,1,1,0,0,40,
46,8,7,6,14,4,2,0,0,0,40,
34,3,13,4,7,1,4,1,0,0,40,
59,3,9,0,2,1,4,1,0,0,40,
20,3,9,4,7,3,4,1,0,0,50,
34,3,10,2,6,0,4,1,0,0,45,
62,8,9,2,14,5,4,0,5178,0,40,
51,3,9,2,2,0,4,1,0,0,20,
34,3,10,2,5,0,4,1,0,0,40,
47,3,13,5,9,4,4,0,0,0,50,
21,8,10,4,14,3,4,1,0,0,20,
30,5,11,0,2,1,4,1,0,0,49,
38,3,9,5,11,1,4,1,0,0,60,
45,3,13,2,9,5,1,0,5178,0,40,
23,3,10,4,3,1,4,0,0,0,35,
34,3,10,2,2,0,4,1,0,0,48,
22,3,8,4,5,1,4,1,0,0,40,
31,3,9,4,2,2,4,1,0,0,40,
50,3,9,2,2,0,4,1,0,0,40,
19,3,2,4,5,2,4,1,0,0,52,
28,3,13,2,11,5,2,0,15024,0,45,
23,3,9,4,0,1,4,0,0,0,50,
35,3,9,2,5,0,4,1,0,0,40,
28,3,9,2,6,0,2,1,0,0,40,
27,3,10,4,0,3,4,1,0,0,30,
46,4,13,2,11,0,4,1,0,0,55,
27,3,9,0,5,1,4,1,0,0,40,
25,3,6,2,7,5,4,0,0,0,40,
34,4,10,2,2,0,4,1,0,0,70,
33,3,9,4,6,4,4,1,0,0,40,
36,3,10,4,2,1,4,0,0,0,40,
30,3,4,2,2,0,4,1,0,0,48,
23,3,10,2,11,5,4,0,0,0,47,
36,3,3,3,2,2,4,1,0,0,32,
29,3,13,4,9,1,4,0,0,0,45,
50,5,10,2,4,0,4,1,7688,0,40,
19,3,8,4,5,1,4,1,0,0,40,
20,8,10,4,14,3,4,0,0,0,40,
52,0,9,2,6,0,4,1,0,0,40,
20,3,9,2,2,0,4,1,0,0,40,
22,3,11,4,0,1,4,0,0,0,40,
34,3,10,2,11,0,4,1,0,0,55,
60,3,10,2,2,0,4,1,0,0,40,
19,3,7,4,7,1,2,1,0,0,40,
59,5,9,2,4,0,4,1,0,0,20,
36,3,9,4,13,2,4,1,0,0,50,
25,3,9,4,2,3,4,1,0,0,40,
49,3,4,0,2,1,4,1,0,0,70,
25,5,9,4,7,4,4,0,0,0,30,
50,3,7,0,7,4,4,0,0,0,40,
44,3,12,0,9,1,4,0,0,0,43,
28,8,9,5,14,4,4,0,0,0,40,
33,3,10,2,11,0,4,1,0,0,20,
40,4,13,5,2,3,4,1,0,0,50,
56,3,10,2,3,0,4,1,0,0,45,
56,5,10,2,3,0,4,1,0,0,50,
23,3,13,4,9,3,4,1,0,0,42,
38,8,9,0,14,4,2,0,0,0,40,
21,3,10,4,9,3,4,0,0,0,10,
67,3,4,2,2,0,4,1,0,0,24,
54,6,11,2,10,0,4,1,0,0,40,
50,1,9,4,7,1,2,0,0,0,40,
59,3,4,2,6,0,4,1,0,0,40,
51,3,7,6,5,4,2,0,0,0,40,
30,3,9,5,3,4,4,0,0,0,29,
42,3,9,2,2,0,4,1,0,0,40,
64,8,9,6,14,1,4,0,0,0,20,
61,8,13,4,14,1,4,0,0,0,45,
26,3,13,4,11,1,4,1,0,0,40,
47,3,11,2,0,0,4,1,4064,0,40,
78,5,10,2,2,0,4,1,0,0,3,
24,5,9,0,2,1,4,1,0,0,50,
27,3,7,5,4,2,4,1,0,0,40,
51,3,14,2,3,0,4,1,0,0,50,
46,3,9,2,6,0,4,1,0,0,40,
55,5,9,2,4,0,4,1,0,0,60,
20,3,10,4,7,3,4,1,0,0,40,
30,3,9,2,3,0,4,1,0,0,50,
36,8,10,4,14,1,4,1,0,0,30,
19,3,9,4,7,3,4,0,0,0,20,
30,3,13,2,9,0,4,1,0,0,40,
31,5,12,2,2,1,4,1,0,0,50,
26,3,9,2,6,0,4,1,0,0,96,
59,8,12,2,14,0,4,1,0,0,35,
53,3,9,2,13,0,4,1,0,0,60,
24,1,10,4,0,1,4,0,0,0,40,
24,3,10,5,9,3,4,1,0,0,54,
36,3,9,0,3,4,4,0,0,0,50,
39,3,14,2,3,0,4,1,0,0,50,
53,3,9,0,6,4,2,1,0,0,32,
75,4,9,6,11,2,1,1,0,0,35,
36,3,9,2,3,0,4,1,0,0,50,
46,4,10,2,11,0,4,1,0,0,40,
56,4,9,2,11,0,4,1,0,1902,40,
29,3,9,2,5,0,2,1,0,0,40,
60,3,5,2,6,0,4,1,0,0,49,
58,3,9,6,11,1,4,1,0,0,38,
67,5,9,2,4,0,4,1,0,0,55,
35,3,10,2,9,0,4,1,7688,0,38,
39,5,10,2,4,0,4,1,0,0,80,
37,3,10,2,13,0,4,1,0,0,50,
54,8,10,2,14,0,4,1,0,0,50,
63,5,15,2,9,0,4,1,0,0,30,
47,3,7,0,7,1,4,0,0,0,38,
23,3,13,4,0,3,4,0,0,0,40,
55,3,9,5,6,1,4,1,4865,0,45,
49,3,7,2,11,5,4,0,0,0,40,
39,3,11,2,6,0,4,1,5178,0,40,
23,3,9,4,6,3,4,1,0,0,40,
19,3,10,4,7,3,4,0,0,0,12,
44,3,14,2,3,0,4,1,0,0,40,
25,3,11,4,7,4,0,0,0,0,40,
35,3,11,0,9,3,2,1,0,0,40,
23,1,9,0,0,3,4,0,0,0,40,
48,3,11,2,2,0,4,1,0,0,40,
48,3,10,0,5,3,4,1,2176,0,40,
44,3,9,0,0,4,2,0,0,0,40,
55,5,13,2,3,5,4,0,0,0,25,
33,5,9,2,2,0,4,1,0,0,50,
18,3,8,4,5,3,4,1,0,0,20,
24,3,13,4,0,3,4,1,2202,0,30,
32,1,12,2,10,0,4,1,0,0,56,
24,6,13,4,9,1,4,0,0,0,20,
44,4,13,2,3,0,4,1,99999,0,70,
27,3,13,2,0,0,4,1,0,0,45,
39,3,12,2,12,0,4,1,0,0,40,
26,1,6,2,7,0,4,1,0,0,40,
34,3,14,2,3,0,4,1,0,0,40,
38,3,14,2,9,0,4,1,99999,0,65,
41,6,14,2,9,0,4,1,0,0,75,
73,8,13,2,14,0,1,1,0,0,5,
32,4,9,2,11,0,4,1,0,0,50,
56,1,14,2,3,0,2,1,0,0,40,
59,3,13,2,3,0,4,1,0,1977,50,
44,3,10,2,11,0,4,1,0,0,60,
35,3,13,4,11,3,1,1,0,1590,40,
52,3,9,2,6,0,3,1,3781,0,40,
30,3,10,4,9,3,4,1,3325,0,50,
23,3,13,2,11,0,4,1,0,0,40,
43,3,9,4,0,4,4,0,8614,0,43,
61,3,9,2,3,0,4,1,0,0,50,
38,3,9,4,0,4,4,0,0,0,35,
68,3,6,2,11,0,4,1,0,0,16,
41,3,14,4,3,1,4,1,27828,0,50,
42,5,10,4,9,1,4,1,0,0,40,
48,8,5,5,14,1,0,0,0,0,20,
19,3,9,0,7,1,4,0,0,0,40,
31,3,7,3,5,1,1,1,0,0,40,
40,4,12,2,2,0,4,1,0,2377,50,
32,3,13,4,12,1,1,0,0,0,40,
51,4,9,0,3,1,4,1,14084,0,40,
44,1,13,2,9,0,4,1,0,0,40,
23,3,13,4,11,3,4,0,0,0,30,
30,8,7,2,14,0,4,1,0,0,35,
44,3,13,4,9,1,4,0,0,0,45,
24,3,9,2,4,0,4,1,0,0,60,
34,3,9,2,11,0,4,1,0,0,60,
17,3,7,4,5,3,4,1,0,0,12,
61,3,14,2,9,0,1,1,0,0,45,
30,1,13,4,3,3,4,1,0,0,40,
45,3,13,4,2,1,4,1,0,0,40,
22,3,11,4,0,3,4,0,0,0,40,
49,3,10,2,7,0,4,1,0,0,40,
39,3,12,6,0,4,4,0,0,0,45,
39,8,9,2,14,0,2,1,0,0,40,
34,3,10,4,0,2,4,0,0,0,40,
52,1,10,2,3,0,4,1,0,0,40,
24,3,11,4,0,1,4,0,0,0,40,
38,3,13,2,9,0,4,1,0,0,45,
19,3,7,4,6,3,4,1,0,0,40,
24,3,9,4,7,1,4,0,0,0,30,
25,3,12,4,7,3,4,1,0,0,43,
71,3,4,6,13,1,4,1,0,0,10,
27,3,9,2,9,5,2,0,0,0,40,
28,3,11,4,12,1,2,0,0,0,40,
54,3,11,2,10,0,2,1,15024,0,38,
18,3,7,4,11,3,2,0,0,0,10,
49,3,9,2,7,0,2,1,0,0,40,
36,3,9,3,7,4,4,0,0,0,25,
57,3,9,6,13,4,4,1,0,0,50,
56,0,14,2,3,0,4,1,0,0,40,
17,3,6,4,7,3,4,1,0,0,20,
30,3,9,2,3,0,4,1,0,0,50,
41,3,6,4,11,3,4,0,0,0,40,
26,3,9,4,5,3,4,1,0,0,40,
61,3,6,2,2,0,4,1,0,0,48,
50,8,10,0,14,4,4,1,0,0,40,
24,3,9,4,6,1,4,1,0,0,45,
44,3,7,4,7,1,4,0,0,0,40,
38,6,14,4,9,2,4,0,0,0,40,
61,8,4,6,14,1,2,0,0,0,40,
25,3,13,4,11,3,4,1,0,0,50,
34,3,9,2,11,0,4,1,0,0,70,
38,3,10,4,13,1,4,1,0,0,40,
42,3,9,2,2,0,4,1,0,0,55,
17,8,6,4,14,3,2,1,0,0,20,
48,3,4,2,6,0,4,1,0,0,40,
38,3,14,2,9,0,4,1,0,0,40,
52,3,9,2,2,0,4,1,0,0,50,
55,6,11,6,9,4,4,0,6849,0,40,
41,5,9,0,4,2,4,1,0,0,20,
45,3,3,4,6,3,4,0,0,0,35,
49,3,4,4,6,1,1,1,0,0,45,
19,3,10,4,7,1,4,1,0,0,20,
39,3,13,2,0,0,4,1,0,0,45,
43,3,10,4,7,1,4,1,2174,0,45,
42,3,10,2,3,0,4,1,0,0,65,
17,3,7,4,5,3,4,1,0,0,12,
30,3,12,4,9,1,2,0,0,0,25,
61,1,14,0,9,1,4,0,0,0,70,
48,3,14,2,3,0,4,1,15024,0,40,
60,8,9,2,14,0,4,1,0,0,40,
57,3,9,2,13,0,4,1,0,0,40,
27,3,3,2,5,0,4,1,0,0,45,
24,3,9,2,11,0,4,1,0,0,48,
41,3,8,0,13,1,4,1,0,0,84,
42,3,9,6,13,4,4,1,0,0,40,
34,3,13,4,9,3,4,0,0,0,15,
22,8,5,4,14,4,2,0,0,0,36,
47,3,9,0,3,4,4,0,0,0,43,
50,3,9,4,0,1,4,1,0,1980,40,
30,3,9,4,2,1,4,1,0,0,40,
38,3,13,2,2,0,4,1,0,0,45,
31,3,9,2,9,0,4,1,0,0,55,
44,3,10,2,0,5,4,0,0,0,45,
34,3,10,2,2,0,4,1,0,1651,38,
52,3,9,0,6,1,2,1,14344,0,40,
34,3,9,2,2,0,4,1,0,0,50,
31,3,10,2,3,0,4,1,0,0,40,
68,3,10,0,11,1,4,0,0,0,20,
22,3,9,4,0,3,4,0,0,0,40,
42,3,13,4,3,1,4,0,0,0,35,
37,3,9,2,2,0,4,1,0,0,35,
36,5,9,2,4,0,4,1,0,0,35,
38,3,10,0,0,4,4,0,0,0,30,
72,7,9,2,7,0,4,1,0,0,55,
40,3,3,2,7,0,4,1,0,0,40,
19,3,10,4,11,3,4,1,0,0,30,
55,3,11,2,2,0,4,1,0,0,50,
30,3,12,2,2,0,4,1,0,0,40,
52,3,13,5,0,4,4,0,0,1092,40,
29,3,13,2,11,0,4,1,3103,0,45,
41,3,10,2,9,0,2,1,0,0,4,
29,3,13,4,0,1,4,0,0,0,45,
24,3,13,4,11,1,4,0,0,0,20,
46,5,15,2,9,0,4,1,0,0,45,
44,3,9,2,3,0,4,1,0,0,60,
17,3,6,4,11,3,2,0,0,0,15,
35,3,11,0,7,4,4,0,0,0,35,
38,3,9,0,2,4,4,1,0,0,40,
36,3,5,4,5,3,4,1,0,0,40,
24,3,7,2,6,0,4,1,0,0,60,
38,5,13,2,4,0,4,1,0,0,99,
19,3,7,4,11,1,4,0,0,0,40,
30,3,9,2,13,0,4,1,0,0,45,
36,1,11,2,13,0,0,1,0,0,40,
27,3,10,4,2,1,4,1,0,0,45,
27,3,12,2,0,0,4,1,0,0,40,
66,8,4,2,14,0,4,1,0,0,30,
65,0,10,2,3,0,2,1,0,2174,40,
37,3,14,4,3,1,2,0,0,0,40,
17,3,7,4,11,3,4,1,0,0,30,
19,8,10,4,14,3,4,1,0,0,40,
57,3,3,2,13,0,2,1,0,0,50,
54,5,14,0,9,1,4,0,0,0,30,
21,3,10,4,7,1,4,0,0,0,40,
43,3,9,5,5,1,4,1,0,0,40,
50,3,9,2,2,0,4,1,0,0,40,
38,3,7,2,5,0,4,1,0,0,48,
31,3,9,2,9,0,4,1,15024,0,40,
41,3,15,0,9,4,4,0,0,0,38,
20,3,10,4,9,1,4,0,0,0,40,
28,3,13,2,0,2,4,0,0,0,15,
62,3,5,2,7,0,4,1,0,0,35,
41,3,8,0,6,1,2,0,0,0,40,
37,3,9,2,2,0,4,1,0,0,45,
53,5,10,2,4,0,4,1,0,0,30,
28,3,13,2,11,0,4,1,0,0,50,
23,3,14,4,9,1,4,0,0,0,30,
46,5,9,2,4,0,4,1,0,0,35,
28,3,9,4,11,1,4,0,0,0,45,
50,3,6,5,0,4,4,0,0,0,40,
19,3,10,4,2,1,4,1,0,0,45,
84,3,4,2,9,0,2,1,0,0,10,
48,5,15,2,9,0,4,1,0,0,35,
61,5,9,6,0,4,4,0,0,0,20,
44,3,10,0,2,1,4,1,0,0,42,
32,3,9,5,5,4,1,0,0,0,60,
25,3,10,4,0,3,4,1,0,0,35,
47,6,10,0,0,1,4,0,0,0,40,
19,3,10,4,11,3,4,0,0,0,15,
37,3,10,2,7,0,4,1,0,0,17,
28,3,9,0,12,3,1,0,0,0,40,
34,3,12,2,0,5,4,0,0,0,40,
32,5,10,0,7,1,4,0,0,0,35,
24,3,10,4,7,1,4,1,0,0,30,
22,8,10,4,14,1,1,0,0,0,25,
30,3,10,2,3,0,2,1,0,0,99,
56,3,14,2,3,0,4,1,0,0,40,
30,3,13,2,11,0,4,1,0,0,40,
28,3,10,4,0,3,4,0,0,0,26,
40,3,10,2,2,0,4,1,0,1887,68,
28,3,10,4,11,1,4,1,0,0,45,
39,3,8,4,5,1,4,1,0,0,40,
33,5,9,2,2,0,4,1,0,0,40,
23,3,10,4,7,1,1,1,0,0,40,
32,3,10,4,6,2,4,1,0,0,55,
37,3,9,2,2,0,4,1,0,0,40,
71,3,3,6,8,1,1,0,0,0,75,
30,3,10,2,0,0,4,1,0,0,40,
20,3,10,4,3,1,4,0,0,0,40,
53,0,9,2,13,0,4,1,0,1740,50,
42,3,9,0,2,4,4,1,0,0,45,
44,3,13,2,3,0,4,1,0,1902,56,
26,3,14,4,9,1,4,0,0,0,40,
21,3,10,4,7,3,4,0,0,0,16,
37,5,9,3,7,4,2,0,0,0,40,
36,1,13,0,9,4,4,0,0,0,40,
25,3,9,4,11,4,4,0,0,0,40,
54,3,16,2,3,0,4,1,0,1977,43,
38,4,13,2,9,0,4,1,0,0,50,
29,3,9,4,7,1,4,1,0,0,40,
20,6,10,4,2,3,4,1,0,0,38,
32,3,9,4,2,2,4,1,0,0,50,
24,3,12,4,3,1,4,1,0,0,20,
59,0,9,2,0,0,4,1,0,0,40,
56,5,13,2,0,0,4,1,0,0,40,
40,5,9,0,13,1,4,1,0,0,84,
35,3,13,2,11,0,4,1,0,0,40,
38,3,13,2,9,5,4,0,15024,0,40,
24,3,10,4,11,3,4,0,0,0,20,
30,3,10,2,11,0,4,1,0,1848,40,
61,8,9,2,14,0,4,1,0,0,40,
36,3,2,4,4,1,4,1,0,0,40,
20,1,10,4,10,3,1,0,0,0,20,
36,3,9,4,11,3,4,0,0,0,40,
45,0,13,4,3,1,4,0,0,0,40,
22,3,13,4,0,3,4,0,0,0,40,
31,3,9,4,4,1,4,1,0,2001,40,
34,3,9,4,13,3,4,1,0,0,40,
24,3,7,4,2,4,4,1,0,0,40,
42,8,5,4,14,3,2,1,0,0,35,
23,3,13,4,11,1,4,1,0,0,25,
46,0,15,5,9,4,4,0,0,0,40,
60,3,15,2,9,0,4,1,0,0,70,
40,3,10,0,6,4,2,0,0,0,40,
55,3,9,0,6,1,4,0,0,0,40,
47,3,14,5,12,1,4,1,27828,0,40,
28,3,9,2,7,0,4,1,0,0,43,
55,3,15,2,3,0,4,1,0,0,60,
47,3,14,2,9,0,4,1,0,0,40,
54,3,14,2,3,0,4,1,0,0,52,
32,3,7,2,7,5,4,0,0,0,60,
38,3,12,2,3,0,4,1,0,0,40,
61,5,10,6,6,1,4,0,0,0,40,
62,4,14,2,9,0,1,1,0,0,40,
29,3,10,2,2,0,4,1,5013,0,40,
26,3,9,4,10,1,2,0,0,0,32,
19,3,10,4,4,3,4,1,0,0,50,
40,3,6,2,2,0,4,1,0,0,40,
36,3,9,2,6,0,4,1,7298,0,40,
42,3,9,2,13,0,4,1,2885,0,45,
55,3,14,4,9,2,1,0,0,0,40,
55,3,9,2,7,5,2,0,2407,0,35,
43,5,13,2,11,0,4,1,0,0,40,
39,3,9,2,2,0,4,1,0,0,40,
38,0,10,2,0,0,4,1,0,0,45,
28,3,9,4,7,4,4,0,0,0,40,
36,3,10,0,12,4,4,0,0,0,40,
49,3,10,2,4,0,4,1,0,0,50,
41,3,10,0,0,3,2,0,0,0,40,
60,3,4,2,6,5,4,0,0,0,40,
35,3,13,2,3,0,4,1,0,0,70,
36,6,13,0,9,4,4,0,0,0,40,
51,3,9,2,0,0,4,1,0,0,40,
23,3,9,4,7,1,4,1,0,0,40,
51,3,9,2,2,0,4,1,0,0,40,
17,3,7,4,11,3,4,0,1055,0,18,
33,5,10,2,11,0,4,1,0,0,25,
50,3,9,0,10,1,4,1,0,0,40,
38,3,8,2,2,0,4,1,0,0,40,
18,3,9,4,0,3,4,0,0,0,35,
26,3,9,4,13,3,4,1,0,0,40,
21,3,10,4,11,3,4,0,0,0,47,
26,3,9,2,3,0,4,1,0,0,52,
30,1,9,2,0,5,4,0,0,0,40,
39,8,10,0,14,1,4,0,0,0,20,
33,1,9,4,7,1,2,1,0,0,40,
42,6,10,0,13,4,4,1,0,0,38,
28,3,15,4,9,1,4,0,0,0,50,
20,3,9,4,7,3,4,1,0,0,35,
66,1,13,6,9,1,2,0,0,2206,25,
31,3,10,2,0,0,1,1,0,0,50,
36,3,10,0,0,4,4,1,0,0,40,
39,0,12,4,9,1,4,1,0,0,40,
52,3,9,2,0,0,4,1,0,0,40,
61,3,4,2,2,0,4,1,7688,0,40,
27,3,9,2,13,0,4,1,0,0,40,
45,3,9,0,0,1,4,0,0,0,50,
21,3,5,4,7,3,0,1,0,0,40,
25,3,9,4,0,3,4,0,0,0,40,
24,3,10,4,7,3,4,0,0,0,25,
38,3,12,2,3,0,4,1,0,0,55,
51,8,10,2,14,0,4,1,0,0,24,
29,3,13,2,9,5,4,0,0,1902,50,
45,3,9,0,0,4,4,0,0,0,38,
59,3,6,2,13,0,4,1,0,0,50,
41,3,9,2,0,3,4,1,0,0,40,
23,3,13,4,0,3,4,0,0,0,40,
43,3,10,0,0,1,4,1,0,0,45,
17,3,7,4,11,3,4,1,0,0,20,
32,3,13,2,3,0,4,1,15024,0,50,
42,3,11,2,6,0,4,1,0,0,40,
68,3,14,2,3,0,4,1,0,2392,40,
55,0,9,2,12,0,4,1,0,1887,40,
43,3,9,2,0,0,4,1,0,0,40,
61,3,9,2,0,0,4,1,0,0,40,
28,3,9,2,6,0,4,1,0,0,40,
47,3,9,0,6,4,4,0,0,0,60,
21,5,4,4,2,1,4,1,0,0,40,
39,3,10,4,2,1,4,1,0,0,40,
39,3,7,0,2,1,4,1,0,1876,46,
34,3,10,2,13,0,2,1,0,2179,40,
57,8,5,0,14,1,4,1,0,0,40,
27,3,13,0,5,3,2,1,0,0,40,
21,6,10,4,7,3,2,0,0,0,12,
25,3,3,4,6,1,4,1,0,0,40,
51,4,10,2,11,0,4,1,0,0,50,
35,3,13,4,11,3,2,0,0,0,40,
19,3,10,4,7,3,4,1,0,0,12,
27,3,13,2,3,0,4,1,7298,0,55,
34,3,10,4,11,2,2,0,0,0,35,
33,8,9,0,14,4,4,0,0,0,32,
36,3,9,0,2,4,4,1,0,0,40,
33,5,13,2,2,0,4,1,0,0,35,
60,5,13,2,2,0,4,1,0,0,40,
42,3,10,2,3,0,4,1,15024,0,50,
47,0,9,2,9,5,2,0,0,0,40,
42,3,9,0,2,1,4,1,0,0,75,
34,3,10,2,3,0,4,1,0,0,65,
21,3,9,4,7,3,4,0,0,0,32,
30,3,14,2,7,0,4,1,0,0,15,
53,3,14,2,3,5,4,0,0,0,50,
34,3,9,2,2,0,4,1,0,0,40,
37,3,13,2,5,0,4,1,0,0,40,
27,3,9,4,0,3,2,0,0,0,40,
31,3,13,4,11,1,4,1,0,0,40,
30,3,10,2,0,5,4,0,0,0,40,
33,3,9,0,13,1,4,1,0,0,45,
41,1,10,2,3,0,4,1,0,0,40,
23,6,10,2,9,0,4,1,0,0,30,
65,3,10,2,3,5,4,0,0,0,40,
30,3,9,4,7,4,4,0,0,0,40,
51,3,11,2,7,0,4,1,4064,0,55,
30,1,10,4,5,3,4,1,0,0,40,
49,3,14,0,11,1,4,1,4787,0,45,
37,5,9,2,9,0,4,1,3137,0,30,
42,3,9,4,2,1,4,1,0,0,40,
62,3,11,2,3,5,4,0,0,0,45,
67,8,9,6,14,1,4,1,1086,0,35,
31,3,10,2,13,0,4,1,5178,0,40,
50,3,13,2,12,0,4,1,0,0,20,
33,3,13,2,0,2,1,1,0,0,40,
27,3,10,4,13,2,4,1,0,0,40,
31,3,11,2,2,0,4,1,4386,0,40,
35,3,10,4,6,2,0,1,0,0,40,
55,3,10,2,13,0,4,1,0,0,6,
54,5,13,2,3,5,4,0,0,1977,35,
56,3,13,2,12,0,4,1,0,0,48,
21,3,11,4,0,1,4,0,0,0,40,
66,3,4,6,7,1,4,0,0,0,20,
46,3,9,2,2,0,4,1,0,0,50,
23,3,13,4,3,1,4,0,0,0,38,
43,3,14,4,3,1,4,0,0,0,45,
40,3,9,2,6,0,4,1,0,0,55,
52,3,3,2,2,0,4,1,0,0,40,
59,1,13,2,9,0,4,1,0,0,50,
36,1,11,5,0,3,2,0,0,0,40,
33,3,9,4,13,1,4,1,0,0,40,
20,3,9,2,11,0,4,1,0,0,40,
21,3,9,4,6,1,4,1,0,0,35,
59,8,6,6,14,4,4,0,0,0,40,
42,5,14,2,3,0,4,1,0,0,50,
62,3,9,6,11,1,4,0,0,0,43,
54,3,9,4,11,1,4,1,0,0,40,
35,3,4,4,6,3,4,0,0,0,30,
36,3,12,4,12,1,4,0,0,0,40,
21,3,9,4,0,2,4,0,0,0,45,
30,3,9,5,4,4,4,0,0,0,14,
46,3,10,2,2,0,4,1,0,0,40,
32,3,3,2,6,5,1,0,0,0,40,
21,3,10,4,11,2,4,1,0,0,64,
39,3,9,4,0,1,4,1,0,0,40,
54,3,9,3,3,1,4,0,0,0,43,
32,3,10,2,6,0,4,1,3464,0,40,
23,3,9,4,6,3,4,1,0,0,40,
42,3,2,2,6,0,4,1,0,0,40,
62,8,6,6,14,1,4,0,0,0,30,
28,3,10,4,7,1,4,1,0,0,35,
28,3,9,2,2,0,4,1,0,0,40,
35,3,12,2,12,0,4,1,0,0,40,
19,3,10,4,3,3,4,0,0,0,40,
27,3,9,4,5,1,2,1,0,0,35,
54,3,2,2,13,0,4,1,0,0,50,
19,3,9,4,11,3,4,0,0,0,35,
27,3,10,4,11,1,4,0,0,0,30,
30,3,9,4,7,1,4,1,0,0,50,
35,3,12,4,0,1,4,0,0,0,35,
66,8,5,2,14,0,4,1,0,0,40,
19,1,10,4,9,3,4,0,0,0,20,
30,3,9,2,5,0,4,1,0,0,40,
32,3,13,4,12,1,4,1,0,0,40,
31,3,10,4,11,1,4,0,0,0,40,
26,3,11,4,11,2,2,1,0,0,65,
44,3,10,6,11,1,4,0,0,0,25,
52,3,13,2,3,0,4,1,0,0,50,
30,3,10,2,4,0,4,1,0,0,40,
32,5,9,4,7,1,4,0,0,0,60,
19,5,9,4,2,3,4,1,0,0,40,
33,3,9,5,6,1,4,1,0,0,30,
20,3,10,4,5,1,4,1,0,0,40,
61,3,4,2,6,0,4,1,0,0,40,
33,3,10,4,7,1,2,0,0,0,35,
24,3,10,4,11,3,4,0,0,0,35,
31,5,13,0,2,1,4,1,0,0,60,
20,8,9,4,14,3,4,0,0,0,20,
32,3,11,0,3,4,4,0,0,0,50,
29,3,12,2,12,5,4,0,0,0,40,
61,3,6,0,7,1,4,1,0,0,24,
48,3,9,2,6,5,4,0,0,0,50,
29,0,12,0,0,1,4,0,0,0,40,
61,8,8,4,14,1,2,1,0,0,52,
34,3,10,4,5,1,2,1,0,0,48,
22,3,12,4,0,1,4,0,0,0,15,
32,3,9,2,2,0,4,1,0,1672,40,
38,3,9,2,2,0,4,1,0,0,40,
27,3,10,0,6,4,4,0,0,0,40,
26,3,9,4,2,2,1,1,0,0,40,
35,3,9,4,0,1,4,1,8614,0,40,
62,3,9,0,0,4,4,0,0,0,40,
28,3,9,4,7,4,4,0,0,0,40,
50,3,9,5,2,1,2,1,0,0,40,
34,3,13,4,11,1,4,1,99999,0,50,
37,5,9,2,2,0,4,1,0,0,40,
63,3,2,6,6,4,4,0,0,0,44,
35,3,5,4,5,1,2,1,0,0,40,
55,3,13,2,11,0,4,1,0,0,40,
40,3,9,2,11,5,4,0,0,0,40,
25,3,9,2,11,0,3,1,0,0,50,
51,3,10,2,3,0,4,1,0,0,40,
37,3,13,2,3,0,4,1,7298,0,40,
54,4,13,2,3,0,4,1,7298,0,55,
47,1,10,2,7,0,4,1,0,0,40,
26,3,13,4,3,3,4,0,0,0,40,
46,3,11,3,2,4,4,1,0,0,40,
24,3,8,4,2,2,4,1,0,0,40,
19,3,4,4,0,3,4,1,0,0,80,
35,3,9,2,11,0,4,1,0,1902,40,
36,1,13,4,9,3,2,1,0,0,35,
18,3,8,4,7,3,4,0,0,0,20,
46,1,14,2,9,0,4,1,0,0,40,
30,3,9,4,7,4,2,0,0,0,32,
29,3,9,4,7,1,2,0,0,0,40,
65,3,9,6,7,4,2,0,0,0,20,
41,3,14,2,3,5,4,0,0,0,40,
34,3,13,2,3,0,4,1,0,0,40,
58,3,4,2,13,0,2,1,0,0,40,
39,6,9,4,7,4,2,0,0,0,40,
21,3,10,4,7,3,4,0,0,0,40,
31,3,9,2,13,0,4,1,0,0,50,
33,6,16,2,9,0,4,1,0,0,50,
28,3,13,2,3,0,4,1,0,0,60,
32,3,9,4,0,4,2,0,2977,0,35,
32,3,13,4,3,1,4,1,0,0,55,
31,3,9,5,7,4,2,0,0,0,40,
41,5,15,2,3,0,4,1,15024,0,40,
48,3,13,2,12,0,1,1,0,0,45,
27,3,9,4,13,3,4,1,0,0,40,
45,3,9,6,2,4,2,0,0,0,40,
34,5,9,2,3,0,4,1,0,0,50,
17,3,6,4,11,3,4,0,0,0,10,
25,3,9,4,5,3,2,1,0,0,23,
34,4,13,4,9,1,4,0,0,0,62,
33,3,9,0,11,4,4,0,0,0,40,
21,3,10,4,0,1,4,0,0,0,20,
22,3,9,4,6,1,4,1,0,0,50,
61,3,10,2,9,0,4,1,0,0,42,
40,3,9,2,0,5,4,0,0,0,30,
58,3,10,2,11,0,4,1,0,0,12,
30,3,10,2,2,0,4,1,0,0,58,
24,3,9,4,2,3,4,1,0,0,60,
52,5,8,2,3,0,4,1,0,0,50,
50,3,9,6,11,4,4,0,0,0,40,
49,3,10,2,2,0,2,1,0,0,30,
22,3,9,4,0,3,4,0,0,0,40,
32,3,13,2,0,5,4,0,0,0,35,
21,3,10,4,0,3,4,0,0,0,40,
25,3,10,4,6,3,4,0,0,0,50,
34,4,9,2,0,0,4,1,0,0,45,
48,3,6,2,3,0,4,1,0,0,45,
61,8,9,0,14,1,4,0,0,0,99,
21,3,10,4,0,4,2,0,0,0,40,
20,3,4,4,6,3,4,0,0,0,52,
30,6,10,2,0,0,4,1,0,0,40,
44,3,9,2,11,0,4,1,0,1902,40,
44,3,9,4,2,1,2,1,0,0,60,
29,3,9,2,13,0,4,1,0,0,60,
31,3,15,0,12,1,4,0,0,0,35,
35,3,9,2,2,0,4,1,0,0,40,
27,3,9,4,0,1,4,1,0,0,40,
26,3,13,4,3,1,4,0,0,0,45,
37,5,5,2,13,0,4,1,0,0,70,
33,5,13,4,13,1,4,1,0,0,40,
44,3,4,2,7,5,4,0,0,0,55,
34,3,13,2,3,0,4,1,0,0,40,
28,1,12,4,2,3,4,1,0,0,5,
30,3,10,2,7,5,4,0,0,0,45,
41,1,13,2,9,0,4,1,0,0,35,
23,3,13,4,12,3,4,0,0,0,40,
19,3,9,4,5,2,4,1,0,0,70,
48,3,2,2,4,0,4,1,3781,0,50,
26,6,10,4,7,1,4,1,0,0,20,
32,3,13,2,11,0,2,1,0,0,40,
26,3,9,0,0,4,4,0,0,0,48,
36,3,14,2,9,0,4,1,7298,0,55,
49,3,9,2,13,0,4,1,0,0,40,
33,8,9,0,14,1,2,1,0,1741,40,
54,3,14,0,12,1,4,1,0,0,40,
36,3,9,0,2,1,4,1,0,0,55,
41,3,9,0,5,4,4,1,0,0,48,
27,3,13,4,7,1,4,1,0,0,35,
68,8,13,2,14,0,4,1,0,2377,35,
21,8,10,4,14,3,4,1,0,0,75,
56,8,9,0,14,3,4,1,0,0,40,
40,5,11,2,4,0,4,1,0,0,60,
46,3,9,0,2,1,4,1,0,0,40,
55,8,5,4,14,3,4,0,0,0,45,
43,3,5,0,13,1,2,1,0,0,40,
46,3,9,0,2,2,4,1,0,0,40,
51,5,10,2,3,0,0,1,0,0,60,
19,3,10,4,0,3,4,0,0,0,15,
67,1,16,4,9,1,4,0,7896,0,50,
31,3,9,2,6,0,4,1,0,0,40,
27,3,13,2,11,0,4,1,0,0,50,
21,3,10,4,7,3,4,0,0,0,40,
36,3,9,2,13,0,4,1,0,0,50,
23,3,9,4,6,3,4,0,0,0,16,
62,1,14,2,9,5,4,0,0,0,40,
31,1,13,2,10,0,2,1,0,0,50,
52,3,13,2,3,0,4,1,0,1887,40,
39,5,9,2,4,0,4,1,0,0,40,
24,3,13,4,9,3,4,1,0,0,30,
55,8,9,4,14,1,4,1,13550,0,40,
38,3,9,2,6,0,4,1,0,0,40,
36,3,9,2,3,0,4,1,0,0,40,
17,3,7,4,11,3,2,0,0,0,15,
27,3,9,3,7,4,4,0,0,0,40,
30,3,10,0,2,1,2,1,0,0,40,
43,6,9,0,3,4,4,0,0,0,40,
51,3,7,0,7,4,2,0,0,0,30,
47,3,13,6,8,4,4,0,25236,0,35,
49,6,16,4,3,1,4,0,0,2258,50,
34,3,9,2,2,0,4,1,0,0,48,
19,8,9,4,14,3,4,1,0,0,60,
79,0,16,6,3,1,4,1,0,0,6,
28,6,10,0,7,4,4,1,0,0,40,
41,4,10,2,3,0,4,1,0,0,50,
21,3,10,2,7,0,4,1,0,0,50,
31,5,13,4,12,1,4,0,0,0,40,
45,3,9,2,3,0,4,1,0,0,45,
23,4,9,4,13,1,4,1,0,0,50,
32,3,10,2,3,0,4,1,0,0,50,
67,3,7,2,13,0,4,1,0,0,40,
32,3,14,2,3,0,4,1,0,0,55,
35,5,9,2,4,0,4,1,0,0,50,
29,3,10,2,9,0,4,1,0,0,40,
38,3,9,2,2,0,4,1,0,0,40,
38,3,10,2,11,0,4,1,0,0,60,
18,3,9,4,9,1,4,1,0,0,30,
47,3,9,2,9,0,4,1,5013,0,24,
22,3,9,4,0,1,4,0,0,0,40,
21,3,10,2,3,0,4,1,0,2377,48,
27,8,13,3,14,1,4,1,0,0,50,
28,3,10,4,0,4,1,0,0,0,30,
32,3,15,2,11,0,4,1,4508,0,40,
40,3,15,2,9,0,4,1,15024,0,55,
23,3,13,4,6,3,4,0,0,1719,40,
25,3,10,2,6,0,4,1,0,0,40,
44,4,10,4,11,1,4,1,0,2258,60,
43,3,9,2,0,5,4,0,0,0,25,
31,3,13,2,3,0,4,1,0,1977,55,
33,3,10,2,2,0,4,1,0,0,40,
41,3,9,2,3,0,4,1,0,0,40,
29,5,14,2,2,0,4,1,0,0,30,
32,8,12,4,14,3,4,1,0,0,40,
78,3,4,2,5,0,4,1,1797,0,15,
64,4,9,2,3,0,4,1,0,0,40,
58,3,13,2,3,0,4,1,0,0,50,
55,8,8,6,14,1,4,1,0,0,30,
20,3,9,4,0,3,4,0,0,0,40,
35,3,10,2,11,0,4,1,0,0,40,
27,1,9,2,6,0,4,1,0,0,40,
37,5,9,2,11,0,4,1,99999,0,50,
42,3,11,4,0,1,4,0,0,0,40,
47,1,8,2,0,0,4,1,0,0,35,
29,3,9,4,5,1,2,0,0,0,40,
33,3,2,4,11,3,4,0,0,0,24,
44,3,10,6,3,1,2,0,0,0,40,
70,3,3,6,7,2,4,0,2346,0,40,
25,3,9,4,13,1,4,1,0,0,78,
24,6,13,4,0,2,4,0,0,0,10,
42,6,13,0,0,4,2,0,2977,0,40,
53,3,13,2,3,0,2,1,0,0,50,
39,3,13,0,3,4,2,0,0,0,60,
72,5,9,2,4,0,4,1,0,0,40,
43,4,5,4,11,3,4,0,0,0,44,
25,6,10,2,10,0,4,1,0,0,40,
37,3,12,2,9,0,4,1,0,0,45,
39,3,16,2,9,0,4,1,0,0,50,
64,5,9,2,2,0,4,1,2635,0,24,
29,5,9,4,2,1,4,1,0,0,50,
50,3,13,2,3,0,4,1,0,0,50,
33,3,3,4,7,4,4,0,0,0,40,
18,3,9,4,11,1,4,0,0,0,20,
20,3,7,4,5,1,4,1,0,0,32,
32,3,10,5,12,4,4,0,0,0,50,
45,3,10,0,0,4,4,0,0,0,40,
48,3,9,2,5,5,2,0,0,0,40,
20,8,10,4,14,3,4,0,0,0,40,
23,3,9,4,6,3,4,0,0,0,40,
34,0,13,2,10,0,4,1,0,1902,48,
43,3,13,5,3,4,4,1,8614,0,40,
44,3,13,2,11,0,1,1,0,0,40,
47,5,10,2,12,0,2,1,0,0,40,
47,3,9,3,2,1,2,0,0,0,40,
46,1,2,4,7,1,0,0,0,0,20,
19,3,9,4,11,3,4,0,0,0,40,
51,3,9,2,0,0,4,1,0,0,40,
41,4,9,5,3,4,4,1,0,0,40,
37,3,7,5,7,4,2,0,0,0,40,
31,3,9,4,2,3,4,1,0,0,40,
25,3,9,4,7,1,4,1,0,0,40,
46,3,10,2,12,0,4,1,0,0,40,
53,4,9,2,2,0,4,1,5178,0,45,
47,1,16,4,9,4,4,0,0,0,40,
28,3,9,2,3,0,4,1,0,0,50,
60,5,10,2,13,0,4,1,3137,0,46,
43,3,9,2,6,0,4,1,0,0,40,
45,5,9,2,2,0,4,1,7688,0,50,
28,3,6,4,5,2,4,1,0,0,40,
19,3,7,4,5,2,4,1,0,0,30,
51,5,15,2,9,0,3,1,99999,0,70,
19,3,9,4,2,2,4,1,0,0,35,
64,3,16,2,9,0,4,1,0,0,60,
44,3,16,2,3,0,4,1,0,0,60,
21,3,9,4,2,1,4,1,0,0,48,
33,3,9,4,9,1,4,1,0,0,40,
63,3,13,2,10,0,1,1,0,0,40,
44,8,9,4,14,4,2,0,0,0,40,
44,1,14,2,9,0,4,1,15024,0,35,
28,0,9,4,3,4,4,0,0,0,70,
24,3,13,4,11,3,4,1,0,0,40,
20,0,10,4,0,3,2,0,0,0,20,
21,8,10,4,14,3,4,0,0,0,24,
20,3,9,4,5,3,4,1,0,0,40,
21,3,9,4,5,3,0,1,0,0,40,
34,0,10,2,6,0,2,1,0,0,52,
17,3,7,4,11,3,4,0,0,0,15,
35,3,7,5,7,4,2,0,0,0,40,
26,3,9,4,4,1,4,1,0,0,40,
35,3,9,0,4,1,4,1,0,0,70,
25,3,9,4,6,1,4,1,0,0,40,
27,5,10,2,7,0,4,1,0,0,40,
52,1,11,2,10,0,4,1,0,0,40,
43,5,13,4,9,4,4,0,0,0,50,
36,3,14,2,11,0,4,1,7688,0,50,
37,3,9,4,6,3,4,1,0,0,40,
58,3,9,4,0,1,4,0,0,0,40,
25,3,12,4,2,1,4,1,0,0,45,
54,3,14,2,7,0,4,1,0,0,40,
42,8,10,2,14,0,4,1,0,0,60,
65,4,13,2,3,0,4,1,99999,0,65,
44,3,9,4,6,1,1,0,0,0,45,
61,3,3,2,2,0,4,1,0,0,40,
29,3,9,2,2,0,0,1,0,0,40,
34,3,10,2,2,0,4,1,0,0,40,
24,6,10,4,7,1,4,0,0,0,40,
40,3,12,2,12,0,4,1,0,0,42,
42,4,15,2,9,0,4,1,0,0,60,
50,3,9,4,6,1,4,1,0,0,40,
18,8,9,4,14,3,4,0,0,1602,20,
49,3,9,2,6,0,4,1,0,0,40,
38,3,9,0,6,1,4,1,0,0,40,
41,3,9,2,0,0,2,1,0,0,45,
70,4,10,4,3,1,4,1,0,0,5,
51,3,10,2,2,0,4,1,0,0,40,
24,3,13,4,9,1,4,0,0,0,40,
57,5,9,2,2,0,4,1,0,0,48,
22,3,10,4,0,3,4,0,0,0,20,
31,3,10,2,2,0,4,1,0,0,40,
28,3,10,2,12,5,4,0,0,0,40,
45,5,9,2,3,0,4,1,0,0,50,
39,3,9,2,2,0,4,1,0,0,40,
26,3,10,4,11,1,4,0,0,0,40,
38,3,9,2,2,0,2,1,0,0,40,
38,5,14,2,9,0,2,1,99999,0,60,
19,3,9,4,5,3,4,1,0,0,20,
36,8,9,2,14,0,4,1,0,0,40,
30,3,9,2,6,0,4,1,0,0,44,
28,3,14,2,9,0,4,1,0,0,40,
53,3,5,4,2,1,2,1,0,0,40,
32,3,13,4,9,1,4,1,0,0,38,
57,4,15,2,9,0,4,1,15024,0,60,
47,3,14,0,9,1,4,0,0,0,40,
36,3,10,2,2,0,4,1,0,0,56,
21,3,7,4,11,3,4,0,0,0,38,
25,6,13,2,10,0,4,1,0,0,40,
37,3,9,0,10,4,4,0,0,0,40,
31,3,9,0,7,4,4,0,0,0,30,
43,3,9,2,13,0,4,1,0,0,50,
61,3,9,0,11,4,4,0,0,2754,25,
56,3,10,2,0,0,4,1,0,0,35,
35,3,13,2,3,0,1,1,0,0,40,
59,3,4,5,7,3,2,0,0,0,38,
44,5,10,2,2,0,4,1,0,1887,55,
47,3,14,0,9,4,4,0,0,0,40,
44,3,13,2,9,0,4,1,0,0,55,
64,3,10,2,7,0,4,1,0,0,40,
26,3,9,2,2,0,4,1,0,0,45,
53,3,13,2,3,0,4,1,0,0,40,
50,3,13,2,2,0,4,1,0,0,40,
30,8,9,2,14,5,4,0,0,0,20,
46,3,9,0,0,1,4,0,0,0,44,
45,4,9,2,11,0,4,1,0,0,50,
44,0,9,4,0,4,4,0,0,0,40,
59,4,10,2,3,0,4,1,0,1977,48,
65,4,16,2,3,0,4,1,99999,0,40,
23,3,9,4,6,3,2,0,0,0,40,
33,3,10,0,0,4,2,0,0,0,38,
34,3,9,0,11,3,4,0,0,0,35,
38,3,11,0,0,4,4,0,0,0,40,
62,3,13,2,3,0,4,1,0,0,35,
21,3,10,4,11,2,4,1,0,0,40,
41,3,9,2,2,0,4,1,0,0,8,
35,3,9,4,5,2,4,1,0,0,40,
62,1,10,0,7,1,4,1,0,0,45,
53,3,9,2,2,0,4,1,0,0,40,
69,6,10,2,13,0,4,1,0,0,16,
19,5,10,4,11,3,4,0,0,0,16,
47,3,13,2,3,0,4,1,0,0,40,
52,4,10,2,11,0,4,1,0,0,90,
54,3,9,2,2,0,4,1,0,0,40,
58,8,9,2,14,0,4,1,0,0,10,
30,3,9,2,13,0,4,1,0,0,73,
39,3,9,2,0,5,4,0,0,0,25,
73,3,13,2,9,0,4,1,1173,0,75,
64,3,13,2,11,0,4,1,0,0,40,
32,3,9,4,2,3,4,1,0,0,40,
51,3,9,2,9,0,4,1,0,0,40,
57,3,13,4,11,1,4,1,0,0,40,
25,3,9,4,6,4,4,1,0,0,40,
53,3,9,2,7,0,2,1,0,1740,40,
39,3,10,4,7,1,4,0,0,0,25,
49,3,9,0,0,4,4,0,0,0,16,
23,1,13,4,9,1,4,0,0,1092,40,
28,3,13,4,9,1,4,1,0,0,55,
46,3,14,2,9,0,4,1,0,1977,50,
40,3,10,4,2,3,2,1,0,0,40,
24,3,9,2,6,0,4,1,0,0,50,
20,8,9,4,14,3,4,1,0,0,40,
50,3,6,2,7,0,4,1,0,0,8,
24,8,13,4,14,1,4,0,0,0,40,
35,3,9,2,3,0,4,1,0,0,40,
33,1,13,4,9,1,4,0,0,0,46,
54,0,13,0,3,1,4,1,0,0,40,
35,1,9,2,13,0,4,1,0,0,45,
31,1,9,2,10,0,4,1,0,0,40,
47,4,10,2,4,0,4,1,0,0,40,
48,3,9,0,11,3,4,0,0,0,20,
33,1,11,4,0,3,4,1,0,1669,55,
35,3,13,2,3,0,4,1,0,0,40,
20,8,10,4,14,3,4,0,0,0,10,
36,3,1,4,6,1,2,1,0,0,40,
30,3,13,4,3,1,4,0,0,0,55,
39,3,10,2,2,0,4,1,0,0,55,
25,3,10,4,5,1,0,1,0,0,40,
40,3,9,0,7,1,4,0,0,0,35,
25,4,9,2,3,0,4,1,0,0,40,
33,3,9,2,6,5,4,0,0,0,40,
53,0,10,0,5,1,4,1,0,0,40,
18,3,7,4,7,3,4,1,0,0,10,
41,3,9,4,6,4,2,1,0,0,40,
25,3,13,2,9,0,4,1,0,0,50,
66,5,4,6,4,4,4,1,0,0,50,
53,3,10,0,0,4,4,0,1471,0,40,
27,3,9,2,2,0,4,1,0,0,40,
28,3,9,5,11,4,2,0,0,0,40,
23,3,9,4,5,3,2,1,0,0,40,
29,5,6,0,2,1,4,1,0,0,80,
26,3,10,2,3,5,4,0,0,0,40,
26,3,9,4,5,1,4,1,0,0,42,
26,3,5,4,7,1,4,1,0,0,35,
38,3,9,2,2,0,4,1,0,0,40,
36,3,3,2,2,0,4,1,0,0,40,
34,3,10,2,2,0,4,1,15024,0,45,
32,0,9,4,0,1,4,1,0,0,40,
57,5,9,2,2,0,4,1,0,0,50,
31,3,10,0,0,4,4,0,0,0,40,
38,3,13,4,3,1,4,0,0,0,38,
39,3,9,0,7,1,3,0,0,0,40,
35,3,9,2,2,0,4,1,0,2377,40,
18,3,7,4,7,3,4,0,0,0,20,
75,8,10,2,14,0,4,1,0,0,8,
28,3,9,4,7,1,2,1,0,0,40,
41,5,14,4,3,1,4,0,0,0,55,
39,0,5,2,6,0,4,1,0,0,40,
31,0,10,4,12,1,4,1,0,0,40,
38,6,9,0,0,1,4,0,0,0,38,
43,6,10,0,3,4,2,0,0,0,38,
27,3,9,2,2,0,4,1,0,0,40,
42,3,14,2,9,0,1,1,0,1902,55,
46,3,13,5,9,4,2,0,0,0,36,
20,3,9,4,0,3,4,0,0,0,40,
42,3,10,0,9,4,4,0,0,0,20,
69,3,9,6,3,1,4,0,0,0,40,
47,0,11,2,0,5,4,0,0,0,35,
49,6,9,2,2,0,4,1,0,0,40,
20,3,10,4,3,3,4,0,0,0,30,
52,3,3,2,11,5,4,0,0,0,15,
33,3,3,2,7,0,4,1,0,0,59,
18,3,7,4,7,3,4,0,0,0,6,
55,5,9,5,4,4,4,0,0,0,55,
61,3,4,2,4,0,2,1,0,0,40,
61,0,10,2,0,0,4,1,9386,0,40,
39,3,13,0,3,1,4,1,0,0,45,
30,3,10,2,2,0,4,1,0,0,40,
61,3,9,0,0,4,2,0,0,0,40,
36,3,12,2,11,5,4,0,0,0,15,
34,3,10,2,2,0,4,1,0,0,50,
53,3,14,2,9,0,1,1,4386,0,40,
38,3,11,2,12,5,4,0,0,0,36,
46,3,13,2,3,0,4,1,7298,0,50,
27,1,9,2,5,0,4,1,0,0,40,
32,5,7,5,5,4,4,0,0,0,40,
60,1,13,6,9,4,4,0,0,0,60,
23,3,13,4,3,3,4,1,0,0,40,
29,3,13,4,9,4,4,0,14344,0,50,
22,3,9,4,2,3,4,1,0,0,50,
25,3,9,4,11,3,4,1,0,0,35,
29,3,13,2,6,0,4,1,0,0,48,
90,0,9,2,2,0,4,1,0,0,30,
37,1,9,0,0,4,4,0,0,0,40,
32,3,9,4,2,3,2,1,0,0,38,
18,3,9,3,7,3,2,1,0,0,40,
35,3,10,4,7,1,4,0,0,0,65,
50,3,5,2,2,0,4,1,2885,0,40,
54,3,9,2,2,0,4,1,5178,0,40,
43,3,13,2,3,0,4,1,0,0,45,
28,4,9,4,3,1,4,1,0,0,65,
51,3,5,2,4,0,4,1,0,0,40,
31,3,10,4,2,4,4,1,0,0,42,
69,3,9,5,13,4,2,0,2387,0,40,
57,3,13,2,3,0,4,1,0,0,40,
71,8,10,6,14,1,4,0,0,0,14,
28,3,6,0,6,3,4,0,0,0,40,
28,8,6,5,14,1,4,1,0,0,80,
25,3,9,4,5,3,4,1,0,0,95,
49,5,12,2,2,0,4,1,0,0,30,
52,3,5,2,5,0,4,1,0,0,40,
23,3,13,4,9,1,4,1,0,0,40,
32,3,3,3,2,2,4,1,0,0,40,
31,3,10,4,11,1,1,0,0,0,50,
30,3,9,4,2,3,4,1,0,0,50,
24,3,9,2,2,0,4,1,0,0,60,
45,3,12,2,2,0,4,1,0,0,66,
30,3,9,2,6,0,4,1,0,0,40,
52,3,13,2,3,0,4,1,15024,0,55,
42,6,9,0,0,1,2,0,0,0,25,
49,3,9,2,4,0,4,1,0,0,40,
20,3,9,4,7,3,4,1,0,0,30,
25,3,13,4,0,3,4,0,0,0,40,
41,3,5,2,7,0,4,1,0,0,55,
55,3,9,0,11,4,2,0,0,0,40,
31,5,11,2,3,0,4,1,3137,0,50,
25,6,13,4,10,1,2,0,0,0,40,
32,3,9,2,3,0,4,1,0,0,40,
29,0,10,4,0,2,4,1,0,0,40,
37,3,9,0,7,1,2,0,0,0,40,
52,3,4,6,7,1,4,0,0,0,40,
19,3,10,4,0,3,4,0,0,0,15,
21,8,10,4,14,3,4,1,0,0,24,
43,3,12,0,2,1,4,1,0,0,40,
39,6,10,2,0,0,4,1,0,0,40,
40,4,10,2,13,0,4,1,0,0,40,
54,3,2,5,8,2,4,0,0,0,40,
35,3,13,0,11,1,4,1,0,0,40,
34,3,11,4,12,1,4,0,0,1974,40,
35,3,10,2,9,0,4,1,0,0,40,
57,3,16,2,9,0,1,1,0,0,40,
26,3,13,4,7,2,4,0,0,0,40,
55,5,13,6,11,4,4,0,0,0,15,
51,3,13,5,0,4,4,0,0,0,40,
35,3,12,4,13,1,2,1,0,0,30,
31,3,9,2,5,0,4,1,0,0,40,
17,3,7,4,0,3,4,0,0,0,8,
38,3,9,2,6,5,4,0,0,0,40,
39,0,15,2,9,0,4,1,0,1887,50,
29,3,9,2,2,0,4,1,0,0,45,
39,3,11,0,11,4,4,0,0,0,40,
46,1,14,2,3,0,4,1,0,0,50,
73,3,4,2,5,0,4,1,0,0,25,
47,1,10,0,9,1,4,0,0,1876,40,
28,3,9,4,11,4,4,0,0,0,70,
27,3,6,4,11,2,4,1,0,1980,40,
38,3,15,4,3,1,4,1,0,0,40,
19,3,9,4,11,1,4,1,0,0,35,
60,1,11,0,9,4,4,1,0,0,40,
24,3,10,4,6,1,4,1,0,0,40,
52,3,7,2,6,0,4,1,0,0,40,
36,3,13,0,3,1,4,0,0,0,45,
26,1,14,4,9,1,4,0,0,0,40,
28,6,13,4,9,3,4,1,0,0,16,
38,4,13,2,2,0,4,1,0,0,50,
47,3,14,2,3,0,4,1,0,0,50,
50,3,13,0,3,4,4,0,0,0,40,
27,3,9,2,11,0,4,1,0,0,40,
47,3,10,6,9,4,4,0,0,0,40,
36,3,6,2,6,3,4,0,3464,0,40,
49,3,9,0,6,1,2,1,0,0,40,
68,8,10,2,14,0,4,1,0,0,48,
63,3,9,0,3,1,4,0,0,0,40,
36,3,9,2,13,0,4,1,0,0,70,
42,3,10,0,0,4,4,0,0,0,35,
28,3,14,4,3,1,2,0,0,0,45,
68,8,9,2,14,5,4,0,0,0,8,
38,3,9,2,0,5,4,0,0,0,22,
43,3,13,2,9,0,4,1,0,1902,40,
49,3,10,2,9,0,4,1,0,0,40,
59,3,9,0,6,1,4,0,0,0,40,
25,3,13,2,11,0,4,1,0,0,40,
26,3,12,4,9,1,4,0,0,0,36,
59,3,10,0,9,1,4,0,0,0,48,
34,3,10,2,2,0,4,1,0,0,45,
34,3,14,2,9,0,1,1,0,0,43,
67,3,9,6,7,1,4,0,0,0,24,
45,3,11,0,3,1,4,0,0,0,44,
64,3,4,2,2,0,2,1,0,0,40,
51,3,14,2,9,0,4,1,0,0,38,
31,3,13,2,11,0,4,1,0,0,55,
42,4,13,2,3,0,4,1,0,0,45,
65,3,3,2,7,0,1,1,0,0,40,
23,3,10,4,0,1,4,1,0,0,20,
31,3,10,2,2,0,4,1,0,0,45,
33,3,6,0,6,1,4,0,0,0,40,
17,1,7,4,2,3,4,1,0,0,35,
63,3,14,2,5,0,4,1,0,0,46,
48,3,9,2,6,0,4,1,0,0,60,
45,1,12,2,5,0,4,1,0,0,40,
17,3,6,4,5,3,4,1,0,0,10,
26,1,9,2,2,0,4,1,0,0,40,
38,0,10,0,12,4,2,0,0,0,40,
29,3,9,2,3,5,4,0,0,0,40,
44,3,10,6,0,4,4,0,0,0,32,
43,0,14,2,2,0,4,1,0,0,40,
39,6,13,2,3,0,4,1,0,0,40,
43,3,9,4,7,1,2,1,0,0,40,
23,3,9,4,0,4,4,0,0,0,45,
19,3,9,4,7,3,1,0,0,0,40,
49,5,5,2,2,0,4,1,0,0,40,
52,3,10,2,2,0,4,1,5013,0,40,
32,3,9,2,13,0,4,1,0,0,50,
38,3,13,2,13,0,4,1,4508,0,40,
25,8,3,4,14,4,4,0,0,0,25,
44,3,10,0,5,3,4,1,0,0,40,
63,3,4,2,11,0,4,1,0,0,40,
42,1,9,5,7,1,2,0,0,0,60,
21,3,10,4,11,3,4,1,0,0,40,
32,3,10,2,2,0,4,1,0,0,40,
24,5,9,5,7,4,4,0,0,0,50,
50,6,9,2,13,0,4,1,0,0,40,
26,4,13,2,11,0,4,1,0,0,80,
35,3,9,2,3,0,4,1,0,0,35,
31,3,13,2,2,0,4,1,0,0,44,
24,3,2,4,4,1,3,1,0,0,66,
40,3,9,2,2,0,4,1,0,0,56,
31,3,13,4,3,1,4,1,0,0,55,
43,3,9,4,5,3,4,1,0,0,40,
44,3,9,2,11,0,4,1,0,0,35,
40,3,13,4,9,2,4,0,0,0,40,
75,8,3,2,14,0,4,1,0,0,25,
52,1,10,2,10,0,4,1,3137,0,42,
51,5,3,2,2,0,4,1,0,0,40,
39,6,13,2,9,0,4,1,0,0,40,
40,3,12,2,11,0,4,1,7688,0,50,
40,5,10,4,6,1,4,1,0,0,35,
33,3,9,2,2,0,4,1,0,0,40,
38,1,10,2,10,0,4,1,0,0,60,
29,3,11,0,5,4,4,1,0,0,50,
37,3,10,0,0,1,2,0,0,0,37,
37,3,9,2,2,0,4,1,15024,0,45,
19,3,9,4,6,3,4,1,0,0,40,
46,1,9,2,6,0,2,1,0,0,40,
46,3,12,2,3,0,4,1,0,0,40,
37,3,10,4,10,3,2,1,0,0,30,
34,3,10,5,0,4,2,0,0,0,40,
38,3,10,0,0,4,4,0,0,0,43,
26,3,9,2,2,0,4,1,0,0,40,
34,3,13,4,7,1,4,0,0,0,35,
57,3,13,2,9,0,4,1,0,0,40,
33,3,7,4,2,1,4,1,0,0,65,
26,1,10,4,10,3,4,1,0,0,40,
20,3,9,4,11,1,4,0,0,0,84,
38,3,13,2,9,0,4,1,7298,0,60,
61,3,10,2,7,0,4,1,0,0,6,
36,5,16,2,9,0,4,1,0,0,45,
61,8,9,2,14,0,4,1,3103,0,40,
17,3,10,4,2,3,4,1,0,0,16,
40,3,10,2,6,0,3,1,0,0,40,
18,3,7,4,7,3,4,1,0,0,16,
21,3,12,4,11,3,4,0,0,0,32,
41,3,9,4,7,3,4,1,0,0,40,
46,3,7,5,6,1,4,0,0,0,40,
55,0,9,2,3,0,4,1,0,0,40,
27,3,12,4,11,1,4,1,0,0,52,
39,3,9,2,7,0,4,1,0,0,42,
36,3,9,4,13,3,2,1,0,0,48,
51,3,10,2,13,0,4,1,3908,0,40,
27,3,13,4,11,1,4,1,0,0,40,
30,1,13,2,9,0,4,1,0,0,40,
42,3,9,0,11,1,4,1,0,0,47,
23,3,13,4,7,3,4,0,0,0,20,
56,3,11,2,3,0,4,1,15024,0,40,
41,5,10,2,2,0,4,1,0,0,50,
49,3,9,2,2,0,4,1,0,0,46,
46,0,11,0,2,1,0,0,0,0,60,
54,3,9,2,2,0,4,1,0,0,40,
38,3,10,2,13,0,4,1,7298,0,43,
45,5,15,2,9,0,1,1,0,0,50,
50,5,15,2,9,0,4,1,0,2415,30,
22,3,10,4,11,1,4,0,0,0,40,
31,3,9,4,4,1,4,1,0,0,40,
27,3,9,0,7,1,4,1,0,0,30,
34,3,9,2,2,0,4,1,0,0,40,
46,3,7,4,13,3,4,1,0,0,30,
47,3,13,2,11,0,4,1,0,0,60,
36,6,11,2,7,0,1,1,0,0,40,
22,3,9,4,5,3,4,1,0,0,40,
51,3,9,2,11,0,4,1,0,2002,45,
43,3,10,0,7,1,4,1,0,0,30,
54,3,10,6,9,1,4,1,0,0,50,
24,3,5,4,6,3,2,0,0,0,40,
29,3,15,4,9,1,1,1,0,0,55,
40,6,10,0,0,4,4,0,0,0,38,
18,3,7,4,7,3,4,1,0,0,20,
31,3,13,4,0,1,4,1,0,0,50,
57,3,16,2,12,0,4,1,0,1977,40,
32,3,14,4,0,1,2,0,0,0,40,
48,3,14,2,3,0,4,1,0,0,40,
24,3,10,2,2,0,4,1,0,0,35,
24,3,12,0,7,1,4,0,0,0,22,
24,3,11,2,2,0,4,1,0,0,40,
49,1,13,2,9,5,4,0,7688,0,30,
27,5,9,2,4,0,4,1,0,1573,70,
37,3,10,0,12,4,4,0,0,0,40,
33,3,10,2,2,0,4,1,0,0,60,
19,3,10,4,11,3,4,1,0,0,25,
45,3,13,2,3,5,4,0,0,0,40,
54,1,14,0,9,1,4,0,0,0,40,
47,3,9,0,2,4,4,1,0,625,40,
22,3,10,3,11,3,3,0,0,0,22,
20,3,9,4,7,1,4,1,0,0,40,
36,3,5,2,5,0,4,1,0,0,40,
49,8,9,2,14,0,4,1,0,0,40,
58,5,4,2,13,0,4,1,0,0,40,
20,8,10,4,14,3,4,0,0,0,40,
34,4,13,0,11,4,4,0,0,0,40,
36,3,14,2,9,5,4,0,0,1977,44,
28,1,13,4,0,1,2,0,4101,0,60,
38,1,11,0,3,3,4,1,0,0,40,
32,3,7,4,2,1,1,1,0,0,40,
35,4,9,2,3,0,4,1,0,0,60,
51,4,12,2,11,0,4,1,0,0,60,
33,3,10,4,3,1,4,1,0,0,45,
71,3,14,0,9,1,4,0,0,0,15,
48,3,14,2,9,0,4,1,0,0,40,
53,5,9,2,11,0,4,1,0,0,50,
40,3,11,2,0,0,4,1,0,0,40,
64,5,9,2,11,0,4,1,0,0,5,
42,0,9,2,0,0,4,1,0,0,48,
25,3,9,2,2,0,4,1,0,0,40,
66,3,10,6,11,4,4,0,0,0,50,
59,0,14,4,9,1,4,0,0,0,40,
42,5,10,2,3,0,4,1,0,0,55,
24,3,9,4,4,4,4,1,0,0,40,
19,3,9,4,5,3,4,0,0,0,25,
26,3,10,4,11,3,4,0,0,0,24,
22,3,9,4,7,3,2,1,0,0,30,
33,3,10,2,11,0,4,1,0,0,40,
63,3,7,4,4,1,4,1,0,0,12,
20,3,10,4,5,1,4,1,0,0,30,
33,3,3,3,2,1,4,1,0,0,40,
57,8,4,2,14,5,4,0,1173,0,45,
56,3,9,2,2,0,4,1,0,0,40,
70,5,11,2,4,0,4,1,0,0,24,
42,3,9,2,12,0,4,1,0,0,40,
25,1,13,4,9,1,2,0,0,0,40,
28,3,10,2,6,0,4,1,0,0,40,
80,5,9,2,7,0,4,1,1409,0,40,
36,3,6,4,13,1,2,0,0,0,40,
37,3,14,2,3,0,4,1,0,0,40,
38,3,9,2,0,0,4,1,0,0,60,
52,6,9,5,7,1,4,0,0,0,35,
49,3,9,6,0,4,4,0,0,0,40,
30,3,9,2,13,0,4,1,0,0,40,
36,3,10,2,11,0,2,1,7688,0,50,
70,4,15,2,9,0,4,1,0,0,35,
55,3,10,6,4,1,4,1,0,2258,62,
25,3,13,6,3,1,4,0,0,0,40,
59,3,9,2,6,5,4,0,0,0,40,
22,3,10,4,2,1,4,1,0,0,40,
41,1,12,5,2,1,4,1,0,0,50,
62,3,9,2,3,0,4,1,0,0,45,
54,3,9,4,0,2,4,0,0,0,40,
38,3,9,4,7,4,2,0,0,0,40,
52,3,9,2,9,0,4,1,7688,0,40,
36,3,7,2,6,0,4,1,0,0,40,
74,4,9,2,3,0,4,1,0,0,30,
35,5,3,2,7,5,4,0,0,0,15,
41,3,8,0,0,1,0,1,0,0,40,
30,3,11,2,12,5,4,0,0,0,40,
25,3,9,2,6,0,4,1,0,0,48,
35,3,10,4,3,1,4,1,13550,0,60,
38,3,13,2,3,0,4,1,15024,0,50,
34,6,14,2,6,0,4,1,0,1848,40,
48,3,14,2,3,0,4,1,0,0,50,
50,5,3,4,12,1,1,0,0,0,15,
19,3,9,4,0,3,4,0,0,0,40,
51,3,10,2,11,0,4,1,0,0,40,
39,3,13,0,0,4,4,1,0,0,40,
20,3,7,4,7,3,4,0,0,0,40,
17,3,7,4,5,3,4,1,0,0,16,
42,3,10,2,11,0,4,1,0,0,50,
25,3,10,4,7,2,3,0,0,0,25,
36,3,9,0,0,4,4,0,0,0,40,
65,3,16,6,9,1,4,0,0,0,40,
32,5,13,2,6,0,4,1,0,0,70,
33,4,13,4,9,1,4,1,0,0,45,
32,6,10,4,12,4,2,0,0,0,20,
25,3,9,2,13,0,4,1,0,0,40,
41,1,10,0,10,4,4,0,0,0,40,
44,3,9,2,2,0,4,1,0,0,40,
72,3,6,2,7,0,4,1,2414,0,12,
36,3,9,0,3,1,4,1,0,0,52,
67,5,9,2,4,0,4,1,1797,0,20,
28,3,9,2,13,0,4,1,4064,0,45,
24,3,7,2,5,0,3,1,0,0,40,
17,3,4,4,11,3,4,1,0,0,8,
32,5,13,0,3,4,2,0,0,0,30,
67,3,7,6,7,1,4,0,0,0,40,
21,8,10,4,14,2,1,1,0,0,10,
51,3,14,2,9,0,1,1,5013,0,40,
32,3,2,4,2,1,4,1,3674,0,40,
39,3,10,2,3,0,4,1,0,0,40,
18,5,10,4,2,1,4,0,0,0,35,
50,5,13,2,2,0,4,1,0,0,45,
24,3,6,4,11,1,4,0,0,0,15,
21,1,10,4,0,1,4,0,0,0,40,
24,3,13,4,0,2,1,0,0,0,16,
34,3,11,4,7,3,4,1,0,0,40,
68,8,6,2,14,0,4,1,0,0,35,
49,5,6,4,2,1,2,1,0,0,32,
50,3,9,0,6,1,0,0,0,0,40,
33,3,12,0,3,3,4,0,0,0,40,
18,3,10,4,0,3,4,1,0,0,40,
45,3,11,0,0,4,4,0,0,0,55,
20,3,9,4,11,1,4,0,0,0,35,
46,4,13,2,3,0,4,1,3103,0,37,
64,1,9,6,0,1,4,0,0,0,40,
39,3,16,4,9,1,4,1,0,0,45,
35,3,9,4,2,1,4,1,0,0,70,
21,3,10,4,7,1,4,1,0,0,32,
29,3,12,4,12,1,4,1,0,0,45,
38,6,13,2,3,5,2,0,0,0,30,
45,3,9,0,7,4,4,0,0,0,40,
30,5,14,0,9,1,1,1,0,0,50,
41,3,10,2,0,5,4,0,0,0,40,
37,3,9,4,2,1,1,1,0,0,40,
45,3,13,2,11,0,4,1,0,1887,60,
20,8,9,4,14,1,4,0,0,0,30,
45,4,9,2,3,0,4,1,0,0,48,
20,0,9,4,0,2,4,1,0,0,20,
63,4,10,6,11,1,4,0,14084,0,60,
35,5,10,2,3,0,4,1,0,0,40,
24,3,13,2,9,0,4,1,0,0,50,
19,3,10,4,13,1,4,1,0,0,50,
23,3,9,4,7,3,4,1,0,0,35,
34,3,13,4,9,1,4,0,0,0,45,
23,8,7,4,14,1,2,1,0,0,40,
36,5,3,2,13,0,4,1,0,0,50,
46,3,9,4,5,2,4,1,0,0,5,
38,1,13,2,3,0,4,1,0,0,42,
55,1,8,6,0,1,4,0,0,0,40,
27,3,10,4,0,2,1,1,0,0,40,
48,3,10,2,2,0,4,1,0,0,45,
35,3,9,0,7,3,4,0,0,0,50,
53,3,10,2,2,0,2,1,7688,0,40,
47,3,9,2,2,0,4,1,0,0,40,
50,3,10,0,2,1,4,1,4650,0,22,
32,3,10,2,11,0,4,1,0,0,40,
40,3,9,2,5,0,4,1,0,0,46,
41,3,10,2,11,0,4,1,0,0,50,
47,0,13,0,9,1,4,1,0,0,40,
21,3,10,4,11,3,2,0,0,0,25,
45,1,14,2,0,0,4,1,0,0,35,
33,3,4,4,7,4,2,0,0,0,14,
68,7,10,3,4,4,4,0,0,0,25,
44,3,15,2,3,0,4,1,0,0,55,
49,3,6,2,6,0,4,1,0,0,50,
45,3,16,2,9,0,4,1,0,0,40,
41,3,10,2,13,0,4,1,0,1848,65,
29,3,4,2,13,0,4,1,0,0,40,
46,3,10,2,3,0,1,1,0,0,60,
19,3,9,4,2,2,4,1,0,0,25,
56,3,6,2,5,0,4,1,0,0,40,
55,5,9,2,2,0,4,1,0,0,60,
29,3,9,4,2,1,4,1,0,0,50,
21,3,9,4,8,1,4,0,0,0,25,
38,3,9,0,2,1,4,1,0,0,40,
52,3,3,4,5,1,4,1,0,0,50,
22,3,9,4,7,3,4,0,0,0,40,
20,3,9,2,0,0,4,1,0,0,60,
31,3,9,4,2,3,2,1,0,0,50,
55,3,10,0,12,1,4,0,0,0,40,
35,3,12,5,11,4,4,1,0,0,40,
67,8,9,2,14,5,4,0,0,0,5,
45,3,13,2,2,0,4,1,7298,0,55,
61,3,14,2,3,0,4,1,0,0,60,
18,3,9,4,5,3,4,1,0,0,30,
51,6,13,6,0,1,4,1,0,0,40,
37,5,9,2,6,0,4,1,0,0,40,
21,8,10,4,14,3,4,0,0,0,25,
32,3,10,4,7,3,4,0,0,0,38,
48,3,9,5,2,4,2,1,0,0,45,
62,3,4,2,13,0,4,1,0,0,53,
21,8,10,4,14,3,4,1,0,0,40,
28,3,9,4,13,1,4,1,0,0,45,
19,3,6,4,5,2,4,1,0,1602,45,
20,3,10,4,0,3,4,0,0,0,15,
41,3,13,2,4,0,4,1,0,0,40,
29,3,13,4,0,1,2,0,0,0,40,
47,3,13,2,3,0,4,1,15024,0,50,
43,6,13,2,9,0,4,1,0,0,37,
20,3,10,4,5,2,4,1,0,0,20,
29,3,13,2,3,0,2,1,0,0,55,
51,0,13,6,9,1,2,0,0,0,40,
40,3,11,2,2,0,4,1,0,0,40,
26,3,3,4,13,1,4,1,0,0,40,
30,3,13,4,9,3,4,0,0,0,40,
36,3,9,6,7,1,4,0,0,0,40,
68,1,9,6,10,1,4,1,0,1668,20,
42,3,10,4,12,1,4,0,0,0,40,
41,3,9,2,5,0,4,1,0,0,40,
43,3,13,2,3,0,4,1,0,0,45,
20,3,10,4,5,3,4,1,0,0,20,
43,3,13,0,12,3,4,1,0,0,40,
53,3,9,2,11,0,4,1,15024,0,60,
45,3,10,2,9,0,4,1,0,0,40,
39,3,9,4,4,4,4,1,0,0,40,
31,1,14,2,9,0,4,1,0,0,45,
23,3,10,4,11,2,1,1,0,0,25,
69,8,9,0,14,1,4,0,2964,0,35,
38,6,14,0,0,1,4,0,0,0,40,
37,5,9,2,13,0,4,1,0,0,45,
18,3,9,4,6,2,4,0,0,0,40,
41,5,9,2,3,0,4,1,0,0,45,
30,3,13,2,11,5,4,0,3103,0,55,
23,8,12,2,14,0,4,1,0,0,20,
26,3,13,4,9,3,4,1,0,0,30,
37,3,9,2,2,0,4,1,0,0,40,
25,3,10,4,12,1,2,0,2174,0,50,
33,3,10,2,9,0,4,1,0,0,40,
37,3,13,2,3,0,4,1,15024,0,40,
31,3,13,4,12,1,4,1,0,0,40,
27,3,10,2,3,0,4,1,0,0,80,
35,3,14,2,11,0,4,1,0,0,40,
28,5,10,2,0,5,4,0,0,0,30,
59,3,9,4,0,1,4,1,0,0,50,
42,3,13,2,9,0,4,1,0,0,40,
50,3,9,2,13,0,4,1,0,0,40,
27,8,12,4,14,1,4,0,0,0,45,
32,3,10,0,6,4,4,0,0,0,40,
27,3,9,5,2,4,2,1,0,0,40,
43,3,13,0,6,2,4,1,0,0,40,
46,3,7,0,9,4,0,1,0,0,40,
41,3,10,2,11,0,4,1,0,0,50,
59,1,14,0,9,4,4,0,8614,0,60,
20,3,10,4,11,3,4,0,0,0,30,
57,3,13,2,3,0,4,1,0,0,40,
46,5,9,2,4,0,4,1,4386,0,70,
45,3,4,2,6,0,2,1,0,0,40,
29,1,9,4,5,4,1,1,0,1590,45,
23,3,7,2,5,0,4,1,0,0,40,
46,3,9,4,13,1,4,1,0,1590,48,
55,8,9,2,14,0,4,1,0,0,50,
58,3,10,2,2,0,4,1,0,0,40,
38,3,11,4,3,2,1,0,0,0,40,
29,3,10,4,11,2,4,1,0,0,50,
57,8,9,0,14,3,1,1,0,0,20,
26,1,13,4,9,1,4,0,0,0,40,
42,3,13,2,0,0,1,1,0,0,40,
61,3,9,5,13,4,1,1,0,0,45,
31,3,10,2,11,0,4,1,15024,0,45,
43,3,9,0,6,3,4,1,0,0,40,
47,3,13,2,2,0,4,1,15024,0,50,
51,6,9,2,2,0,4,1,0,0,56,
23,3,9,4,5,1,4,1,0,0,40,
24,3,9,4,6,4,4,0,0,0,40,
25,3,10,4,0,1,4,1,0,0,38,
22,8,10,4,14,3,4,1,0,0,40,
38,3,11,2,2,0,4,1,0,0,50,
48,3,9,2,5,5,4,0,0,0,16,
33,3,9,4,2,1,4,1,0,0,30,
46,3,14,2,3,0,4,1,0,0,55,
18,3,4,4,7,2,1,0,0,0,40,
52,3,9,2,2,0,4,1,0,0,40,
46,3,13,2,9,0,4,1,0,1848,45,
28,3,9,4,9,1,4,1,0,0,40,
37,3,10,4,7,2,1,1,0,0,30,
23,8,10,4,14,1,4,0,0,0,15,
45,1,14,2,9,0,4,1,0,0,50,
17,3,6,4,11,3,4,0,0,0,16,
56,3,14,2,9,0,4,1,0,0,40,
38,4,12,0,3,4,4,1,0,0,45,
81,3,4,2,13,0,4,1,0,0,10,
22,3,10,4,6,3,4,0,0,0,30,
43,6,10,0,0,4,4,0,0,0,40,
31,3,12,2,0,5,4,0,0,1740,40,
42,5,13,2,9,0,4,1,0,1887,40,
66,8,10,2,14,0,4,1,0,0,50,
50,3,9,2,13,0,4,1,0,0,40,
31,3,10,5,5,1,4,1,0,0,40,
35,3,10,0,3,1,4,0,0,0,40,
21,8,10,4,14,3,4,0,0,0,35,
36,3,13,5,7,4,2,0,0,0,35,
33,3,4,2,4,0,4,1,0,0,40,
36,3,13,0,9,4,2,0,0,213,40,
37,8,9,2,14,0,4,1,0,0,55,
50,3,9,4,5,3,4,1,0,0,25,
55,3,10,2,9,0,4,1,0,0,40,
29,3,9,0,6,4,4,0,0,0,40,
24,3,10,4,7,2,2,0,0,0,30,
39,0,10,0,0,1,4,1,0,0,40,
34,3,13,4,11,1,4,1,0,0,40,
29,3,4,0,2,4,4,0,0,0,55,
60,3,10,2,2,0,3,1,0,0,32,
33,3,14,2,3,5,4,0,0,0,50,
58,3,5,4,5,3,4,1,0,0,40,
27,3,10,5,11,1,4,1,0,0,40,
46,6,10,0,10,4,0,0,0,0,40,
63,3,9,0,10,1,4,1,0,0,40,
38,5,10,0,7,4,4,0,0,0,40,
23,3,10,4,2,3,4,1,0,0,15,
29,3,13,4,9,1,4,0,8614,0,40,
31,3,15,2,9,5,4,0,0,0,60,
49,4,9,2,3,0,4,1,0,0,40,
45,4,16,2,9,0,4,1,0,0,60,
42,3,5,2,13,0,4,1,0,0,40,
48,3,9,2,6,0,4,1,0,0,40,
33,3,9,2,2,0,4,1,0,0,40,
24,3,10,4,0,3,4,1,0,0,40,
49,5,10,2,11,0,4,1,0,0,50,
40,3,10,2,6,0,4,1,2580,0,40,
57,3,11,2,9,0,4,1,0,1902,45,
50,3,9,0,0,1,4,0,0,0,40,
46,3,13,2,3,0,4,1,15024,0,55,
35,5,10,2,3,0,4,1,3908,0,60,
19,3,10,4,7,3,4,0,0,0,20,
18,3,6,4,7,3,4,0,0,0,28,
20,3,9,4,2,1,4,1,0,0,40,
42,3,9,0,13,1,4,1,0,0,40,
46,3,9,2,6,0,1,1,0,0,40,
40,0,9,2,0,5,4,0,0,0,20,
54,3,14,2,3,0,1,1,0,0,45,
28,3,9,2,2,0,4,1,0,0,45,
38,3,10,2,2,0,4,1,0,0,40,
28,3,10,4,8,1,4,0,0,0,40,
22,3,7,4,2,3,4,1,0,0,40,
31,3,13,2,3,0,4,1,0,0,50,
27,3,9,2,2,0,4,1,0,0,40,
45,3,13,2,9,0,4,1,0,0,42,
38,3,13,2,3,0,4,1,0,0,40,
67,5,12,2,3,5,4,0,20051,0,4,
75,3,14,4,10,1,4,1,0,0,16,
41,3,14,0,3,4,2,0,0,0,60,
37,3,13,2,11,0,4,1,0,0,60,
47,3,9,4,3,3,4,0,0,0,50,
34,1,13,2,9,0,4,1,0,0,45,
25,3,9,2,2,3,4,1,0,0,40,
52,3,9,6,0,1,4,0,0,0,40,
27,6,9,4,10,3,4,1,2174,0,40,
35,3,9,4,4,1,3,1,0,0,40,
44,1,8,2,7,2,4,0,0,0,35,
27,1,9,2,3,0,4,1,0,0,80,
42,3,10,4,12,1,4,1,0,0,33,
26,3,5,4,7,3,4,0,0,0,38,
23,3,9,4,9,1,4,1,0,0,40,
28,3,9,4,9,1,0,0,0,0,40,
38,5,9,2,2,0,4,1,0,0,50,
28,3,10,4,2,3,4,1,0,0,50,
29,3,9,4,0,2,4,0,0,0,40,
56,5,5,2,3,2,4,1,3411,0,50,
23,8,13,4,14,1,1,1,0,0,35,
30,3,10,4,3,3,2,0,0,0,40,
48,3,10,2,5,0,4,1,0,0,40,
45,5,10,2,3,0,1,1,0,0,72,
38,3,14,2,3,0,4,1,0,0,60,
24,3,9,4,5,2,4,1,0,0,40,
47,6,16,2,9,0,4,1,0,0,40,
22,3,9,4,7,1,4,0,0,0,48,
29,3,10,4,9,2,4,0,0,0,40,
45,3,12,0,2,1,4,1,0,0,40,
24,3,9,4,2,3,4,1,0,0,40,
40,3,9,2,6,0,4,1,0,0,40,
28,1,5,2,2,0,2,1,0,0,40,
46,0,13,0,9,4,4,0,0,0,50,
34,8,10,2,14,5,4,0,0,0,4,
32,3,10,2,6,0,4,1,0,0,40,
20,3,9,4,11,1,4,1,0,0,40,
23,3,10,4,7,4,4,1,0,0,35,
46,3,9,2,7,0,4,1,0,0,40,
21,3,9,4,11,3,4,0,0,0,35,
59,3,14,2,3,0,1,1,0,0,40,
31,3,10,2,9,0,4,1,0,0,50,
48,3,10,0,3,1,4,0,0,0,40,
34,3,4,2,13,0,4,1,0,0,40,
19,3,10,4,7,3,4,1,0,0,25,
20,3,10,4,11,3,4,1,0,0,35,
29,3,13,4,9,3,4,1,0,0,50,
54,3,10,2,2,0,4,1,0,0,40,
36,3,9,2,2,0,4,1,0,0,52,
43,3,13,4,11,1,4,1,0,0,50,
46,0,13,2,12,0,4,1,3103,0,40,
33,3,14,2,9,0,4,1,0,0,45,
33,3,6,0,7,4,4,0,0,0,45,
36,3,10,2,13,0,4,1,0,0,40,
37,3,9,2,5,0,4,1,5178,0,40,
37,8,11,2,14,0,4,1,0,0,54,
64,8,8,2,14,0,4,1,0,0,24,
45,5,9,2,2,0,4,1,0,0,60,
25,3,13,4,0,1,4,0,0,0,40,
28,3,11,2,6,0,4,1,0,0,40,
26,3,9,4,0,3,4,0,2354,0,40,
23,3,9,4,8,3,4,1,0,0,40,
24,3,9,4,3,1,4,0,0,0,40,
58,5,10,0,9,1,4,0,0,0,40,
36,3,11,0,12,4,4,0,0,0,40,
46,3,10,2,11,0,4,1,0,0,50,
23,8,4,4,14,1,4,0,0,0,40,
32,3,10,2,11,0,4,1,4386,0,50,
26,3,9,4,7,4,2,1,0,0,40,
52,3,3,4,5,1,4,0,0,0,40,
19,3,9,4,7,1,4,0,0,0,45,
33,3,13,2,9,0,4,1,0,0,60,
60,3,9,2,2,0,4,1,0,0,40,
39,3,10,0,3,1,4,1,0,0,38,
45,3,13,0,3,1,4,1,0,0,45,
37,1,10,3,0,4,2,0,0,0,40,
29,3,12,4,12,3,4,1,0,0,40,
53,3,10,2,2,0,4,1,0,0,66,
46,6,10,2,3,0,4,1,0,1740,40,
20,3,10,4,13,3,4,1,0,0,40,
39,3,14,4,9,3,4,0,0,0,40,
48,3,10,2,9,5,4,0,7298,0,40,
38,3,9,2,2,0,2,1,4386,0,48,
36,3,9,2,2,0,4,1,0,0,45,
53,3,4,0,6,4,2,0,0,0,56,
29,3,9,4,2,1,4,1,0,1974,35,
64,3,4,2,0,0,4,1,2580,0,50,
34,3,10,2,3,0,4,1,0,0,50,
36,8,9,2,14,0,4,1,0,0,40,
41,1,13,0,9,4,4,0,0,0,40,
34,3,9,0,3,4,4,0,0,0,38,
68,8,5,2,14,0,4,1,0,0,2,
37,3,13,2,9,0,3,1,0,0,50,
22,3,10,2,12,0,4,1,0,0,40,
43,3,8,2,2,0,4,1,0,0,40,
19,8,10,4,14,2,4,0,0,0,30,
36,3,10,4,3,1,4,1,0,0,40,
47,3,9,2,11,0,4,1,0,0,55,
25,3,11,4,7,2,1,0,0,0,40,
33,3,10,5,6,1,4,1,0,0,40,
27,3,10,4,6,2,4,0,0,0,40,
33,3,10,4,12,1,4,1,0,0,70,
24,3,9,2,13,3,4,0,0,0,40,
47,1,10,0,9,1,4,0,0,0,40,
48,4,6,2,3,0,4,1,0,0,40,
28,3,9,2,11,0,4,1,0,0,50,
33,1,13,2,9,0,4,1,0,0,40,
44,3,13,2,6,0,4,1,0,1977,40,
33,1,11,4,10,1,4,1,0,0,56,
26,3,10,4,0,1,4,0,0,0,25,
22,3,11,4,3,3,4,1,0,0,40,
34,3,10,2,3,0,4,1,0,0,55,
31,4,10,4,3,3,4,1,0,0,45,
73,8,9,6,14,1,4,0,0,0,15,
38,1,11,2,3,0,4,1,0,0,40,
51,5,10,2,9,5,4,0,0,0,40,
36,3,10,2,3,0,4,1,0,0,40,
29,3,10,2,10,0,4,1,7688,0,54,
64,5,9,2,11,0,4,1,0,0,15,
24,3,10,4,6,3,4,1,0,0,55,
21,6,10,4,3,3,4,0,0,0,20,
28,3,10,2,2,0,4,1,0,0,60,
18,8,7,4,14,3,4,1,0,0,25,
41,4,9,2,2,0,4,1,0,0,50,
17,3,5,4,7,3,4,1,0,0,16,
58,3,16,2,9,0,4,1,0,0,50,
50,5,13,2,11,0,4,1,0,0,8,
30,3,7,3,5,1,0,1,0,0,40,
47,3,9,2,2,0,4,1,0,0,40,
24,3,10,4,11,3,4,1,0,0,20,
50,0,10,2,3,0,2,1,0,0,40,
29,3,14,4,9,1,4,1,0,0,55,
31,5,16,2,9,0,4,1,0,0,40,
40,5,9,2,4,0,4,1,0,0,70,
31,3,10,4,11,1,4,0,0,0,60,
53,3,5,2,6,0,2,1,0,0,40,
33,3,9,4,0,1,4,0,0,0,40,
43,3,13,2,7,0,4,1,0,0,40,
56,3,10,2,3,5,4,0,7688,0,50,
38,3,13,2,3,5,4,0,0,0,50,
18,3,7,4,11,3,4,0,0,0,30,
50,3,9,2,3,0,4,1,0,0,40,
78,3,9,6,11,4,4,0,2329,0,12,
27,3,7,2,2,0,4,1,0,0,40,
19,3,10,4,11,3,4,0,0,0,25,
24,6,13,4,12,1,4,0,0,0,40,
20,3,10,4,11,3,4,1,0,1602,15,
25,3,14,4,9,3,4,1,0,0,35,
34,3,13,0,11,1,4,0,0,0,50,
30,4,11,2,11,0,4,1,0,0,35,
37,0,14,0,9,1,4,0,0,0,40,
67,7,9,2,0,0,1,1,0,0,12,
35,3,9,2,13,0,4,1,0,0,30,
75,5,9,2,4,0,4,1,0,0,30,
47,3,10,2,3,5,4,0,0,0,50,
23,3,6,2,5,0,4,1,0,0,40,
51,0,9,0,0,1,4,0,0,0,8,
42,1,9,0,7,1,2,1,0,0,40,
32,3,10,2,12,5,4,0,0,0,32,
54,3,9,5,11,4,4,0,0,0,35,
20,3,10,4,5,3,4,0,0,0,40,
39,3,9,2,2,0,4,1,0,0,40,
41,3,9,2,2,0,4,1,7688,0,38,
35,3,9,4,6,1,4,0,0,0,40,
45,1,13,2,2,0,4,1,0,0,35,
27,3,13,4,11,1,4,0,0,0,40,
61,5,4,2,11,0,4,1,0,0,30,
41,3,9,4,11,1,4,1,0,0,50,
22,3,10,4,12,3,4,1,0,0,40,
55,3,10,2,2,0,2,1,15024,0,40,
66,8,13,2,14,0,4,1,0,0,6,
25,3,10,2,2,0,4,1,0,0,40,
20,3,10,4,7,3,4,0,0,0,35,
20,3,10,4,6,2,2,0,0,0,35,
67,4,13,2,3,0,4,1,0,0,16,
44,3,10,2,11,0,4,1,0,0,60,
42,3,9,2,11,0,4,1,0,0,60,
29,1,10,4,0,1,3,1,0,0,40,
48,3,10,4,2,4,4,0,0,0,38,
25,3,9,4,0,2,2,0,0,0,40,
31,3,9,0,7,4,4,0,0,0,99,
48,3,13,3,11,4,4,0,0,2472,70,
40,3,14,0,9,1,4,1,0,0,20,
26,3,10,2,11,0,4,1,0,0,40,
28,3,9,2,7,3,4,0,0,0,35,
52,3,10,2,2,0,4,1,0,0,40,
41,5,9,2,9,0,4,1,0,0,40,
39,5,13,2,4,5,4,0,0,0,50,
48,3,9,4,0,1,2,0,0,0,16,
19,3,9,4,11,1,4,0,0,0,30,
27,3,10,2,6,0,4,1,0,1651,40,
59,3,11,2,11,0,4,1,0,1740,50,
19,3,10,4,11,2,4,1,0,0,40,
32,3,9,4,5,3,4,1,0,0,50,
39,3,9,4,5,2,4,1,0,0,40,
33,3,9,2,2,0,4,1,0,0,40,
38,3,9,4,5,1,4,1,0,0,40,
27,3,10,4,4,3,4,1,0,0,45,
23,3,9,4,3,3,4,0,0,0,45,
59,8,11,0,14,1,4,1,0,0,48,
25,1,13,4,0,1,1,1,0,0,20,
37,4,12,2,11,0,4,1,0,0,68,
31,3,9,2,13,0,4,1,0,0,65,
24,3,12,4,11,3,4,0,0,0,37,
53,1,13,0,0,4,4,0,0,0,38,
26,3,10,4,5,2,2,1,0,0,40,
25,3,10,2,0,5,4,0,0,0,40,
59,3,7,4,6,1,4,1,0,0,40,
39,0,9,0,0,4,4,0,0,0,40,
28,3,10,4,5,3,4,1,0,0,40,
22,3,9,4,5,1,4,1,0,0,40,
20,3,9,4,2,2,4,1,0,0,40,
25,3,10,4,7,3,4,0,0,0,40,
27,3,10,4,2,4,4,1,0,0,50,
20,3,9,4,11,4,4,1,0,0,40,
63,8,10,6,14,1,2,0,0,0,24,
43,5,6,0,4,4,4,1,0,0,25,
39,3,10,0,0,1,4,0,0,0,40,
27,3,13,4,9,1,4,1,0,0,45,
17,3,6,4,11,3,4,0,0,0,5,
40,6,15,2,9,0,4,1,0,0,72,
50,3,10,2,2,0,4,1,0,0,48,
23,4,13,4,0,3,4,0,0,0,35,
60,3,9,2,11,0,4,1,7298,0,65,
30,3,9,4,3,1,4,0,0,0,40,
24,3,9,2,5,0,4,1,0,0,50,
23,3,13,4,0,3,4,0,0,0,20,
24,3,13,2,9,0,4,1,5013,0,30,
45,5,13,2,2,0,4,1,0,0,20,
58,4,10,2,3,0,4,1,7298,0,60,
22,3,10,4,11,2,4,1,0,0,20,
41,3,10,4,5,1,4,1,0,0,40,
48,3,4,2,6,0,4,1,0,0,40,
31,3,9,0,6,2,4,1,0,0,40,
33,3,15,2,9,0,4,1,0,1977,50,
49,4,13,2,3,0,4,1,0,0,50,
30,3,13,2,9,0,4,1,7688,0,50,
38,3,9,4,2,1,4,1,0,0,40,
58,1,9,2,13,0,4,1,0,0,48,
58,3,13,0,9,1,4,0,0,0,50,
61,5,9,2,3,0,4,1,0,0,40,
58,3,9,2,11,0,4,1,7688,0,40,
32,3,11,2,12,0,4,1,0,0,45,
33,5,9,0,2,1,4,1,0,0,50,
28,3,13,5,3,1,4,0,0,0,50,
22,3,10,4,7,3,4,0,0,0,11,
35,3,9,2,2,0,4,1,0,0,40,
59,3,9,2,11,0,4,1,0,0,55,
45,4,15,2,3,0,1,1,7688,0,40,
50,5,9,2,11,0,2,1,0,0,40,
56,4,8,6,3,1,4,0,0,0,40,
36,5,9,4,2,1,4,1,0,0,40,
18,8,6,4,14,3,4,1,0,0,30,
28,3,10,2,11,0,0,1,0,0,60,
42,3,11,2,9,0,2,1,0,0,40,
60,3,9,2,7,0,4,1,0,0,40,
41,4,10,2,11,0,4,1,0,0,91,
42,3,13,2,12,0,4,1,7298,0,45,
36,3,9,2,2,0,4,1,0,0,55,
52,1,14,2,9,0,4,1,0,0,40,
42,5,9,2,13,0,4,1,0,0,40,
26,1,10,2,10,0,4,1,0,0,55,
31,1,13,0,9,4,4,0,0,0,40,
47,3,3,5,11,4,4,0,0,0,40,
35,3,10,2,6,0,4,1,0,0,50,
19,3,5,4,5,3,4,1,0,0,25,
59,5,10,2,11,5,4,0,0,0,80,
38,3,13,2,3,0,4,1,0,0,40,
36,3,13,2,3,0,4,1,0,0,50,
35,3,14,4,3,1,4,0,0,0,55,
39,3,9,2,4,0,4,1,0,0,30,
64,3,10,5,7,1,4,1,0,0,40,
17,1,6,4,7,3,4,0,0,0,25,
49,3,10,2,7,0,4,1,0,0,32,
19,3,10,4,7,3,4,0,0,0,25,
36,5,9,2,9,5,4,0,3137,0,40,
26,3,9,4,5,1,4,1,0,0,45,
27,3,3,4,8,2,4,0,2176,0,40,
66,3,13,2,9,0,4,1,20051,0,40,
38,3,4,2,0,0,4,1,0,0,40,
25,3,13,4,3,2,4,0,0,0,25,
19,3,9,4,9,1,4,0,0,0,40,
30,3,12,4,2,1,4,1,4787,0,50,
22,3,11,4,3,4,1,1,0,0,40,
60,3,10,0,2,3,4,1,0,0,44,
54,3,10,2,12,0,4,1,0,1977,18,
46,3,9,5,2,1,4,1,0,0,37,
33,6,10,4,7,3,4,1,0,0,40,
51,1,14,0,3,1,4,0,0,0,40,
43,3,15,2,9,0,4,1,15024,0,60,
18,8,9,4,14,3,4,0,0,0,30,
60,4,9,2,4,0,4,1,0,0,25,
39,5,9,2,4,0,4,1,0,0,60,
23,3,13,4,12,3,4,0,3325,0,40,
39,3,12,4,12,1,4,0,0,0,40,
40,1,10,4,3,1,4,1,0,0,40,
48,3,10,2,3,0,4,1,0,0,65,
24,3,9,4,5,2,4,1,0,0,40,
32,3,9,0,5,1,4,1,0,0,40,
31,5,10,2,2,0,4,1,0,0,60,
39,3,9,4,6,1,2,1,0,0,40,
27,3,14,4,3,3,4,0,0,0,40,
45,6,14,4,0,1,2,1,0,0,38,
22,8,9,0,14,2,2,0,0,0,40,
31,3,13,4,2,1,1,1,0,0,40,
63,3,9,0,3,1,4,0,0,0,40,
45,3,13,2,3,0,4,1,0,0,50,
28,6,10,5,0,4,4,0,0,0,50,
23,3,13,4,11,3,4,0,0,0,40,
50,3,9,2,2,0,4,1,0,0,44,
33,3,8,2,10,0,4,1,0,0,40,
22,8,10,4,14,3,4,1,0,0,40,
27,3,13,4,11,1,4,1,13550,0,46,
29,3,10,2,13,0,4,1,0,0,40,
36,3,9,0,0,4,4,0,0,0,35,
60,3,2,2,2,0,4,1,0,0,40,
46,3,13,2,13,0,4,1,0,0,50,
67,8,14,6,14,1,4,0,0,0,40,
20,8,10,4,14,3,4,0,0,0,15,
23,3,13,4,11,3,4,1,0,0,55,
38,4,9,2,3,0,4,1,0,0,50,
60,3,15,2,3,0,4,1,0,0,40,
20,5,10,4,2,1,4,0,0,0,35,
37,3,10,6,6,4,2,0,0,0,48,
37,3,9,4,2,4,4,1,0,0,40,
58,3,9,2,2,0,4,1,0,0,40,
25,3,13,4,2,3,4,1,0,0,30,
27,3,10,4,0,4,4,0,0,0,60,
33,3,10,2,6,0,4,1,0,0,55,
43,6,10,0,0,1,4,0,0,0,40,
21,0,10,4,12,3,2,1,0,0,20,
45,3,9,2,2,0,3,1,0,0,40,
44,3,3,2,6,0,2,1,0,0,40,
52,8,4,2,14,0,4,1,0,0,40,
53,3,9,0,9,1,4,1,4787,0,46,
31,3,9,4,7,3,2,0,0,0,20,
18,0,7,4,7,3,1,1,0,0,15,
20,3,9,4,7,3,4,0,0,0,30,
32,3,9,4,6,1,4,1,0,0,40,
48,3,6,2,13,0,2,1,0,0,40,
46,3,9,2,7,0,2,1,0,0,40,
28,3,9,2,6,0,4,1,0,0,50,
27,5,9,4,11,1,2,1,0,0,40,
18,0,10,4,11,3,4,0,0,0,32,
69,5,9,2,3,0,4,1,9386,0,12,
50,4,14,2,11,0,4,1,0,0,40,
43,3,9,2,6,5,4,0,0,0,40,
32,3,13,0,11,4,4,0,0,0,30,
43,3,9,5,3,1,4,0,0,0,48,
52,5,9,2,11,0,4,1,7688,0,55,
50,3,13,2,3,0,4,1,0,0,40,
35,3,10,0,3,1,4,0,0,0,40,
20,8,9,4,14,3,4,0,0,0,5,
73,8,9,6,14,1,4,0,0,0,65,
46,3,9,0,0,3,4,0,0,0,45,
58,3,9,2,13,0,4,1,0,0,60,
46,4,15,2,9,0,4,1,15024,0,60,
40,3,9,4,2,1,4,1,0,0,50,
25,3,13,4,0,3,4,1,0,0,40,
22,3,12,4,0,1,4,0,0,0,25,
33,0,13,2,9,0,4,1,0,0,40,
49,0,11,2,2,0,4,1,0,0,40,
62,3,6,0,9,4,4,0,0,0,40,
56,1,10,0,10,1,2,1,0,0,48,
24,3,9,4,13,4,4,0,0,0,40,
42,3,9,4,7,1,4,0,0,0,40,
41,3,14,0,3,4,4,0,0,0,40,
23,3,13,4,7,1,4,1,0,0,66,
22,8,10,4,14,3,4,1,0,0,40,
35,3,13,4,0,2,4,1,0,0,40,
42,3,9,3,5,2,1,1,0,0,40,
22,3,9,4,6,3,4,1,0,0,40,
32,5,9,2,2,0,4,1,0,0,50,
25,3,9,4,2,3,4,1,0,0,40,
66,3,3,0,8,1,2,0,0,0,15,
26,6,9,2,10,0,4,1,0,0,38,
46,3,10,0,13,3,4,1,3325,0,55,
55,3,13,2,3,0,4,1,0,0,45,
24,3,9,2,2,0,4,1,0,0,40,
25,3,9,4,11,4,4,1,0,0,40,
22,3,10,4,0,1,4,0,0,0,40,
31,3,9,4,7,1,4,1,0,0,40,
30,3,9,0,0,1,4,0,0,0,40,
54,3,9,4,7,1,4,1,0,0,15,
19,8,10,4,14,3,4,0,0,0,40,
56,3,5,0,2,1,4,0,0,0,40,
47,3,9,2,2,0,1,1,0,0,60,
29,3,9,2,2,0,2,1,0,0,40,
53,3,9,2,2,0,4,1,0,0,40,
22,3,9,4,6,4,2,0,0,0,40,
50,8,13,2,14,0,2,1,0,1902,60,
42,3,9,0,3,1,4,0,0,0,40,
21,3,10,4,11,2,4,1,0,0,40,
36,4,9,4,7,1,4,0,0,0,70,
60,3,3,2,11,0,4,1,0,0,40,
69,3,11,6,11,1,4,0,0,0,25,
31,3,9,2,13,0,0,1,0,0,40,
48,3,10,0,0,4,4,0,0,0,55,
23,3,9,4,3,1,4,0,0,0,40,
24,3,12,5,2,4,1,1,8614,0,40,
47,3,9,2,0,0,2,1,0,0,40,
36,3,9,4,6,4,0,0,0,0,40,
39,3,12,2,3,0,4,1,0,0,50,
22,3,9,4,13,1,4,0,0,0,46,
27,3,13,4,11,1,4,1,10520,0,45,
36,3,9,2,6,0,4,1,0,0,40,
54,3,2,2,7,0,4,1,0,0,40,
33,0,9,0,0,4,4,0,0,0,40,
42,3,9,2,9,0,4,1,7688,0,50,
52,3,10,2,11,0,4,1,0,0,65,
23,3,13,4,11,3,4,1,0,0,32,
33,3,2,2,5,0,4,1,0,0,40,
30,3,11,0,0,1,4,0,0,0,38,
35,3,11,2,12,0,2,1,0,0,38,
35,8,11,2,14,5,4,0,0,0,20,
27,3,9,4,5,3,4,1,0,0,37,
24,3,9,4,7,3,4,1,0,0,35,
44,1,9,2,6,0,4,1,0,0,40,
62,3,11,5,8,1,2,0,0,0,20,
45,3,13,2,3,0,4,1,15024,0,40,
75,5,9,2,4,0,4,1,0,0,20,
47,3,13,2,9,0,4,1,0,0,50,
64,3,15,2,3,0,4,1,0,0,60,
54,3,9,0,12,1,4,1,0,0,42,
41,0,13,2,3,0,4,1,0,0,40,
33,3,12,2,2,0,4,1,0,0,40,
20,3,10,4,0,3,4,0,0,0,10,
51,3,13,0,11,1,4,1,0,0,50,
45,4,15,4,2,1,4,1,0,0,50,
18,8,7,4,14,3,4,1,0,0,72,
43,3,6,2,13,0,4,1,0,0,40,
30,3,9,4,2,3,4,1,0,1504,40,
32,3,9,0,0,3,4,0,0,0,40,
45,3,10,2,2,0,4,1,0,1902,40,
61,3,10,0,11,1,4,0,0,0,40,
21,3,2,2,7,2,4,1,0,0,40,
56,3,7,0,2,1,4,1,0,0,49,
28,3,9,4,5,2,4,1,0,0,60,
23,3,10,4,5,3,2,0,0,0,40,
55,3,10,2,13,0,4,1,0,0,84,
27,8,10,2,14,0,4,1,0,419,20,
33,3,9,4,13,1,4,1,0,0,70,
22,3,10,4,0,3,4,0,0,0,20,
43,1,11,2,3,0,4,1,0,0,40,
32,5,9,0,3,4,4,0,0,0,40,
38,3,10,2,11,5,4,0,0,0,40,
18,3,5,4,4,3,4,1,0,0,20,
35,3,10,2,2,0,4,1,0,0,50,
67,8,9,6,14,1,4,0,0,0,40,
29,3,9,0,6,3,4,0,0,0,40,
19,3,2,4,5,1,4,1,0,0,55,
39,3,7,2,2,0,4,1,0,0,35,
29,3,10,2,3,0,4,1,0,1887,50,
45,4,15,2,9,0,4,1,0,0,55,
44,3,10,2,6,0,4,1,3103,0,40,
42,1,4,2,2,0,4,1,0,0,40,
34,3,13,4,11,1,4,1,0,0,40,
52,1,13,2,12,0,4,1,0,0,40,
18,8,7,4,14,3,4,1,0,0,25,
64,3,9,2,4,0,4,1,0,0,25,
30,3,13,2,11,0,4,1,0,0,45,
43,1,13,0,3,4,4,1,0,0,42,
49,5,10,4,2,4,4,1,0,0,40,
35,3,10,2,9,0,4,1,0,0,40,
37,5,15,2,9,0,4,1,0,0,50,
49,3,4,2,5,0,4,1,0,0,40,
19,3,7,5,7,3,4,0,0,0,40,
22,3,13,4,3,3,4,1,2202,0,4,
31,3,9,4,7,3,2,1,0,0,40,
26,3,10,2,2,0,4,1,0,0,40,
44,3,10,2,11,0,4,1,0,0,55,
38,3,10,2,7,5,4,0,0,0,40,
33,5,9,2,11,0,4,1,0,0,60,
24,8,9,5,14,4,2,0,0,0,37,
18,3,8,4,7,3,4,1,0,0,20,
32,3,11,6,12,4,2,0,0,0,40,
27,3,9,0,0,1,4,0,0,0,40,
28,6,14,2,3,0,2,1,0,0,40,
30,5,11,4,2,1,4,1,0,0,40,
33,3,9,4,7,1,2,1,0,0,38,
74,3,14,0,11,1,4,0,0,0,10,
36,3,9,4,2,1,1,1,0,0,70,
36,3,12,2,12,0,4,1,0,0,55,
29,3,9,2,0,5,4,0,0,2057,20,
39,3,13,0,3,4,4,0,0,0,45,
25,4,13,4,11,1,4,1,0,0,80,
21,3,9,5,4,3,4,1,0,0,40,
39,6,11,4,3,4,4,0,0,0,50,
38,3,10,0,9,1,4,0,0,0,32,
20,3,9,4,11,1,1,0,0,0,25,
51,3,9,0,2,1,4,1,0,0,40,
21,3,9,4,0,4,4,0,0,0,40,
36,3,10,4,9,1,4,0,0,0,40,
50,3,9,5,7,4,2,0,0,0,40,
38,3,9,2,3,0,4,1,0,0,55,
25,1,13,4,9,1,4,0,0,0,40,
23,3,10,4,11,3,4,0,0,0,15,
36,3,13,2,3,0,4,1,0,0,55,
41,3,13,2,9,0,4,1,0,0,40,
34,3,14,4,3,1,4,0,0,0,50,
19,6,10,4,7,3,4,1,0,0,10,
18,3,6,4,7,3,4,0,0,0,3,
36,3,6,0,11,3,4,1,0,0,40,
46,3,10,2,13,0,4,1,0,1887,40,
29,3,10,4,2,3,4,1,0,0,45,
23,3,9,4,3,1,4,0,0,0,32,
35,3,9,2,5,0,4,1,0,0,40,
35,3,9,4,13,3,4,1,0,0,40,
40,3,9,2,13,0,4,1,0,0,40,
22,3,10,4,13,3,1,1,0,0,40,
19,6,10,4,0,3,4,0,0,0,15,
70,3,7,2,13,0,4,1,0,0,40,
38,3,10,0,13,1,2,1,0,0,55,
35,3,10,2,11,0,4,1,0,0,50,
25,3,10,4,7,3,4,0,0,0,35,
39,3,10,2,2,0,4,1,0,0,45,
50,3,16,2,9,0,2,1,0,0,37,
43,3,12,2,9,0,4,1,0,0,50,
37,0,10,2,0,0,4,1,0,0,40,
51,3,9,2,7,0,4,1,7298,0,40,
29,8,6,5,14,4,4,0,0,0,12,
20,3,9,4,7,3,2,1,0,0,40,
21,3,10,4,0,1,4,0,0,0,40,
47,3,9,2,5,5,2,0,0,0,40,
44,3,12,0,12,4,4,0,0,0,40,
17,3,5,4,5,3,4,1,0,1719,15,
25,3,7,4,7,1,4,1,0,0,40,
43,6,16,4,9,1,4,0,0,0,40,
46,0,11,2,0,0,4,1,0,0,40,
42,3,10,2,6,0,4,1,0,0,60,
46,1,14,0,9,1,0,1,0,0,40,
22,3,10,4,7,1,4,0,0,0,30,
49,3,9,2,13,0,2,1,0,0,40,
21,3,9,2,6,0,4,1,0,0,50,
53,3,14,2,0,5,4,0,0,0,40,
43,3,10,0,2,4,4,1,0,0,42,
22,3,9,4,7,3,4,1,0,0,50,
33,3,13,4,9,1,4,0,10520,0,45,
28,3,11,4,0,3,4,0,0,0,40,
25,3,10,4,12,4,4,0,0,0,24,
40,3,13,2,3,0,1,1,0,0,40,
50,3,10,2,12,0,4,1,0,0,45,
48,5,10,0,11,4,4,1,0,0,65,
30,3,9,2,6,0,4,1,0,0,40,
33,3,9,3,7,4,2,0,0,0,38,
34,3,10,2,2,0,1,1,0,0,40,
42,3,13,2,0,0,1,1,0,0,40,
48,5,10,2,3,0,1,1,0,0,65,
38,3,13,2,9,0,4,1,7688,0,45,
29,3,9,2,6,0,4,1,0,0,40,
33,3,6,4,5,1,4,1,0,0,40,
64,3,13,0,3,1,4,1,27828,0,55,
44,3,11,2,13,5,4,0,0,0,25,
42,0,13,2,3,0,4,1,7298,0,50,
49,3,9,2,6,0,4,1,0,0,45,
25,3,9,2,5,0,4,1,0,0,40,
33,3,13,4,3,1,4,0,0,0,40,
38,3,10,2,11,0,4,1,0,0,60,
20,3,9,4,11,1,4,0,0,0,38,
44,3,9,4,5,1,4,1,0,0,50,
45,3,13,2,13,0,4,1,0,0,40,
27,4,9,4,11,1,4,1,0,0,50,
18,3,9,4,6,3,4,1,0,0,40,
38,3,9,0,2,4,4,1,0,0,50,
45,3,7,2,2,0,4,1,0,0,42,
27,1,9,4,10,1,2,1,2174,0,40,
64,3,3,6,7,1,2,0,0,0,16,
66,1,9,2,3,0,4,1,3432,0,20,
34,3,13,4,11,1,4,0,0,0,35,
45,5,13,2,13,0,4,1,0,0,40,
42,5,9,0,2,1,4,1,0,0,40,
32,3,13,2,3,0,4,1,0,1902,60,
26,3,6,4,0,1,2,1,0,0,20,
27,3,11,4,2,2,4,1,0,0,40,
21,3,10,4,11,2,4,0,0,0,40,
23,8,10,4,14,3,4,1,0,0,30,
47,3,10,2,2,0,4,1,0,0,40,
20,6,10,4,0,3,4,0,0,0,40,
46,6,13,2,9,0,4,1,0,0,38,
35,8,9,2,14,5,2,0,0,0,40,
55,3,13,2,3,0,4,1,0,1887,40,
28,3,10,4,12,3,4,0,0,0,24,
21,3,10,4,11,3,4,0,0,0,40,
36,3,9,4,6,1,4,1,0,0,40,
29,3,16,0,9,1,4,0,0,0,60,
38,3,13,2,3,0,4,1,0,0,40,
37,3,13,2,3,0,4,1,0,0,50,
81,5,2,6,11,2,4,1,0,0,45,
41,3,10,0,3,1,4,0,0,0,40,
29,3,13,4,11,3,4,0,0,0,40,
30,5,12,0,0,1,4,0,0,0,40,
25,3,9,4,0,1,4,1,0,0,40,
42,0,9,4,0,4,4,0,0,0,40,
30,3,9,0,13,3,2,1,0,0,40,
65,8,9,2,14,0,4,1,0,0,20,
18,3,9,4,7,3,4,1,0,0,35,
26,3,7,4,6,4,4,1,6497,0,48,
30,3,10,4,10,3,4,1,0,0,48,
61,3,12,2,3,0,4,1,0,0,42,
21,3,9,4,6,1,4,1,0,0,45,
53,3,9,2,6,0,4,1,0,0,48,
41,4,15,2,3,5,4,0,0,2415,55,
43,4,10,2,3,0,4,1,15024,0,45,
60,3,4,5,8,4,2,0,0,0,15,
47,3,6,2,2,0,4,1,0,0,40,
48,3,10,0,0,1,2,1,0,0,40,
32,3,13,4,9,4,4,0,0,0,40,
25,8,14,4,14,1,4,0,0,0,35,
31,3,13,4,9,4,4,1,0,0,40,
33,6,14,4,9,1,4,1,0,0,30,
27,5,9,2,4,0,4,1,0,0,50,
44,3,9,0,0,4,4,0,0,0,40,
44,3,10,2,9,0,4,1,7298,0,45,
37,3,10,2,6,0,4,1,0,0,40,
34,3,9,0,5,1,2,1,0,0,40,
51,0,10,2,9,0,4,1,0,0,40,
51,3,14,0,10,4,4,1,0,0,40,
25,1,13,2,9,0,4,1,0,0,60,
25,3,13,4,7,1,2,0,0,0,24,
29,0,13,1,9,0,4,1,0,0,50,
36,5,9,4,4,1,4,1,0,0,70,
55,3,9,0,6,1,4,0,0,0,40,
39,3,13,0,11,4,4,0,0,0,40,
31,3,6,0,5,1,4,1,0,0,40,
31,3,15,2,12,0,1,1,0,0,40,
51,4,11,4,0,3,4,0,0,0,40,
30,3,11,4,0,2,1,1,2463,0,40,
62,3,9,4,0,1,4,0,0,0,32,
37,3,13,2,11,0,4,1,99999,0,60,
30,4,13,2,11,0,4,1,7688,0,50,
27,3,13,0,3,1,4,1,0,0,52,
32,3,13,2,3,0,4,1,7298,0,45,
23,3,10,4,0,3,4,1,0,0,30,
35,5,5,2,2,0,4,1,0,0,50,
46,3,12,4,9,4,4,0,0,0,36,
45,4,13,0,3,4,4,1,0,0,50,
27,3,9,2,5,0,4,1,0,0,40,
46,3,9,2,11,0,4,1,0,0,40,
22,3,7,2,0,5,4,0,0,0,20,
37,6,10,0,9,4,4,0,0,0,30,
42,3,10,2,3,0,4,1,0,0,40,
45,3,9,0,6,4,4,0,0,0,40,
33,6,11,2,9,0,4,1,0,0,40,
46,3,11,3,6,4,4,1,0,0,40,
24,3,9,4,13,3,4,1,0,0,50,
56,3,9,5,2,1,4,0,0,0,40,
34,3,10,4,9,1,4,0,0,0,12,
50,3,9,2,6,0,4,1,0,0,40,
48,4,13,2,3,0,4,1,0,0,50,
45,3,7,2,7,5,4,0,0,0,36,
55,3,11,2,13,0,4,1,5178,0,50,
41,6,10,0,0,1,4,0,0,0,40,
66,3,10,2,3,0,4,1,0,0,24,
29,0,10,4,9,1,4,0,0,1408,40,
37,3,10,2,12,5,4,0,5013,0,40,
63,8,15,2,14,0,4,1,0,0,40,
61,3,12,2,11,0,4,1,15024,0,40,
64,3,13,0,3,4,4,1,27828,0,50,
35,3,9,2,5,0,4,1,0,0,35,
22,3,10,4,0,3,4,0,0,0,40,
58,3,4,2,6,0,4,1,2936,0,50,
58,3,10,2,11,0,4,1,0,0,45,
24,3,9,4,5,3,4,0,0,0,48,
34,3,10,0,9,4,4,0,0,0,6,
33,1,14,4,9,1,4,0,0,0,50,
33,5,9,2,13,0,4,1,0,0,60,
17,3,7,4,7,3,4,0,0,0,15,
27,3,13,2,11,2,4,1,0,0,40,
20,4,10,4,0,3,4,0,0,0,20,
52,3,13,0,9,4,4,0,0,1755,40,
30,3,4,0,13,1,4,1,0,0,40,
22,3,13,4,9,1,4,1,0,0,40,
20,3,12,4,7,1,4,0,0,0,40,
64,1,3,0,7,1,4,0,0,0,45,
49,3,14,2,3,0,4,1,15024,0,50,
38,3,13,0,7,1,2,0,0,0,60,
46,0,9,2,0,0,2,1,0,0,80,
17,3,6,4,7,3,4,1,0,0,20,
45,3,2,2,6,0,4,1,0,0,40,
27,3,13,4,3,3,4,0,0,0,40,
45,4,11,0,11,4,4,0,0,0,30,
26,4,9,0,3,1,4,1,0,0,78,
23,3,12,4,0,3,4,0,0,1974,20,
44,1,13,0,9,4,4,1,0,0,45,
36,3,13,0,3,1,4,1,0,1741,40,
35,3,5,4,3,1,4,0,0,0,40,
24,8,9,2,14,5,4,0,0,0,40,
56,3,13,3,9,4,4,0,0,0,40,
47,3,14,0,12,1,4,1,0,0,40,
32,3,13,2,5,0,4,1,0,0,50,
29,3,13,4,3,3,4,0,3325,0,10,
55,8,12,3,14,1,4,0,0,0,5,
35,4,13,2,3,0,4,1,0,0,50,
37,3,9,2,2,0,4,1,0,0,68,
36,5,11,2,4,0,4,1,3908,0,75,
33,3,9,2,11,5,4,0,0,0,45,
34,3,9,0,13,1,4,1,0,0,50,
24,3,10,4,5,3,4,1,0,0,40,
25,3,9,4,0,1,4,0,0,0,40,
31,4,9,4,2,1,4,1,0,0,45,
38,3,11,2,2,0,4,1,0,0,40,
30,3,13,2,11,0,4,1,0,0,40,
35,3,9,2,2,0,4,1,0,0,32,
67,8,13,0,14,1,4,0,0,0,60,
34,3,13,2,9,5,4,0,0,0,40,
46,3,9,2,0,5,4,0,0,0,40,
19,1,10,4,11,3,4,0,0,0,16,
26,3,12,4,7,3,2,0,0,0,15,
28,3,10,4,9,1,2,1,0,0,40,
47,3,10,2,2,0,4,1,0,0,40,
49,1,14,2,0,0,4,1,0,0,40,
33,5,15,2,9,0,4,1,0,1887,40,
44,3,13,2,9,0,4,1,0,0,40,
30,3,9,4,8,3,4,0,0,0,40,
18,3,10,4,7,3,1,1,0,0,16,
60,5,9,2,13,0,4,1,3103,0,60,
44,3,14,4,3,1,4,1,14084,0,56,
81,8,15,2,14,0,4,1,0,0,24,
43,6,10,4,7,1,4,0,0,0,40,
35,3,8,4,4,1,4,1,0,0,20,
58,5,9,2,4,0,4,1,0,0,72,
32,3,13,2,9,0,1,1,0,0,40,
40,3,9,2,13,0,4,1,0,0,35,
32,3,9,4,7,3,2,0,0,0,40,
21,3,10,4,0,3,4,0,0,1721,35,
44,3,9,2,7,0,4,1,0,0,25,
33,3,13,2,0,0,4,1,0,1902,45,
25,3,10,4,11,3,4,0,0,0,40,
42,3,9,0,6,1,4,1,0,0,40,
27,3,9,4,13,3,4,1,0,0,40,
62,8,6,2,14,0,4,1,0,0,40,
31,5,9,4,11,1,2,1,0,0,40,
33,6,13,4,9,2,2,0,0,0,40,
50,5,10,2,2,0,4,1,0,0,55,
50,3,14,2,9,0,4,1,7688,0,50,
46,3,11,2,9,0,4,1,0,0,60,
22,3,12,4,7,4,4,0,0,0,35,
66,6,15,2,3,0,2,1,20051,0,55,
52,3,9,4,7,4,4,0,0,0,45,
57,5,2,6,2,2,4,0,0,1602,45,
41,5,11,0,4,1,4,1,0,0,40,
42,3,9,2,6,0,4,1,0,1579,42,
19,3,8,4,7,2,4,0,0,0,30,
45,1,13,0,3,4,2,0,0,0,60,
51,5,8,2,7,0,4,1,0,0,99,
69,8,12,0,14,4,4,0,0,0,1,
45,5,13,2,9,0,4,1,0,0,30,
48,3,10,0,0,1,4,0,0,0,50,
60,0,10,2,0,0,4,1,7298,0,40,
42,3,9,4,11,3,4,0,0,0,40,
19,6,10,4,0,3,4,0,0,0,10,
39,5,9,2,11,0,4,1,0,0,70,
46,3,9,2,6,0,4,1,0,0,50,
58,1,9,2,10,0,4,1,3908,0,40,
36,3,10,0,9,4,4,0,0,0,45,
21,3,9,4,2,4,4,1,0,0,35,
41,3,15,2,3,0,4,1,0,0,40,
17,3,7,4,7,3,4,0,0,0,20,
29,3,9,2,6,0,4,1,0,0,40,
52,3,10,0,0,1,4,0,0,0,60,
33,3,12,2,11,0,4,1,0,0,40,
38,3,14,4,3,4,2,0,0,0,35,
42,3,13,2,11,0,4,1,0,0,40,
24,6,12,2,0,0,4,1,0,0,30,
59,3,10,2,3,0,4,1,0,0,60,
36,3,13,2,11,0,4,1,0,2415,45,
54,3,10,2,12,0,4,1,7688,0,40,
39,3,13,2,11,0,4,1,15024,0,50,
42,5,9,2,13,0,4,1,0,0,96,
54,5,13,2,2,0,4,1,0,0,50,
26,3,12,3,2,2,1,0,0,0,40,
50,3,9,2,5,0,4,1,0,0,40,
42,3,11,2,7,0,4,1,0,0,45,
48,0,13,2,0,5,4,0,7688,0,40,
31,3,13,6,7,1,4,0,0,0,30,
56,3,9,4,9,1,4,0,0,0,45,
28,1,12,2,0,5,4,0,0,0,40,
34,3,9,2,0,0,4,1,0,0,45,
28,3,9,4,13,1,4,0,0,0,40,
41,3,13,2,2,0,1,1,0,0,40,
44,3,10,2,13,0,4,1,0,1887,60,
34,3,12,2,2,0,4,1,0,0,65,
26,3,14,4,9,1,4,1,0,0,55,
37,3,13,4,3,1,4,1,0,2824,40,
64,8,10,2,14,0,4,1,3411,0,15,
25,3,11,0,0,4,4,0,0,0,40,
48,5,10,2,2,0,4,1,0,0,40,
47,3,10,0,0,1,4,0,0,0,40,
17,3,7,4,7,2,4,0,0,0,20,
44,3,3,2,6,0,4,1,0,0,40,
46,1,10,0,13,1,4,0,0,0,40,
32,8,13,0,14,1,4,1,0,0,50,
42,0,10,2,13,0,2,1,0,0,40,
33,5,13,0,11,1,4,1,0,0,50,
61,3,9,0,7,1,2,0,0,0,40,
47,3,13,2,2,0,4,1,0,0,40,
35,3,13,4,11,1,4,0,8614,0,45,
62,3,6,2,2,0,2,1,0,0,40,
62,5,13,2,3,0,4,1,0,0,40,
38,3,15,2,9,0,4,1,99999,0,60,
19,8,10,4,14,3,4,0,0,0,40,
33,3,13,2,9,0,4,1,0,0,40,
39,1,13,2,9,5,4,0,0,0,42,
17,3,7,4,5,3,4,1,0,0,10,
58,3,10,2,3,0,4,1,0,0,40,
35,4,13,5,9,1,4,0,0,0,50,
34,1,9,2,10,0,4,1,4064,0,50,
55,8,4,0,14,4,4,0,0,0,40,
32,3,10,2,2,0,4,1,0,0,40,
19,4,9,4,11,3,4,1,0,0,40,
41,3,9,2,6,0,4,1,0,0,40,
24,3,9,0,7,4,4,0,0,0,40,
52,8,9,2,14,0,4,1,0,0,35,
48,1,13,2,9,0,4,1,0,0,40,
32,3,10,0,9,1,4,0,0,0,30,
47,1,9,0,0,4,4,0,0,0,35,
38,3,15,2,11,5,4,0,0,0,40,
18,3,9,4,5,3,2,1,0,0,40,
25,3,9,2,2,0,4,1,0,0,40,
36,3,13,2,9,5,4,0,0,0,32,
40,3,11,0,9,1,4,0,0,0,20,
56,5,7,2,2,0,4,1,0,0,20,
50,3,11,0,9,4,4,0,0,0,40,
55,3,9,2,0,0,4,1,6418,0,50,
32,1,9,2,10,0,4,1,0,0,40,
41,3,11,2,2,0,4,1,0,0,43,
28,3,10,4,0,1,4,0,0,0,52,
53,3,10,2,3,0,4,1,0,0,55,
26,8,11,2,14,5,4,0,0,0,40,
60,1,13,5,9,4,4,0,5455,0,55,
21,3,10,4,7,3,4,1,0,0,20,
29,3,9,2,13,0,4,1,0,0,40,
73,3,10,2,9,0,4,1,0,2174,50,
43,4,13,2,11,0,4,1,0,0,45,
45,3,10,2,11,0,4,1,0,0,45,
35,8,5,2,14,5,4,0,0,0,35,
36,3,9,0,9,3,4,0,0,0,40,
25,3,9,4,11,2,4,0,0,0,50,
38,3,10,2,5,0,2,1,0,0,40,
30,1,10,0,0,4,4,0,0,0,40,
49,3,10,2,3,0,4,1,7298,0,40,
41,1,9,2,2,0,4,1,0,0,40,
27,3,10,2,3,0,4,1,0,0,40,
64,3,10,2,3,0,4,1,0,0,20,
41,5,9,2,13,0,4,1,0,0,45,
37,3,13,2,3,0,4,1,0,1887,47,
51,3,3,5,6,4,4,0,0,0,40,
35,3,10,0,9,4,4,0,7443,0,40,
61,1,2,2,7,0,4,1,0,0,40,
52,3,4,0,8,3,2,0,0,0,16,
40,3,12,2,11,0,4,1,0,0,60,
20,3,9,4,5,3,4,1,0,0,40,
52,1,14,2,9,0,4,1,0,0,40,
50,3,10,2,12,0,4,1,0,0,40,
49,3,13,0,3,4,4,0,0,0,40,
36,6,13,4,9,4,2,0,0,0,40,
33,3,14,4,3,4,4,1,0,0,40,
40,3,9,2,9,0,0,1,0,0,50,
45,3,13,2,3,0,4,1,0,0,50,
22,3,10,4,2,3,4,0,0,0,35,
47,3,14,2,9,5,4,0,0,0,2,
24,3,9,4,11,1,4,1,0,0,30,
19,3,10,4,11,1,4,0,0,0,30,
40,3,9,0,2,1,4,0,0,0,40,
40,3,10,4,12,1,4,0,0,0,50,
54,3,9,2,11,0,4,1,15024,0,50,
43,5,15,2,9,0,3,1,0,0,35,
63,1,13,2,13,0,4,1,0,0,40,
18,3,7,4,7,3,4,0,0,0,20,
19,3,2,4,6,2,4,1,0,0,40,
49,5,9,2,3,0,4,1,0,0,45,
27,3,14,2,3,0,4,1,0,0,45,
49,1,14,0,3,1,4,0,0,0,40,
60,3,9,2,2,0,4,1,0,0,50,
71,8,9,2,14,0,4,1,0,0,40,
34,3,9,2,13,0,4,1,0,0,40,
29,3,13,2,9,5,4,0,0,0,46,
30,3,10,2,11,0,4,1,0,0,44,
46,3,9,4,5,3,4,1,0,0,17,
32,5,11,2,2,0,4,1,0,0,40,
25,3,9,4,2,1,4,1,0,0,75,
25,3,14,4,9,4,4,1,0,0,45,
22,3,10,1,7,5,4,0,0,0,40,
32,3,10,2,13,0,4,1,0,0,50,
40,3,16,2,9,5,4,0,0,0,30,
51,3,14,4,9,1,4,1,27828,0,40,
20,3,9,4,2,3,4,1,0,0,30,
34,3,9,0,3,1,4,0,0,0,48,
40,3,10,4,3,1,4,1,0,0,50,
34,6,11,4,0,4,4,0,0,0,40,
19,3,6,4,5,3,4,1,0,0,25,
53,3,6,2,2,0,2,1,0,0,40,
42,0,10,2,0,0,4,1,0,0,40,
38,3,14,2,3,0,4,1,0,0,65,
41,3,9,2,2,0,4,1,0,0,60,
64,8,15,2,14,0,4,1,0,0,16,
30,6,10,4,9,1,4,1,0,0,40,
20,3,7,2,4,3,4,1,0,0,40,
19,3,9,4,7,3,4,0,0,0,30,
20,3,9,4,11,2,4,1,0,0,60,
35,3,13,2,3,0,4,1,0,0,45,
33,5,9,2,2,0,4,1,0,0,40,
43,5,10,2,3,0,4,1,0,1902,15,
38,0,10,0,3,4,4,0,0,0,38,
50,5,10,2,3,5,4,0,0,0,30,
23,3,9,0,7,3,4,0,0,0,10,
30,1,10,4,0,3,4,0,0,0,10,
33,3,13,5,3,4,2,0,0,0,40,
48,3,9,0,6,1,4,1,0,0,40,
43,3,13,0,9,4,4,0,0,0,24,
33,3,10,4,12,1,2,1,0,0,40,
50,1,14,2,3,0,2,1,0,0,45,
23,3,10,2,0,0,4,1,0,0,40,
36,1,10,0,5,1,4,1,0,0,50,
50,6,9,0,0,4,4,0,0,0,46,
26,3,9,2,11,5,4,0,0,0,20,
55,1,14,2,9,5,4,0,0,2267,40,
37,3,9,2,4,0,4,1,0,0,40,
43,3,9,2,6,0,4,1,0,0,40,
38,5,10,2,13,0,4,1,0,0,40,
42,3,4,2,5,0,4,1,0,0,30,
47,5,16,2,13,0,4,1,0,2002,45,
44,3,13,2,3,0,1,1,0,0,40,
28,5,9,2,2,0,4,1,0,0,40,
51,3,10,6,0,1,4,0,0,0,40,
51,3,9,2,2,0,4,1,0,0,40,
49,3,13,2,3,0,4,1,0,0,40,
62,3,16,2,9,0,4,1,15024,0,50,
31,3,10,4,0,4,4,0,0,0,40,
29,3,7,2,5,5,1,0,2829,0,14,
23,3,10,4,4,1,4,1,0,0,30,
40,6,10,0,11,1,4,0,0,0,40,
66,4,4,2,3,0,4,1,0,0,50,
17,3,7,4,7,1,4,0,0,0,20,
37,3,10,2,2,0,4,1,0,0,40,
69,3,15,2,9,0,4,1,0,0,3,
23,3,13,4,0,1,4,0,0,0,40,
38,0,9,2,3,0,4,1,0,0,42,
37,0,9,2,2,0,4,1,0,0,40,
38,3,10,0,11,1,4,0,0,0,40,
38,3,5,2,4,0,4,1,0,0,54,
37,6,13,4,9,1,4,0,0,0,40,
37,4,9,2,3,0,4,1,0,0,50,
23,3,5,4,4,4,4,1,0,0,70,
17,3,6,4,7,3,4,0,0,0,15,
48,3,13,2,9,0,4,1,0,0,35,
17,3,7,4,0,3,4,0,0,0,23,
55,3,14,2,3,0,4,1,0,1977,60,
35,3,10,2,3,0,4,1,0,0,40,
68,8,10,2,14,5,4,0,0,0,12,
35,5,13,2,2,0,4,1,0,0,45,
53,3,13,2,3,0,4,1,0,0,60,
43,3,9,2,6,0,4,1,0,0,48,
36,3,14,4,9,3,4,1,0,0,40,
24,3,9,5,7,4,2,0,0,0,40,
45,3,10,2,13,0,4,1,0,0,48,
34,3,10,2,0,5,4,0,0,2057,40,
56,3,9,4,0,1,4,0,0,0,38,
36,3,9,2,2,0,4,1,0,0,45,
22,3,10,4,9,3,4,1,0,0,50,
19,8,5,4,14,2,4,1,0,1719,35,
33,3,9,4,7,3,2,1,0,0,36,
48,3,9,4,7,1,4,0,0,0,32,
20,3,10,4,7,3,4,0,0,0,30,
64,4,12,2,11,0,4,1,0,1887,50,
47,3,7,2,2,0,4,1,0,0,40,
20,3,10,4,7,1,4,0,0,0,25,
44,0,13,0,3,1,2,0,0,0,40,
45,5,13,2,4,0,4,1,0,0,77,
45,1,9,2,13,5,4,0,5178,0,40,
45,1,14,2,9,0,4,1,0,0,37,
27,6,13,4,9,1,2,1,0,0,40,
41,3,9,2,2,0,4,1,0,0,72,
20,3,9,4,4,1,4,1,0,0,55,
54,4,13,2,3,0,4,1,7688,0,40,
17,3,6,4,7,3,4,0,0,1602,10,
50,3,9,2,9,0,4,1,0,0,40,
31,6,14,4,12,1,4,1,0,0,40,
49,5,9,4,2,1,4,1,0,0,30,
44,3,14,2,0,0,4,1,0,0,40,
49,3,9,0,2,1,4,1,0,0,50,
28,1,13,4,9,1,4,1,0,0,52,
43,1,10,2,12,0,4,1,4386,0,99,
33,3,12,0,6,4,0,0,0,0,40,
35,3,10,0,6,4,2,0,0,0,55,
17,3,7,4,11,3,4,0,0,0,20,
25,3,9,2,5,0,4,1,0,0,40,
41,3,9,0,2,4,4,0,0,0,40,
30,3,14,4,12,4,4,1,0,0,45,
48,3,11,2,7,0,1,1,0,0,56,
61,1,10,2,0,0,4,1,0,0,35,
41,3,9,5,2,1,4,1,0,0,40,
36,3,9,4,12,1,4,1,0,0,50,
24,1,10,4,10,1,4,1,0,0,40,
27,3,9,4,0,3,2,1,0,0,40,
18,3,7,4,9,3,4,0,0,0,2,
20,3,10,4,9,3,4,0,0,0,15,
18,3,10,4,7,3,4,1,0,0,12,
23,3,9,2,2,0,4,1,0,0,40,
43,6,14,2,9,0,4,1,0,1887,45,
38,6,10,2,3,5,2,0,0,0,40,
36,3,10,0,0,4,4,0,0,0,40,
28,5,13,4,3,1,4,1,0,0,50,
47,3,10,2,2,0,4,1,0,0,40,
51,3,16,2,3,0,4,1,15024,0,84,
35,3,13,2,3,0,4,1,0,0,40,
38,6,13,2,10,0,4,1,0,0,60,
47,0,10,2,0,0,2,1,0,0,40,
26,3,7,0,2,1,4,0,0,0,40,
31,6,10,0,10,1,4,1,0,0,40,
46,3,10,0,0,4,2,0,0,0,35,
49,3,10,4,3,4,4,0,0,0,40,
19,3,9,4,11,3,4,0,0,0,30,
45,4,10,2,4,0,4,1,0,0,50,
46,3,13,2,9,0,4,1,7688,0,45,
70,5,10,2,12,0,4,1,0,0,20,
19,3,10,4,0,3,4,0,0,0,20,
46,3,11,2,2,0,4,1,0,0,50,
20,3,10,4,13,3,4,1,0,0,35,
17,3,7,4,7,2,4,0,0,0,22,
43,3,10,2,3,0,4,1,0,0,49,
19,3,10,4,7,3,4,0,0,0,15,
37,3,9,2,2,0,4,1,0,0,40,
51,3,9,6,9,4,4,0,0,0,40,
40,1,13,2,9,0,4,1,0,0,40,
24,3,10,4,2,3,4,1,0,0,60,
31,3,12,2,9,0,4,1,0,0,40,
59,3,11,2,9,0,4,1,5178,0,50,
27,3,9,4,7,4,2,0,0,0,40,
40,3,13,2,9,0,4,1,15024,0,99,
30,5,9,2,2,0,4,1,0,0,40,
28,3,12,4,0,3,4,1,0,0,32,
25,3,9,4,2,3,2,1,0,0,50,
22,3,13,4,11,1,4,0,0,0,20,
21,6,10,4,3,3,4,1,0,0,40,
67,8,10,2,14,0,4,1,0,0,6,
35,4,13,4,3,1,4,0,0,0,60,
54,1,9,2,3,0,4,1,0,0,56,
36,3,9,2,6,0,4,1,0,0,40,
29,3,13,2,11,0,4,1,0,0,40,
32,0,9,4,3,4,4,0,0,1380,40,
55,3,9,0,13,1,4,1,0,0,40,
56,0,14,0,0,4,4,0,0,0,40,
19,3,10,4,7,3,2,1,0,0,25,
36,3,9,4,7,1,2,0,0,2001,40,
58,3,9,6,0,1,4,0,0,0,40,
35,3,9,0,0,4,4,0,0,0,40,
44,3,6,5,6,4,2,0,0,0,40,
40,4,9,2,3,0,4,1,0,0,40,
18,3,9,4,7,3,4,0,0,0,20,
71,5,9,2,4,0,0,1,0,0,35,
51,0,9,2,3,0,4,1,0,0,57,
27,8,9,4,14,3,2,1,0,0,40,
20,3,8,4,7,3,4,1,0,0,35,
33,8,7,4,14,1,4,0,0,0,40,
34,3,11,0,12,4,2,0,0,0,40,
28,3,11,2,7,0,4,1,0,0,40,
23,3,10,4,0,1,4,0,0,0,24,
36,3,10,2,2,0,4,1,3137,0,50,
42,3,15,0,9,1,4,0,0,0,39,
31,1,13,4,2,1,4,1,8614,0,40,
19,8,9,4,14,3,2,1,0,0,10,
38,1,14,0,9,1,2,1,0,0,40,
22,3,9,4,0,4,4,0,0,0,40,
36,3,11,0,0,4,2,0,0,0,54,
36,3,14,2,11,0,4,1,0,1977,50,
17,3,7,4,5,3,4,1,0,1719,18,
30,0,10,4,0,3,2,0,0,0,40,
35,5,5,2,2,0,4,1,2635,0,30,
32,3,14,4,3,1,4,1,14084,0,40,
42,3,13,2,3,0,4,1,7688,0,40,
54,3,10,4,3,1,4,0,0,0,45,
36,3,13,2,11,0,4,1,0,1887,35,
58,3,6,4,7,1,4,1,0,0,40,
39,3,11,2,7,0,4,1,0,0,40,
62,1,9,6,0,1,4,0,0,0,38,
51,3,9,0,9,4,4,1,0,0,40,
52,3,10,0,3,1,4,0,0,0,50,
25,3,9,4,11,3,4,0,0,0,30,
26,3,13,4,0,1,4,0,0,0,40,
26,3,6,2,2,3,2,1,0,0,40,
59,6,13,4,3,1,2,0,0,0,40,
21,3,9,4,4,2,4,1,0,0,50,
45,3,14,2,12,0,4,1,0,0,18,
26,3,9,2,2,0,4,1,0,0,36,
68,5,6,6,4,4,4,1,0,0,20,
60,3,9,2,7,0,4,1,0,0,40,
65,3,9,2,11,0,4,1,0,0,18,
41,3,14,0,3,4,4,0,0,0,45,
34,3,9,2,13,0,4,1,0,0,50,
28,3,9,2,0,0,2,1,0,0,40,
40,3,11,4,0,1,4,0,0,0,40,
57,3,14,2,9,0,4,1,0,0,60,
37,3,7,2,2,0,4,1,0,0,50,
34,3,6,0,6,1,2,1,0,0,60,
21,8,7,2,14,5,4,0,0,0,56,
57,0,13,2,12,0,4,1,0,0,48,
55,3,13,2,3,0,4,1,0,1887,40,
51,3,9,4,4,1,4,1,0,0,60,
56,3,13,2,0,0,4,1,0,0,40,
32,3,10,4,3,1,4,1,0,0,60,
18,3,10,4,11,3,4,1,0,0,15,
48,3,11,3,9,1,4,1,0,0,40,
46,3,13,2,9,0,4,1,0,0,40,
41,0,15,2,9,0,4,1,0,0,50,
33,3,9,2,13,0,4,1,0,0,20,
33,3,9,4,5,3,4,1,0,0,40,
47,3,3,3,6,2,4,1,0,0,40,
46,4,9,2,3,5,0,0,15024,0,40,
40,3,9,0,0,4,4,0,0,0,38,
42,3,9,2,6,0,4,1,0,0,40,
31,6,13,2,9,0,4,1,7298,0,55,
51,3,7,2,5,0,4,1,0,0,40,
44,3,10,0,0,4,4,0,0,0,57,
37,3,9,5,12,4,4,0,0,0,40,
25,3,7,4,6,3,2,0,0,0,40,
63,5,4,2,4,0,4,1,7688,0,60,
52,3,9,0,11,1,4,1,0,0,45,
42,1,10,0,12,1,4,0,3325,0,40,
28,3,9,4,0,1,4,0,0,0,40,
30,3,14,4,9,1,4,1,10520,0,40,
34,3,13,2,11,0,4,1,0,0,50,
37,0,12,2,3,5,4,0,0,0,40,
31,3,9,2,6,0,4,1,0,0,45,
35,3,10,0,11,1,4,0,0,0,35,
25,3,10,4,0,3,4,0,0,0,40,
38,3,9,0,3,1,4,1,0,0,40,
43,5,9,4,4,1,4,1,0,0,60,
22,3,10,4,2,2,1,0,0,0,40,
18,3,7,4,7,3,4,1,0,0,20,
26,3,9,4,0,1,4,0,0,0,40,
36,3,9,2,13,0,4,1,0,0,60,
43,3,9,0,11,1,4,1,0,0,20,
21,3,10,4,0,1,4,0,0,0,25,
62,0,10,6,10,1,4,0,0,0,40,
26,3,9,2,2,0,4,1,0,0,40,
54,5,13,2,3,0,4,1,0,0,40,
18,3,7,4,11,3,4,0,0,0,20,
65,5,9,2,11,0,4,1,0,0,55,
41,3,9,4,2,1,4,1,3325,0,50,
31,3,5,4,7,4,4,0,0,0,20,
56,3,5,0,11,4,4,0,0,0,40,
50,3,13,2,3,0,4,1,0,0,50,
22,3,13,4,0,3,4,0,0,0,35,
36,1,10,2,10,0,4,1,0,0,48,
48,3,16,2,9,0,1,1,0,0,40,
30,3,9,2,7,5,4,0,0,0,30,
35,3,10,2,12,0,4,1,0,0,45,
37,5,9,2,13,0,4,1,0,0,30,
32,8,9,2,14,0,4,1,0,0,5,
56,3,14,2,3,5,4,0,0,0,50,
29,8,9,4,14,1,4,1,0,0,35,
41,3,12,0,11,4,4,1,0,0,40,
38,6,9,4,7,1,4,1,0,0,40,
34,3,5,5,6,4,4,0,0,0,35,
54,6,8,4,7,3,4,1,4101,0,40,
36,8,11,0,14,3,4,1,0,0,50,
42,3,11,0,9,1,4,0,0,0,40,
33,3,9,2,4,0,4,1,0,0,50,
21,3,9,4,9,3,4,0,0,0,30,
69,1,6,2,13,0,4,1,0,0,10,
32,3,12,4,11,1,2,0,0,0,46,
50,3,9,2,2,0,4,1,0,0,40,
40,3,8,2,7,0,4,1,0,0,40,
45,3,9,0,7,1,4,0,0,0,40,
31,3,9,2,0,0,4,1,0,0,35,
24,3,13,2,9,5,4,0,0,0,40,
28,3,13,4,9,1,4,1,0,0,60,
21,3,12,4,7,3,4,0,0,0,5,
43,5,11,0,3,1,4,1,0,0,25,
22,3,9,4,11,1,4,0,0,0,25,
62,5,9,2,2,0,4,1,0,1740,40,
21,5,10,4,12,1,4,1,0,0,25,
37,3,10,2,13,0,4,1,0,0,45,
34,3,10,0,7,4,2,0,0,0,40,
74,5,13,2,3,0,4,1,0,1825,12,
43,3,10,0,6,4,2,0,0,0,38,
25,3,10,4,9,1,4,0,0,0,40,
43,3,7,2,5,0,4,1,0,0,40,
23,3,7,2,7,0,4,1,0,0,40,
33,3,9,5,6,4,2,0,0,0,40,
51,6,13,2,3,0,4,1,0,0,35,
64,3,13,4,11,4,4,0,0,0,40,
35,3,10,4,3,1,4,1,0,0,50,
69,5,6,3,4,1,4,1,3273,0,45,
32,3,13,2,3,0,4,1,0,0,48,
20,3,10,4,7,3,4,0,0,0,40,
66,4,9,2,13,0,4,1,0,0,50,
31,3,10,4,2,1,4,1,0,0,40,
22,3,10,4,7,3,4,0,0,0,24,
32,3,15,4,9,1,4,1,0,0,40,
23,3,12,4,11,3,4,0,0,0,40,
21,3,10,4,0,3,4,1,0,0,40,
36,3,9,2,7,5,1,0,0,0,2,
62,1,4,2,2,0,4,1,2829,0,40,
24,3,9,4,5,1,4,1,0,0,40,
45,3,10,2,13,0,4,1,7298,0,50,
27,3,7,2,5,0,4,1,3942,0,40,
38,3,15,2,9,0,4,1,0,2415,90,
20,8,10,4,14,3,4,0,0,0,5,
30,3,10,2,6,0,4,1,0,0,30,
17,8,6,4,14,3,4,1,0,0,20,
17,8,7,4,14,3,2,1,0,0,8,
21,5,11,2,4,0,4,1,0,0,40,
56,5,9,2,11,0,4,1,0,0,40,
59,1,14,6,9,4,4,0,4787,0,60,
37,5,10,0,3,4,4,0,0,0,40,
52,3,10,0,3,4,4,0,0,0,40,
50,0,10,2,3,0,4,1,0,0,40,
55,3,13,2,3,0,4,1,7298,0,60,
55,3,13,2,9,0,4,1,0,0,40,
45,8,9,0,14,1,4,0,0,0,40,
72,3,10,2,9,0,4,1,3471,0,20,
39,3,10,0,3,1,4,0,0,0,40,
28,3,8,0,6,1,4,0,0,0,40,
38,3,13,0,12,2,4,1,0,0,40,
44,3,10,5,2,1,4,1,0,1876,55,
51,5,9,4,11,1,4,1,0,0,40,
20,3,10,4,7,3,4,1,0,1719,36,
25,3,10,4,13,1,4,0,0,0,45,
52,3,10,0,11,2,4,0,0,0,20,
45,3,9,6,2,1,4,0,0,0,40,
17,3,7,4,0,3,4,0,0,0,12,
20,3,9,4,7,3,1,0,0,0,15,
64,1,14,2,9,0,4,1,0,0,25,
34,3,9,2,0,0,4,1,0,1485,40,
74,5,10,2,3,0,4,1,0,0,4,
58,0,7,0,2,1,2,0,14084,0,40,
44,3,14,2,9,0,4,1,0,0,40,
23,6,12,4,0,1,4,0,0,0,25,
23,3,9,4,5,3,4,1,0,0,50,
27,3,11,4,12,2,4,0,0,0,36,
34,3,13,2,11,0,4,1,0,0,45,
18,3,9,4,11,3,4,0,0,0,24,
33,3,7,4,11,4,2,0,0,0,17,
50,5,10,2,2,0,4,1,0,0,48,
47,3,9,0,11,1,4,1,0,0,50,
50,4,15,2,9,0,4,1,99999,0,55,
18,3,7,4,11,3,4,0,0,0,15,
49,1,15,2,9,5,4,0,0,1977,60,
34,3,10,2,5,0,4,1,0,0,50,
51,3,14,2,9,0,4,1,7688,0,45,
56,6,10,2,3,0,4,1,0,0,40,
64,3,9,6,0,4,4,0,0,0,8,
23,3,10,4,4,1,4,0,0,0,50,
33,3,10,2,13,0,4,1,0,0,40,
43,3,14,2,3,0,4,1,0,0,45,
60,0,9,0,3,1,4,1,10520,0,40,
57,6,8,0,7,4,4,0,0,0,40,
22,3,13,4,11,1,4,1,0,0,45,
23,3,13,4,6,3,4,1,0,0,40,
54,3,10,2,11,0,4,1,0,2415,50,
39,0,9,2,0,0,2,1,7688,0,52,
32,5,14,4,9,1,4,1,0,0,40,
20,3,10,4,12,3,4,1,0,0,15,
30,3,10,4,3,1,4,1,0,0,52,
56,5,9,2,4,0,4,1,0,0,45,
34,3,9,2,5,0,4,1,0,0,40,
32,3,9,4,2,4,4,1,0,0,40,
59,3,14,2,9,0,4,1,0,0,50,
19,3,10,4,9,3,4,1,0,0,11,
60,8,5,6,14,1,4,0,0,0,40,
29,3,9,2,5,0,4,1,0,0,42,
24,3,10,2,2,0,4,1,0,0,60,
41,6,14,0,9,1,4,1,0,0,35,
23,3,4,2,5,2,3,0,0,0,30,
32,3,9,2,11,0,4,1,0,1902,50,
51,4,9,4,11,2,4,1,0,0,40,
18,3,9,4,11,3,4,1,0,0,10,
28,3,10,4,3,3,4,0,0,0,40,
33,8,10,2,14,5,4,0,5178,0,40,
38,3,9,5,13,4,2,0,0,0,30,
29,3,13,4,9,1,4,1,0,0,50,
25,3,9,2,13,0,4,1,0,0,45,
31,3,15,4,12,1,4,1,0,0,55,
34,3,13,3,0,1,4,0,0,0,25,
34,3,9,2,3,0,4,1,0,1887,45,
66,6,9,2,3,0,4,1,0,1825,40,
41,3,3,2,5,0,4,1,0,0,40,
62,3,4,2,9,0,4,1,0,0,20,
58,3,9,2,2,0,2,1,0,0,40,
40,3,9,5,3,4,4,0,0,0,40,
24,3,13,4,3,3,1,0,0,0,40,
47,3,9,2,3,0,4,1,0,0,40,
19,3,9,4,7,3,2,1,0,0,25,
32,3,10,2,2,0,4,1,0,0,45,
51,6,10,0,0,1,4,0,0,0,40,
25,3,5,2,13,0,4,1,0,0,45,
60,8,14,2,14,0,4,1,0,0,40,
22,3,10,4,13,1,4,1,0,0,40,
29,3,13,2,3,5,4,0,0,0,50,
20,3,9,2,11,3,4,1,0,0,40,
42,3,4,0,2,4,4,1,0,0,40,
18,3,9,4,6,3,4,1,0,0,20,
23,3,6,2,6,3,1,0,0,0,40,
28,3,13,2,0,0,4,1,0,0,40,
55,3,13,0,9,1,4,0,0,0,40,
40,3,9,0,6,1,2,1,0,0,40,
52,3,10,0,11,1,4,1,0,0,50,
37,3,9,0,6,4,4,1,0,0,40,
21,3,10,4,11,3,4,0,0,1602,22,
35,3,11,4,7,1,4,1,0,0,60,
45,3,10,0,6,4,4,1,0,0,48,
39,3,9,0,0,4,2,0,0,0,40,
54,3,9,2,2,0,4,1,0,0,44,
42,3,4,0,11,1,4,0,0,0,40,
26,8,10,2,14,5,4,0,0,0,20,
59,4,12,2,2,0,4,1,0,0,40,
42,3,9,2,11,5,4,0,0,0,40,
22,3,10,4,10,3,2,0,0,0,20,
33,3,13,4,9,1,4,0,0,0,40,
39,3,10,2,6,0,4,1,0,0,40,
18,4,7,4,4,3,4,1,0,0,70,
46,3,10,2,11,0,2,1,0,0,60,
24,3,13,4,7,1,4,1,0,0,40,
28,3,11,2,5,5,4,0,0,0,30,
21,6,9,4,0,3,4,0,0,0,43,
22,3,7,4,2,3,4,1,0,0,30,
61,3,3,2,5,0,1,1,7298,0,40,
56,0,10,2,0,0,1,1,0,0,40,
21,3,10,4,11,3,4,0,0,0,20,
17,3,6,4,5,3,4,1,0,0,26,
29,3,10,2,5,0,4,1,0,0,40,
28,1,9,2,10,0,4,1,0,0,40,
62,3,9,6,0,1,4,0,0,0,38,
39,3,9,5,6,1,2,1,2176,0,40,
30,1,9,4,10,1,4,1,0,0,40,
20,8,7,4,14,4,4,1,0,0,40,
18,1,7,4,0,3,4,1,0,0,12,
54,3,9,4,5,3,4,1,0,0,40,
49,3,10,2,13,0,4,1,0,0,40,
33,6,16,2,9,0,1,1,0,0,50,
50,3,13,2,11,0,4,1,0,0,40,
57,3,9,2,7,0,4,1,0,0,78,
50,6,9,0,0,3,4,0,0,0,40,
45,3,13,2,3,0,4,1,0,0,40,
41,3,10,2,3,3,4,1,0,0,40,
23,3,9,2,6,0,4,1,0,0,48,
23,3,13,4,11,1,4,0,0,0,40,
47,3,9,2,0,5,4,0,0,0,40,
39,5,13,2,3,0,1,1,0,0,50,
29,3,11,2,6,0,4,1,0,1887,48,
46,3,9,2,6,0,2,1,0,0,40,
18,3,3,4,5,3,4,1,0,0,40,
68,3,4,2,2,0,4,1,0,0,40,
62,3,11,2,12,0,4,1,0,0,40,
43,3,12,2,12,0,4,1,0,0,40,
35,3,9,2,2,0,4,1,0,0,40,
21,3,9,4,0,3,4,0,0,0,40,
21,6,10,4,5,3,4,1,0,0,40,
41,1,11,0,2,4,4,0,0,0,45,
61,3,9,2,13,0,4,1,0,0,40,
24,3,9,4,2,1,4,1,0,0,50,
21,3,9,4,10,3,2,1,0,0,40,
36,6,3,2,7,0,4,1,0,0,40,
37,1,11,4,10,1,4,0,0,0,40,
69,3,8,2,13,0,4,1,9386,0,60,
49,0,10,0,3,1,4,0,0,0,50,
55,3,9,2,4,0,4,1,0,0,53,
21,3,9,2,6,0,4,1,0,0,40,
18,3,6,4,7,3,4,1,0,0,40,
26,3,9,2,9,1,2,1,0,0,40,
20,8,10,4,14,3,4,0,0,0,18,
46,3,9,2,4,0,4,1,4064,0,55,
23,3,6,4,2,1,4,1,0,0,40,
48,3,9,2,2,0,4,1,0,0,40,
36,3,9,2,2,0,4,1,0,1902,48,
42,6,14,0,9,1,4,1,0,0,40,
41,1,14,2,9,0,4,1,0,0,38,
45,3,12,6,11,4,4,0,0,0,40,
52,3,9,0,2,1,4,1,3325,0,40,
22,1,13,4,9,3,2,0,0,0,18,
20,3,10,4,6,1,4,0,2176,0,40,
27,3,9,5,6,1,4,1,0,0,43,
36,3,9,0,3,1,4,1,0,0,40,
34,3,9,2,13,0,0,1,0,0,52,
38,3,14,2,9,0,4,1,0,0,50,
20,8,10,4,14,3,4,0,0,0,40,
47,3,9,0,11,4,4,0,0,0,45,
21,3,9,2,2,0,4,1,0,0,50,
33,3,9,4,13,1,4,1,0,0,40,
31,1,12,4,10,4,4,1,0,0,40,
61,3,8,2,2,0,4,1,0,0,40,
46,3,6,2,5,0,2,1,0,0,45,
55,1,14,2,9,0,2,1,0,0,40,
19,6,10,4,9,3,4,1,0,0,40,
39,3,9,2,6,0,4,1,0,0,40,
61,3,9,2,7,0,4,1,0,0,40,
28,3,10,2,5,0,4,1,0,0,40,
28,3,6,2,13,0,4,1,0,0,40,
61,8,9,2,14,0,4,1,0,0,38,
61,3,9,2,2,0,4,1,0,0,37,
54,3,10,2,11,0,4,1,0,0,40,
50,4,10,2,6,0,4,1,0,0,70,
37,1,14,2,9,5,4,0,0,0,45,
17,8,7,4,14,3,4,0,0,0,30,
56,3,9,2,11,5,4,0,0,0,4,
31,3,13,0,3,1,4,0,0,0,50,
32,6,13,2,3,5,4,0,0,0,55,
28,3,7,0,7,4,4,0,0,0,40,
34,3,11,2,12,0,4,1,0,0,40,
33,3,6,4,7,3,4,0,0,0,25,
42,3,11,0,0,1,4,0,0,0,35,
64,3,11,2,2,0,4,1,0,0,48,
29,3,10,2,5,0,4,1,0,0,20,
41,8,3,2,14,0,4,1,0,0,32,
45,3,10,2,13,0,4,1,0,0,40,
48,3,14,2,9,0,4,1,0,0,45,
44,3,10,5,12,1,4,0,0,0,38,
34,0,10,4,0,1,4,1,0,0,40,
40,3,9,4,6,1,4,1,0,0,45,
45,3,9,2,2,0,4,1,0,2051,40,
23,3,10,4,7,3,4,0,0,0,20,
51,3,13,2,9,0,4,1,0,0,55,
24,3,9,2,2,0,4,1,2885,0,50,
57,3,13,6,9,4,4,1,10520,0,40,
23,3,10,4,0,1,4,0,0,1721,40,
34,3,10,2,4,0,4,1,0,0,40,
36,3,9,0,6,1,4,1,4101,0,40,
56,4,15,2,9,0,4,1,0,0,32,
42,3,9,0,3,4,4,0,0,0,40,
45,4,13,2,3,0,4,1,0,0,60,
38,3,13,2,9,0,4,1,15024,0,70,
29,1,11,2,10,0,4,1,7688,0,40,
54,3,13,0,9,1,4,1,0,1340,40,
40,3,9,2,6,0,4,1,0,0,40,
29,3,9,2,13,0,4,1,0,0,40,
35,0,13,4,3,3,4,1,0,0,40,
47,3,9,5,3,4,4,0,0,0,37,
51,3,11,4,3,1,4,0,0,0,43,
28,3,9,4,7,2,4,1,0,0,40,
58,3,9,2,6,0,4,1,0,0,45,
24,3,9,4,6,3,4,0,0,0,25,
46,6,9,0,3,1,4,1,0,0,40,
57,3,6,2,6,0,2,1,0,0,48,
22,3,9,4,5,2,4,1,0,0,20,
28,3,13,4,12,1,2,1,0,0,30,
17,8,6,4,14,3,4,1,0,0,25,
23,3,9,4,11,3,4,1,0,0,60,
19,3,9,4,5,1,4,1,0,0,40,
66,6,9,6,9,4,2,0,0,0,35,
38,3,10,2,3,0,4,1,0,0,55,
39,0,10,0,3,4,2,0,0,0,40,
39,8,8,2,14,0,4,1,0,0,40,
47,3,9,2,6,0,4,1,5178,0,40,
39,3,9,0,13,3,4,1,0,0,60,
22,3,10,4,13,3,4,1,0,0,40,
36,3,9,4,2,3,2,1,0,0,30,
32,3,10,2,6,0,1,1,0,0,40,
29,8,9,4,14,1,4,1,0,0,40,
43,1,13,4,9,1,4,1,0,0,40,
51,3,9,2,2,0,4,1,0,0,40,
42,3,3,2,2,0,4,1,0,0,60,
32,6,8,4,0,4,4,0,0,0,40,
34,3,10,4,0,3,4,1,0,0,40,
51,3,11,2,2,0,4,1,0,0,57,
38,3,13,2,11,0,4,1,0,0,44,
21,3,9,4,5,3,2,1,0,0,20,
33,5,13,4,7,1,4,0,0,0,15,
34,3,9,2,2,0,4,1,0,0,40,
32,3,9,2,3,0,4,1,0,0,40,
38,8,11,4,14,3,4,1,0,0,15,
27,5,9,2,7,0,2,1,0,0,60,
35,4,10,2,11,0,4,1,0,0,50,
29,6,13,4,9,1,4,1,0,0,50,
40,3,9,2,2,0,4,1,0,0,40,
46,3,4,2,4,0,2,1,0,0,30,
37,3,9,4,7,4,2,0,0,0,30,
38,5,9,2,2,0,4,1,3411,0,25,
37,3,10,2,3,0,2,1,0,1887,60,
44,3,13,2,9,0,4,1,0,0,45,
25,3,14,4,9,1,4,1,0,0,30,
38,3,9,4,11,4,4,1,0,0,42,
34,1,12,0,0,4,4,0,0,0,10,
50,5,9,2,11,0,4,1,0,1902,60,
46,3,10,2,3,0,4,1,0,0,50,
20,3,3,4,5,4,4,1,0,0,30,
47,6,11,2,3,0,4,1,0,0,38,
46,3,16,2,9,0,4,1,0,0,60,
34,3,12,0,11,1,4,1,0,0,40,
61,3,9,2,13,0,4,1,0,0,40,
55,6,10,0,9,1,2,0,0,0,37,
36,3,9,4,13,1,4,1,0,0,35,
28,3,10,4,3,1,4,0,10520,0,40,
22,3,9,4,7,1,4,1,0,0,40,
34,3,10,4,11,3,2,0,0,0,35,
33,3,10,4,6,1,2,1,0,0,40,
27,3,9,4,7,3,4,0,0,0,32,
43,0,14,2,5,0,4,1,5013,0,12,
55,3,6,2,2,0,4,1,99999,0,40,
39,5,6,3,7,1,4,0,0,1721,15,
20,3,10,4,7,3,4,1,0,0,33,
38,3,9,4,5,1,2,1,0,0,40,
30,3,10,4,2,1,4,1,0,0,40,
21,3,7,4,7,3,4,1,0,0,42,
60,3,9,2,9,0,4,1,0,0,30,
43,3,10,4,5,1,4,1,0,0,40,
36,3,9,2,2,0,4,1,0,0,45,
23,3,10,4,7,4,4,0,0,0,48,
57,1,10,2,5,0,2,1,7298,0,40,
25,1,9,4,5,2,2,1,0,0,40,
38,3,9,0,7,4,2,0,0,0,32,
22,3,9,2,2,0,4,1,0,0,35,
23,3,3,4,2,1,4,1,0,0,40,
61,5,9,4,11,1,4,0,0,0,44,
28,3,10,0,2,1,4,1,0,0,46,
17,8,7,4,14,3,4,0,0,0,10,
21,3,10,4,7,3,4,0,0,0,25,
49,3,14,2,9,0,4,1,0,0,40,
37,3,8,0,2,3,4,1,0,0,35,
23,3,10,4,7,3,4,0,0,0,40,
38,5,10,2,9,0,4,1,3137,0,50,
34,1,13,2,9,5,4,0,0,0,46,
21,3,9,4,6,3,4,0,0,0,40,
27,6,10,2,3,0,2,1,0,0,40,
57,3,9,2,2,0,4,1,0,0,84,
22,3,9,4,5,3,2,1,0,0,25,
20,3,10,4,0,1,3,0,0,0,35,
49,4,10,2,9,5,4,0,0,0,65,
38,3,9,2,2,0,4,1,0,0,40,
40,3,13,2,12,0,4,1,0,0,40,
44,3,9,2,2,0,2,1,0,1485,40,
37,5,10,2,0,5,4,0,0,0,20,
57,3,14,0,9,1,4,1,0,0,30,
56,3,4,4,7,3,4,0,0,0,30,
41,3,12,0,9,1,4,1,0,0,80,
50,5,9,2,7,0,1,1,0,0,60,
33,3,5,4,6,1,4,1,0,0,50,
29,3,14,2,11,0,4,1,0,0,20,
28,0,13,2,3,0,4,1,5178,0,40,
35,3,6,2,6,0,4,1,0,0,50,
36,3,9,0,2,4,4,1,0,0,40,
45,3,16,0,9,4,2,0,0,3004,35,
30,5,12,4,2,3,4,1,0,0,40,
35,4,9,2,7,0,4,1,0,0,60,
27,3,11,2,11,0,4,1,0,0,40,
22,3,9,4,3,1,4,1,0,0,40,
24,3,10,4,5,3,4,1,0,0,30,
47,3,13,2,9,0,4,1,0,0,50,
47,3,10,2,3,0,4,1,0,0,40,
18,3,7,4,7,3,4,0,0,0,15,
18,3,10,4,0,3,4,1,0,0,30,
31,1,9,0,10,1,4,1,0,0,47,
43,5,14,0,7,4,4,0,0,0,30,
45,3,9,2,13,0,3,1,4064,0,40,
39,3,9,2,13,0,4,1,0,0,40,
30,3,13,4,0,1,4,1,0,0,50,
22,3,10,4,0,1,4,0,0,0,35,
30,5,9,2,4,0,4,1,0,0,85,
36,3,16,2,9,0,4,1,0,0,60,
20,6,12,4,9,1,4,1,0,0,30,
61,8,2,2,14,0,4,1,3942,0,20,
27,3,9,2,13,0,4,1,0,1902,45,
59,1,10,2,3,0,4,1,0,0,60,
60,3,9,2,2,0,4,1,0,0,40,
43,3,13,0,3,1,4,0,0,0,40,
35,3,9,0,13,1,4,1,0,0,60,
40,3,13,2,0,0,4,1,0,0,50,
20,3,7,2,5,2,4,1,2961,0,35,
47,3,14,2,3,0,4,1,0,0,40,
40,3,12,0,9,1,4,1,0,0,50,
20,3,9,4,6,3,4,1,0,0,40,
75,8,10,2,14,0,4,1,0,0,13,
25,3,10,4,0,3,4,0,0,0,40,
47,3,11,2,9,0,4,1,0,0,40,
29,5,12,6,11,4,4,0,0,0,40,
34,3,9,2,13,0,4,1,0,0,45,
45,6,13,5,9,1,4,0,0,0,40,
23,3,10,4,5,3,4,1,2597,0,50,
46,3,12,6,0,4,4,0,0,0,40,
41,6,10,0,6,1,2,0,0,0,38,
29,3,13,2,9,0,4,1,0,0,40,
17,3,7,4,5,3,0,1,0,0,20,
39,3,5,2,2,0,4,1,0,0,40,
37,3,9,4,6,4,2,0,0,0,40,
34,3,9,2,6,0,2,1,0,0,40,
20,3,9,4,2,1,4,1,0,0,40,
18,8,9,4,14,3,1,0,0,1602,38,
52,3,11,2,2,0,4,1,0,0,40,
42,1,12,2,9,5,0,0,0,0,40,
22,3,3,2,2,0,4,1,0,0,35,
66,6,10,0,3,1,4,0,0,0,55,
35,3,9,2,13,0,4,1,0,0,65,
40,1,12,4,9,1,4,1,0,0,40,
21,3,9,0,11,4,0,0,0,0,38,
51,1,9,0,10,4,4,1,0,0,52,
34,3,6,2,2,0,4,1,0,0,40,
24,3,9,2,2,0,4,1,0,0,40,
43,3,13,3,0,4,4,0,0,0,40,
34,3,13,2,3,5,4,0,0,0,40,
42,1,14,4,9,4,4,0,0,0,40,
41,3,11,4,2,1,4,1,0,0,30,
21,3,9,4,13,3,4,0,0,0,40,
64,1,4,2,10,0,4,1,0,0,10,
24,0,9,4,0,1,4,0,0,1974,40,
23,3,10,4,5,3,4,1,0,0,10,
29,3,9,2,11,0,4,1,0,0,50,
44,5,9,0,3,4,4,0,0,0,60,
28,3,13,2,9,0,4,1,0,0,55,
33,4,9,2,11,0,4,1,0,0,50,
35,3,10,2,2,0,4,1,0,0,40,
41,3,6,3,2,1,4,0,0,0,40,
42,3,13,2,11,0,2,1,0,0,40,
51,5,10,2,3,0,4,1,0,0,99,
32,3,7,4,7,4,2,0,0,0,40,
37,3,9,4,2,3,4,1,0,0,40,
18,3,7,4,11,3,4,0,0,0,25,
24,3,11,4,7,3,4,0,0,0,35,
29,8,10,0,14,4,4,0,0,0,40,
45,3,10,2,0,0,4,1,0,0,40,
52,0,13,2,3,0,4,1,0,0,45,
35,3,9,4,7,1,4,0,0,0,40,
46,4,13,0,3,1,4,0,0,0,50,
63,3,9,6,3,4,4,1,0,0,50,
32,1,13,2,9,5,4,0,0,0,35,
24,3,9,4,7,3,4,0,594,0,15,
72,8,10,2,14,0,4,1,0,0,32,
35,8,10,4,14,4,4,1,0,0,10,
29,3,13,4,0,1,4,0,0,0,40,
35,3,13,2,3,0,4,1,7688,0,50,
70,3,6,2,5,0,4,1,0,0,32,
65,8,13,2,14,0,4,1,5556,0,48,
36,3,9,4,6,1,4,0,0,0,30,
53,3,9,2,7,0,2,1,4386,0,30,
49,1,9,2,13,0,4,1,0,0,40,
60,3,15,2,3,0,4,1,0,1902,40,
18,3,7,4,5,3,4,1,0,0,40,
21,3,10,4,7,3,4,1,0,0,35,
42,3,6,4,13,1,2,1,0,0,40,
25,6,14,4,9,1,4,0,0,0,37,
32,3,9,2,2,0,4,1,0,0,40,
25,4,9,2,11,0,4,1,0,0,60,
47,3,13,2,0,0,4,1,7298,0,40,
30,3,11,4,9,1,4,0,0,0,40,
21,8,12,4,14,3,4,0,0,0,40,
38,5,13,2,4,0,4,1,0,0,60,
34,3,9,2,13,0,4,1,0,2051,55,
37,3,12,4,7,1,4,0,0,0,30,
56,3,9,2,3,5,4,0,0,0,40,
52,6,11,2,3,0,4,1,0,0,40,
23,3,13,4,9,3,4,1,0,0,40,
29,6,9,2,10,0,4,1,0,0,42,
45,3,9,2,2,0,4,1,0,0,40,
23,1,13,4,9,1,4,0,0,0,40,
45,3,14,2,3,0,4,1,0,0,65,
30,3,13,4,3,1,4,1,0,0,42,
45,3,13,2,11,0,4,1,0,0,50,
26,3,9,2,6,0,4,1,0,0,40,
23,3,10,2,6,0,4,1,0,0,40,
24,3,10,4,7,3,4,0,0,0,40,
43,3,14,6,3,4,4,1,4934,0,40,
42,3,9,0,5,4,4,1,0,0,40,
72,3,10,6,0,1,4,0,0,0,25,
21,8,10,4,14,3,4,0,0,0,40,
57,3,13,2,3,0,4,1,15024,0,60,
24,3,13,2,11,0,4,1,0,0,45,
27,3,9,2,5,0,4,1,0,0,40,
54,3,9,2,11,0,4,1,0,0,40,
42,1,9,2,3,0,4,1,0,0,60,
17,3,5,4,7,3,2,1,0,0,40,
48,3,13,2,3,0,4,1,0,0,55,
39,3,13,0,11,1,4,0,0,0,40,
41,4,13,2,3,0,4,1,7688,0,70,
50,3,4,2,7,5,4,0,0,0,35,
57,3,9,0,13,1,4,1,0,0,45,
44,1,16,2,9,0,4,1,0,0,36,
20,8,9,4,14,1,4,0,0,0,28,
49,3,9,2,11,0,4,1,0,0,40,
44,3,12,4,9,4,2,0,1151,0,50,
42,3,11,4,2,1,4,1,0,0,44,
18,8,10,4,14,3,4,1,0,0,16,
18,3,8,4,7,3,4,1,0,0,18,
51,3,9,6,12,4,2,0,0,0,40,
28,3,13,4,9,1,4,0,0,0,40,
39,3,12,2,3,5,4,0,15024,0,45,
25,3,9,2,11,0,4,1,0,0,52,
41,3,15,2,9,0,4,1,0,1977,50,
39,3,10,2,11,0,4,1,0,0,40,
42,5,7,5,7,4,4,0,0,0,30,
33,3,9,4,0,1,4,0,0,1617,40,
63,8,6,2,14,0,4,1,0,0,40,
47,3,10,0,11,4,4,0,0,0,45,
27,1,13,2,10,0,4,1,0,0,68,
39,3,14,2,3,0,4,1,0,1848,45,
20,3,10,4,4,3,4,1,0,0,40,
49,3,9,4,7,1,4,0,0,0,40,
70,8,9,2,14,0,4,1,0,0,28,
46,3,9,2,5,0,4,1,0,1740,35,
47,3,9,2,11,0,4,1,0,0,30,
35,3,5,4,2,1,4,1,0,0,40,
24,3,9,4,5,1,4,1,0,0,40,
22,8,10,4,14,1,4,1,0,0,40,
43,3,13,0,7,1,4,0,0,0,35,
60,1,14,2,9,0,4,1,0,0,40,
53,3,7,2,6,0,4,1,0,0,48,
47,3,10,0,3,4,4,0,0,0,40,
34,3,10,2,5,0,4,1,0,0,40,
37,3,11,4,7,1,4,1,0,0,40,
35,3,9,4,7,3,4,1,0,0,30,
23,3,10,4,3,1,4,0,0,0,40,
27,8,9,2,14,3,4,0,0,0,15,
29,3,9,4,13,2,4,1,0,0,50,
23,3,10,4,2,1,4,1,0,0,40,
35,3,9,0,7,1,4,0,0,0,35,
18,8,9,4,14,3,4,0,0,0,12,
27,1,13,4,9,1,4,0,0,0,40,
56,8,10,0,14,1,4,0,0,0,20,
40,3,9,4,0,1,4,0,0,0,70,
31,3,13,2,11,0,4,1,0,0,65,
18,3,10,4,11,4,4,1,2176,0,40,
25,3,12,4,9,1,4,0,0,0,40,
36,3,10,4,10,4,2,0,0,0,40,
38,3,6,0,2,1,4,1,0,0,40,
52,3,9,6,2,1,4,1,0,0,40,
23,3,9,4,7,4,4,1,0,0,35,
48,5,10,2,3,0,4,1,0,0,30,
34,8,9,4,14,4,2,0,0,0,35,
46,3,9,2,0,0,4,1,0,0,40,
26,3,9,3,10,1,4,1,0,0,40,
47,3,9,2,6,0,4,1,0,0,40,
21,8,10,4,14,3,4,0,0,0,3,
65,3,13,0,9,1,4,1,6723,0,40,
31,1,9,2,13,0,2,1,0,0,40,
38,3,9,2,3,5,4,0,7688,0,40,
68,3,9,2,3,0,4,1,0,0,40,
26,3,13,4,0,2,1,0,0,0,40,
42,3,9,0,7,1,4,1,0,0,40,
49,3,9,2,2,0,4,1,0,0,40,
42,3,13,2,0,5,1,0,0,1887,40,
39,3,14,2,3,0,4,1,7688,0,65,
31,5,5,2,2,0,4,1,0,0,40,
28,6,13,2,9,0,4,1,0,0,20,
36,3,13,0,9,1,4,0,0,0,50,
42,6,10,2,3,5,4,0,0,0,40,
62,3,9,2,6,0,4,1,0,0,40,
21,3,9,4,4,3,4,1,0,0,24,
21,3,10,4,0,3,3,0,0,0,20,
60,8,9,2,14,0,4,1,0,0,40,
22,3,10,4,7,3,4,0,0,0,25,
30,3,6,2,2,0,4,1,0,0,40,
64,3,9,6,0,1,4,0,0,0,40,
28,3,13,2,3,5,4,0,15024,0,28,
41,5,12,2,2,0,4,1,0,1887,40,
25,3,9,4,2,2,4,1,0,0,40,
27,3,9,2,4,0,4,1,0,0,40,
40,3,12,2,12,0,4,1,0,0,44,
58,3,10,2,3,0,4,1,0,0,40,
31,3,15,4,9,1,4,0,0,0,99,
50,1,9,6,13,4,4,0,0,0,40,
27,3,9,5,5,4,4,1,0,0,40,
31,8,9,4,14,3,0,1,0,0,40,
50,3,13,2,11,0,4,1,0,0,40,
45,3,9,2,10,0,2,1,0,0,40,
33,3,8,4,10,3,2,1,0,0,40,
62,3,10,0,0,1,4,1,0,1974,40,
38,3,9,2,2,0,4,1,0,2051,40,
19,3,10,4,7,3,4,0,0,0,35,
30,3,7,2,7,5,2,0,0,0,30,
38,3,10,0,11,3,4,0,0,0,25,
42,5,9,2,4,0,4,1,0,0,99,
49,4,10,0,11,1,4,1,0,0,25,
53,3,14,2,3,0,4,1,0,1902,50,
45,1,10,2,2,0,4,1,0,1887,40,
24,3,10,4,0,3,2,0,0,0,40,
29,3,11,4,0,3,4,0,0,0,35,
24,3,10,4,11,3,4,0,5060,0,30,
38,0,13,2,9,0,4,1,0,0,40,
25,4,11,4,13,4,4,1,0,0,55,
51,6,6,2,2,0,0,1,0,0,40,
17,8,7,4,14,3,4,0,0,0,20,
19,3,10,4,0,3,4,0,0,0,8,
38,3,10,2,2,0,4,1,0,0,52,
60,3,9,0,7,1,4,0,0,0,40,
29,5,9,4,11,1,4,1,0,0,40,
66,8,10,6,14,4,2,0,0,4356,40,
28,0,6,2,7,5,0,0,0,0,40,
36,3,9,2,9,0,4,1,0,0,45,
57,8,9,2,14,0,3,1,0,0,5,
24,3,12,4,2,3,4,1,0,0,40,
43,3,12,4,0,1,4,0,0,0,38,
29,4,15,2,9,0,4,1,0,0,55,
67,5,15,2,9,0,4,1,20051,0,25,
20,3,9,4,10,3,4,1,0,0,40,
21,3,10,4,7,3,1,1,0,0,20,
20,3,6,4,5,3,4,1,0,0,40,
42,3,12,2,3,0,4,1,0,0,60,
20,3,10,4,7,3,4,0,0,0,10,
19,1,9,4,0,3,4,1,0,0,35,
34,3,9,2,2,0,4,1,0,0,45,
40,1,13,4,9,4,4,0,0,0,45,
33,3,10,5,7,4,2,0,0,0,25,
36,3,10,0,2,1,4,0,0,0,37,
43,3,12,0,2,1,4,1,0,2444,70,
41,1,9,5,7,4,2,0,0,0,40,
34,6,9,2,12,0,4,1,0,0,40,
33,3,12,2,11,0,3,1,0,0,40,
47,3,9,2,6,0,4,1,0,0,40,
41,3,2,2,11,0,4,1,0,0,50,
40,3,9,3,2,1,4,1,0,0,40,
28,3,13,4,2,3,2,1,0,0,40,
62,5,9,2,11,0,4,1,0,0,90,
29,3,9,0,0,4,4,0,0,0,50,
46,3,10,0,0,1,4,0,0,0,40,
28,3,9,4,7,1,4,1,0,0,60,
57,0,9,0,0,1,4,0,0,0,40,
22,3,10,4,11,3,4,0,0,0,40,
28,1,12,4,0,1,4,0,0,0,40,
24,3,13,4,0,1,4,0,0,0,45,
54,5,13,0,4,1,4,1,27828,0,50,
22,3,7,5,2,1,4,1,0,0,40,
36,6,13,4,10,4,2,0,0,0,40,
50,3,10,0,0,4,4,0,0,0,40,
18,3,7,4,5,3,4,1,0,0,24,
52,6,12,2,11,0,4,1,0,0,40,
41,3,4,2,7,0,4,1,0,0,40,
21,8,9,4,14,1,4,0,0,0,20,
36,3,13,4,11,1,4,0,0,1741,40,
34,5,13,4,9,1,4,0,0,0,55,
21,3,11,4,2,3,4,1,0,0,40,
46,3,9,4,3,1,4,1,0,0,40,
57,8,10,2,14,0,4,1,0,0,40,
61,1,14,4,9,4,4,0,0,0,25,
22,6,10,4,13,3,4,1,0,0,25,
33,8,7,0,14,3,4,1,0,0,53,
36,6,15,2,9,5,4,0,15024,0,50,
43,1,14,0,9,4,4,0,914,0,40,
25,3,12,2,0,5,1,0,0,0,37,
17,3,6,4,8,2,4,1,0,0,30,
45,3,11,2,2,0,4,1,4386,0,38,
30,3,15,4,9,1,4,1,0,1590,80,
40,3,14,4,9,1,4,1,0,0,35,
31,1,14,4,3,1,4,1,0,0,45,
42,3,13,2,3,0,4,1,0,0,40,
53,3,9,2,2,0,4,1,0,0,40,
37,3,2,2,13,0,4,1,0,0,40,
37,6,9,3,7,4,4,0,0,0,20,
54,3,10,2,11,5,4,0,0,0,40,
36,3,9,0,7,3,4,0,0,0,30,
46,3,13,2,11,0,4,1,0,0,48,
32,3,5,2,13,0,4,1,0,0,50,
17,3,7,4,2,3,4,1,594,0,40,
42,6,13,0,9,1,2,1,0,0,40,
37,1,9,4,2,1,4,1,0,0,40,
29,3,9,2,6,0,4,1,0,0,48,
54,3,13,2,3,0,4,1,0,0,40,
38,3,8,2,2,0,4,1,0,0,48,
46,1,9,2,13,0,4,1,0,0,40,
24,3,9,2,5,0,4,1,0,0,40,
57,3,2,2,5,0,4,1,0,0,40,
59,3,2,2,6,0,4,1,0,0,40,
33,3,13,2,3,0,4,1,0,0,40,
35,3,9,0,7,4,2,0,0,1594,40,
53,3,9,2,6,0,4,1,2829,0,40,
26,3,9,4,6,2,4,1,0,0,40,
55,5,14,2,11,0,4,1,2228,0,50,
46,3,9,5,7,1,2,0,0,0,45,
44,6,13,2,9,0,0,1,0,0,38,
30,5,11,2,11,0,4,1,3137,0,60,
24,3,10,4,5,3,4,1,0,0,24,
32,3,6,3,7,1,2,0,0,0,37,
35,3,13,4,11,1,4,0,0,0,40,
67,3,14,2,11,0,4,1,0,0,30,
56,5,13,2,3,0,4,1,0,0,20,
26,3,14,4,9,1,1,1,0,0,20,
46,3,12,6,12,4,4,0,6497,0,40,
52,3,9,2,2,0,4,1,0,0,48,
38,5,10,0,2,1,4,1,0,0,40,
31,3,9,0,11,4,2,1,0,0,50,
53,3,9,5,13,1,4,1,0,0,30,
27,3,9,4,5,1,2,1,0,0,40,
39,3,13,4,0,1,4,0,0,0,40,
22,3,9,4,6,3,4,1,0,0,40,
37,3,10,2,2,0,4,1,0,0,35,
20,3,9,4,0,3,4,1,0,0,30,
60,1,9,2,10,0,4,1,0,0,40,
51,3,11,0,12,4,2,0,0,0,48,
57,0,15,0,9,1,4,0,0,0,50,
59,3,10,2,2,0,4,1,0,0,40,
37,3,9,2,2,0,4,1,0,0,40,
35,3,9,2,5,5,4,0,0,0,40,
43,3,10,2,11,0,4,1,0,0,72,
17,3,8,4,7,3,4,1,0,0,35,
45,3,13,2,9,0,4,1,0,0,50,
18,3,9,4,11,3,4,0,0,0,40,
52,3,8,5,6,2,4,0,0,0,40,
18,3,10,4,5,3,4,1,0,0,9,
20,3,10,4,5,3,2,1,0,0,40,
34,3,9,4,12,1,4,1,0,0,40,
19,3,9,4,6,3,2,0,0,0,20,
18,8,8,4,14,3,4,0,0,0,12,
17,1,5,4,7,3,4,1,0,0,45,
30,0,13,4,0,1,4,0,0,0,35,
29,3,13,4,2,1,4,0,0,0,45,
30,3,10,0,3,1,4,1,8614,0,50,
18,3,5,4,7,3,4,1,0,0,15,
50,6,13,0,0,1,2,0,0,0,37,
22,3,9,4,11,2,4,1,0,0,40,
21,3,9,4,0,3,4,0,0,0,35,
39,5,5,2,4,2,4,1,0,0,40,
20,3,10,4,7,2,4,0,4416,0,25,
62,3,12,6,7,1,4,0,0,0,7,
32,3,10,0,3,1,4,0,0,0,38,
38,3,12,2,12,0,4,1,0,0,40,
32,3,10,5,12,4,2,0,3887,0,40,
55,3,13,2,0,5,4,0,3464,0,40,
38,3,14,2,3,0,4,1,99999,0,70,
34,3,7,4,7,1,4,1,0,0,30,
28,3,9,4,7,3,4,1,0,0,20,
26,3,10,4,11,1,4,0,0,0,37,
41,3,9,2,11,0,4,1,0,0,40,
61,6,16,2,9,0,4,1,0,1902,40,
75,5,9,2,4,0,4,1,3456,0,40,
21,3,11,2,7,2,4,0,0,0,50,
50,3,9,2,5,0,4,1,0,0,40,
49,4,10,2,3,0,4,1,0,0,60,
26,3,9,2,13,0,4,1,0,0,65,
39,3,4,4,7,3,4,1,0,0,40,
24,5,10,4,9,1,1,1,0,0,40,
56,3,9,2,5,0,4,1,0,0,18,
17,3,7,4,7,3,2,1,0,0,17,
37,3,9,2,2,0,4,1,0,0,52,
23,3,11,2,6,3,4,0,0,0,30,
28,8,9,4,14,1,2,0,0,0,40,
57,5,9,2,4,0,4,1,0,0,60,
42,1,13,2,0,0,4,1,0,0,45,
25,3,13,0,11,1,4,0,0,0,40,
22,3,13,4,4,1,4,1,0,0,20,
39,3,9,2,2,0,2,1,0,0,40,
54,3,7,2,7,5,2,0,0,0,40,
41,4,13,0,3,1,4,1,0,0,50,
43,0,9,2,3,0,0,1,0,0,40,
19,3,9,4,2,1,4,0,0,0,40,
35,3,10,2,9,0,4,1,0,0,40,
34,3,9,2,9,0,4,1,0,0,60,
19,3,9,5,0,4,4,0,0,0,30,
33,3,10,0,3,4,4,0,0,0,40,
33,3,10,4,9,1,4,1,0,0,52,
49,3,14,2,3,0,4,1,0,0,65,
31,3,9,0,0,4,4,0,0,0,50,
69,8,9,2,14,0,4,1,0,0,13,
41,3,11,2,11,0,4,1,4386,0,60,
24,3,9,5,6,4,3,0,0,0,40,
45,6,9,0,3,4,4,0,0,0,38,
63,3,13,2,9,0,4,1,15024,0,45,
75,3,10,2,13,0,4,1,0,0,16,
34,3,9,4,6,4,2,1,0,0,40,
69,3,13,2,3,0,2,1,9386,0,50,
33,3,14,4,9,1,4,0,0,0,40,
44,3,9,4,0,1,4,0,0,0,43,
45,3,13,2,2,0,4,1,3103,0,40,
18,3,7,4,11,3,4,0,0,0,20,
48,3,9,0,11,1,4,0,0,0,52,
43,3,9,2,2,0,4,1,0,0,40,
26,3,9,2,2,0,2,1,0,1848,60,
35,3,9,4,2,4,4,1,0,0,50,
34,3,10,4,0,4,2,0,0,0,40,
48,3,9,2,0,0,4,1,0,0,70,
54,1,9,6,7,4,2,0,0,0,40,
57,3,9,2,11,0,4,1,0,0,40,
21,3,9,4,6,3,4,1,0,0,60,
28,3,10,2,3,0,0,1,0,0,55,
51,3,11,2,2,0,4,1,0,0,40,
34,1,9,2,10,0,4,1,0,0,53,
41,1,10,2,10,0,4,1,0,0,45,
21,3,10,4,0,1,4,0,0,0,27,
26,3,13,2,9,0,4,1,0,0,58,
66,3,9,4,0,1,1,0,0,0,40,
40,3,16,2,9,0,1,1,0,1977,45,
48,3,12,0,0,4,4,0,0,0,40,
44,8,13,0,14,1,4,1,0,0,50,
41,3,9,2,6,0,4,1,0,0,40,
41,3,13,2,10,0,4,1,15024,0,60,
55,1,12,2,9,0,1,1,0,0,40,
43,3,13,0,11,1,4,1,0,0,40,
51,3,11,2,7,0,4,1,0,0,50,
31,3,7,2,2,0,4,1,0,0,40,
30,5,13,3,2,1,4,1,6849,0,60,
51,3,9,2,0,5,4,0,0,0,40,
31,1,9,0,7,4,0,1,0,0,40,
18,3,10,4,7,3,4,1,0,0,37,
60,3,9,0,3,1,4,0,0,1092,40,
29,3,9,4,3,1,1,0,0,0,40,
33,3,9,4,13,1,4,1,0,0,40,
34,3,3,2,4,0,4,1,0,0,40,
40,4,14,4,7,3,4,1,0,0,99,
57,3,10,0,7,1,4,0,0,0,38,
55,1,13,2,9,5,4,0,0,0,60,
40,5,12,2,3,0,4,1,0,0,60,
26,6,13,4,3,1,4,0,0,0,35,
29,3,10,2,0,0,0,1,0,0,40,
30,3,13,2,0,5,4,0,0,0,40,
29,3,14,4,11,1,4,1,0,0,50,
43,3,10,2,13,0,4,1,0,0,50,
65,3,7,6,0,1,4,0,0,0,8,
19,3,10,4,11,3,1,1,0,0,35,
35,3,9,2,11,0,1,1,0,1887,50,
28,3,9,2,13,0,4,1,0,0,40,
34,3,9,2,3,0,4,1,0,0,40,
61,3,11,2,2,0,4,1,0,1887,60,
63,1,9,2,3,5,4,0,0,0,32,
47,6,13,2,3,0,4,1,0,0,40,
31,3,10,0,2,1,4,1,0,0,40,
18,3,10,4,13,3,4,1,2907,0,30,
29,3,13,2,11,0,4,1,0,0,45,
59,3,9,2,2,0,4,1,0,0,40,
50,3,14,0,3,1,4,1,0,0,62,
49,3,4,2,13,0,4,1,2407,0,50,
60,3,13,2,3,0,4,1,0,0,45,
35,5,14,2,11,0,4,1,0,0,40,
48,0,9,0,5,1,4,1,0,0,40,
21,8,10,4,14,3,4,1,0,0,40,
41,3,9,5,5,1,2,1,0,0,40,
56,3,10,2,2,0,4,1,0,0,50,
26,3,8,4,7,4,2,1,0,0,40,
53,3,9,0,0,4,4,0,0,0,40,
23,3,9,4,5,1,2,1,0,0,40,
58,3,4,2,4,0,4,1,0,0,50,
61,3,9,2,2,0,4,1,0,0,40,
29,3,10,2,5,0,4,1,0,0,60,
22,3,9,4,13,3,4,1,0,0,40,
43,3,13,2,3,0,4,1,0,1977,50,
31,3,10,4,7,1,4,1,0,0,30,
90,3,9,2,6,0,4,1,0,0,40,
53,3,11,0,9,4,4,0,0,0,40,
22,8,10,4,14,3,4,1,0,0,40,
55,3,9,2,13,0,2,1,3411,0,40,
34,6,16,4,9,1,4,0,0,0,60,
28,3,10,2,5,0,4,1,5013,0,55,
22,8,10,4,14,1,4,0,0,0,40,
36,3,9,4,0,1,2,0,0,0,40,
33,3,13,5,9,2,2,0,0,0,40,
17,3,6,4,7,3,4,0,0,0,12,
38,3,7,0,2,1,4,1,0,0,40,
60,3,11,2,2,0,4,1,0,0,60,
34,3,13,2,3,0,4,1,0,0,50,
72,8,9,2,14,0,4,1,0,0,8,
57,3,3,2,7,0,4,1,0,0,40,
39,3,9,0,11,1,4,1,0,0,60,
50,5,13,2,4,0,4,1,0,0,80,
45,3,13,2,9,0,1,1,0,0,40,
37,3,13,5,3,1,4,1,0,0,35,
27,3,10,4,5,1,4,1,0,0,48,
43,3,13,0,3,1,4,0,0,0,45,
41,3,10,0,12,4,2,0,0,0,36,
20,3,14,4,3,3,4,1,0,0,25,
44,3,14,5,3,4,4,0,0,0,20,
50,3,11,2,3,0,4,1,0,0,50,
54,3,9,6,3,4,4,0,0,0,45,
31,3,13,4,3,1,4,0,0,1564,60,
33,3,10,4,0,4,4,0,0,0,35,
22,3,5,4,7,3,4,1,0,0,50,
46,3,10,2,2,0,4,1,0,0,40,
30,3,13,2,0,5,1,0,0,0,40,
22,8,10,4,14,3,1,1,0,0,40,
59,8,9,2,14,0,4,1,2407,0,60,
57,5,10,6,3,2,4,1,0,0,25,
26,3,9,4,6,1,4,1,0,0,40,
52,1,12,2,10,0,4,1,0,0,40,
55,1,14,0,9,4,4,0,0,0,45,
47,3,13,2,11,0,4,1,0,0,40,
19,3,9,4,2,3,4,1,0,0,40,
26,3,9,4,13,3,4,1,0,0,40,
44,3,12,0,9,1,4,0,0,0,40,
42,3,14,4,3,1,4,1,0,0,40,
39,3,10,2,3,0,4,1,0,0,60,
17,8,7,4,14,3,4,0,0,0,15,
26,3,9,4,0,1,4,0,0,0,50,
26,3,14,2,9,0,4,1,0,0,20,
50,4,14,2,11,0,4,1,0,0,55,
46,5,14,2,3,0,4,1,0,0,50,
18,3,10,4,12,3,4,1,2176,0,20,
26,3,13,4,3,4,1,1,0,0,60,
32,3,13,2,11,0,4,1,0,1902,40,
50,3,3,3,7,4,4,0,0,0,34,
47,1,10,2,10,0,4,1,0,0,40,
52,3,9,2,7,5,4,0,0,0,25,
25,0,10,2,3,0,4,1,0,0,40,
42,1,7,2,13,0,4,1,0,0,40,
53,3,9,2,3,0,4,1,0,0,45,
30,3,9,4,5,3,0,0,0,0,8,
23,3,2,4,4,1,4,1,0,0,36,
23,3,13,4,3,3,4,1,0,0,30,
32,3,10,2,4,0,4,1,0,0,60,
29,4,9,5,9,2,4,1,0,0,25,
40,3,12,2,7,0,4,1,0,0,40,
45,6,14,2,9,0,4,1,0,0,40,
17,8,6,4,14,3,2,0,0,0,40,
55,3,13,2,9,0,4,1,0,0,40,
59,1,14,2,9,0,4,1,0,0,40,
56,3,11,2,11,0,4,1,15024,0,40,
23,3,8,4,2,1,4,1,0,0,50,
37,1,9,2,10,0,4,1,0,0,40,
25,3,9,2,2,0,4,1,0,0,48,
22,8,10,4,14,3,4,1,0,0,40,
27,3,5,4,8,4,4,0,0,0,24,
21,3,9,4,7,4,4,0,0,0,40,
47,1,9,2,13,0,4,1,5178,0,40,
38,3,10,2,6,0,4,1,0,0,60,
62,1,14,0,9,1,4,0,10520,0,33,
27,3,10,2,11,0,4,1,0,0,40,
25,8,11,4,14,3,4,1,0,0,90,
27,3,9,4,7,3,2,0,0,0,40,
40,3,10,2,0,5,4,0,0,0,40,
22,5,10,4,11,3,2,1,99999,0,55,
33,3,9,0,3,1,4,1,0,0,60,
28,3,11,2,9,5,4,0,0,0,5,
28,3,9,2,6,0,4,1,0,0,40,
29,3,9,4,13,4,4,1,0,0,55,
46,3,5,0,3,4,4,0,0,0,40,
30,3,9,2,6,0,4,1,0,0,40,
65,8,9,2,14,0,4,1,0,0,45,
28,3,10,4,2,1,2,1,0,0,40,
39,3,13,2,0,0,4,1,0,0,40,
35,3,10,4,11,1,4,1,0,0,40,
50,3,10,2,11,5,4,0,0,0,39,
25,8,6,4,14,3,2,1,0,0,40,
63,3,5,6,7,1,4,0,0,0,20,
56,3,11,2,2,0,4,1,0,0,48,
46,3,10,2,0,0,4,1,0,0,40,
19,3,10,4,7,3,4,0,0,0,30,
56,1,14,2,9,0,4,1,0,0,35,
31,3,9,0,7,3,4,0,0,0,15,
51,6,14,2,3,0,4,1,0,0,40,
17,3,7,4,11,3,4,1,0,0,5,
27,1,10,4,10,4,1,0,0,0,40,
30,3,10,4,0,3,4,1,0,0,45,
18,3,10,4,10,3,4,0,0,0,20,
41,3,10,0,3,1,4,1,4650,0,40,
40,1,14,2,9,5,4,0,0,0,40,
35,3,13,4,11,1,4,1,0,0,50,
29,3,9,4,11,1,4,0,0,0,10,
27,3,13,2,11,0,4,1,0,1848,55,
25,3,6,4,13,1,4,1,2597,0,50,
53,3,2,0,7,4,2,0,0,0,40,
53,3,13,2,7,0,4,1,0,0,35,
26,6,9,4,2,4,4,1,0,0,50,
41,3,13,2,9,0,4,1,0,0,70,
28,3,9,2,3,0,4,1,0,0,70,
48,6,14,5,9,1,4,1,0,0,60,
22,3,13,4,3,1,4,1,0,0,30,
40,0,15,2,9,0,4,1,7688,0,40,
52,4,13,2,3,0,4,1,0,1902,60,
53,1,14,6,9,4,2,0,0,1669,35,
40,3,10,2,2,0,4,1,7298,0,50,
57,3,12,0,6,1,4,1,0,0,75,
53,5,11,5,2,1,4,1,0,0,40,
23,3,10,4,0,1,4,0,0,0,8,
31,5,10,2,2,0,4,1,0,0,40,
20,3,5,4,5,3,4,1,0,0,28,
25,3,15,4,9,1,4,0,0,0,20,
37,3,10,4,3,4,2,0,0,0,40,
50,3,9,2,2,0,4,1,0,0,40,
34,5,9,2,13,0,4,1,0,0,35,
37,3,13,2,3,0,4,1,0,0,50,
52,3,13,2,3,0,4,1,0,0,45,
29,5,11,2,4,0,4,1,0,0,90,
49,3,10,2,3,0,4,1,0,1887,40,
31,3,10,2,7,5,4,0,0,0,40,
47,3,9,2,2,0,4,1,0,0,40,
51,5,9,2,2,0,4,1,0,0,70,
27,3,9,2,11,5,4,0,0,0,50,
23,3,13,4,3,1,4,1,0,0,40,
55,3,9,2,9,0,4,1,0,0,46,
28,3,10,2,3,0,4,1,0,0,50,
31,1,13,4,9,1,4,0,0,0,40,
30,3,9,4,13,3,2,1,0,0,40,
23,3,13,4,9,3,4,1,0,0,60,
19,3,9,4,11,3,4,1,0,0,50,
22,3,10,4,11,3,4,1,0,0,25,
50,3,9,0,7,4,4,0,0,0,25,
64,8,9,2,14,0,4,1,0,0,50,
21,3,9,4,7,3,4,1,0,0,35,
75,4,10,6,11,1,4,1,0,0,40,
29,3,9,4,6,3,1,1,0,0,40,
47,3,10,2,2,0,4,1,0,0,40,
20,3,9,4,6,1,4,1,0,0,40,
33,3,9,4,7,3,4,1,0,0,40,
45,3,16,2,9,0,1,1,0,0,45,
41,3,11,0,9,4,4,0,0,0,43,
23,3,9,4,6,3,4,1,0,0,40,
38,3,13,2,0,0,4,1,5178,0,50,
67,6,10,2,10,0,4,1,0,0,41,
21,3,10,4,12,3,4,1,0,0,35,
38,3,10,4,9,1,4,1,0,0,45,
31,3,9,2,2,0,4,1,0,0,40,
19,8,10,4,14,3,4,0,0,0,40,
59,5,10,2,11,0,4,1,0,0,40,
36,3,9,4,7,1,4,1,0,0,40,
50,1,10,6,9,4,4,1,0,0,40,
60,4,6,2,2,0,4,1,0,0,40,
30,3,14,2,3,0,4,1,0,0,45,
28,4,13,4,11,1,4,1,0,0,50,
36,3,10,2,2,0,4,1,0,0,60,
21,8,10,4,14,3,4,0,0,0,10,
27,3,9,2,7,0,4,1,0,0,40,
18,3,8,4,7,3,4,0,0,0,20,
44,1,10,2,3,0,4,1,0,1485,40,
56,3,4,2,7,0,2,1,0,0,40,
51,4,13,2,10,0,2,1,0,0,40,
48,3,13,2,9,0,4,1,0,0,45,
31,3,11,2,9,0,4,1,0,0,45,
35,3,11,4,13,1,4,1,0,0,40,
35,3,9,0,5,2,4,1,0,0,40,
36,3,10,2,2,0,4,1,0,0,40,
47,5,12,2,2,0,4,1,0,1672,65,
23,3,10,4,7,1,4,1,0,0,25,
21,3,10,4,11,2,2,0,0,0,20,
49,3,10,5,3,4,2,0,0,0,60,
51,4,15,2,9,0,4,1,15024,0,60,
46,3,11,2,2,0,4,1,0,0,40,
31,3,9,2,4,0,4,1,3137,0,45,
27,3,9,2,6,0,4,1,0,0,40,
56,8,12,2,14,0,4,1,0,0,20,
48,3,10,2,2,0,4,1,0,0,40,
30,3,10,0,0,4,2,0,0,0,40,
29,1,13,0,9,1,4,1,0,0,50,
50,0,14,4,3,1,4,0,0,0,50,
18,3,9,4,13,1,2,1,0,0,35,
37,3,9,2,3,0,4,1,0,1902,55,
51,5,9,2,11,0,4,1,0,0,60,
31,3,9,2,2,0,4,1,0,0,47,
29,3,11,0,12,1,2,1,14344,0,40,
39,3,6,2,2,0,4,1,0,2051,40,
48,3,10,2,11,0,2,1,0,0,40,
44,3,13,2,11,0,4,1,7688,0,50,
39,3,6,2,6,0,4,1,0,0,40,
22,1,7,4,5,3,4,1,0,0,35,
27,8,10,2,14,5,4,0,0,0,40,
42,3,5,0,2,1,4,1,0,0,40,
18,3,9,4,11,3,4,0,0,0,33,
27,3,10,3,11,1,4,0,0,0,25,
51,3,6,5,6,4,2,0,0,0,40,
27,5,10,2,3,0,4,1,0,0,40,
60,5,7,2,4,0,4,1,0,0,50,
36,3,2,2,5,0,4,1,0,0,40,
45,3,13,2,3,0,1,1,0,0,60,
40,3,9,2,11,0,4,1,0,0,52,
63,3,10,2,9,0,4,1,4386,0,40,
41,3,9,3,13,4,2,1,0,0,50,
53,8,8,2,14,5,4,0,0,0,40,
34,3,9,0,13,4,4,0,1151,0,48,
34,3,10,2,0,0,4,1,0,0,40,
31,3,13,2,0,5,4,0,0,0,40,
22,6,12,4,9,1,4,0,0,0,15,
49,3,10,2,3,0,4,1,0,0,50,
43,8,9,2,14,0,4,1,0,0,35,
36,3,15,2,9,0,4,1,0,0,50,
27,3,13,4,12,1,4,1,0,0,37,
52,5,9,2,4,0,4,1,0,1887,60,
29,3,9,2,7,0,2,1,0,0,50,
27,3,6,5,6,3,4,1,0,0,35,
42,3,9,4,7,1,4,0,0,0,65,
49,5,13,6,11,4,4,0,0,0,40,
24,3,10,4,2,4,4,1,0,0,50,
22,3,9,4,11,4,4,1,0,0,20,
30,5,13,4,11,4,4,1,0,0,40,
28,3,10,4,7,1,4,1,0,0,40,
20,3,11,4,7,3,4,1,0,0,40,
45,4,15,2,9,0,4,1,15024,0,43,
39,3,9,0,11,1,4,0,4687,0,50,
43,3,15,4,9,1,4,1,0,0,66,
18,3,9,4,11,3,4,0,0,0,20,
53,3,9,2,6,0,4,1,0,0,40,
74,3,10,2,11,0,4,1,0,0,20,
39,3,13,2,9,0,1,1,0,0,48,
33,8,6,4,14,2,4,1,0,0,40,
49,3,9,2,2,0,4,1,0,0,42,
21,3,6,2,5,0,4,1,0,0,35,
65,8,10,2,14,0,4,1,0,0,40,
39,3,9,4,2,1,4,1,0,1564,50,
49,3,11,2,11,0,4,1,0,0,25,
20,8,10,4,14,3,4,0,0,0,40,
47,3,13,2,3,0,4,1,7298,0,44,
46,5,9,2,3,0,4,1,0,0,40,
29,3,11,2,2,0,1,1,7298,0,32,
61,5,9,6,9,4,4,0,0,0,16,
48,3,10,0,3,1,4,0,0,0,38,
44,3,5,0,2,1,4,1,0,0,40,
37,4,13,2,2,0,4,1,0,0,60,
45,3,10,2,11,0,4,1,0,1740,50,
51,5,13,2,9,0,4,1,0,0,45,
33,1,13,4,3,1,4,0,0,0,50,
55,5,13,2,9,5,4,0,0,0,8,
25,3,10,2,7,5,4,0,0,0,60,
26,3,9,0,4,1,1,1,0,0,40,
54,3,9,2,3,0,4,1,0,0,40,
38,3,9,4,11,1,4,0,0,0,33,
39,1,14,2,9,5,4,0,0,1977,20,
20,6,10,4,9,3,4,1,0,0,40,
30,3,9,0,0,1,4,0,0,0,40,
29,0,9,0,0,1,3,1,0,0,45,
42,3,9,0,5,1,4,0,0,0,40,
24,3,12,4,0,1,4,1,0,0,40,
36,3,9,2,6,0,4,1,0,0,50,
60,3,14,2,0,0,1,1,0,0,50,
42,3,9,0,4,1,4,1,0,0,44,
42,3,6,2,2,0,4,1,0,0,45,
46,3,9,3,6,1,4,0,0,0,40,
52,6,14,3,3,4,4,0,4787,0,44,
27,8,11,2,14,0,4,1,0,0,20,
43,3,10,0,0,4,2,0,0,0,35,
43,6,13,4,9,1,4,0,0,0,40,
27,3,7,0,2,3,4,1,0,0,40,
52,1,14,2,3,0,4,1,7298,0,60,
31,3,10,2,13,0,4,1,0,0,50,
38,8,4,0,14,4,2,0,0,0,30,
44,3,5,4,7,4,2,0,0,0,40,
27,3,10,0,9,3,4,0,0,0,40,
50,3,10,0,3,1,4,1,0,0,40,
23,3,10,4,12,1,4,0,0,0,40,
22,3,10,4,0,4,2,0,0,0,30,
36,6,10,4,3,4,4,0,0,0,40,
24,3,13,4,12,1,4,0,3674,0,40,
59,3,10,2,11,0,4,1,0,0,40,
39,3,11,2,2,0,4,1,0,0,50,
23,3,13,4,3,3,4,1,0,0,40,
37,3,13,4,9,1,4,0,0,1340,42,
25,1,12,4,0,3,2,0,0,0,38,
40,3,9,2,2,5,4,0,0,1628,45,
38,6,13,2,9,0,1,1,7688,0,60,
31,3,9,2,7,0,4,1,0,0,35,
28,1,16,0,9,1,4,0,0,0,40,
24,3,9,4,11,4,2,1,0,0,25,
46,1,12,2,10,0,4,1,0,1887,50,
29,3,9,2,6,5,1,0,0,0,40,
38,0,15,2,9,0,4,1,0,0,50,
53,3,10,5,3,4,2,0,0,0,40,
33,3,9,2,12,5,4,0,0,1902,40,
39,3,13,2,9,0,2,1,0,0,60,
44,3,9,2,6,0,4,1,0,0,48,
46,3,13,0,9,1,4,1,0,0,45,
30,3,13,4,11,3,4,1,0,0,40,
24,3,10,2,11,0,4,1,0,0,40,
29,3,9,4,0,3,4,0,0,0,40,
62,5,10,2,3,0,4,1,0,0,70,
25,3,9,3,3,1,4,1,0,0,45,
45,3,10,4,7,1,4,1,0,0,40,
21,3,10,4,2,3,4,1,0,0,40,
64,0,10,2,13,0,4,1,0,0,40,
39,3,13,0,12,1,4,1,0,0,40,
60,3,9,2,11,0,4,1,0,0,40,
35,3,9,4,12,1,4,1,0,0,40,
27,3,13,4,12,1,4,1,0,0,40,
41,3,9,0,2,3,4,1,0,0,40,
32,6,14,2,9,0,4,1,0,0,50,
24,3,9,2,2,0,4,1,0,0,40,
32,3,13,2,2,0,4,1,0,0,40,
42,1,10,2,3,0,4,1,0,0,45,
58,3,14,6,11,1,4,0,0,0,27,
23,3,14,2,9,0,1,1,0,1887,50,
31,0,9,2,4,0,0,1,0,0,40,
28,3,13,4,3,4,2,0,0,0,45,
41,8,10,6,14,4,2,0,0,0,20,
37,3,13,2,9,5,4,0,0,0,16,
19,3,9,4,11,3,4,1,0,0,38,
27,5,13,4,9,1,4,0,0,0,20,
61,5,5,2,11,0,4,1,0,0,58,
39,3,13,2,9,0,4,1,0,0,45,
25,3,13,4,5,4,2,1,0,0,40,
58,3,10,2,11,0,4,1,0,0,40,
27,5,10,2,13,2,3,1,0,0,50,
51,3,3,2,5,0,2,1,0,0,52,
43,1,14,2,9,0,4,1,15024,0,40,
46,3,9,0,0,4,4,0,0,0,40,
67,8,3,2,14,0,4,1,0,0,40,
50,1,9,2,5,0,4,1,0,0,40,
20,3,9,4,5,3,4,1,0,0,15,
35,3,13,6,9,4,4,0,0,0,32,
57,3,2,2,5,0,4,1,0,0,40,
40,3,15,2,0,2,1,0,0,0,40,
42,1,6,4,4,4,4,1,0,0,35,
67,4,6,2,2,0,4,1,0,0,40,
47,3,13,2,6,0,4,1,7688,0,44,
30,3,9,4,5,1,4,1,0,0,50,
26,3,7,4,6,4,4,0,0,0,15,
51,3,9,2,2,0,4,1,0,0,40,
38,3,10,6,7,2,2,0,0,0,45,
24,3,9,2,5,3,4,1,0,0,35,
48,5,9,2,11,5,4,0,0,0,50,
34,6,13,2,12,3,4,0,5178,0,25,
70,3,13,2,5,0,4,1,6418,0,40,
35,3,9,2,2,0,4,1,0,0,40,
61,8,14,2,14,0,4,1,0,0,2,
26,3,10,2,2,0,4,1,0,0,45,
64,3,9,4,3,1,4,1,0,0,3,
26,3,9,4,0,4,4,0,0,0,35,
39,5,9,2,13,0,4,1,0,0,30,
55,3,10,4,0,3,4,0,0,0,36,
23,3,10,4,3,1,4,1,0,0,45,
33,5,9,2,2,0,4,1,0,0,40,
31,3,13,2,3,0,4,1,0,0,55,
28,1,9,4,0,2,4,1,0,0,20,
50,3,14,2,6,0,4,1,0,0,30,
26,1,13,2,9,5,4,0,0,0,55,
44,0,12,0,0,1,2,0,0,1741,40,
51,3,9,3,2,1,4,1,0,0,40,
34,3,9,2,7,0,4,1,0,0,50,
37,3,13,2,9,0,4,1,7688,0,39,
29,3,15,2,9,0,4,1,0,0,50,
24,3,13,4,9,1,2,1,0,0,40,
27,3,11,0,0,4,4,0,0,0,40,
44,3,10,2,2,0,4,1,0,0,45,
24,3,9,4,6,1,4,1,0,0,40,
54,3,9,2,3,0,4,1,0,0,55,
47,3,10,5,0,4,4,0,0,0,50,
30,3,9,4,7,1,4,1,0,0,30,
35,3,10,0,0,1,4,0,0,0,40,
39,0,10,2,0,0,2,1,0,0,40,
42,3,12,5,0,4,2,0,0,0,40,
70,4,13,2,3,0,4,1,0,2377,50,
41,3,15,2,0,0,1,1,0,0,40,
36,3,9,4,3,1,4,0,0,0,38,
44,3,14,2,9,0,4,1,0,0,42,
42,8,9,5,14,4,4,1,0,0,40,
20,3,10,4,13,3,4,0,0,0,17,
29,3,6,4,9,1,4,1,0,0,40,
27,3,9,2,12,5,4,0,0,0,40,
30,3,14,2,9,0,1,1,0,0,40,
59,5,10,2,4,0,4,1,0,1579,60,
31,3,13,4,7,1,4,0,0,0,25,
21,3,9,4,7,2,4,1,0,0,40,
26,3,10,4,2,4,1,1,0,0,37,
57,4,9,2,11,0,4,1,0,0,45,
59,5,10,2,2,0,4,1,0,0,20,
87,8,9,6,14,1,4,1,0,0,2,
25,3,10,4,13,1,4,1,0,0,55,
39,3,14,2,9,0,4,1,7688,0,45,
53,3,14,2,9,0,4,1,3103,0,40,
32,6,9,4,0,1,4,0,0,0,40,
38,3,7,2,2,0,4,1,0,0,40,
21,3,11,4,0,4,2,0,0,0,35,
17,3,7,4,5,3,4,1,0,0,30,
44,3,7,4,6,4,2,0,0,0,40,
23,3,10,4,5,3,4,1,0,0,20,
57,3,10,2,2,5,4,0,9386,0,40,
30,6,7,2,13,0,4,1,0,0,40,
51,5,9,2,4,0,4,1,0,0,55,
54,5,9,2,2,0,4,1,0,0,35,
44,3,10,0,0,1,4,0,0,0,40,
60,3,10,2,10,0,4,1,0,0,16,
28,3,13,2,11,0,4,1,7298,0,42,
39,3,9,2,6,0,4,1,0,0,50,
55,3,14,2,9,0,4,1,0,0,40,
36,3,14,2,9,5,4,0,0,0,50,
55,1,14,2,9,5,4,0,3103,0,45,
33,3,9,2,6,0,4,1,0,0,55,
30,3,9,2,0,5,4,0,7298,0,40,
40,1,13,2,9,0,4,1,0,0,20,
30,3,14,2,3,0,4,1,0,0,50,
40,3,10,0,12,1,4,1,0,0,30,
24,3,9,4,13,1,4,0,0,0,50,
18,3,7,4,11,3,4,1,0,0,20,
18,3,9,4,5,3,4,0,0,0,25,
49,3,9,2,2,0,4,1,0,0,45,
42,3,9,2,2,0,4,1,0,0,50,
28,1,9,2,5,0,4,1,0,0,40,
32,3,12,2,2,0,4,1,0,0,40,
48,5,10,5,11,4,4,0,0,0,50,
24,3,4,4,8,3,4,0,0,0,32,
73,5,9,2,11,5,4,0,0,0,25,
35,3,14,2,9,0,2,1,7298,0,40,
23,3,10,2,13,0,4,1,0,0,60,
19,3,10,4,8,1,4,0,0,0,40,
27,3,9,2,11,0,4,1,0,0,35,
27,3,8,4,7,1,4,1,0,0,40,
41,5,15,2,9,0,4,1,0,0,50,
31,3,9,2,2,0,4,1,0,0,20,
64,4,9,2,2,0,4,1,0,0,40,
45,3,8,4,7,3,4,1,0,0,10,
47,3,9,2,7,5,4,0,0,0,35,
22,3,9,4,6,2,4,1,0,0,35,
24,3,13,4,13,4,2,0,0,0,40,
69,6,9,2,7,0,4,1,0,0,20,
40,5,11,2,3,0,4,1,0,0,40,
45,3,9,2,2,0,4,1,0,0,40,
47,5,12,4,4,2,4,1,10520,0,45,
31,3,9,4,6,1,4,0,0,0,40,
48,3,12,0,3,4,4,0,0,0,42,
41,3,13,2,9,5,2,0,0,0,35,
34,3,13,4,0,3,4,1,0,0,40,
48,3,10,2,9,0,4,1,0,0,40,
28,1,11,2,9,5,4,0,7688,0,36,
20,3,12,4,3,3,4,0,0,0,40,
39,3,13,2,0,0,1,1,0,0,40,
40,0,10,0,3,1,2,0,0,0,40,
28,3,6,4,13,1,4,1,0,0,45,
20,3,10,4,11,1,4,0,0,0,25,
41,3,13,0,9,1,2,1,0,0,40,
49,4,10,2,11,0,4,1,0,0,50,
24,3,9,2,6,0,4,1,0,0,40,
35,6,9,2,10,0,4,1,0,0,40,
22,3,10,4,11,3,4,1,0,0,40,
23,3,13,4,7,1,4,0,0,0,30,
23,3,9,0,3,4,4,0,0,0,40,
42,5,11,2,13,0,4,1,4386,0,80,
34,3,10,2,9,0,4,1,0,0,64,
32,0,11,4,12,3,2,1,4650,0,40,
54,3,9,2,0,0,4,1,0,0,54,
48,3,13,5,0,4,1,0,0,0,40,
38,3,13,2,9,0,4,1,0,0,40,
48,6,13,0,0,4,4,0,0,0,40,
22,3,3,2,7,0,4,1,0,0,40,
42,3,13,2,12,0,4,1,0,0,50,
31,3,16,2,9,0,1,1,0,0,40,
27,3,9,4,7,1,4,0,0,0,50,
57,3,14,5,9,1,4,1,10520,0,32,
46,6,11,0,12,1,4,0,3325,0,42,
44,0,11,2,2,0,4,1,0,0,40,
42,1,10,2,10,0,4,1,0,0,40,
24,3,13,4,3,1,4,1,0,0,40,
38,3,2,3,2,1,4,1,0,0,40,
29,3,13,2,3,0,4,1,0,0,52,
38,3,9,2,2,0,4,1,0,0,55,
33,3,10,0,3,4,4,0,0,0,40,
61,3,9,2,7,5,4,0,0,0,4,
49,1,11,2,2,0,4,1,0,0,40,
51,5,12,2,3,0,4,1,0,0,40,
42,3,9,0,7,2,2,0,0,0,35,
21,3,9,4,5,3,4,1,0,0,40,
29,8,9,0,14,1,4,1,0,0,40,
54,3,10,2,4,0,4,1,0,0,50,
23,3,10,4,0,1,4,0,0,0,30,
52,3,6,2,2,0,4,1,0,0,40,
28,1,14,2,9,5,4,0,7298,0,40,
23,3,10,0,5,3,4,1,0,0,40,
43,3,9,2,11,0,4,1,0,0,80,
45,3,10,2,2,0,4,1,0,0,50,
51,5,4,2,3,0,4,1,0,0,42,
29,8,9,3,14,4,2,0,0,0,42,
23,3,10,4,11,3,1,0,0,0,40,
73,5,13,2,4,0,4,1,0,0,30,
47,5,7,0,3,4,4,0,0,0,55,
61,8,9,2,14,0,4,1,0,0,37,
26,3,11,4,3,1,2,0,0,0,40,
40,3,9,2,5,0,4,1,0,0,40,
32,5,13,2,11,0,4,1,0,0,47,
39,3,6,0,7,4,2,0,0,0,40,
33,0,13,4,9,1,4,0,0,0,40,
35,3,9,2,4,0,4,1,0,0,35,
42,3,9,0,3,3,4,1,0,0,40,
46,3,10,2,2,0,4,1,0,0,44,
33,3,9,4,0,3,4,1,0,0,40,
47,3,3,4,6,3,4,1,0,0,20,
33,3,13,2,3,0,4,1,0,0,40,
26,3,9,0,0,3,4,0,0,0,40,
42,6,10,0,0,4,2,0,0,0,40,
28,3,13,2,9,0,4,1,0,0,50,
29,3,3,2,6,0,4,1,0,0,40,
18,3,8,4,11,3,4,0,0,0,20,
33,5,10,2,3,0,4,1,0,0,45,
36,3,13,6,9,4,4,0,0,0,44,
33,3,9,2,10,0,4,1,7688,0,48,
40,3,9,3,0,4,4,0,0,0,40,
57,5,16,2,11,0,4,1,0,1902,40,
40,3,9,0,13,4,4,1,0,0,45,
36,3,9,2,12,0,4,1,0,0,50,
45,3,13,4,0,1,2,0,0,0,40,
52,3,13,2,3,0,4,1,0,0,50,
24,3,9,5,6,1,4,1,0,0,40,
30,3,9,3,0,1,4,0,0,0,40,
28,8,9,4,14,3,2,1,0,0,40,
46,5,16,4,9,1,4,0,0,0,45,
36,3,9,5,11,4,2,0,0,0,40,
48,3,9,4,3,1,4,0,0,0,50,
36,3,11,0,0,4,4,0,0,0,40,
48,3,9,2,13,0,4,1,0,0,40,
21,3,10,4,12,3,4,0,0,1719,9,
18,3,9,4,0,1,4,0,0,0,40,
38,3,13,0,9,1,4,0,0,0,50,
66,8,7,6,14,1,2,0,0,0,40,
36,6,13,2,10,0,4,1,7298,0,55,
38,3,9,4,13,1,4,0,0,0,40,
55,5,15,6,9,1,4,1,0,0,55,
27,3,9,2,2,0,4,1,0,0,45,
22,6,12,4,0,1,4,1,0,0,40,
29,3,10,4,5,2,4,1,0,0,40,
40,3,10,4,3,4,4,0,0,0,40,
21,3,10,4,11,3,4,0,0,0,20,
49,3,9,0,0,1,4,0,0,0,40,
29,3,13,2,9,5,4,0,0,0,50,
28,3,13,4,3,1,4,1,0,0,50,
26,3,9,2,10,0,4,1,0,0,40,
33,3,9,4,0,1,4,0,0,0,41,
72,8,15,2,14,0,4,1,0,0,40,
59,3,14,2,12,0,4,1,0,0,40,
37,3,11,2,0,0,4,1,0,0,40,
56,8,6,0,14,1,4,0,0,0,40,
27,3,10,4,2,1,4,1,0,0,40,
39,3,14,2,9,0,1,1,0,0,40,
49,1,14,4,9,1,4,0,0,0,80,
30,3,9,2,11,3,1,0,0,0,40,
28,3,5,2,10,5,2,0,0,0,40,
25,6,13,4,10,3,4,1,0,0,40,
18,3,6,4,6,3,4,1,0,0,40,
25,3,12,4,5,3,4,1,0,0,26,
36,3,10,4,6,3,4,1,0,0,40,
52,3,9,2,6,0,4,1,0,0,40,
20,8,8,4,14,1,3,1,0,1602,40,
25,3,9,0,2,1,4,1,0,0,40,
26,3,13,4,9,3,4,1,0,0,40,
50,3,13,2,3,5,4,0,0,2415,20,
48,3,12,2,3,0,4,1,0,0,40,
39,3,9,2,5,0,4,1,0,0,40,
30,1,13,2,9,0,4,1,0,0,40,
26,3,9,2,2,0,4,1,0,0,60,
36,3,10,2,2,0,4,1,0,1887,40,
49,3,16,2,11,0,4,1,0,0,60,
34,1,13,2,9,0,4,1,0,0,60,
28,3,9,4,7,2,3,1,0,0,48,
28,5,9,4,7,1,4,1,0,0,40,
42,3,10,2,2,0,4,1,7688,0,40,
26,5,9,2,2,0,4,1,0,0,40,
54,3,9,2,2,0,2,1,0,0,40,
66,8,5,2,14,0,4,1,0,0,40,
61,5,9,2,11,0,4,1,0,0,53,
45,5,15,4,9,1,4,1,0,0,30,
29,3,13,4,0,1,4,0,0,0,35,
74,3,9,0,5,1,4,0,0,0,16,
61,1,9,6,9,1,4,0,0,0,40,
27,3,10,4,11,3,4,1,0,0,22,
53,0,13,2,9,0,4,1,0,0,40,
57,5,9,2,4,0,1,1,0,0,40,
41,3,10,2,2,0,4,1,0,0,40,
45,3,13,2,9,0,4,1,0,0,50,
43,3,9,2,11,0,4,1,0,0,40,
26,8,13,2,14,5,4,0,0,1977,40,
29,3,9,2,7,3,1,1,0,0,25,
65,8,4,2,14,0,4,1,0,0,20,
41,3,13,2,3,5,4,0,0,0,40,
31,1,13,4,9,2,4,1,0,0,40,
50,3,9,0,6,1,4,0,0,0,40,
52,3,9,2,11,0,4,1,0,0,60,
18,4,9,4,13,3,4,1,0,0,60,
26,3,4,4,7,4,3,0,0,0,30,
57,3,9,2,2,0,4,1,0,0,40,
63,6,10,2,0,0,4,1,0,1740,40,
29,3,9,4,0,2,4,1,0,0,40,
32,5,13,2,9,0,4,1,7688,0,40,
34,3,9,2,6,0,4,1,0,0,40,
43,3,9,0,0,4,4,0,0,0,58,
39,3,10,2,6,0,4,1,0,0,40,
28,3,9,4,6,3,4,1,0,0,45,
32,3,13,4,0,1,4,0,0,0,40,
28,6,15,4,9,1,4,1,0,0,90,
40,3,10,2,6,0,4,1,4386,0,50,
25,3,13,4,12,1,4,1,0,0,60,
54,1,14,2,9,0,4,1,0,0,50,
48,4,13,2,4,0,4,1,0,0,70,
51,3,10,0,3,1,4,0,0,0,36,
67,6,4,2,13,0,4,1,0,0,35,
17,3,6,4,11,4,4,0,0,0,24,
24,6,10,4,7,1,4,1,0,0,40,
25,3,9,2,5,0,4,1,0,0,40,
68,8,9,2,14,5,4,0,0,0,25,
54,3,10,0,7,1,4,0,0,0,47,
32,3,9,0,9,3,4,0,0,0,40,
61,8,10,0,14,1,4,0,0,0,40,
41,0,9,4,0,3,4,1,0,0,40,
53,3,9,0,7,1,4,0,0,0,40,
45,3,11,0,9,1,4,0,0,0,32,
64,8,4,6,14,1,4,0,0,0,4,
51,3,9,2,6,0,4,1,0,0,40,
41,6,14,2,9,0,4,1,7298,0,60,
40,0,11,2,9,5,4,0,0,0,65,
27,3,9,4,4,2,4,1,0,0,40,
41,3,13,2,0,0,1,1,3103,0,35,
51,3,13,2,3,0,4,1,0,0,60,
36,3,10,0,0,4,4,0,0,0,40,
34,4,9,4,4,3,4,1,0,0,55,
43,3,9,2,0,0,4,1,0,0,40,
61,0,9,0,0,3,2,0,0,0,20,
31,3,6,5,13,4,4,1,0,0,40,
34,3,9,2,11,0,4,1,0,0,65,
43,3,9,2,2,0,4,1,0,1902,99,
52,3,8,2,2,0,4,1,0,0,40,
18,3,7,4,7,3,4,0,0,0,20,
37,0,10,2,9,0,4,1,0,0,40,
60,3,9,2,0,0,4,1,0,0,40,
47,3,10,6,13,4,4,0,0,0,25,
21,3,10,4,0,3,4,1,0,0,30,
34,4,13,2,3,0,4,1,7688,0,55,
28,3,9,0,7,1,4,0,0,1741,52,
40,1,11,2,10,0,4,1,0,0,40,
26,3,12,4,7,1,4,1,0,0,40,
48,3,10,4,7,4,2,0,0,0,40,
46,3,10,2,4,0,4,1,0,0,40,
58,3,10,2,11,0,4,1,0,0,48,
32,4,9,4,2,1,4,1,0,0,40,
90,8,9,2,14,0,4,1,0,0,40,
38,3,10,2,2,0,1,1,0,0,40,
20,8,12,4,14,1,4,1,0,0,20,
43,5,10,2,4,0,4,1,0,0,99,
17,3,7,4,8,3,4,0,0,0,12,
36,3,8,4,13,1,1,1,0,0,45,
36,3,9,2,2,0,4,1,5013,0,40,
30,3,9,2,13,0,4,1,3103,0,70,
45,3,9,2,2,0,4,1,0,0,40,
51,5,9,2,13,0,4,1,0,0,50,
29,3,10,2,3,0,4,1,0,0,48,
35,5,11,4,4,3,4,1,0,0,65,
19,3,10,4,11,3,4,0,0,0,20,
56,3,5,2,11,0,4,1,0,0,40,
64,8,10,6,14,1,4,1,0,0,4,
62,8,9,4,14,1,4,1,0,0,40,
24,3,9,2,6,5,4,0,0,0,24,
33,3,12,2,10,0,4,1,0,0,40,
43,3,13,4,11,4,2,0,0,0,35,
22,6,10,4,7,3,4,1,0,0,45,
44,3,10,4,7,1,2,1,0,0,55,
37,3,9,5,2,1,4,1,0,0,50,
34,4,10,4,11,1,4,1,0,0,75,
43,3,11,5,11,4,4,0,0,0,45,
39,3,9,0,0,4,4,0,0,0,40,
30,3,10,2,5,0,4,1,0,0,32,
58,3,4,4,5,1,4,0,0,0,33,
31,8,10,2,14,5,4,0,0,0,10,
45,1,9,0,0,4,4,0,0,0,35,
30,3,10,0,0,4,2,0,0,0,40,
42,3,10,2,9,5,4,0,0,0,36,
50,3,14,2,3,0,4,1,0,0,50,
25,1,11,4,10,3,4,1,0,0,30,
34,3,13,2,3,0,4,1,0,0,40,
50,3,10,2,11,0,4,1,0,0,40,
72,8,7,2,14,0,4,1,0,0,40,
60,6,16,2,9,0,4,1,0,0,55,
41,3,12,2,9,0,4,1,15024,0,60,
71,5,4,2,4,0,4,1,0,0,10,
40,5,15,0,7,1,4,0,0,2339,35,
22,3,13,4,3,3,4,0,0,0,30,
52,3,13,4,9,1,4,1,0,0,38,
30,3,10,4,5,1,4,1,0,0,55,
36,8,9,5,14,1,4,0,0,0,30,
40,3,10,2,6,0,4,1,0,0,40,
31,0,12,2,11,0,1,1,0,0,40,
44,3,13,2,3,0,4,1,15024,0,45,
38,1,15,2,9,0,2,1,0,0,40,
46,3,15,4,3,1,4,1,0,0,50,
57,0,15,0,3,1,2,1,0,0,55,
39,3,7,2,13,0,4,1,0,0,40,
42,3,13,0,3,1,4,0,0,0,55,
43,3,11,2,11,0,4,1,0,0,40,
22,3,10,4,11,1,4,0,0,0,17,
44,3,13,2,2,0,4,1,0,0,50,
22,8,10,4,14,3,1,0,0,0,15,
37,3,10,2,11,5,4,0,0,0,40,
20,8,10,4,14,3,4,0,0,0,18,
26,6,13,4,0,1,4,0,0,0,80,
35,3,9,4,7,1,4,1,0,0,30,
28,3,9,4,5,3,4,0,0,0,40,
34,3,10,4,0,1,1,0,0,0,35,
17,8,6,4,14,3,4,0,0,0,20,
18,3,9,4,6,1,4,1,0,0,40,
25,3,9,4,6,3,4,1,0,0,40,
44,4,13,2,2,0,4,1,0,0,50,
61,3,2,6,5,1,4,0,0,0,40,
39,3,10,2,3,0,4,1,0,0,50,
61,3,13,2,9,0,4,1,0,1848,40,
19,8,10,4,14,3,4,0,0,0,40,
22,3,9,6,0,3,4,0,0,0,40,
19,3,10,4,5,3,4,1,0,0,25,
45,3,13,4,12,3,4,1,0,0,40,
20,3,10,4,0,3,4,0,0,0,25,
37,3,9,0,6,1,1,0,0,0,40,
26,3,10,4,2,1,4,1,0,0,40,
17,8,6,4,14,3,4,0,0,0,15,
26,3,13,2,3,5,4,0,0,0,55,
58,3,9,5,7,4,4,0,0,0,40,
61,8,16,2,14,0,4,1,0,0,25,
64,3,9,6,11,1,4,0,8614,0,50,
19,3,9,2,11,2,4,0,0,0,25,
36,3,13,0,5,1,4,1,0,0,30,
47,3,12,4,0,1,4,0,0,0,40,
62,3,10,2,11,0,4,1,0,0,40,
36,6,15,4,9,1,4,1,0,0,40,
38,5,10,4,11,1,4,1,0,0,60,
54,3,9,2,2,0,4,1,0,0,48,
31,3,13,4,3,1,4,1,0,0,50,
26,3,10,5,4,3,4,1,0,0,40,
50,3,9,2,3,0,4,1,0,1902,40,
41,3,10,4,12,4,1,0,0,0,40,
52,1,13,2,10,0,4,1,0,0,40,
28,3,9,2,7,5,2,0,0,0,23,
23,8,9,2,14,3,4,0,0,0,30,
46,5,10,2,3,0,4,1,3137,0,40,
32,8,9,0,14,4,2,1,0,0,40,
59,8,9,6,14,1,4,0,0,0,35,
30,4,10,2,3,0,4,1,0,0,36,
58,1,14,2,9,0,2,1,7688,0,30,
31,3,9,4,7,2,2,0,0,0,40,
36,3,10,2,6,0,4,1,0,0,48,
31,6,1,4,7,1,4,1,0,0,24,
52,5,15,2,9,0,4,1,0,0,70,
29,3,10,2,3,0,4,1,3411,0,70,
48,5,14,2,11,0,4,1,0,0,50,
30,3,14,2,3,0,4,1,15024,0,60,
58,3,7,2,13,0,4,1,0,0,50,
20,0,10,4,10,3,2,1,0,0,40,
19,3,10,4,7,3,4,1,0,0,3,
63,3,9,0,7,1,4,0,0,0,40,
51,5,13,2,12,0,4,1,0,0,45,
53,3,12,0,0,4,4,0,0,0,48,
54,0,9,2,3,0,4,1,5178,0,40,
35,8,10,4,14,3,4,0,0,0,40,
26,3,9,4,5,3,2,1,0,0,48,
47,5,10,2,7,5,4,0,0,0,52,
44,3,13,2,3,0,4,1,0,0,45,
80,5,4,4,4,4,4,1,0,0,20,
55,3,16,2,9,0,4,1,0,0,40,
43,3,14,2,9,0,4,1,0,0,45,
49,3,13,3,13,4,4,1,0,0,30,
27,3,15,4,9,3,1,1,0,0,40,
42,3,11,2,3,0,4,1,15024,0,55,
39,3,5,2,5,0,4,1,0,0,40,
36,8,9,2,14,0,4,1,0,0,40,
32,3,9,5,0,4,4,0,0,0,40,
58,1,10,2,0,5,2,0,0,0,55,
63,3,5,5,4,1,2,1,0,0,40,
49,3,10,2,0,0,4,1,0,0,40,
36,4,10,2,10,0,4,1,0,0,60,
46,3,10,2,3,0,4,1,0,0,50,
47,3,14,2,3,0,4,1,99999,0,55,
39,3,9,4,0,1,4,1,0,0,45,
33,3,15,2,3,0,1,1,0,0,65,
43,1,9,2,3,0,3,1,0,1887,40,
30,3,10,2,9,0,4,1,0,0,68,
39,1,11,2,0,5,4,0,0,0,37,
44,3,10,0,0,1,4,0,0,0,40,
27,3,13,4,12,1,4,1,0,0,45,
80,8,12,2,14,0,4,1,0,0,4,
31,3,12,4,9,3,4,1,0,0,3,
34,1,9,2,9,0,4,1,0,0,40,
28,3,12,4,13,3,4,1,0,0,60,
55,3,9,2,6,0,4,1,0,0,40,
36,3,9,0,2,1,4,0,0,0,40,
42,3,10,2,13,0,2,1,7688,0,45,
67,1,13,2,9,0,4,1,0,0,10,
53,4,10,6,11,1,4,0,0,0,60,
43,3,10,2,2,0,4,1,0,1902,40,
29,1,13,4,12,1,4,0,0,0,42,
19,3,10,4,7,3,4,1,0,0,30,
51,3,11,2,11,0,4,1,0,0,40,
21,5,11,4,4,3,4,1,0,0,98,
54,3,10,5,3,1,4,0,0,0,40,
42,5,15,0,9,4,4,1,7430,0,40,
41,3,10,0,11,4,4,0,0,0,48,
28,3,9,4,2,3,4,1,0,0,40,
31,3,11,0,5,4,4,0,0,0,40,
82,5,9,2,4,0,4,1,0,0,20,
23,3,13,4,9,1,4,0,0,0,16,
40,1,9,2,3,0,4,1,0,0,40,
35,3,9,2,11,0,4,1,0,0,50,
24,3,9,4,11,4,4,1,0,0,45,
21,3,10,4,11,3,4,0,0,0,40,
27,3,10,2,5,0,4,1,0,0,30,
29,8,11,4,14,4,4,0,0,0,40,
40,5,13,2,3,0,4,1,0,0,45,
17,3,8,4,0,3,4,0,0,0,25,
27,3,2,4,2,1,4,1,0,0,40,
34,3,9,4,6,3,4,1,0,0,40,
18,3,6,4,7,2,2,1,0,0,15,
39,3,13,0,12,4,4,0,0,0,40,
34,4,10,2,3,0,4,1,0,0,65,
44,3,9,2,2,0,4,1,0,0,40,
18,8,7,4,14,3,4,0,0,0,25,
39,3,13,2,3,0,4,1,15024,0,60,
28,3,2,3,7,3,3,0,0,0,35,
30,3,9,4,6,1,4,0,0,0,40,
60,3,9,0,0,2,4,0,0,0,40,
58,3,9,2,7,0,4,1,0,0,24,
49,3,13,2,2,0,4,1,0,0,60,
61,4,9,2,11,0,4,1,0,0,55,
27,3,9,0,0,1,4,1,0,0,38,
59,5,12,0,12,1,4,1,0,0,40,
52,0,10,2,3,5,1,0,0,0,40,
42,0,13,4,3,1,4,0,0,0,40,
27,3,10,4,7,1,4,0,0,0,34,
41,4,14,2,3,0,4,1,0,0,50,
35,8,10,4,14,1,2,1,0,0,30,
50,1,13,2,9,5,4,0,0,0,24,
36,3,6,2,2,0,4,1,0,0,40,
21,3,9,4,4,3,4,1,0,0,45,
38,3,12,2,2,0,4,1,0,0,45,
46,3,10,0,9,1,4,0,0,0,40,
59,3,10,2,11,0,4,1,0,0,50,
55,3,9,4,0,1,4,0,0,0,45,
49,1,14,6,9,4,4,0,0,323,20,
59,4,10,2,2,0,4,1,0,0,50,
38,3,10,2,11,0,4,1,0,0,55,
22,3,10,4,13,3,4,1,0,0,25,
28,3,8,4,11,4,2,0,0,0,40,
47,3,13,2,3,0,4,1,0,2415,60,
59,3,10,2,10,0,4,1,0,0,56,
37,3,9,0,5,1,4,1,0,0,40,
33,3,13,4,11,1,4,0,0,0,40,
34,3,6,2,5,0,4,1,0,0,40,
35,1,14,2,9,0,4,1,0,1887,40,
55,3,6,4,7,1,4,1,0,0,40,
18,3,8,4,7,3,4,1,0,0,30,
48,3,12,2,9,5,4,0,0,0,30,
48,3,14,2,9,0,4,1,0,0,40,
70,8,10,6,14,1,4,0,0,0,25,
27,3,9,2,2,0,4,1,0,0,40,
43,3,14,6,9,4,2,0,0,0,37,
32,3,10,2,9,0,4,1,0,0,38,
62,8,9,2,14,0,4,1,0,0,18,
18,8,9,4,14,3,4,1,0,0,20,
50,3,13,5,11,1,4,1,0,0,40,
38,5,9,4,2,1,0,1,0,0,15,
18,3,5,4,7,3,2,1,0,0,35,
46,3,5,0,11,1,4,1,0,0,35,
26,3,10,4,6,1,1,1,0,0,45,
44,3,4,2,6,5,4,0,0,0,40,
32,3,10,4,0,1,4,0,0,0,60,
25,3,13,2,0,5,4,0,0,0,40,
55,3,9,0,0,4,4,0,0,0,40,
55,0,10,4,0,4,4,1,0,0,40,
25,3,10,2,0,5,4,0,0,0,40,
40,3,13,2,9,0,4,1,0,0,50,
29,3,11,4,2,1,4,1,0,0,50,
60,3,7,2,2,0,4,1,0,0,40,
45,3,9,2,13,0,4,1,0,0,45,
43,5,9,2,4,0,4,1,0,0,30,
24,3,9,4,11,3,4,0,0,0,55,
34,3,13,0,11,1,4,0,0,0,40,
47,5,10,4,4,1,4,1,0,0,60,
24,3,9,0,0,1,4,0,0,0,32,
47,6,10,2,7,0,4,1,0,0,38,
18,3,7,4,11,3,4,0,0,0,40,
50,4,10,2,11,0,4,1,0,1485,40,
22,3,10,4,0,2,4,1,0,0,40,
49,5,13,2,9,0,4,1,0,0,60,
41,3,9,2,3,0,4,1,0,1485,40,
68,5,9,2,2,0,4,1,0,0,15,
62,5,4,6,4,2,4,0,0,0,35,
25,1,13,4,9,3,4,0,0,0,40,
24,3,10,4,6,1,4,0,0,0,24,
44,3,13,0,0,1,4,1,0,0,12,
32,3,5,2,4,0,2,1,0,0,40,
49,3,14,2,9,0,4,1,0,0,43,
68,3,10,0,11,1,4,0,0,0,40,
25,3,12,4,11,3,4,0,0,0,40,
47,0,13,2,9,0,4,1,0,0,50,
35,3,13,2,3,0,4,1,0,0,40,
37,5,7,2,13,0,4,1,0,0,40,
57,3,9,2,3,0,4,1,0,0,50,
37,3,13,2,3,5,4,0,0,1848,40,
34,3,6,4,7,4,2,0,0,0,40,
46,1,11,0,3,1,4,0,0,0,36,
21,3,7,4,0,2,4,0,0,0,40,
26,3,9,2,7,5,4,0,0,0,30,
45,3,9,0,4,1,4,1,0,2258,44,
17,3,9,4,3,3,4,0,0,0,35,
36,4,12,2,9,0,4,1,0,0,70,
33,3,8,0,3,1,4,1,0,0,40,
27,3,9,4,6,3,2,1,0,0,40,
32,3,9,2,2,0,4,1,0,0,48,
24,3,9,4,6,4,2,0,0,0,40,
37,3,9,0,7,4,2,0,0,0,30,
53,6,16,2,9,0,4,1,0,0,50,
44,3,10,0,0,3,4,1,14344,0,40,
43,1,9,2,10,0,4,1,0,0,45,
29,3,9,4,7,2,2,0,0,0,52,
47,3,13,2,4,0,4,1,0,0,65,
37,5,14,4,3,1,4,1,0,0,60,
43,4,15,2,3,0,4,1,99999,0,40,
23,3,10,4,11,1,2,0,0,0,20,
50,3,13,2,11,0,4,1,0,0,35,
25,3,10,4,9,3,4,1,0,0,40,
40,3,10,4,3,1,4,1,0,0,50,
39,3,11,2,2,0,4,1,7688,0,40,
41,3,9,2,2,0,4,1,0,0,52,
32,3,9,2,13,3,4,1,0,0,40,
19,3,10,4,7,1,4,0,0,0,40,
26,3,9,4,7,3,4,1,0,0,40,
30,1,13,2,9,0,4,1,0,0,40,
34,3,10,2,3,0,4,1,0,0,40,
41,3,10,4,0,1,4,0,0,0,40,
42,5,13,0,3,1,3,1,0,0,30,
45,3,11,2,9,0,4,1,0,0,40,
22,3,10,4,3,1,4,1,0,0,35,
25,3,10,2,0,0,4,1,0,0,40,
22,0,10,4,0,3,2,1,0,0,20,
46,6,15,2,3,0,4,1,15024,0,40,
48,4,10,0,4,1,4,1,0,0,45,
45,3,9,2,6,0,4,1,0,0,52,
31,3,7,2,6,0,4,1,0,0,40,
30,4,10,2,2,0,2,1,0,0,70,
40,5,12,2,4,0,4,1,0,0,50,
60,8,10,2,14,0,4,1,0,0,12,
52,8,8,2,14,5,2,0,0,0,40,
22,3,10,4,11,3,4,0,0,0,15,
25,3,10,0,7,3,2,1,0,0,38,
51,1,14,2,9,0,4,1,0,0,80,
32,3,12,2,6,0,4,1,0,0,62,
51,4,13,2,3,0,4,1,0,0,25,
42,3,10,0,11,1,4,1,0,0,50,
39,3,9,2,6,0,4,1,0,1887,40,
24,3,9,2,2,0,4,1,0,0,45,
52,3,9,0,0,4,4,0,0,1741,38,
58,8,2,3,14,4,0,1,0,0,40,
43,3,14,2,9,0,4,1,0,0,55,
31,3,9,2,6,0,4,1,0,0,40,
28,3,9,2,11,0,4,1,0,0,40,
31,0,14,2,3,0,4,1,7688,0,60,
61,3,9,2,2,0,4,1,0,2051,20,
26,3,13,4,9,3,4,0,0,0,40,
46,3,13,4,7,1,4,1,0,0,40,
62,8,9,2,14,0,4,1,0,0,40,
50,3,14,0,9,1,4,0,0,0,35,
18,3,7,4,0,3,4,0,0,0,5,
23,3,13,4,11,1,4,1,0,0,48,
21,3,10,4,11,3,4,0,0,1762,28,
46,3,12,2,13,0,3,1,0,0,36,
38,3,9,0,11,4,4,0,0,0,40,
53,3,8,0,4,3,4,1,0,0,40,
53,3,9,2,11,0,4,1,0,0,40,
50,3,10,2,2,0,4,1,0,0,40,
26,3,9,4,7,4,4,1,0,0,25,
46,1,14,0,9,1,4,0,8614,0,55,
44,1,13,2,9,0,4,1,0,0,40,
36,1,14,2,9,0,4,1,0,0,50,
20,3,10,4,7,1,4,0,0,0,30,
35,3,4,2,12,0,4,1,0,0,40,
40,6,13,2,3,5,4,0,0,0,20,
70,3,9,2,11,0,4,1,0,0,40,
57,3,4,2,11,0,4,1,0,0,50,
40,3,1,2,7,0,4,1,0,1672,40,
18,3,7,4,2,3,4,1,0,0,5,
45,5,13,2,11,0,4,1,2829,0,60,
52,3,13,2,9,0,4,1,0,0,40,
24,8,9,4,14,3,4,1,0,0,40,
42,4,13,2,2,0,2,1,0,0,60,
28,1,9,5,13,3,4,1,0,0,45,
32,3,11,4,12,4,4,0,0,0,60,
56,0,13,0,0,1,4,1,0,0,40,
44,3,2,2,7,5,1,0,0,0,40,
20,3,10,4,11,4,2,0,0,0,30,
32,3,13,2,3,0,4,1,0,0,60,
59,3,10,5,0,2,4,1,3325,0,40,
21,3,9,4,5,2,2,1,2176,0,40,
32,3,14,2,9,0,4,1,0,0,40,
49,3,9,2,11,0,4,1,5013,0,40,
22,3,13,4,0,3,4,0,1055,0,30,
51,4,10,2,3,0,4,1,0,0,50,
33,3,9,2,2,0,4,1,3411,0,40,
23,3,13,4,11,1,4,1,0,0,50,
34,3,9,4,7,4,2,1,0,0,30,
53,3,8,0,13,1,4,0,0,0,40,
44,3,13,2,0,0,4,1,0,0,45,
60,3,10,6,10,1,2,0,0,0,40,
55,3,10,2,2,0,4,1,0,0,38,
57,5,9,2,4,0,4,1,0,0,30,
59,3,16,2,9,0,4,1,0,0,50,
26,8,10,4,14,3,1,1,0,0,40,
30,3,11,2,9,3,4,0,7298,0,16,
49,3,13,2,3,5,4,0,0,0,43,
45,3,8,2,2,0,4,1,0,0,40,
29,4,13,4,11,3,4,0,0,0,40,
37,5,9,2,4,0,4,1,0,0,60,
21,3,8,4,4,1,4,1,0,0,40,
36,6,9,2,3,0,4,1,0,0,40,
18,8,9,4,14,3,4,0,0,0,20,
37,3,13,4,11,1,4,1,0,0,45,
19,3,9,4,0,1,4,0,0,0,40,
65,8,4,2,14,0,4,1,0,0,25,
30,3,11,2,12,5,4,0,0,0,35,
27,8,14,4,14,1,3,0,0,0,40,
59,0,10,2,12,0,4,1,0,0,40,
32,3,11,2,7,0,4,1,0,0,60,
25,3,13,4,0,1,4,1,0,0,40,
40,3,13,2,5,0,4,1,0,0,80,
21,8,5,4,14,3,4,1,0,0,42,
49,1,13,0,9,4,4,0,0,0,40,
49,3,10,2,0,0,4,1,0,0,40,
51,8,9,0,14,4,2,0,0,0,40,
48,3,5,6,13,4,4,1,0,0,40,
42,3,10,2,9,0,4,1,0,0,45,
53,3,7,2,2,0,4,1,0,0,40,
29,5,9,4,2,1,4,1,0,0,45,
21,8,9,4,14,2,1,0,0,0,24,
54,5,9,2,13,0,4,1,0,0,15,
66,3,13,2,3,0,4,1,99999,0,55,
34,3,13,4,0,1,4,0,0,0,40,
39,3,13,2,3,0,4,1,0,1887,40,
62,8,11,2,14,0,4,1,0,0,40,
30,3,9,2,5,0,4,1,0,0,40,
27,3,13,4,3,1,4,0,0,0,40,
25,3,11,4,2,3,4,1,0,0,40,
26,3,9,5,4,1,4,1,0,0,40,
45,3,9,2,2,0,4,1,7298,0,60,
55,3,10,5,3,4,4,0,0,0,10,
26,3,9,4,7,2,4,1,0,0,40,
45,3,13,5,9,4,4,0,0,0,56,
61,1,14,0,9,1,4,0,0,0,40,
34,8,4,5,14,4,2,0,0,0,40,
26,3,9,2,3,0,2,1,0,0,60,
44,0,14,4,9,1,4,0,0,0,40,
45,5,10,0,2,1,4,1,0,0,30,
55,3,10,0,0,1,4,0,0,0,40,
20,3,10,4,7,2,1,1,0,0,30,
48,3,12,2,3,0,4,1,0,0,50,
33,3,9,0,2,1,4,1,0,0,60,
44,3,5,2,6,0,2,1,0,0,40,
32,4,13,2,2,0,4,1,0,0,50,
54,3,4,2,2,0,4,1,0,0,40,
40,3,14,2,3,0,4,1,0,0,40,
29,3,9,2,9,5,1,0,0,0,10,
56,3,6,2,0,0,2,1,0,0,40,
47,3,9,2,2,0,4,1,0,0,40,
22,3,10,4,12,1,4,0,0,0,40,
46,3,10,2,13,0,4,1,0,0,45,
24,0,10,4,3,3,4,1,0,0,40,
37,3,9,0,2,1,4,1,0,0,40,
49,3,9,0,2,4,4,1,0,0,40,
44,0,10,4,0,1,4,1,13550,0,50,
21,3,9,4,2,3,4,1,0,0,40,
55,3,9,2,3,0,4,1,0,0,40,
23,6,13,4,9,1,4,0,0,0,32,
50,3,7,0,11,1,4,0,0,0,40,
44,3,11,2,0,2,4,0,0,0,20,
48,3,10,2,2,2,1,1,0,0,40,
38,5,14,2,3,0,4,1,0,0,70,
48,3,15,2,9,0,4,1,0,1977,45,
39,3,10,4,2,1,4,1,0,0,50,
52,0,9,2,0,0,4,1,0,0,44,
63,3,9,6,7,2,4,0,0,0,40,
48,3,9,0,3,1,4,0,0,2258,40,
37,3,14,4,9,1,4,0,0,0,40,
26,6,14,4,3,1,4,0,0,0,40,
50,4,7,4,3,2,4,1,0,2444,40,
47,5,15,2,9,0,4,1,15024,0,40,
19,3,9,4,2,2,4,0,0,0,15,
34,3,10,4,0,4,4,0,0,0,40,
29,1,10,0,0,4,4,0,0,0,40,
33,3,9,4,12,1,4,1,0,0,45,
53,3,10,2,9,5,4,0,0,0,24,
24,3,9,2,2,0,4,1,0,0,40,
39,3,10,0,13,1,4,1,0,0,65,
50,5,12,4,11,1,4,0,0,1408,5,
31,3,13,2,9,0,4,1,0,0,40,
22,3,11,4,11,1,2,0,0,0,25,
42,1,13,2,10,0,4,1,0,0,42,
23,3,8,4,11,3,4,0,0,0,25,
22,3,7,0,11,3,4,1,0,0,50,
65,3,3,6,6,1,4,0,0,0,10,
34,3,9,2,2,0,4,1,0,0,44,
23,3,10,4,0,3,4,1,1055,0,20,
38,3,13,2,11,0,4,1,7298,0,40,
45,5,10,2,3,0,4,1,0,0,80,
19,3,9,4,7,1,4,1,0,0,40,
46,3,13,4,6,1,4,0,0,1602,8,
23,3,10,4,0,3,4,0,0,0,20,
37,3,9,2,3,0,4,1,0,0,60,
59,3,13,2,0,0,4,1,0,0,40,
36,6,13,2,11,0,4,1,0,0,40,
35,3,13,4,11,1,4,1,10520,0,45,
51,3,10,4,3,1,4,0,0,0,12,
42,1,13,0,9,4,2,0,0,0,30,
35,3,14,4,11,1,4,0,0,0,40,
20,3,9,4,7,3,4,0,0,0,38,
25,3,9,4,7,2,1,1,4101,0,60,
41,3,6,4,6,1,4,1,0,0,40,
40,3,9,0,13,1,4,1,0,0,35,
36,3,12,2,3,5,4,0,0,0,37,
34,4,14,2,11,0,4,1,0,0,60,
44,5,13,4,11,1,4,1,0,0,42,
31,0,13,5,9,1,4,1,0,0,40,
41,1,9,2,2,0,4,1,0,0,40,
43,3,10,2,6,0,4,1,0,0,40,
43,3,14,4,12,1,4,0,0,0,40,
58,3,6,2,2,0,4,1,5178,0,40,
19,3,10,4,11,3,4,0,0,0,30,
43,1,13,2,10,0,4,1,0,0,55,
50,3,9,2,5,0,4,1,0,0,45,
44,4,10,2,3,0,4,1,0,0,50,
46,3,9,0,6,4,4,1,0,0,38,
52,5,13,2,3,0,4,1,0,0,50,
52,5,9,4,9,1,4,1,0,0,50,
18,3,8,4,0,3,4,0,0,0,12,
29,3,13,4,3,1,4,0,0,0,55,
19,8,9,2,14,5,4,0,0,0,36,
34,3,13,4,3,3,4,1,0,0,40,
23,1,10,2,10,0,2,1,0,0,40,
64,6,10,5,0,1,4,0,0,0,65,
68,3,6,0,13,1,4,1,0,0,20,
42,6,9,4,0,4,2,0,0,0,40,
41,3,9,2,2,0,4,1,0,0,60,
41,4,9,2,4,0,4,1,0,0,50,
22,6,10,2,0,5,4,0,0,0,20,
67,4,10,2,3,0,4,1,20051,0,20,
27,3,10,2,2,0,1,1,0,0,40,
25,3,14,2,9,0,4,1,0,0,40,
49,8,9,2,14,5,4,0,0,0,60,
28,3,12,4,5,1,4,1,0,0,45,
51,0,16,2,9,0,1,1,15024,0,40,
23,1,13,4,9,3,1,0,0,0,35,
19,3,8,4,7,3,4,0,0,0,15,
72,8,3,6,14,1,4,0,0,0,40,
33,3,10,4,7,1,4,1,0,0,35,
53,3,10,0,2,1,4,1,0,0,20,
35,3,11,4,12,1,4,1,0,0,40,
31,3,13,2,11,0,4,1,0,0,40,
18,3,8,4,11,3,4,0,0,0,20,
45,3,11,0,5,1,4,0,0,0,40,
28,3,13,4,0,1,4,0,0,0,30,
22,1,3,4,5,2,4,1,0,0,40,
55,3,10,0,12,1,4,1,0,0,40,
45,3,9,2,7,0,4,1,0,1902,40,
22,3,9,4,11,1,4,0,0,0,37,
37,3,9,2,13,0,4,1,0,1672,60,
28,3,9,2,6,3,4,1,0,0,40,
19,3,7,4,11,3,2,0,0,0,35,
37,5,9,2,11,0,4,1,0,1902,45,
50,3,16,2,9,0,4,1,0,0,40,
31,3,9,0,0,4,4,0,0,0,35,
40,3,1,4,7,1,4,0,0,0,20,
51,3,5,2,6,0,4,1,0,0,45,
56,3,9,0,0,1,4,0,0,0,40,
21,3,10,4,12,3,4,0,0,0,35,
40,3,11,2,3,0,4,1,7688,0,44,
22,3,10,4,3,4,2,0,0,0,40,
47,4,15,2,9,0,4,1,0,2415,45,
44,3,9,2,3,0,0,1,0,0,40,
30,3,10,4,0,1,3,1,0,0,40,
44,1,10,0,7,4,4,0,0,0,40,
41,3,9,2,11,0,4,1,0,0,40,
47,3,12,0,11,3,4,1,0,0,44,
26,3,10,2,3,0,4,1,0,0,45,
34,3,11,4,12,1,2,1,0,0,40,
47,3,15,2,3,0,4,1,99999,0,40,
36,3,9,5,0,1,4,0,0,0,38,
21,3,11,2,4,0,4,1,0,0,46,
45,6,13,0,10,1,4,1,0,0,40,
33,3,9,5,2,1,0,1,0,0,35,
33,3,9,4,6,1,4,1,0,0,65,
58,5,9,0,4,4,4,0,0,0,10,
31,3,12,0,2,1,4,1,0,0,50,
32,5,10,2,4,0,4,1,0,0,50,
44,0,13,6,3,4,4,0,0,0,40,
24,3,14,4,9,1,4,0,0,0,40,
35,3,13,2,7,0,0,1,7688,0,20,
43,3,13,2,3,0,4,1,0,1977,50,
49,3,9,2,6,0,4,1,0,0,40,
37,5,13,2,11,5,4,0,0,0,50,
42,5,13,4,4,3,4,1,0,0,35,
31,3,10,2,7,0,1,1,0,1485,55,
19,3,9,4,7,3,4,0,0,0,25,
41,3,16,4,6,1,4,0,0,0,40,
51,4,9,2,7,0,4,1,0,0,30,
51,4,15,2,9,0,4,1,0,0,60,
63,3,6,6,7,1,4,0,0,0,31,
39,0,10,2,0,0,4,1,0,0,40,
30,3,9,4,11,3,4,1,0,0,40,
62,7,10,2,0,5,4,0,0,0,16,
27,3,9,4,2,2,3,1,0,0,40,
32,3,7,2,2,0,4,1,0,2042,30,
37,1,13,2,7,0,4,1,0,0,40,
47,1,14,2,9,0,4,1,0,1887,50,
31,3,14,2,9,0,4,1,0,1902,43,
42,3,9,2,11,0,4,1,0,0,40,
37,3,11,3,11,4,2,0,0,0,32,
60,3,9,2,10,0,4,1,0,2042,34,
42,1,10,2,10,0,4,1,0,0,72,
38,3,10,2,2,0,4,1,0,0,36,
24,3,12,4,9,3,2,1,0,0,20,
34,3,9,2,6,0,4,1,0,0,45,
20,8,10,4,14,3,4,0,0,0,30,
29,1,10,4,10,3,4,1,0,0,48,
90,3,9,6,0,4,4,0,0,0,25,
55,3,8,0,6,1,4,0,0,0,40,
36,3,9,4,5,1,4,1,0,0,40,
49,3,10,0,0,1,4,0,0,0,60,
50,3,13,2,9,0,4,1,0,0,50,
17,3,7,4,7,3,4,1,0,0,25,
54,3,9,2,13,0,4,1,0,0,70,
26,3,13,4,3,1,4,1,0,0,10,
44,3,12,4,3,1,1,0,0,0,50,
28,3,13,4,9,3,2,0,0,0,40,
54,1,16,2,3,0,4,1,0,0,60,
21,3,5,4,6,3,2,1,0,0,20,
24,3,11,4,13,1,4,1,0,0,40,
31,3,9,4,7,1,4,0,0,0,56,
59,8,10,4,14,1,2,0,0,0,40,
41,3,10,2,13,0,4,1,0,0,48,
29,3,9,0,7,1,4,0,0,0,40,
50,3,13,2,12,0,4,1,0,0,40,
32,3,10,2,13,0,4,1,0,0,50,
42,3,10,0,6,1,4,0,0,0,40,
47,3,9,2,3,5,4,0,0,0,30,
44,3,10,0,0,4,4,0,0,0,40,
49,3,13,2,9,0,4,1,0,0,40,
61,3,14,2,9,0,4,1,0,0,50,
65,1,4,2,3,0,4,1,0,1411,40,
45,1,9,2,10,0,4,1,0,0,40,
59,3,9,0,6,1,4,1,0,0,40,
30,2,9,2,14,5,2,0,0,0,40,
34,3,10,2,11,0,4,1,0,0,45,
24,3,2,2,5,2,4,1,0,0,40,
42,4,13,2,3,0,4,1,0,1977,60,
37,3,10,2,2,0,4,1,3103,0,40,
36,3,6,2,2,0,4,1,0,0,40,
21,8,10,4,14,3,4,1,0,0,40,
54,3,14,0,9,1,4,0,0,2559,40,
34,3,8,3,5,4,4,1,0,0,35,
41,3,10,0,6,3,4,1,0,0,40,
18,2,10,4,14,3,4,1,0,0,4,
26,3,9,2,2,0,4,1,0,0,48,
23,0,9,4,1,1,4,1,0,0,8,
63,8,10,0,14,1,4,0,0,0,5,
34,3,13,2,2,0,4,1,0,0,40,
54,3,9,6,11,1,4,0,0,0,37,
37,3,9,2,2,0,4,1,0,0,72,
54,6,9,2,9,0,4,1,0,0,40,
22,1,10,4,10,2,4,0,0,0,43,
32,3,9,2,2,0,4,1,0,0,40,
42,6,10,0,0,3,4,1,0,0,40,
31,6,10,4,7,3,4,0,0,0,37,
48,3,16,2,9,0,4,1,0,0,45,
28,3,13,4,9,1,1,1,0,0,40,
31,3,6,0,2,1,4,1,0,0,38,
28,3,13,2,3,0,4,1,0,0,40,
24,3,8,2,6,0,4,1,0,0,40,
50,3,9,0,2,1,4,0,0,0,45,
26,3,9,2,2,0,4,1,0,0,72,
37,4,10,2,3,0,4,1,0,0,50,
24,3,3,3,4,1,4,1,0,0,40,
18,8,7,4,14,3,4,0,0,0,25,
32,3,9,4,7,4,2,0,0,0,40,
23,3,13,4,9,1,1,1,0,0,55,
33,1,9,0,13,1,4,0,0,0,35,
49,3,9,2,2,0,4,1,0,0,40,
75,5,14,6,11,1,4,1,0,0,45,
74,5,13,6,2,1,4,1,15831,0,8,
26,3,10,2,6,0,2,1,0,0,40,
66,8,9,6,14,4,4,0,0,0,40,
34,3,13,3,0,1,4,0,0,0,45,
18,3,8,4,7,3,4,1,0,0,12,
33,3,9,2,2,0,4,1,0,0,40,
36,6,13,2,0,5,4,0,0,0,20,
44,3,13,2,13,0,4,1,0,0,55,
36,3,7,4,2,1,2,0,0,0,40,
53,3,11,2,2,0,4,1,0,0,40,
60,3,4,3,6,1,4,1,0,0,40,
28,3,9,2,2,0,4,1,0,0,40,
36,3,6,0,13,4,4,1,0,0,48,
35,3,11,0,0,1,4,0,6849,0,40,
45,5,11,2,9,0,4,1,0,0,20,
23,3,10,4,0,3,4,1,0,0,15,
35,3,10,0,0,4,4,0,0,0,55,
34,3,10,2,3,0,4,1,0,0,42,
46,3,1,2,6,2,2,1,0,0,75,
58,6,9,2,2,0,4,1,0,0,40,
55,1,14,4,9,1,4,0,0,0,45,
63,3,9,2,2,0,4,1,0,0,40,
41,5,10,2,11,0,4,1,0,0,40,
45,3,11,2,2,0,4,1,0,0,76,
41,3,14,2,9,0,4,1,15024,0,40,
42,3,9,4,11,4,4,0,0,0,40,
90,1,4,2,10,0,4,1,2653,0,40,
41,3,9,4,11,3,4,1,0,0,40,
22,3,9,4,2,1,4,1,0,0,50,
53,5,15,4,9,1,1,1,27828,0,40,
49,5,13,2,3,0,4,1,0,0,60,
51,3,10,2,3,0,4,1,0,0,60,
22,3,13,4,3,1,4,0,0,0,40,
23,3,11,4,7,1,4,0,0,0,40,
59,3,9,2,5,0,4,1,0,0,40,
40,3,9,0,2,1,1,0,0,0,40,
28,3,9,2,13,0,4,1,0,0,70,
39,3,9,5,7,1,4,0,0,0,40,
25,3,9,4,2,3,4,1,0,0,37,
48,6,10,0,3,1,4,0,0,0,40,
62,3,5,2,7,0,2,1,0,0,42,
44,1,9,0,0,4,4,0,0,0,40,
28,0,13,4,9,1,4,1,0,0,50,
62,3,10,2,2,0,4,1,0,0,45,
32,3,9,2,2,0,4,1,0,0,40,
59,0,9,2,11,5,4,0,0,0,40,
20,3,10,4,0,2,4,0,0,0,20,
40,3,12,5,12,4,4,0,1471,0,32,
47,3,10,2,7,0,4,1,0,0,47,
60,3,10,2,11,0,4,1,0,0,40,
55,3,9,5,10,1,4,1,0,0,81,
18,3,8,4,0,3,4,1,0,0,35,
43,3,13,4,0,1,4,1,0,1741,40,
31,5,9,0,7,1,4,1,0,0,35,
22,3,9,4,2,1,4,1,0,0,50,
56,3,9,0,12,1,2,0,0,0,40,
41,3,9,5,0,4,4,0,0,0,40,
24,3,9,4,7,2,4,1,0,0,30,
42,3,13,2,11,0,4,1,7298,0,40,
53,1,10,2,10,0,4,1,0,1887,40,
52,1,4,4,7,2,2,0,0,0,40,
42,3,10,2,2,0,4,1,0,0,89,
48,3,2,2,6,0,4,1,0,0,40,
33,3,7,2,7,0,4,1,0,0,40,
20,3,10,4,0,3,4,0,0,0,40,
33,3,10,4,11,3,4,1,0,0,45,
30,3,13,4,11,1,4,1,0,0,40,
31,3,10,2,11,0,4,1,0,0,40,
29,3,9,4,11,1,4,0,0,0,25,
26,3,9,4,2,3,4,1,0,0,48,
61,3,10,0,7,1,2,1,0,0,40,
45,3,3,2,6,0,4,1,0,0,40,
29,3,9,0,7,4,4,0,0,0,45,
57,5,9,2,2,0,4,1,0,0,50,
33,3,12,2,2,0,4,1,0,1902,50,
20,3,10,4,11,1,4,0,0,0,56,
26,3,13,4,9,1,4,0,0,0,40,
36,3,13,2,3,0,4,1,0,0,55,
23,3,13,4,3,1,4,0,0,0,50,
31,3,9,2,7,5,2,0,0,0,35,
47,3,9,0,7,4,4,0,0,0,32,
61,3,7,6,5,1,4,0,0,0,30,
35,3,13,2,3,0,4,1,0,0,45,
23,3,2,2,6,5,0,0,0,0,35,
20,8,9,4,14,3,4,1,0,0,40,
41,3,9,0,7,4,4,0,0,0,32,
39,0,13,2,0,5,1,0,0,0,40,
51,1,16,0,3,1,4,0,0,0,45,
61,5,4,2,4,0,4,1,0,0,56,
51,3,4,0,6,1,4,0,0,0,48,
36,3,1,0,7,1,3,1,0,0,72,
41,5,13,2,9,0,4,1,0,0,50,
34,3,9,4,5,4,4,0,7443,0,35,
25,3,9,2,13,0,4,1,0,0,40,
37,3,15,2,9,0,4,1,0,0,50,
19,3,9,4,2,1,4,1,0,0,49,
66,5,14,2,3,0,4,1,0,0,20,
23,3,13,4,9,3,4,1,0,0,40,
30,5,10,3,2,3,4,1,0,0,60,
53,3,10,2,13,0,4,1,0,1887,45,
25,3,10,4,7,1,2,1,0,0,40,
18,3,9,4,11,3,4,0,0,1602,20,
51,3,9,2,2,0,4,1,0,0,40,
61,3,9,6,2,1,2,0,0,1669,50,
53,3,9,6,6,4,2,0,0,0,38,
17,3,6,4,7,3,4,1,0,0,20,
61,3,4,2,2,0,4,1,0,0,40,
44,4,14,2,11,0,4,1,0,0,50,
38,3,5,2,13,0,2,1,0,0,40,
40,3,10,5,3,4,4,0,0,0,20,
32,3,10,2,11,0,4,1,0,0,32,
46,3,10,2,11,0,4,1,0,0,45,
50,3,10,0,0,1,4,0,0,0,40,
36,5,13,2,11,0,4,1,0,0,50,
30,5,7,3,2,1,4,1,0,0,30,
33,3,14,2,12,0,1,1,0,0,50,
36,3,13,2,9,0,4,1,0,1977,45,
85,3,13,2,3,0,4,1,0,0,3,
62,3,9,6,0,1,4,0,0,0,32,
24,3,13,4,6,1,4,0,0,0,32,
48,4,9,2,2,0,4,1,7298,0,50,
58,1,9,2,7,0,4,1,0,0,40,
45,4,13,2,3,0,4,1,0,0,45,
66,3,9,6,3,1,4,0,0,0,25,
37,3,15,2,9,0,4,1,15024,0,45,
55,3,5,2,2,0,4,1,0,0,48,
39,5,9,4,3,1,4,1,0,0,65,
58,4,16,4,9,1,4,0,0,0,99,
50,3,16,0,9,1,4,0,0,0,50,
28,3,10,0,5,1,4,1,0,0,50,
34,3,14,2,9,0,4,1,0,0,55,
41,0,14,0,9,4,4,0,1506,0,40,
36,3,12,2,2,0,4,1,0,0,52,
22,3,9,4,5,4,4,1,0,0,45,
35,3,8,2,2,0,4,1,0,0,84,
49,8,8,0,14,2,2,1,0,0,40,
21,3,12,4,7,3,4,1,0,0,40,
64,6,4,2,7,5,2,0,0,0,40,
41,3,14,2,3,0,4,1,0,0,40,
52,3,11,5,11,4,4,0,0,0,40,
32,3,10,2,9,0,4,1,0,0,40,
27,3,10,4,7,1,4,0,0,0,25,
48,3,10,0,3,1,4,0,0,0,40,
28,3,9,2,6,5,4,0,0,0,40,
24,3,10,2,7,3,1,0,0,0,35,
51,3,10,2,11,0,4,1,0,0,60,
32,3,10,4,3,3,4,1,0,0,40,
61,3,9,2,11,0,2,1,0,0,40,
60,8,5,0,14,1,2,1,0,0,35,
33,3,9,0,0,4,2,0,0,0,40,
42,5,9,0,11,3,4,1,0,0,50,
24,3,7,0,6,4,4,0,0,0,40,
82,8,9,4,14,1,4,1,0,0,3,
26,3,10,4,2,1,4,1,0,0,65,
18,3,7,4,9,3,4,1,0,0,20,
34,3,9,4,7,1,4,0,0,0,28,
57,3,9,2,13,0,4,1,0,0,40,
25,3,9,4,2,2,2,1,0,0,40,
34,3,7,0,13,4,4,1,0,880,60,
71,3,5,2,7,0,4,1,0,0,40,
35,1,13,2,9,0,4,1,0,0,50,
47,3,9,2,2,0,4,1,0,0,40,
50,3,14,0,11,1,4,0,0,0,50,
33,3,6,4,0,1,2,1,0,0,40,
38,3,11,2,2,0,4,1,0,0,55,
50,3,13,2,9,0,4,1,0,0,40,
45,3,6,0,7,1,2,0,0,0,38,
32,3,9,5,11,1,4,0,0,0,45,
39,3,9,2,9,0,4,1,0,0,45,
25,1,13,4,0,3,2,0,0,0,40,
20,3,9,4,6,3,4,1,0,0,40,
46,3,14,2,9,5,4,0,0,0,22,
40,3,11,2,2,0,2,1,0,0,45,
66,0,6,2,2,0,4,1,3471,0,40,
30,3,11,0,0,4,4,0,0,0,24,
36,3,4,2,2,0,4,1,0,0,40,
57,1,9,2,2,0,4,1,99999,0,40,
46,3,10,2,3,0,4,1,0,0,48,
27,3,9,4,7,4,4,0,0,0,64,
33,3,9,2,2,0,2,1,0,0,40,
58,3,7,2,11,0,4,1,0,0,40,
30,3,9,0,13,1,4,1,0,0,55,
26,3,12,4,6,2,4,0,0,0,15,
81,8,11,0,14,4,4,0,0,0,1,
32,3,6,2,13,0,4,1,0,0,40,
22,3,10,4,0,3,4,1,0,0,40,
31,3,9,2,6,5,4,0,0,0,40,
29,3,9,5,11,4,4,0,0,0,35,
35,8,13,2,14,5,4,0,0,0,55,
30,8,13,4,14,1,1,0,0,0,99,
34,3,16,2,9,0,4,1,0,0,60,
54,3,13,2,3,0,1,1,0,0,50,
37,3,10,0,0,4,4,0,0,0,39,
22,3,8,4,10,3,2,1,0,0,35,
34,3,13,4,3,1,4,0,0,0,55,
30,3,9,4,2,1,2,1,0,0,46,
38,3,13,0,9,4,2,0,15020,0,45,
71,8,16,2,14,0,4,1,0,0,10,
45,6,9,5,0,3,4,0,0,0,40,
41,8,9,5,14,1,2,0,0,0,32,
72,8,9,2,14,0,4,1,0,0,25,
45,1,12,0,9,4,4,0,0,0,48,
31,3,14,0,7,1,3,0,0,0,30,
39,1,12,2,0,5,4,0,0,0,20,
37,3,12,0,12,1,4,0,0,0,40,
43,3,9,2,6,0,4,1,0,0,40,
65,5,15,4,9,1,4,1,1086,0,60,
43,6,10,0,0,2,4,0,0,0,40,
43,5,10,2,2,0,4,1,0,0,50,
32,3,6,2,5,0,0,1,0,0,40,
43,3,11,2,11,0,4,1,0,0,45,
32,3,14,4,12,1,1,1,0,0,11,
53,3,14,2,3,0,4,1,0,0,40,
22,3,10,4,10,1,4,1,0,0,40,
27,3,12,2,12,5,4,0,0,0,38,
40,3,9,2,6,0,4,1,0,0,40,
58,3,9,6,0,4,4,0,0,0,40,
22,3,9,4,0,3,4,1,0,0,20,
52,4,9,2,3,5,4,0,15024,0,40,
